   0.5000000000000000     
   0.5000000000000000     
   0.4955973809004297     
   0.4874682515642226     
   0.4762052752594537     
   0.4623150772875449     
   0.4462093107635147     
   0.4281946415752916     
   0.4084701393552798     
   0.3871345585825698     
   0.3642030713135144     
   0.3396322679910272     
   0.3133528302203220     
   0.2853103592111422     
   0.2555154730508295     
   0.2241035429270335     
   0.1914016690171986     
   0.1579955879242577     
   0.1247824828138529     
   9.2988614174210477E-002
   6.4126933360702174E-002
   3.9873859123082146E-002
   2.1860556931107947E-002
   1.1405133380415574E-002
   9.2552110406808243E-003
   8.4596690995302135E-003
   7.7995591344659785E-003
   7.1040050880400935E-003
   6.3852301382259407E-003
   5.6778745830681687E-003
   5.0095447770324769E-003
   4.3971696803581052E-003
   3.8487062027529645E-003
   3.3656925918656004E-003
   2.9455541270224849E-003
   2.5833952883099250E-003
   2.2732586813959095E-003
   2.0089348357175598E-003
   1.7844403779568513E-003
   1.5942704169232018E-003
   1.4335051318549832E-003
   1.2978282939547930E-003
   1.1834979180176245E-003
   1.0872948355316976E-003
   1.0064638594564363E-003
   9.3865483520324936E-004
   8.8186714236825167E-004
   8.3439960130904747E-004
   7.9480658156232619E-004
   7.6186012931871660E-004
   7.3451748798671610E-004
   7.1189338499730108E-004
   6.9323652084322203E-004
   6.7790967833665375E-004
   6.6537286353189498E-004
   6.5516896062150359E-004
   6.4691148949023796E-004
   6.4027414145109891E-004
   6.3498182764381184E-004
   6.3080301928889815E-004
   6.2754319512525910E-004
   6.2503923846488074E-004
   6.2315464688168505E-004
   6.2177543582817311E-004
   6.2080663478727538E-004
   6.2016928986641272E-004
   6.1979789916278866E-004
   6.1963821702323005E-004
   6.1964537114235540E-004
   6.1978224274279422E-004
   6.2001806515714190E-004
   6.2032720023013179E-004
   6.2068805555282644E-004
   6.2108210989959551E-004
   6.2149302177938969E-004
   6.2190580995938143E-004
   6.2230611968815900E-004
   6.2267962997986158E-004
   6.2301171553937518E-004
   6.2328753559342501E-004
   6.2349274173722602E-004
   6.2361491173659549E-004
   6.2364565041853450E-004
   6.2358417305465649E-004
   6.2370712778241251E-004
   0.5000000000000000     
   0.5000000000000000     
   0.4955973809004297     
   0.4874682515642226     
   0.4762052752594537     
   0.4623150772875449     
   0.4462093107635147     
   0.4281946415752916     
   0.4084701393552798     
   0.3871345585825698     
   0.3642030713135144     
   0.3396322679910272     
   0.3133528302203220     
   0.2853103592111422     
   0.2555154730508295     
   0.2241035429270335     
   0.1914016690171986     
   0.1579955879242577     
   0.1247824828138529     
   9.2988614174210477E-002
   6.4126933360702174E-002
   3.9873859123082146E-002
   2.1860556931107947E-002
   1.1405133380415574E-002
   9.2552110406808243E-003
   8.4596690995302135E-003
   7.7995591344659785E-003
   7.1040050880400935E-003
   6.3852301382259407E-003
   5.6778745830681687E-003
   5.0095447770324769E-003
   4.3971696803581052E-003
   3.8487062027529645E-003
   3.3656925918656004E-003
   2.9455541270224849E-003
   2.5833952883099250E-003
   2.2732586813959095E-003
   2.0089348357175598E-003
   1.7844403779568513E-003
   1.5942704169232018E-003
   1.4335051318549832E-003
   1.2978282939547930E-003
   1.1834979180176245E-003
   1.0872948355316976E-003
   1.0064638594564363E-003
   9.3865483520324936E-004
   8.8186714236825167E-004
   8.3439960130904747E-004
   7.9480658156232619E-004
   7.6186012931871660E-004
   7.3451748798671610E-004
   7.1189338499730108E-004
   6.9323652084322203E-004
   6.7790967833665375E-004
   6.6537286353189498E-004
   6.5516896062150359E-004
   6.4691148949023796E-004
   6.4027414145109891E-004
   6.3498182764381184E-004
   6.3080301928889815E-004
   6.2754319512525910E-004
   6.2503923846488074E-004
   6.2315464688168505E-004
   6.2177543582817311E-004
   6.2080663478727538E-004
   6.2016928986641272E-004
   6.1979789916278866E-004
   6.1963821702323005E-004
   6.1964537114235540E-004
   6.1978224274279422E-004
   6.2001806515714190E-004
   6.2032720023013179E-004
   6.2068805555282644E-004
   6.2108210989959551E-004
   6.2149302177938969E-004
   6.2190580995938143E-004
   6.2230611968815900E-004
   6.2267962997986158E-004
   6.2301171553937518E-004
   6.2328753559342501E-004
   6.2349274173722602E-004
   6.2361491173659549E-004
   6.2364565041853450E-004
   6.2358417305465649E-004
   6.2370712778241251E-004
   0.5000000000000000     
   0.5000000000000000     
   0.4957224818871131     
   0.4877555083988229     
   0.4766842622520245     
   0.4630170548691550     
   0.4471657559641474     
   0.4294355859972203     
   0.4100229834572961     
   0.3890227721562428     
   0.3664441984153163     
   0.3422347718762557     
   0.3163114521184897     
   0.2885999046186474     
   0.2590833868610399     
   0.2278623838643549     
   0.1952236936253817     
   0.1617130251450331     
   0.1281983012435587     
   9.5902600869787302E-002
   6.6378971709382548E-002
   4.1398482343877045E-002
   2.2733651647581950E-002
   1.1849715128154198E-002
   9.5714430108355484E-003
   8.6796314990495362E-003
   7.9260247422344270E-003
   7.1484181347008296E-003
   6.3665193429319981E-003
   5.6165659440765986E-003
   4.9237161319275000E-003
   4.3007338751686495E-003
   3.7512729604902741E-003
   3.2732256850630569E-003
   2.8612788674137980E-003
   2.5086590129193586E-003
   2.2082253018578580E-003
   1.9530904333180722E-003
   1.7369317659267766E-003
   1.5541169647967485E-003
   1.3997233571239143E-003
   1.2694989944825677E-003
   1.1597967406686905E-003
   1.0675010185082557E-003
   9.8995712006523170E-004
   9.2490665076304639E-004
   8.7043001694668727E-004
   8.2489617375652781E-004
   7.8691943369540182E-004
   7.5532266146096012E-004
   7.2910598329410886E-004
   7.0742023476123470E-004
   6.8954449540550551E-004
   6.7486709761868234E-004
   6.6286952818641871E-004
   6.5311272483419708E-004
   6.4522537556756124E-004
   6.3889391170046043E-004
   6.3385394163310990E-004
   6.2988291519665513E-004
   6.2679384308649444E-004
   6.2442992209173524E-004
   6.2265993665392143E-004
   6.2137432451803924E-004
   6.2048181026431721E-004
   6.1990652463920560E-004
   6.1958553925408244E-004
   6.1946675556907740E-004
   6.1950709454406435E-004
   6.1967093925047406E-004
   6.1992878733587787E-004
   6.2025607370427263E-004
   6.2063212655270753E-004
   6.2103922297979575E-004
   6.2146171549126803E-004
   6.2188521124253505E-004
   6.2229580838176076E-004
   6.2267943770246033E-004
   6.2302142618639637E-004
   6.2330648389800154E-004
   6.2351938056511306E-004
   6.2364653179982905E-004
   6.2367853250236925E-004
   6.2361453109728885E-004
   6.2374253390744966E-004
   0.5000000000000000     
   0.5000000000000000     
   0.4958770817005966     
   0.4881943569858170     
   0.4775057406669536     
   0.4643004113715669     
   0.4489786276089439     
   0.4318378965441026     
   0.4130686887258851     
   0.3927597067446447     
   0.3709116463374208     
   0.3474581463690259     
   0.3222934549721357     
   0.2953077706058415     
   0.2664324803000271     
   0.2356977543219803     
   0.2033034770538301     
   0.1697008956910143     
   0.1356759648478731     
   0.1024156037262431     
   7.1525961913399064E-002
   4.4959459545211473E-002
   2.4801037465382134E-002
   1.2882425767093615E-002
   1.0271141376136154E-002
   9.1368837795901027E-003
   8.1656553877620351E-003
   7.2096800671282964E-003
   6.2988404215010311E-003
   5.4674919966293846E-003
   4.7319404051441704E-003
   4.0941802998009083E-003
   3.5480950480866504E-003
   3.0839503600612562E-003
   2.6910590834454771E-003
   2.3591658580954522E-003
   2.0790562683869101E-003
   1.8427345955803582E-003
   1.6433857879349584E-003
   1.4752520590447526E-003
   1.3334884038658688E-003
   1.2140213934955511E-003
   1.1134216621341991E-003
   1.0287954403141672E-003
   9.5769562884386007E-004
   8.9804945652631149E-004
   8.4809904263576411E-004
   8.0635208567781834E-004
   7.7154081394321136E-004
   7.4258773117227969E-004
   7.1857690147229618E-004
   6.9872978248889154E-004
   6.8238485089601995E-004
   6.6898039065386473E-004
   6.5803989293310682E-004
   6.4915961180697776E-004
   6.4199792160848685E-004
   6.3626619951651640E-004
   6.3172100799107115E-004
   6.2815738931214693E-004
   6.2540311507265796E-004
   6.2331375707830013E-004
   6.2176846417542149E-004
   6.2066634488835656E-004
   6.1992336963743121E-004
   6.1946971843081114E-004
   6.1924751004264849E-004
   6.1920885701441299E-004
   6.1931419755943760E-004
   6.1953086067120387E-004
   6.1983182453219864E-004
   6.2019463076781777E-004
   6.2060041841344312E-004
   6.2103304180662977E-004
   6.2147823670251031E-004
   6.2192280211934958E-004
   6.2235378073615809E-004
   6.2275766555986995E-004
   6.2311974596260158E-004
   6.2342384238380422E-004
   6.2365285040170363E-004
   6.2379059129661100E-004
   6.2382530186837258E-004
   6.2375588072484942E-004
   6.2389472301189574E-004
   0.5000000000000000     
   0.5000000000000000     
   0.4960925573867470     
   0.4888117530870221     
   0.4786778759649561     
   0.4661530311968266     
   0.4516184759870138     
   0.4353593228803541     
   0.4175580368681342     
   0.3982969964676580     
   0.3775688410595593     
   0.3552930477010901     
   0.3313380881634899     
   0.3055501582478564     
   0.2777912157392907     
   0.2479902206900531     
   0.2162115453718983     
   0.1827431620931445     
   0.1482031997215145     
   0.1136547188882217     
   8.0702621957367160E-002
   5.1518211811346581E-002
   2.8692735977990828E-002
   1.4782693947211776E-002
   1.1471114320155984E-002
   9.8415932266787427E-003
   8.4688442611154813E-003
   7.2162078549976808E-003
   6.1125828473081630E-003
   5.1744113295870489E-003
   4.3942052146110867E-003
   3.7520550274029348E-003
   3.2249306315414164E-003
   2.7914095799605370E-003
   2.4333934776288586E-003
   2.1362993605201492E-003
   1.8886271222303104E-003
   1.6813613193963086E-003
   1.5074043272597963E-003
   1.3611129528039172E-003
   1.2379475168446878E-003
   1.1342124770075766E-003
   1.0468647215396960E-003
   9.7337242680942127E-004
   9.1161179352881123E-004
   8.5979089706135514E-004
   8.1639196963696704E-004
   7.8012617894577423E-004
   7.4989732839318300E-004
   7.2477224770482274E-004
   7.0395630421205815E-004
   6.8677291629101365E-004
   6.7264629432212553E-004
   6.6108683430209840E-004
   6.5167869392614847E-004
   6.4406916807597896E-004
   6.3795956821260567E-004
   6.3309737942608582E-004
   6.2926951340931583E-004
   6.2629650500432995E-004
   6.2402752262537731E-004
   6.2233608112116190E-004
   6.2111636049662420E-004
   6.2028004676125304E-004
   6.1975362259660092E-004
   6.1947604526971201E-004
   6.1939675727001289E-004
   6.1947398184578951E-004
   6.1967326120196083E-004
   6.1996619946103971E-004
   6.2032937543322170E-004
   6.2074339168329278E-004
   6.2119202583115992E-004
   6.2166144641111589E-004
   6.2213944829421248E-004
   6.2261465371958656E-004
   6.2307562200548613E-004
   6.2350985059567360E-004
   6.2390274881958356E-004
   6.2423686646577816E-004
   6.2449203136517753E-004
   6.2464743455022066E-004
   6.2468675717680634E-004
   6.2460811192363499E-004
   6.2476540242997769E-004
   0.5000000000000000     
   0.5000000000000000     
   0.4963707397316801     
   0.4896052054460465     
   0.4801849646697030     
   0.4685407509520932     
   0.4550313085145096     
   0.4399277136026664     
   0.4234052030909746     
   0.4055430337439843     
   0.3863310261749410     
   0.3656809671303665     
   0.3434418278958433     
   0.3194193987348403     
   0.2934029539034842     
   0.2652035163369766     
   0.2347101094088231     
   0.2019722425805023     
   0.1673180674570234     
   0.1315163185179147     
   9.5981438425240664E-002
   6.2988254981635156E-002
   3.5769047099299248E-002
   1.8171976551656571E-002
   1.3362327897203256E-002
   1.0753761034793759E-002
   8.7032306522950298E-003
   7.0228575412098404E-003
   5.6869155914620259E-003
   4.6516192113649196E-003
   3.8572992314925246E-003
   3.2460734740035520E-003
   2.7705058917017701E-003
   2.3949294627995652E-003
   2.0936554712843417E-003
   1.8485131148391206E-003
   1.6466668567807364E-003
   1.4789501188662408E-003
   1.3386826885096101E-003
   1.2208680372316324E-003
   1.1216647993178670E-003
   1.0380420844850022E-003
   9.6755261660427480E-004
   9.0818173780685086E-004
   8.5824622846108274E-004
   8.1632548847417627E-004
   7.8121299119068019E-004
   7.5188025749773615E-004
   7.2744888449441836E-004
   7.0716809337771928E-004
   6.9039623013409746E-004
   6.7658521915884163E-004
   6.6526735026237334E-004
   6.5604398985378936E-004
   6.4857589715458335E-004
   6.4257487899260161E-004
   6.3779657161359244E-004
   6.3403418869222776E-004
   6.3111310953768652E-004
   6.2888620148012127E-004
   6.2722978276629501E-004
   6.2604014222546417E-004
   6.2523054155591302E-004
   6.2472863559903398E-004
   6.2447425476609578E-004
   6.2441750117576500E-004
   6.2451711592894309E-004
   6.2473907968648758E-004
   6.2505541274206547E-004
   6.2544314410464005E-004
   6.2588342146834518E-004
   6.2636073472324152E-004
   6.2686222337537327E-004
   6.2737703049896732E-004
   6.2789564996689493E-004
   6.2840918717793821E-004
   6.2890841069791704E-004
   6.2938249137842585E-004
   6.2981741589448787E-004
   6.3019429157372625E-004
   6.3048846238958616E-004
   6.3067138989393167E-004
   6.3071817789277207E-004
   6.3062460189509126E-004
   6.3081175389045289E-004
   0.5000000000000000     
   0.5000000000000000     
   0.4967052055997184     
   0.4905567974101230     
   0.4819915204249383     
   0.4714053489848348     
   0.4591330388890449     
   0.4454323508479588     
   0.4304747457322284     
   0.4143430268685284     
   0.3970344578165063     
   0.3784671924446034     
   0.3584883544512666     
   0.3368834562830985     
   0.3133886807951050     
   0.2877096393892913     
   0.2595529093615664     
   0.2286809485271370     
   0.1950079963755195     
   0.1587664441305545     
   0.1207918155797246     
   8.2987113301155060E-002
   4.8964238803466203E-002
   2.4486369464441476E-002
   1.6173321542746991E-002
   1.1676368266575778E-002
   8.5904471173350646E-003
   6.3965976370619973E-003
   4.8688408737883326E-003
   3.8199792557001440E-003
   3.0962673178618729E-003
   2.5858914089743556E-003
   2.2143256377472726E-003
   1.9342113935570666E-003
   1.7160065048468184E-003
   1.5412728379403298E-003
   1.3983433838437155E-003
   1.2796487776556042E-003
   1.1800985512938284E-003
   1.0961127930341960E-003
   1.0250502555497762E-003
   9.6487225855600904E-004
   9.1394336974862122E-004
   8.7091159535202466E-004
   8.3463557479029470E-004
   8.0413938419543105E-004
   7.7858297986762226E-004
   7.5724128295410901E-004
   7.3948819024220790E-004
   7.2478359621247208E-004
   7.1266238063607277E-004
   7.0272479891882720E-004
   6.9462801057157810E-004
   6.8807861730180858E-004
   6.8282610812947465E-004
   6.7865710455386192E-004
   6.7539030586026561E-004
   6.7287205240636541E-004
   6.7097244134061904E-004
   6.6958193893886572E-004
   6.6860843722025751E-004
   6.6797470360957967E-004
   6.6761617478856795E-004
   6.6747905060231337E-004
   6.6751864964510472E-004
   6.6769799338032329E-004
   6.6798658963664113E-004
   6.6835938923797138E-004
   6.6879589189616220E-004
   6.6927937979622111E-004
   6.6979625938131575E-004
   6.7033549260415168E-004
   6.7088809610647880E-004
   6.7144667669476676E-004
   6.7200494789000273E-004
   6.7255712672124738E-004
   6.7309700344384004E-004
   6.7361640477768526E-004
   6.7410286541314554E-004
   6.7453638441229984E-004
   6.7488630635356575E-004
   6.7511152407914135E-004
   6.7517063647331850E-004
   6.7505241168496421E-004
   6.7528886126167278E-004
   0.5000000000000000     
   0.5000000000000000     
   0.4970859911688915     
   0.4916392075349243     
   0.4840462981686795     
   0.4746657989428643     
   0.4638080228868705     
   0.4517193852034339     
   0.4385725458806895     
   0.4244626659011047     
   0.4094081659803642     
   0.3933535084255709     
   0.3761716678621274     
   0.3576648129748161     
   0.3375629404065879     
   0.3155215574931847     
   0.2911213208130424     
   0.2638758460713402     
   0.2332605671500382     
   0.1987919801585313     
   0.1602313547380340     
   0.1180977915604745     
   7.4898788531443716E-002
   3.7639086393500054E-002
   2.0128775952667211E-002
   1.2324202264330371E-002
   7.8908193711673853E-003
   5.2587238602740567E-003
   3.7399292447929081E-003
   2.8742745011425446E-003
   2.3699206396979988E-003
   2.0599437175254243E-003
   1.8548614838966677E-003
   1.7081245638886702E-003
   1.5956384056258410E-003
   1.5047903607280505E-003
   1.4288320141165557E-003
   1.3640267244377057E-003
   1.3081849242220069E-003
   1.2599055281625519E-003
   1.2181879405872686E-003
   1.1822395059913463E-003
   1.1513831396932649E-003
   1.1250150725405840E-003
   1.1025872933003362E-003
   1.0836013283960144E-003
   1.0676061672678580E-003
   1.0541969267333989E-003
   1.0430130979574700E-003
   1.0337361834566723E-003
   1.0260867857370109E-003
   1.0198212936050870E-003
   1.0147283799008997E-003
   1.0106255234555389E-003
   1.0073556993374793E-003
   1.0047843077184164E-003
   1.0027963673585672E-003
   1.0012939782231122E-003
   1.0001940472198414E-003
   9.9942626655511488E-004
   9.9893133148090522E-004
   9.9865938010586740E-004
   9.9856863370831632E-004
   9.9862421453587522E-004
   9.9879711975520017E-004
   9.9906333320202729E-004
   9.9940305912445972E-004
   9.9980006375478109E-004
   1.0002411117055331E-003
   1.0007154856481939E-003
   1.0012145797049013E-003
   1.0017315587057701E-003
   1.0022610747488596E-003
   1.0027990237222880E-003
   1.0033422948739501E-003
   1.0038883998002427E-003
   1.0044347803473174E-003
   1.0049770405054796E-003
   1.0055057338778136E-003
   1.0060007263685208E-003
   1.0064236774226347E-003
   1.0067128271605971E-003
   1.0067934119062641E-003
   1.0066322424149301E-003
   1.0069545813975980E-003
   0.5000000000000000     
   0.5000000000000000     
   0.4975009159620604     
   0.4928185538133433     
   0.4862856763954919     
   0.4782214240065388     
   0.4689115439545233     
   0.4585931168769614     
   0.4474447794888119     
   0.4355825904248812     
   0.4230598913559894     
   0.4098685511362043     
   0.3959388379017916     
   0.3811355729134236     
   0.3652488401842814     
   0.3479780301804906     
   0.3289082909756117     
   0.3074784099937523     
   0.2829376191278818     
   0.2542856146974264     
   0.2201932272174798     
   0.1789564755289155     
   0.1288901917376346     
   7.1439481283202530E-002
   2.8522409231934862E-002
   1.5416097848296678E-002
   8.8595715083692374E-003
   5.8352914330910546E-003
   4.5994524474883116E-003
   4.1348168438219163E-003
   3.9683521081619200E-003
   3.9075286459623682E-003
   3.8797631337166225E-003
   3.8593332313209563E-003
   3.8380827128922908E-003
   3.8142702550445049E-003
   3.7883633178884542E-003
   3.7614343743684036E-003
   3.7345492459893064E-003
   3.7085532576501073E-003
   3.6840273128331113E-003
   3.6613157073452081E-003
   3.6405777629463479E-003
   3.6218404922562495E-003
   3.6050434311483246E-003
   3.5900733823261807E-003
   3.5767894280272980E-003
   3.5650397328388281E-003
   3.5546721854357779E-003
   3.5455408172854661E-003
   3.5375094233238286E-003
   3.5304533166369855E-003
   3.5242598576632990E-003
   3.5188282307581057E-003
   3.5140688003606419E-003
   3.5099022574458525E-003
   3.5062586836782485E-003
   3.5030766094520196E-003
   3.5003021079040280E-003
   3.4978879461330177E-003
   3.4957928056730371E-003
   3.4939805796636420E-003
   3.4924197483824750E-003
   3.4910828288492149E-003
   3.4899458912235675E-003
   3.4889881349826715E-003
   3.4881915193556473E-003
   3.4875404437612265E-003
   3.4870214749024285E-003
   3.4866231183086553E-003
   3.4863356343217086E-003
   3.4861509023824066E-003
   3.4860623416801233E-003
   3.4860648931589072E-003
   3.4861550348261462E-003
   3.4863306823669543E-003
   3.4865906761135114E-003
   3.4869334964250181E-003
   3.4873520258049493E-003
   3.4878241330011518E-003
   3.4882967980002489E-003
   3.4886677309352858E-003
   3.4887867818701418E-003
   3.4885486800004298E-003
   3.4890248837398537E-003
   0.5000000000000000     
   0.5000000000000000     
   0.4979363662539544     
   0.4940566325661338     
   0.4886374668693023     
   0.4819572265993316     
   0.4742766944417148     
   0.4658245247253255     
   0.4567880877062908     
   0.4473097981238362     
   0.4374873980817521     
   0.4273757070382168     
   0.4169870723729955     
   0.4062879602430298     
   0.3951895981814416     
   0.3835311416186525     
   0.3710545711195291     
   0.3573715381435350     
   0.3419224551306356     
   0.3239245683035431     
   0.3022913741716964     
   0.2754438083976878     
   0.2406483534089499     
   0.1911512721713381     
   0.1027479638612438     
   5.2420027539023195E-002
   3.4309336789986711E-002
   2.8384346992522631E-002
   2.6318105470409445E-002
   2.5441117050332439E-002
   2.4963753496485250E-002
   2.4646420841154718E-002
   2.4405947034132961E-002
   2.4207328308586715E-002
   2.4033622361542915E-002
   2.3876286178318228E-002
   2.3731129972554364E-002
   2.3596207163342538E-002
   2.3470634238898839E-002
   2.3353952007376770E-002
   2.3245811355115581E-002
   2.3145843794114059E-002
   2.3053627430902252E-002
   2.2968695025098886E-002
   2.2890555349779698E-002
   2.2818714435303228E-002
   2.2752691820653596E-002
   2.2692031005090017E-002
   2.2636304997638797E-002
   2.2585118409442179E-002
   2.2538107425143210E-002
   2.2494938586332374E-002
   2.2455306939048063E-002
   2.2418933872140830E-002
   2.2385564864133671E-002
   2.2354967285330794E-002
   2.2326928342118212E-002
   2.2301253206062483E-002
   2.2277763340266113E-002
   2.2256295015217413E-002
   2.2236697997425080E-002
   2.2218834395090301E-002
   2.2202577648041774E-002
   2.2187811648651409E-002
   2.2174429978363847E-002
   2.2162335244558545E-002
   2.2151438505223081E-002
   2.2141658772604135E-002
   2.2132922590357648E-002
   2.2125163681738887E-002
   2.2118322670189785E-002
   2.2112346879183981E-002
   2.2107190222238223E-002
   2.2102813183041047E-002
   2.2099182825347594E-002
   2.2096272584051092E-002
   2.2094060826046098E-002
   2.2092525973661545E-002
   2.2091636691636829E-002
   2.2091329328720741E-002
   2.2091471290560036E-002
   2.2091816709122424E-002
   2.2091988831410145E-002
   2.2091644586834703E-002
   2.2092333075985588E-002
   0.5000000000000000     
   0.5000000000000000     
   0.4983781437967319     
   0.4953134117491603     
   0.4910256553389041     
   0.4857514319631675     
   0.4797254448225667     
   0.4731669255448495     
   0.4662713815510248     
   0.4592077984839736     
   0.4521199881803904     
   0.4451298840929526     
   0.4383402546298257     
   0.4318344176726989     
   0.4256710103517779     
   0.4198726928107552     
   0.4144091226847127     
   0.4091770911708716     
   0.4039836752810858     
   0.3985391928649546     
   0.3924598215946448     
   0.3852433986471788     
   0.3760554628540995     
   0.3628306970373460     
   0.3397540503649438     
   0.2945849527933528     
   0.2552917493475920     
   0.2281878799553513     
   0.2108236325850160     
   0.1997596962691371     
   0.1925070505775746     
   0.1875354258362320     
   0.1839490240169193     
   0.1812265133576733     
   0.1790614368955545     
   0.1772711049828204     
   0.1757449501641173     
   0.1744147961556928     
   0.1732374724338205     
   0.1721845807012097     
   0.1712364891867460     
   0.1703788414054643     
   0.1696005496822701     
   0.1688926505629123     
   0.1682476491983934     
   0.1676591346205763     
   0.1671215425337730     
   0.1666299982750904     
   0.1661802043144005     
   0.1657683539819154     
   0.1653910621850602     
   0.1650453082801756     
   0.1647283882383875     
   0.1644378741811726     
   0.1641715799250293     
   0.1639275315529894     
   0.1637039422595946     
   0.1634991908472533     
   0.1633118033391354     
   0.1631404372423548     
   0.1629838680577193     
   0.1628409776964419     
   0.1627107445251858     
   0.1625922348084147     
   0.1624845953506361     
   0.1623870471690541     
   0.1622988800553072     
   0.1622194479127641     
   0.1621481647804074     
   0.1620845014740274     
   0.1620279827879962     
   0.1619781851948211     
   0.1619347349158678     
   0.1618973060147542     
   0.1618656175669037     
   0.1618394275945826     
   0.1618185189621887     
   0.1618026686531051     
   0.1617915878875252     
   0.1617848234077644     
   0.1617816251901557     
   0.1617808355756228     
   0.1617809584903618     
   0.1617807126608838     
   0.1617812043198399     
   0.5000000000000000     
   0.5000000000000000     
   0.4988124291836333     
   0.4965498201975517     
   0.4933758380206985     
   0.4894844931499431     
   0.4850824572782959     
   0.4803764393872279     
   0.4755657930658759     
   0.4708404572879747     
   0.4663831475663625     
   0.4623738918764828     
   0.4589945988473225     
   0.4564312735313887     
   0.4548717098601026     
   0.4544969664884287     
   0.4554657443949180     
   0.4578920008653775     
   0.4618163142300597     
   0.4671663437904033     
   0.4736837994297519     
   0.4807501425721525     
   0.4869561141306896     
   0.4891915628662334     
   0.4814382024008973     
   0.4563706522271597     
   0.4255947481111008     
   0.3977306278131089     
   0.3756241205371356     
   0.3590450466098231     
   0.3468067805736958     
   0.3377053116394595     
   0.3307946211196672     
   0.3254014755742529     
   0.3210677127393743     
   0.3174876570991988     
   0.3144585752562934     
   0.3118454402720468     
   0.3095570953115428     
   0.3075305974982878     
   0.3057211447379145     
   0.3040956949498319     
   0.3026289683620351     
   0.3013009547528554     
   0.3000953526202909     
   0.2989985762021066     
   0.2979991056260683     
   0.2970870451952118     
   0.2962538100246316     
   0.2954918942283259     
   0.2947946932680845     
   0.2941563641430335     
   0.2935717131656870     
   0.2930361044622277     
   0.2925453844371236     
   0.2920958188495222     
   0.2916840400686646     
   0.2913070026601156     
   0.2909619458478346     
   0.2906463616815704     
   0.2903579679543692     
   0.2900946850907779     
   0.2898546163763595     
   0.2896360310192574     
   0.2894373496233176     
   0.2892571317206287     
   0.2890940650710560     
   0.2889469564902276     
   0.2888147240126001     
   0.2886963902289589     
   0.2885910766505322     
   0.2884979989209926     
   0.2884164625591546     
   0.2883458585246353     
   0.2882856569723292     
   0.2882353956608041     
   0.2881946562368125     
   0.2881630172198881     
   0.2881399690551056     
   0.2881247818114368     
   0.2881163391299529     
   0.2881130074414976     
   0.2881126951705115     
   0.2881133197124838     
   0.2881120706285393     
   0.5000000000000000     
   0.5000000000000000     
   0.4992267441576496     
   0.4977305100532465     
   0.4956206309778620     
   0.4930481542666445     
   0.4901891773421149     
   0.4872331474799608     
   0.4843760412532216     
   0.4818185075489022     
   0.4797680629430168     
   0.4784436468008083     
   0.4780803200478883     
   0.4789315454047611     
   0.4812662632691227     
   0.4853578093414603     
   0.4914614681262074     
   0.4997770115055382     
   0.5103909938166030     
   0.5231881083432927     
   0.5377095218766699     
   0.5529226904665253     
   0.5668759343890678     
   0.5763371431008760     
   0.5769904332932475     
   0.5657947271459952     
   0.5469224667521747     
   0.5258400780925417     
   0.5060947055384274     
   0.4891700344784118     
   0.4752810636253793     
   0.4640760445650792     
   0.4550433913282156     
   0.4476961842106366     
   0.4416344011999265     
   0.4365516847101794     
   0.4322216908983145     
   0.4284798867170671     
   0.4252069988956609     
   0.4223159150034504     
   0.4197420289355696     
   0.4174364203895973     
   0.4153611624437691     
   0.4134861418037991     
   0.4117869149275227     
   0.4102432551151267     
   0.4088381535804502     
   0.4075571178745920     
   0.4063876662616190     
   0.4053189531153665     
   0.4043414841389564     
   0.4034468951255044     
   0.4026277769587056     
   0.4018775349967295     
   0.4011902745358220     
   0.4005607064961352     
   0.3999840691156318     
   0.3994560625121039     
   0.3989727937041880     
   0.3985307302050415     
   0.3981266606847857     
   0.3977576614939348     
   0.3974210680831881     
   0.3971144505483550     
   0.3968355926723766     
   0.3965824739440966     
   0.3963532541231520     
   0.3961462599981225     
   0.3959599740480275     
   0.3957930247602082     
   0.3956441783698773     
   0.3955123317382913     
   0.3953965059058686     
   0.3952958393925217     
   0.3952095792888261     
   0.3951370661792399     
   0.3950777056425100     
   0.3950309148326765     
   0.3949960297327270     
   0.3949721634532893     
   0.3949580266484433     
   0.3949517643179279     
   0.3949509155068975     
   0.3949526131289584     
   0.3949492178848367     
   0.5000000000000000     
   0.5000000000000000     
   0.4996107604392347     
   0.4988261696840796     
   0.4977041897580942     
   0.4963530047081827     
   0.4949155214637497     
   0.4935584833511149     
   0.4924658581696804     
   0.4918365357106918     
   0.4918855435750316     
   0.4928472456983479     
   0.4949783665679632     
   0.4985581129856093     
   0.5038821001998388     
   0.5112462255388340     
   0.5209159883117589     
   0.5330760872363592     
   0.5477546252666379     
   0.5647158549358510     
   0.5833167863950530     
   0.6023348852695366     
   0.6198167573522858     
   0.6331050596084093     
   0.6393817488492615     
   0.6371117009173091     
   0.6278018184718308     
   0.6144244808360335     
   0.5997011052848028     
   0.5854235909116131     
   0.5724959683124715     
   0.5612176069194862     
   0.5515545801024848     
   0.5433254882227293     
   0.5363073419369783     
   0.5302871067245695     
   0.5250817931004553     
   0.5205424834123048     
   0.5165512921813687     
   0.5130159797212405     
   0.5098644344971112     
   0.5070399075774396     
   0.5044972264059406     
   0.5021999253348226     
   0.5001181280438842     
   0.4982270033918232     
   0.4965056407100865     
   0.4949362253068608     
   0.4935034265885586     
   0.4921939365806141     
   0.4909961159251709     
   0.4898997180387310     
   0.4888956710586453     
   0.4879759030768139     
   0.4871332002606056     
   0.4863610904206930     
   0.4856537466335707     
   0.4850059068974769     
   0.4844128067510007     
   0.4838701224683519     
   0.4833739229432169     
   0.4829206287538262     
   0.4825069772115233     
   0.4821299924405157     
   0.4817869597174618     
   0.4814754034342572     
   0.4811930681578718     
   0.4809379023553781     
   0.4807080444274956     
   0.4805018107443194     
   0.4803176853912868     
   0.4801543112821507     
   0.4800104821112979     
   0.4798851341627179     
   0.4797773360133808     
   0.4796862722915517     
   0.4796112145595421     
   0.4795514683268924     
   0.4795062819362398     
   0.4794747051644671     
   0.4794553989816057     
   0.4794464255656534     
   0.4794450751706100     
   0.4794477759606968     
   0.4794423743805232     
   0.5000000000000000     
   0.5000000000000000     
   0.4999568325890560     
   0.4998150453194921     
   0.4995851590666202     
   0.4993333293750596     
   0.4991671823018563     
   0.4992256802720904     
   0.4996724449148975     
   0.5006925168290413     
   0.5024918691829094     
   0.5052983100475716     
   0.5093617593435802     
   0.5149512336549505     
   0.5223452077687510     
   0.5318114478554882     
   0.5435720447635941     
   0.5577495028187492     
   0.5742911055804556     
   0.5928725564343397     
   0.6127900877674037     
   0.6328673554834829     
   0.6514357092417573     
   0.6664918091324483     
   0.6761561307394162     
   0.6794304187412865     
   0.6768083030049945     
   0.6698307777339373     
   0.6602945052147066     
   0.6497139758041224     
   0.6391338790297207     
   0.6291613329117129     
   0.6200807020393611     
   0.6119716676284541     
   0.6048004304119234     
   0.5984801778697428     
   0.5929068617438685     
   0.5879781155651645     
   0.5836018215982262     
   0.5796988652025782     
   0.5762029403244449     
   0.5730590815117700     
   0.5702218261926696     
   0.5676534453160976     
   0.5653224175188936     
   0.5632021853990912     
   0.5612701717273526     
   0.5595070126623669     
   0.5578959624374064     
   0.5564224295354245     
   0.5550736127273606     
   0.5538382130756087     
   0.5527062038996745     
   0.5516686450907824     
   0.5507175316137661     
   0.5498456687316549     
   0.5490465684329390     
   0.5483143628820581     
   0.5476437316725496     
   0.5470298403673995     
   0.5464682883279359     
   0.5459550642313530     
   0.5454865080051077     
   0.5450592781672877     
   0.5446703237533913     
   0.5443168601518498     
   0.5439963482874294     
   0.5437064766916693     
   0.5434451460792561     
   0.5432104561032299     
   0.5430006939804710     
   0.5428143246362461     
   0.5426499818546860     
   0.5425064595222558     
   0.5423827011858422     
   0.5422777844568047     
   0.5421908939014523     
   0.5421212719445411     
   0.5420681330277640     
   0.5420305248580713     
   0.5420071266512854     
   0.5419959896016292     
   0.5419942387729281     
   0.5419977404303303     
   0.5419907371155258     
   0.5000000000000000     
   0.5000000000000000     
   0.5002601980041455     
   0.5006835144221566     
   0.5012377532223017     
   0.5019487666406761     
   0.5028878281532383     
   0.5041622878294710     
   0.5059087398046626     
   0.5082886485788598     
   0.5114858842485204     
   0.5157050339648951     
   0.5211687573429525     
   0.5281118537173136     
   0.5367691434865696     
   0.5473539074983489     
   0.5600237331064489     
   0.5748315622327654     
   0.5916622354354140     
   0.6101598726586202     
   0.6296600123103198     
   0.6491530439359969     
   0.6673206598665817     
   0.6826959941288502     
   0.6939745120625449     
   0.7004111283724818     
   0.7020834033528718     
   0.6997628111311853     
   0.6945590739607106     
   0.6875865538464229     
   0.6797675110435868     
   0.6717673475131827     
   0.6640118445530178     
   0.6567391184140092     
   0.6500566059972515     
   0.6439892491658146     
   0.6385149842795421     
   0.6335884881499491     
   0.6291558050812613     
   0.6251625941774043     
   0.6215582591773280     
   0.6182976138514505     
   0.6153411903130859     
   0.6126548807156819     
   0.6102093116083225     
   0.6079791623509175     
   0.6059425279998845     
   0.6040803653395868     
   0.6023760284781178     
   0.6008148862746313     
   0.5993840096159212     
   0.5980719163744310     
   0.5968683629818815     
   0.5957641731537746     
   0.5947510961489804     
   0.5938216886913810     
   0.5929692160333908     
   0.5921875686204100     
   0.5914711915586061     
   0.5908150246580933     
   0.5902144512505567     
   0.5896652543214015     
   0.5891635787880327     
   0.5887058989903874     
   0.5882889906304517     
   0.5879099065242510     
   0.5875659556368152     
   0.5872546849642896     
   0.5869738639030553     
   0.5867214707983550     
   0.5864956813869653     
   0.5862948588190109     
   0.5861175448145217     
   0.5859624511774766     
   0.5858284501415125     
   0.5857145604895089     
   0.5856199236041881     
   0.5855437592556426     
   0.5854852854320705     
   0.5854435819065997     
   0.5854173773980286     
   0.5854047477420631     
   0.5854027210903625     
   0.5854067743937637     
   0.5853986677869614     
   0.5000000000000000     
   0.5000000000000000     
   0.5005188593853901     
   0.5014257583749235     
   0.5026510802953091     
   0.5041830211296342     
   0.5060567170887024     
   0.5083458257029462     
   0.5111556393451735     
   0.5146176808379177     
   0.5188854040044366     
   0.5241301660877441     
   0.5305361360845769     
   0.5382923235609600     
   0.5475795253840871     
   0.5585498718487283     
   0.5712970912258272     
   0.5858169298013142     
   0.6019598060925543     
   0.6193821881559571     
   0.6375093977523886     
   0.6555294791263974     
   0.6724423416475677     
   0.6871844717803710     
   0.6988257363892861     
   0.7067868933114227     
   0.7109762582236575     
   0.7117576922258134     
   0.7097899806898529     
   0.7058364707907074     
   0.7006172211437627     
   0.6947268433853692     
   0.6886085781014782     
   0.6825639745338580     
   0.6767792193417889     
   0.6713552901754112     
   0.6663350751646405     
   0.6617247951386063     
   0.6575094694012561     
   0.6536632891261507     
   0.6501561136303982     
   0.6469572491620649     
   0.6440374495917585     
   0.6413698272503378     
   0.6389301390745431     
   0.6366967423310373     
   0.6346503960983008     
   0.6327740070709594     
   0.6310523700537356     
   0.6294719263989482     
   0.6280205495117015     
   0.6266873592293545     
   0.6254625631805661     
   0.6243373217424611     
   0.6233036330744972     
   0.6223542351221502     
   0.6214825219402056     
   0.6206824720792443     
   0.6199485871423910     
   0.6192758389313390     
   0.6186596238490624     
   0.6180957234463546     
   0.6175802702063421     
   0.6171097178321222     
   0.6166808154248058     
   0.6162905850311386     
   0.6159363021225476     
   0.6156154786437111     
   0.6153258483321170     
   0.6150653540556268     
   0.6148321369372388     
   0.6146245270181172     
   0.6144410351099289     
   0.6142803452112481     
   0.6141413062034442     
   0.6140229201116483     
   0.6139243214544848     
   0.6138447375625338     
   0.6137834131990445     
   0.6137394758447418     
   0.6137117143625668     
   0.6136982473568527     
   0.6136960656651613     
   0.6137004290485442     
   0.6136917022817785     
   0.5000000000000000     
   0.5000000000000000     
   0.5007332205833237     
   0.5020427384946489     
   0.5038271287637409     
   0.5060403968868009     
   0.5086830626476836     
   0.5117948656801701     
   0.5154480641787433     
   0.5197413138746323     
   0.5247939527564318     
   0.5307401983446562     
   0.5377223715618478     
   0.5458819008025193     
   0.5553466322086796     
   0.5662130207032068     
   0.5785223246687307     
   0.5922312005471247     
   0.6071792756395767     
   0.6230594208351052     
   0.6394001525808665     
   0.6555726165754272     
   0.6708346369314448     
   0.6844184256200583     
   0.6956527817299217     
   0.7040879203520941     
   0.7095752094397896     
   0.7122660389268047     
   0.7125389453276834     
   0.7108945354623214     
   0.7078571897206751     
   0.7039051849490803     
   0.6994334377331410     
   0.6947427543778270     
   0.6900461352978109     
   0.6854835500706208     
   0.6811390780248493     
   0.6770568422392070     
   0.6732541113360184     
   0.6697311986536684     
   0.6664784625867807     
   0.6634809818967964     
   0.6607215156669766     
   0.6581822772025065     
   0.6558459298791953     
   0.6536960965286323     
   0.6517175792754311     
   0.6498964153299585     
   0.6482198448826010     
   0.6466762360728227     
   0.6452549929144700     
   0.6439464602430407     
   0.6427418326037019     
   0.6416330700410667     
   0.6406128218252667     
   0.6396743582429093     
   0.6388115100886197     
   0.6380186152378224     
   0.6372904716004096     
   0.6366222957496376     
   0.6360096865429989     
   0.6354485931135821     
   0.6349352867024965     
   0.6344663358852279     
   0.6340385847995191     
   0.6336491340258098     
   0.6332953238193046     
   0.6329747194431865     
   0.6326850983967841     
   0.6324244393656510     
   0.6321909127379439     
   0.6319828725190089     
   0.6317988493957730     
   0.6316375444639192     
   0.6314978225271037     
   0.6313787025030732     
   0.6312793396980722     
   0.6311989898353857     
   0.6311369374778122     
   0.6310923631000386     
   0.6310641174078109     
   0.6310503736679023     
   0.6310481388332797     
   0.6310526085025249     
   0.6310436691640345     
   0.5000000000000000     
   0.5000000000000000     
   0.5009055740195524     
   0.5025407546958381     
   0.5047779734358483     
   0.5075411220923249     
   0.5107987462778061     
   0.5145580856159465     
   0.5188588561779891     
   0.5237668224490840     
   0.5293671961546950     
   0.5357577086949370     
   0.5430409131673805     
   0.5513149970583188     
   0.5606622495700472     
   0.5711344417475576     
   0.5827348766949104     
   0.5953978771998545     
   0.6089680287562530     
   0.6231834597805745     
   0.6376693752849597     
   0.6519490263138180     
   0.6654780086724988     
   0.6777032153735311     
   0.6881386120420567     
   0.6964394891629446     
   0.7024518182946770     
   0.7062199866267398     
   0.7079540365002539     
   0.7079725256951183     
   0.7066409313488402     
   0.7043203467923610     
   0.7013331256427933     
   0.6979454913588186     
   0.6943634627669191     
   0.6907373685235607     
   0.6871707208993317     
   0.6837303648698515     
   0.6804560200839211     
   0.6773683045089596     
   0.6744749833086474     
   0.6717755601850405     
   0.6692644972098505     
   0.6669333858062459     
   0.6647723597796125     
   0.6627709851213526     
   0.6609188017167048     
   0.6592056394809804     
   0.6576217913969178     
   0.6561580979747246     
   0.6548059784021005     
   0.6535574304855061     
   0.6524050128517328     
   0.6513418175721605     
   0.6503614382543653     
   0.6494579367285749     
   0.6486258101833305     
   0.6478599597902683     
   0.6471556613685933     
   0.6465085383265596     
   0.6459145369140393     
   0.6453699037196055     
   0.6448711653139104     
   0.6444151099250540     
   0.6439987710115180     
   0.6436194125878447     
   0.6432745161667592     
   0.6429617692014211     
   0.6426790549324787     
   0.6424244435612408     
   0.6421961846783283     
   0.6419927008636187     
   0.6418125823018409     
   0.6416545820391695     
   0.6415176109324071     
   0.6414007299997652     
   0.6413031351093128     
   0.6412241239607636     
   0.6411630277529063     
   0.6411190809390449     
   0.6410911960608818     
   0.6410776127474543     
   0.6410754025073007     
   0.6410798229876080     
   0.6410709820269933     
   0.5000000000000000     
   0.5000000000000000     
   0.5010395376015694     
   0.5029298632840796     
   0.5055227394289654     
   0.5087163704411777     
   0.5124507865162320     
   0.5167033948174004     
   0.5214835329387725     
   0.5268261384287587     
   0.5327847737088414     
   0.5394241614978573     
   0.5468121743994356     
   0.5550109983685610     
   0.5640670767498838     
   0.5739995393831149     
   0.5847871977387701     
   0.5963548868915801     
   0.6085609246136262     
   0.6211885704603876     
   0.6339452608280409     
   0.6464734842335559     
   0.6583758322575828     
   0.6692538573845043     
   0.6787553150576150     
   0.6866194315850966     
   0.6927082780552795     
   0.6970157072216886     
   0.6996530836356294     
   0.7008184690689243     
   0.7007592513759763     
   0.6997371840317431     
   0.6980013965879950     
   0.6957712694004776     
   0.6932283827195743     
   0.6905153644061418     
   0.6877391364707864     
   0.6849763807201320     
   0.6822796353761568     
   0.6796830416262599     
   0.6772072505100202     
   0.6748633405198149     
   0.6726557954551080     
   0.6705846842507222     
   0.6686472105618719     
   0.6668387900162907     
   0.6651537860076148     
   0.6635860043812756     
   0.6621290210292708     
   0.6607763955929041     
   0.6595218083873179     
   0.6583591457668189     
   0.6572825508543568     
   0.6562864510663549     
   0.6553655702765823     
   0.6545149309951511     
   0.6537298501898863     
   0.6530059311938315     
   0.6523390533541019     
   0.6517253605206731     
   0.6511612490861783     
   0.6506433560487123     
   0.6501685474255262     
   0.6497339072366581     
   0.6493367271867256     
   0.6489744971116006     
   0.6486448962264190     
   0.6483457852002000     
   0.6480751990786268     
   0.6478313410746651     
   0.6476125772419922     
   0.6474174320261806     
   0.6472445846173382     
   0.6470928658162131     
   0.6469612545688030     
   0.6468488720126357     
   0.6467549681484925     
   0.6466788913133539     
   0.6466200230853317     
   0.6465776522405648     
   0.6465507549635278     
   0.6465376510383404     
   0.6465355203486626     
   0.6465397817280182     
   0.6465312589693070     
   0.5000000000000000     
   0.5000000000000000     
   0.5011395196895784     
   0.5032223743302123     
   0.5060847440390706     
   0.5096036561415508     
   0.5136945577902361     
   0.5183084904136290     
   0.5234276434786811     
   0.5290594578617989     
   0.5352296951416218     
   0.5419748899421956     
   0.5493344425468686     
   0.5573424067057118     
   0.5660188993827103     
   0.5753610940989407     
   0.5853339959760234     
   0.5958616310497276     
   0.6068198600679666     
   0.6180326078110054     
   0.6292736536444684     
   0.6402759292824139     
   0.6507492617979590     
   0.6604058367158715     
   0.6689899026515038     
   0.6763058550824433     
   0.6822384203972819     
   0.6867603466375322     
   0.6899266101540233     
   0.6918579012466469     
   0.6927183685467090     
   0.6926927884330288     
   0.6919670318493166     
   0.6907138486145515     
   0.6890843202998573     
   0.6872042153428132     
   0.6851739586084084     
   0.6830708667534748     
   0.6809525121178892     
   0.6788603940910214     
   0.6768234086320022     
   0.6748608577056506     
   0.6729849128329832     
   0.6712025497512470     
   0.6695170228294118     
   0.6679289647947870     
   0.6664371939905428     
   0.6650392998546333     
   0.6637320640308031     
   0.6625117616372078     
   0.6613743758834726     
   0.6603157501792360     
   0.6593316951426109     
   0.6584180631209787     
   0.6575707994104033     
   0.6567859768073955     
   0.6560598182401669     
   0.6553887108977647     
   0.6547692143294730     
   0.6541980642832427     
   0.6536721735473323     
   0.6531886307245270     
   0.6527446976374558     
   0.6523378058796833     
   0.6519655528793977     
   0.6516256977392481     
   0.6513161570522180     
   0.6510350008538811     
   0.6507804488443985     
   0.6505508669933756     
   0.6503447646219641     
   0.6501607920269225     
   0.6499977386354708     
   0.6498545314698104     
   0.6497302331582107     
   0.6496240374629167     
   0.6495352576655559     
   0.6494632983924631     
   0.6494075941933268     
   0.6493674895287151     
   0.6493420287532713     
   0.6493296276064539     
   0.6493276133877713     
   0.6493316418251364     
   0.6493235849504063     
   0.5000000000000000     
   0.5000000000000000     
   0.5012102630631424     
   0.5034315708019482     
   0.5064890796892673     
   0.5102430036196088     
   0.5145882948146295     
   0.5194534778895313     
   0.5247973530251016     
   0.5306037750741928     
   0.5368750665274183     
   0.5436246928000753     
   0.5508696989935142     
   0.5586232041848014     
   0.5668870881159335     
   0.5756449651507362     
   0.5848556495191423     
   0.5944475542194430     
   0.6043147756964048     
   0.6143158960204242     
   0.6242766420416738     
   0.6339973001021478     
   0.6432651112826681     
   0.6518709938438071     
   0.6596284244501668     
   0.6663911150671780     
   0.6720660963342621     
   0.6766196641641405     
   0.6800753895867390     
   0.6825053251037912     
   0.6840168906110016     
   0.6847383343355294     
   0.6848052483774227     
   0.6843497437134834     
   0.6834929428450747     
   0.6823406914651373     
   0.6809819273303805     
   0.6794889607298110     
   0.6779189393970788     
   0.6763159014906198     
   0.6747129901039287     
   0.6731345626105897     
   0.6715980545151903     
   0.6701155459014650     
   0.6686950329119841     
   0.6673414344117847     
   0.6660573745649399     
   0.6648437834046463     
   0.6637003538909159     
   0.6626258879202718     
   0.6616185573095846     
   0.6606761000525593     
   0.6597959674873946     
   0.6589754343956092     
   0.6582116812146233     
   0.6575018552787387     
   0.6568431162671778     
   0.6562326697624399     
   0.6556677918564670     
   0.6551458469952386     
   0.6546643007061788     
   0.6542207284716872     
   0.6538128217276482     
   0.6534383917322727     
   0.6530953718654706     
   0.6527818187874767     
   0.6524959127968505     
   0.6522359576656133     
   0.6520003801827506     
   0.6517877296009383     
   0.6515966771493197     
   0.6514260157352804     
   0.6512746598764196     
   0.6511416456957240     
   0.6510261302920665     
   0.6509273885988625     
   0.6508448033701372     
   0.6507778394673015     
   0.6507259868062003     
   0.6506886482292956     
   0.6506649429555299     
   0.6506533992927328     
   0.6506515259190767     
   0.6506552726663889     
   0.6506477791717645     
   0.5000000000000000     
   0.5000000000000000     
   0.5012564916990740     
   0.5035707155472927     
   0.5067607542256404     
   0.5106740492055131     
   0.5151890444842557     
   0.5202156441399990     
   0.5256931313659565     
   0.5315857696135567     
   0.5378767468790061     
   0.5445612531435228     
   0.5516393714396185     
   0.5591092473101594     
   0.5669608012689338     
   0.5751701406038946     
   0.5836948350642482     
   0.5924703254718953     
   0.6014078837196515     
   0.6103946649207853     
   0.6192964029012989     
   0.6279631016887117     
   0.6362376555719190     
   0.6439669113335561     
   0.6510138283044924     
   0.6572687653382892     
   0.6626580305525930     
   0.6671482600551621     
   0.6707460618333739     
   0.6734933748681681     
   0.6754597848684786     
   0.6767333971454451     
   0.6774117847366559     
   0.6775941431514472     
   0.6773752787951157     
   0.6768415922092244     
   0.6760688788524181     
   0.6751215828885353     
   0.6740530816299282     
   0.6729066089243984     
   0.6717165023833300     
   0.6705095485265379     
   0.6693062816542729     
   0.6681221571264319     
   0.6669685652169709     
   0.6658536802312508     
   0.6647831558555684     
   0.6637606856918004     
   0.6627884502405662     
   0.6618674706149763     
   0.6609978868999370     
   0.6601791763203320     
   0.6594103237478873     
   0.6586899547568036     
   0.6580164393927830     
   0.6573879730644844     
   0.6568026395719485     
   0.6562584602029709     
   0.6557534319528232     
   0.6552855572244076     
   0.6548528668459666     
   0.6544534378620162     
   0.6540854072490527     
   0.6537469824526474     
   0.6534364494420244     
   0.6531521788335175     
   0.6528926305306870     
   0.6526563572508555     
   0.6524420072470963     
   0.6522483264859390     
   0.6520741604981867     
   0.6519184560717106     
   0.6517802628689932     
   0.6516587348496143     
   0.6515531308880814     
   0.6514628128690545     
   0.6513872372727985     
   0.6513259321739755     
   0.6512784453337865     
   0.6512442416356476     
   0.6512225229334860     
   0.6512119461575503     
   0.6512102301283246     
   0.6512136621867760     
   0.6512067980698731     
   0.5000000000000000     
   0.5000000000000000     
   0.5012826629812146     
   0.5036523527951968     
   0.5069233926490081     
   0.5109340550276456     
   0.5155499771417807     
   0.5206661472279833     
   0.5262060342950589     
   0.5321180748514370     
   0.5383702454917901     
   0.5449436284467439     
   0.5518257829190862     
   0.5590045045463629     
   0.5664623181864822     
   0.5741718851025938     
   0.5820924404322565     
   0.5901673947357600     
   0.5983232921785224     
   0.6064703645183775     
   0.6145049020418198     
   0.6223135222032795     
   0.6297791667938785     
   0.6367884964347140     
   0.6432398422134454     
   0.6490505258679669     
   0.6541625073604567     
   0.6585455404896321     
   0.6621974614712162     
   0.6651417765749527     
   0.6674231717560524     
   0.6691018241340164     
   0.6702474222267049     
   0.6709336450133923     
   0.6712335943020490     
   0.6712164053249888     
   0.6709450371987220     
   0.6704750956626718     
   0.6698544662473134     
   0.6691235214802279     
   0.6683156895174025     
   0.6674582140856543     
   0.6665729824208386     
   0.6656773399833086     
   0.6647848440425927     
   0.6639059324086811     
   0.6630484999710953     
   0.6622183856969526     
   0.6614197779271712     
   0.6606555479809094     
   0.6599275225128884     
   0.6592367045294730     
   0.6585834519975160     
   0.6579676218265667     
   0.6573886857686490     
   0.6568458236230137     
   0.6563379981620209     
   0.6558640153723294     
   0.6554225728931614     
   0.6550122989512055     
   0.6546317836477598     
   0.6542796041073033     
   0.6539543447031053     
   0.6536546133259592     
   0.6533790544668590     
   0.6531263597404198     
   0.6528952763671186     
   0.6526846140465169     
   0.6524932505848129     
   0.6523201365835298     
   0.6521642994460060     
   0.6520248469041483     
   0.6519009701807774     
   0.6517919467114661     
   0.6516971419021677     
   0.6516160084026728     
   0.6515480793486247     
   0.6514929483695036     
   0.6514502235569792     
   0.6514194358629858     
   0.6513998775721476     
   0.6513903486849103     
   0.6513888019057006     
   0.6513918954641200     
   0.6513857083472812     
   0.5000000000000000     
   0.5000000000000000     
   0.5012928143855627     
   0.5036878731752856     
   0.5069984349517505     
   0.5110567107897458     
   0.5157188341991801     
   0.5208682406542526     
   0.5264159490818432     
   0.5322979344150934     
   0.5384703587838686     
   0.5449036491986773     
   0.5515763288596374     
   0.5584692667392835     
   0.5655607426942959     
   0.5728225183999071     
   0.5802169882594984     
   0.5876954483967155     
   0.5951975312770974     
   0.6026518670067362     
   0.6099780137927702     
   0.6170896100715029     
   0.6238985584756485     
   0.6303200290028452     
   0.6362777471069718     
   0.6417088233707205     
   0.6465675357012789     
   0.6508275899542335     
   0.6544826155993884     
   0.6575449471716177     
   0.6600430052058780     
   0.6620177602499793     
   0.6635188150741668     
   0.6646005857731460     
   0.6653189389746830     
   0.6657284933923988     
   0.6658806557102207     
   0.6658223550579450     
   0.6655953745245496     
   0.6652361488386713     
   0.6647758954247500     
   0.6642409611655916     
   0.6636532902575211     
   0.6630309429554195     
   0.6623886169967037     
   0.6617381414971071     
   0.6610889266952182     
   0.6604483623001435     
   0.6598221632249615     
   0.6592146651466866     
   0.6586290743118152     
   0.6580676768771320     
   0.6575320132768232     
   0.6570230228500394     
   0.6565411634346699     
   0.6560865100475225     
   0.6556588362113065     
   0.6552576809410442     
   0.6548824038903971     
   0.6545322307299711     
   0.6542062904885579     
   0.6539036462995028     
   0.6536233207352609     
   0.6533643166913495     
   0.6531256346073085     
   0.6529062866801725     
   0.6527053086208326     
   0.6525217694173776     
   0.6523547794986891     
   0.6522034976320548     
   0.6520671368352142     
   0.6519449695270670     
   0.6518363320570718     
   0.6517406285790298     
   0.6516573338396984     
   0.6515859935854839     
   0.6515262195320841     
   0.6514776726589312     
   0.6514400236672154     
   0.6514128734308918     
   0.6513956117251971     
   0.6513871938789233     
   0.6513858256204594     
   0.6513885621373872     
   0.6513830891035317     
   0.5000000000000000     
   0.5000000000000000     
   0.5012904866731540     
   0.5036872924229224     
   0.5070047324911664     
   0.5110715559402802     
   0.5157372439350939     
   0.5208766234141722     
   0.5263912060126624     
   0.5322074036513165     
   0.5382724042382862     
   0.5445487480023570     
   0.5510085775055551     
   0.5576282841350895     
   0.5643839842253724     
   0.5712480199010865     
   0.5781865290308691     
   0.5851580596239918     
   0.5921131872829025     
   0.5989950951171299     
   0.6057410653706173     
   0.6122847795195524     
   0.6185592471483066     
   0.6245002344210900     
   0.6300498438491375     
   0.6351597595446586     
   0.6397938212129930     
   0.6439296490946139     
   0.6475591629376880     
   0.6506880011063229     
   0.6533339980347193     
   0.6555249866676370     
   0.6572962401924557     
   0.6586878554854014     
   0.6597423244055953     
   0.6605024598156768     
   0.6610097613412399     
   0.6613032360454455     
   0.6614186388650453     
   0.6613880679918988     
   0.6612398384600852     
   0.6609985581464192     
   0.6606853391403743     
   0.6603180898020764     
   0.6599118458943002     
   0.6594791111693766     
   0.6590301877361230     
   0.6585734841794437     
   0.6581157950239847     
   0.6576625490604816     
   0.6572180266273879     
   0.6567855475406380     
   0.6563676322511014     
   0.6559661391531819     
   0.6555823809911083     
   0.6552172231880496     
   0.6548711667023011     
   0.6545444177186026     
   0.6542369461771637     
   0.6539485348758902     
   0.6536788206485606     
   0.6534273289016608     
   0.6531935025845053     
   0.6529767264885202     
   0.6527763476303433     
   0.6525916923608194     
   0.6524220807474590     
   0.6522668386977718     
   0.6521253082234481     
   0.6519968561873724     
   0.6518808818228494     
   0.6517768232599682     
   0.6516841632167353     
   0.6516024338607828     
   0.6515312205128169     
   0.6514701631374432     
   0.6514189530955534     
   0.6513773199453480     
   0.6513449988583920     
   0.6513216639246958     
   0.6513068082994744     
   0.6512995525171200     
   0.6512983704003775     
   0.6513007346338625     
   0.6512960061668925     
   0.5000000000000000     
   0.5000000000000000     
   0.5012787037582859     
   0.5036591888865662     
   0.5069584387000673     
   0.5110038522183902     
   0.5156406493761095     
   0.5207375506717393     
   0.5261890596800439     
   0.5319144531309323     
   0.5378542606947236     
   0.5439653064510809     
   0.5502153302169758     
   0.5565779531617322     
   0.5630284474538123     
   0.5695405100589527     
   0.5760840669927837     
   0.5826240450536242     
   0.5891200175725326     
   0.5955266276863966     
   0.6017946919183514     
   0.6078728601934106     
   0.6137096715743656     
   0.6192559328004537     
   0.6244671853081246     
   0.6293059267486218     
   0.6337433932608481     
   0.6377607376938251     
   0.6413495020605726     
   0.6445113748214663     
   0.6472573125060248     
   0.6496061733967212     
   0.6515830479491341     
   0.6532174744977368     
   0.6545417053513668     
   0.6555891477796928     
   0.6563930575756157     
   0.6569855188749819     
   0.6573967084482619     
   0.6576544181116725     
   0.6577837949745415     
   0.6578072540653729     
   0.6577445189652182     
   0.6576127509972768     
   0.6574267342914862     
   0.6571990911971997     
   0.6569405091224778     
   0.6566599655254557     
   0.6563649423545731     
   0.6560616247349291     
   0.6557550812675114     
   0.6554494251223311     
   0.6551479562848499     
   0.6548532860097226     
   0.6545674449321970     
   0.6542919764826551     
   0.6540280172749838     
   0.6537763660561301     
   0.6535375426858014     
   0.6533118384920999     
   0.6530993592149040     
   0.6529000616001402     
   0.6527137845599887     
   0.6525402756860713     
   0.6523792137984116     
   0.6522302281241065     
   0.6520929146207708     
   0.6519668498907655     
   0.6518516030724403     
   0.6517467460418267     
   0.6516518622098392     
   0.6515665541506100     
   0.6514904502296074     
   0.6514232102752799     
   0.6513645300701998     
   0.6513141438622954     
   0.6512718229235311     
   0.6512373660060381     
   0.6512105740405741     
   0.6511911968479037     
   0.6511788355048723     
   0.6511727833051830     
   0.6511717936893390     
   0.6511737729210271     
   0.6511698144576509     
   0.5000000000000000     
   0.5000000000000000     
   0.5012599909913504     
   0.5036107491547107     
   0.5068730990781701     
   0.5108747561020403     
   0.5154586315505478     
   0.5204894122513910     
   0.5258566654454870     
   0.5314745220577909     
   0.5372787067949466     
   0.5432220026653324     
   0.5492691979362256     
   0.5553923100579977     
   0.5615665672351361     
   0.5677673543153600     
   0.5739681405224292     
   0.5801393046916823     
   0.5862477357700800     
   0.5922570828395775     
   0.5981285359149950     
   0.6038220091428509     
   0.6092975847270229     
   0.6145171816070727     
   0.6194462852568893     
   0.6240554960921854     
   0.6283217850958828     
   0.6322293577883445     
   0.6357700597140654     
   0.6389433101309304     
   0.6417556033145811     
   0.6442196596997850     
   0.6463533357050071     
   0.6481784094090060     
   0.6497193511575924     
   0.6510021683111752     
   0.6520533873928787     
   0.6528992101276302     
   0.6535648561646487     
   0.6540740868631633     
   0.6544488920705573     
   0.6547093149023134     
   0.6548733870891695     
   0.6549571482152495     
   0.6549747249175771     
   0.6549384498385097     
   0.6548590041024116     
   0.6547455708875972     
   0.6546059910168455     
   0.6544469142784599     
   0.6542739424178337     
   0.6540917614335093     
   0.6539042620256608     
   0.6537146478963429     
   0.6535255321919843     
   0.6533390227472854     
   0.6531567969785359     
   0.6529801673569352     
   0.6528101384213999     
   0.6526474562786880     
   0.6524926514868640     
   0.6523460761376813     
   0.6522079358667185     
   0.6520783174429187     
   0.6519572125213809     
   0.6518445380794599     
   0.6517401539960014     
   0.6516438781787969     
   0.6515554995960426     
   0.6514747895227643     
   0.6514015112716790     
   0.6513354286361052     
   0.6512763132185766     
   0.6512239507240403     
   0.6511781460999040     
   0.6511387269852745     
   0.6511055440629537     
   0.6510784652477806     
   0.6510573578633998     
   0.6510420491074400     
   0.6510322511597304     
   0.6510274354789304     
   0.6510266435421802     
   0.6510282274156806     
   0.6510250596686799     
   0.5000000000000000     
   0.5000000000000000     
   0.5012364167528369     
   0.5035478798513235     
   0.5067598624425089     
   0.5107016700398863     
   0.5152154592968290     
   0.5201635610836144     
   0.5254322880030451     
   0.5309322258584190     
   0.5365957554543641     
   0.5423728962591918     
   0.5482265384031647     
   0.5541278792574539     
   0.5600525623480996     
   0.5659777331883596     
   0.5718800273606173     
   0.5777343962634351     
   0.5835136337926904     
   0.5891884641626198     
   0.5947280635365215     
   0.6001008893976043     
   0.6052756921710054     
   0.6102226969269311     
   0.6149148360176451     
   0.6193288465967076     
   0.6234461698254127     
   0.6272535919773859     
   0.6307435826958007     
   0.6339143174778279     
   0.6367694032730503     
   0.6393173530748434     
   0.6415708739203438     
   0.6435460411108754     
   0.6452614301179952     
   0.6467372685696927     
   0.6479946567934428     
   0.6490548895829188     
   0.6499388966198468     
   0.6506668060056114     
   0.6512576254922080     
   0.6517290294098372     
   0.6520972356463436     
   0.6523769557610826     
   0.6525814017479310     
   0.6527223344776534     
   0.6528101409493299     
   0.6528539297850118     
   0.6528616366450556     
   0.6528401332733453     
   0.6527953356228529     
   0.6527323079243273     
   0.6526553606672789     
   0.6525681413198980     
   0.6524737172522193     
   0.6523746507639998     
   0.6522730664068169     
   0.6521707109844377     
   0.6520690067418349     
   0.6519690983179007     
   0.6518718940495473     
   0.6517781021950606     
   0.6516882626136493     
   0.6516027744058248     
   0.6515219199839658     
   0.6514458860030026     
   0.6513747815406431     
   0.6513086538774450     
   0.6512475021897017     
   0.6511912894329418     
   0.6511399526610168     
   0.6510934119931833     
   0.6510515784024872     
   0.6510143604362797     
   0.6509816698567981     
   0.6509534259279998     
   0.6509295575133019     
   0.6509100010095994     
   0.6508946900899453     
   0.6508835301040006     
   0.6508763462297623     
   0.6508727915554943     
   0.6508722012505563     
   0.6508733818604322     
   0.6508710206406805     
   0.5000000000000000     
   0.5000000000000000     
   0.5012096458817591     
   0.5034753536074900     
   0.5066277544123867     
   0.5104986823057429     
   0.5149307431692141     
   0.5197852396088993     
   0.5249465684368513     
   0.5303230375327376     
   0.5358448210773628     
   0.5414601401684156     
   0.5471307452065212     
   0.5528275316185766     
   0.5585268007062556     
   0.5642073888270290     
   0.5698486822723330     
   0.5754294199872608     
   0.5809271414274451     
   0.5863181341874850     
   0.5915777520117204     
   0.5966809818395664     
   0.6016031472347098     
   0.6063207511243495     
   0.6108123671708074     
   0.6150594294964709     
   0.6190468862299214     
   0.6227636806511011     
   0.6262030292894082     
   0.6293624857790524     
   0.6322437988445020     
   0.6348525899636284     
   0.6371978889616901     
   0.6392915728488339     
   0.6411477545183615     
   0.6427821642923284     
   0.6442115601450871     
   0.6454531933646177     
   0.6465243469167413     
   0.6474419550178278     
   0.6482223051374232     
   0.6488808181779284     
   0.6494318989250253     
   0.6498888468273849     
   0.6502638164307314     
   0.6505678170146526     
   0.6508107418376866     
   0.6510014186092384     
   0.6511476741638240     
   0.6512564076662380     
   0.6513336679235570     
   0.6513847314681739     
   0.6514141789987907     
   0.6514259685249617     
   0.6514235041514187     
   0.6514096998804969     
   0.6513870381443710     
   0.6513576230297461     
   0.6513232283347492     
   0.6512853407090645     
   0.6512451981887221     
   0.6512038244663454     
   0.6511620592517675     
   0.6511205850811532     
   0.6510799509244167     
   0.6510405929235705     
   0.6510028525731180     
   0.6509669926297734     
   0.6509332110136651     
   0.6509016529383884     
   0.6508724214839458     
   0.6508455868042086     
   0.6508211941373705     
   0.6507992707589311     
   0.6507798319686959     
   0.6507628861004701     
   0.6507484382889515     
   0.6507364921099220     
   0.6507270468875941     
   0.6507200860757866     
   0.6507155485690892     
   0.6507132708036114     
   0.6507128847838309     
   0.6507136568233919     
   0.6507121127442700     
   0.5000000000000000     
   0.5000000000000000     
   0.5011809969265975     
   0.5033969667382187     
   0.5064839717608819     
   0.5102770330935043     
   0.5146201107170112     
   0.5193745052233404     
   0.5244237430857646     
   0.5296748417981855     
   0.5350566435386458     
   0.5405162938918037     
   0.5460149454868480     
   0.5515235283945251     
   0.5570191104531046     
   0.5624820793870571     
   0.5678941685569173     
   0.5732372293716094     
   0.5784926066204238     
   0.5836409704077508     
   0.5886624763841589     
   0.5935371381207643     
   0.5982453088560429     
   0.6027682849618473     
   0.6070889590167249     
   0.6111923955121296     
   0.6150663119662908     
   0.6187014436872514     
   0.6220917706609812     
   0.6252345972958824     
   0.6281304880486679     
   0.6307830730155499     
   0.6331987462342696     
   0.6353862849366034     
   0.6373564200875511     
   0.6391213875380192     
   0.6406944856692555     
   0.6420896603731795     
   0.6433211324619647     
   0.6444030768842468     
   0.6453493579984138     
   0.6461733209474616     
   0.6468876360284443     
   0.6475041908341991     
   0.6480340237476397     
   0.6484872919185934     
   0.6488732669600741     
   0.6492003520847347     
   0.6494761151104118     
   0.6497073325739601     
   0.6499000410147517     
   0.6500595922693939     
   0.6501907103264065     
   0.6502975478988010     
   0.6503837413743191     
   0.6504524632117754     
   0.6505064711840215     
   0.6505481541288152     
   0.6505795740622399     
   0.6506025046448732     
   0.6506184660831827     
   0.6506287566132073     
   0.6506344807594153     
   0.6506365745900936     
   0.6506358282033361     
   0.6506329056796631     
   0.6506283627324908     
   0.6506226622775378     
   0.6506161881286561     
   0.6506092570130287     
   0.6506021290848046     
   0.6505950171041355     
   0.6505880944417866     
   0.6505815020745790     
   0.6505753547637309     
   0.6505697466634563     
   0.6505647566583895     
   0.6505604536283262     
   0.6505569012465640     
   0.6505541602730197     
   0.6505522829769479     
   0.6505512892811294     
   0.6505511088389597     
   0.6505514697232990     
   0.6505507479546204     
   0.5000000000000000     
   0.5000000000000000     
   0.5011514980390525     
   0.5033156940404264     
   0.5063341708337998     
   0.5100455670078030     
   0.5142958517419389     
   0.5189470959881322     
   0.5238827553076013     
   0.5290093136579301     
   0.5342549452317367     
   0.5395662563393558     
   0.5449041858030824     
   0.5502399119279578     
   0.5555512981990092     
   0.5608201177324947     
   0.5660300839846095     
   0.5711655939569715     
   0.5762110418640115     
   0.5811505584223664     
   0.5859680499377411     
   0.5906474259256126     
   0.5951729200253280     
   0.5995295223194803     
   0.6037034633077263     
   0.6076826381902591     
   0.6114569648284470     
   0.6150186626577554     
   0.6183624370239178     
   0.6214855614002723     
   0.6243878578463431     
   0.6270715832882749     
   0.6295412351102287     
   0.6318032936591726     
   0.6338659213680304     
   0.6357386383669035     
   0.6374319929794324     
   0.6389572428299498     
   0.6403260589078019     
   0.6415502613150471     
   0.6426415919457704     
   0.6436115262785197     
   0.6444711239627189     
   0.6452309160025054     
   0.6459008250700848     
   0.6464901147465043     
   0.6470073631926629     
   0.6474604567913130     
   0.6478565995710421     
   0.6482023346376263     
   0.6485035743271651     
   0.6487656363083878     
   0.6489932833590402     
   0.6491907649953218     
   0.6493618595346220     
   0.6495099155214720     
   0.6496378917429559     
   0.6497483953003165     
   0.6498437173912621     
   0.6499258666006225     
   0.6499965996063684     
   0.6500574492931056     
   0.6501097503295338     
   0.6501546623107625     
   0.6501931905946232     
   0.6502262049782019     
   0.6502544563693416     
   0.6502785916091250     
   0.6502991665979374     
   0.6503166578725532     
   0.6503314727765100     
   0.6503439583638401     
   0.6503544091856865     
   0.6503630741482807     
   0.6503701627315589     
   0.6503758510689601     
   0.6503802887417383     
   0.6503836075541811     
   0.6503859336898672     
   0.6503874037489963     
   0.6503881820839204     
   0.6503884708030289     
   0.6503884958340671     
   0.6503884457719906     
   0.6503885458961436     
   0.5000000000000000     
   0.5000000000000000     
   0.5011219384316481     
   0.5032338319722585     
   0.5061827341507564     
   0.5098111489133689     
   0.5139675050517462     
   0.5185152062855926     
   0.5233382336608740     
   0.5283431065094863     
   0.5334578275247520     
   0.5386288567555718     
   0.5438171879697865     
   0.5489943784033315     
   0.5541390708530975     
   0.5592342554810014     
   0.5642653048735681     
   0.5692186929642501     
   0.5740812589225166     
   0.5788398738440274     
   0.5834813874202953     
   0.5879927476603072     
   0.5923612041805828     
   0.5965746166087470     
   0.6006218167685872     
   0.6044929241008731     
   0.6081796142441818     
   0.6116753337881604     
   0.6149754496767609     
   0.6180773271447755     
   0.6209803352794659     
   0.6236857840875148     
   0.6261968009963241     
   0.6285181577361142     
   0.6306560603704409     
   0.6326179158608406     
   0.6344120880916958     
   0.6360476549606472     
   0.6375341762269058     
   0.6388814795851075     
   0.6400994701473178     
   0.6411979663672247     
   0.6421865635633687     
   0.6430745246696947     
   0.6438706966887985     
   0.6445834505324083     
   0.6452206414635925     
   0.6457895871501906     
   0.6462970603389033     
   0.6467492933067853     
   0.6471519914914249     
   0.6475103540004250     
   0.6478290990203043     
   0.6481124924615596     
   0.6483643784780098     
   0.6485882107751186     
   0.6487870838648175     
   0.6489637636296629     
   0.6491207167285442     
   0.6492601385143940     
   0.6493839792477449     
   0.6494939684823070     
   0.6495916375706265     
   0.6496783402908746     
   0.6497552716344241     
   0.6498234848215240     
   0.6498839066304345     
   0.6499373511354625     
   0.6499845319543737     
   0.6500260731084070     
   0.6500625186004636     
   0.6500943408239274     
   0.6501219479398375     
   0.6501456904322189     
   0.6501658672245567     
   0.6501827321044878     
   0.6501965018526451     
   0.6502073683899191     
   0.6502155181091398     
   0.6502211614008074     
   0.6502245725602031     
   0.6502261332583732     
   0.6502263622515132     
   0.6502259042652332     
   0.6502268202377932     
   0.5000000000000000     
   0.5000000000000000     
   0.5010929138501193     
   0.5031531257032196     
   0.5060330070872980     
   0.5095790318435603     
   0.5136423738166659     
   0.5180881608614315     
   0.5228013305190001     
   0.5276888547851250     
   0.5326789288179138     
   0.5377181496197571     
   0.5427677504731409     
   0.5477997424850257     
   0.5527935070783276     
   0.5577330931515827     
   0.5626052583707781     
   0.5673981700167946     
   0.5721006302842950     
   0.5767016870545247     
   0.5811905104155280     
   0.5855564317602528     
   0.5897890604288565     
   0.5938785013991962     
   0.5978156285693368     
   0.6015923207742520     
   0.6052016645531275     
   0.6086381203803483     
   0.6118976435610749     
   0.6149777548083997     
   0.6178775590492379     
   0.6205977142375182     
   0.6231403547480852     
   0.6255089761155411     
   0.6277082893555238     
   0.6297440538339600     
   0.6316228976784592     
   0.6333521341558266     
   0.6349395814127511     
   0.6363933916565974     
   0.6377218943985066     
   0.6389334569263098     
   0.6400363638235987     
   0.6410387161758767     
   0.6419483501463319     
   0.6427727738751055     
   0.6435191211472783     
   0.6441941199619872     
   0.6448040739863792     
   0.6453548548591794     
   0.6458519033858187     
   0.6463002378095491     
   0.6467044675251699     
   0.6470688108050896     
   0.6473971153166374     
   0.6476928804115382     
   0.6479592803541027     
   0.6481991878198071     
   0.6484151971399623     
   0.6486096468926283     
   0.6487846415468244     
   0.6489420719563642     
   0.6490836345711100     
   0.6492108492895410     
   0.6493250759205567     
   0.6494275292560429     
   0.6495192927796950     
   0.6496013310539297     
   0.6496745008381718     
   0.6497395610006401     
   0.6497971812941485     
   0.6498479500814767     
   0.6498923811361287     
   0.6499309197483519     
   0.6499639486096855     
   0.6499917944620845     
   0.6500147374355418     
   0.6500330264110917     
   0.6500469053036917     
   0.6500566557405346     
   0.6500626590624177     
   0.6500654726614320     
   0.6500659027113769     
   0.6500650426114871     
   0.6500667628112666     
   0.5000000000000000     
   0.5000000000000000     
   0.5010648655755482     
   0.5030748785080399     
   0.5058875018885617     
   0.5093531734903933     
   0.5133259666726765     
   0.5176729872690551     
   0.5222804270587611     
   0.5270560066311023     
   0.5319283731675610     
   0.5368444596376147     
   0.5417658616471629     
   0.5466650815824211     
   0.5515221871026975     
   0.5563221430318376     
   0.5610528616325443     
   0.5657038915313947     
   0.5702656141842708     
   0.5747288122334676     
   0.5790844930170995     
   0.5833238672977924     
   0.5874384016709311     
   0.5914199691928667     
   0.5952610569812901     
   0.5989549435654891     
   0.6024958525681832     
   0.6058790818524685     
   0.6091011012168871     
   0.6121596145413766     
   0.6150535847557475     
   0.6177832222262472     
   0.6203499391039149     
   0.6227562737624264     
   0.6250057906013261     
   0.6271029611773155     
   0.6290530328640614     
   0.6308618910718490     
   0.6325359205536498     
   0.6340818705764503     
   0.6355067278427140     
   0.6368176000940931     
   0.6380216123912623     
   0.6391258171984467     
   0.6401371186498058     
   0.6410622107596256     
   0.6419075288649448     
   0.6426792132517825     
   0.6433830837008283     
   0.6440246235771947     
   0.6446089720613983     
   0.6451409231552439     
   0.6456249301791220     
   0.6460651145909910     
   0.6464652780878826     
   0.6468289170863801     
   0.6471592388113191     
   0.6474591783474075     
   0.6477314161241918     
   0.6479783954098309     
   0.6482023394822592     
   0.6484052682259225     
   0.6485890139684827     
   0.6487552364267605     
   0.6489054366761025     
   0.6490409700928533     
   0.6491630582464588     
   0.6492727997379177     
   0.6493711799969781     
   0.6494590800634366     
   0.6495372843908997     
   0.6496064877334908     
   0.6496673012302669     
   0.6497202579366036     
   0.6497658183627543     
   0.6498043772363662     
   0.6498362739239677     
   0.6498618108406855     
   0.6498812864243895     
   0.6498950505573106     
   0.6499035880541709     
   0.6499076270618045     
   0.6499082538994478     
   0.6499070002241611     
   0.6499095075747345     
   0.5000000000000000     
   0.5000000000000000     
   0.5010381131157606     
   0.5030000438281369     
   0.5057480696114296     
   0.5091365026636284     
   0.5130223678141899     
   0.5172748934330628     
   0.5217817168891489     
   0.5264515067803600     
   0.5312135398510643     
   0.5360152193914269     
   0.5408185805817972     
   0.5455966291533220     
   0.5503300622363017     
   0.5550046347936712     
   0.5596092216108102     
   0.5641344997473835     
   0.5685721242832174     
   0.5729142649789977     
   0.5771533899051343     
   0.5812821988970064     
   0.5852936280895639     
   0.5891809505387190     
   0.5929379347765814     
   0.5965589783255638     
   0.6000392243601373     
   0.6033746622522798     
   0.6065622064053123     
   0.6095997499656338     
   0.6124861917901614     
   0.6152214366125313     
   0.6178063697255113     
   0.6202428086423101     
   0.6225334350748299     
   0.6246817111561517     
   0.6266917841382859     
   0.6285683838283727     
   0.6303167168199504     
   0.6319423611815661     
   0.6334511647400118     
   0.6348491494939259     
   0.6361424240642712     
   0.6373371054746643     
   0.6384392509914675     
   0.6394548002641620     
   0.6403895276024711     
   0.6412490039111206     
   0.6420385675729091     
   0.6427633034183768     
   0.6434280288353368     
   0.6440372860423327     
   0.6445953395650550     
   0.6451061780022497     
   0.6455735192367184     
   0.6460008183286874     
   0.6463912774166207     
   0.6467478570397995     
   0.6470732883843896     
   0.6473700860375724     
   0.6476405609099417     
   0.6478868330531343     
   0.6481108441577644     
   0.6483143695668432     
   0.6484990296819979     
   0.6486663006740820     
   0.6488175244371117     
   0.6489539177462310     
   0.6490765805981569     
   0.6491865037278016     
   0.6492845753110367     
   0.6493715868917528     
   0.6494482386384623     
   0.6495151441988617     
   0.6495728357962414     
   0.6496217710063884     
   0.6496623441421236     
   0.6496949075319655     
   0.6497198108948455     
   0.6497374690280723     
   0.6497484660508329     
   0.6497536948623536     
   0.6497545128990383     
   0.6497528768256688     
   0.6497561489724077     
   0.5000000000000000     
   0.5000000000000000     
   0.5010128810750166     
   0.5029293012793942     
   0.5056160423906141     
   0.5089311397698736     
   0.5127345426091651     
   0.5168976604576010     
   0.5213096833640275     
   0.5258803509852342     
   0.5305396828511272     
   0.5352356371663642     
   0.5399307321168538     
   0.5445984716482546     
   0.5492201252754993     
   0.5537821287823297     
   0.5582741601950275     
   0.5626878202487662     
   0.5670157939319821     
   0.5712513638353581     
   0.5753881639253937     
   0.5794200790184336     
   0.5833412134802776     
   0.5871459542810338     
   0.5908290925879700     
   0.5943859242045200     
   0.5978123380434907     
   0.6011048944424390     
   0.6042608886683293     
   0.6072783967322812     
   0.6101563019813008     
   0.6128943020641285     
   0.6154928968522756     
   0.6179533587279024     
   0.6202776873086266     
   0.6224685511595174     
   0.6245292193429867     
   0.6264634857791738     
   0.6282755893457017     
   0.6299701324633626     
   0.6315520006259975     
   0.6330262849703078     
   0.6343982095751711     
   0.6356730647606448     
   0.6368561472513523     
   0.6379527076975005     
   0.6389679057220622     
   0.6399067723914282     
   0.6407741797915611     
   0.6415748172310700     
   0.6423131734825568     
   0.6429935244081876     
   0.6436199252876784     
   0.6441962071690599     
   0.6447259765872562     
   0.6452126180362113     
   0.6456592986318592     
   0.6460689744613055     
   0.6464443981746214     
   0.6467881274362743     
   0.6471025339107302     
   0.6473898125098240     
   0.6476519906777072     
   0.6478909375319323     
   0.6481083727160949     
   0.6483058748504819     
   0.6484848894930382     
   0.6486467365443080     
   0.6487926170478620     
   0.6489236193537262     
   0.6490407246307287     
   0.6491448117468739     
   0.6492366616154582     
   0.6493169612945942     
   0.6493863085644749     
   0.6494452186334250     
   0.6494941363710560     
   0.6495334602725111     
   0.6495635879165093     
   0.6495849953806523     
   0.6495983613920194     
   0.6496047366497505     
   0.6496057390320943     
   0.6496037342674067     
   0.6496077437967819     
   0.5000000000000000     
   0.5000000000000000     
   0.5009893208326196     
   0.5028631183055822     
   0.5054923492452751     
   0.5087385765721543     
   0.5124645866787869     
   0.5165439620462919     
   0.5208674861731712     
   0.5253460326086704     
   0.5299104264825886     
   0.5345092271084658     
   0.5391054538371579     
   0.5436730919676941     
   0.5481939280901991     
   0.5526549844214403     
   0.5570466103728529     
   0.5613611645078874     
   0.5655921669684202     
   0.5697337959861339     
   0.5737806194324493     
   0.5777274687862345     
   0.5815693809224201     
   0.5853016327705141     
   0.5889198348312571     
   0.5924200064541939     
   0.5957986426747413     
   0.5990527751417387     
   0.6021800231644171     
   0.6051786324110956     
   0.6080474998470374     
   0.6107861843391396     
   0.6133949030720259     
   0.6158745145260083     
   0.6182264892585437     
   0.6204528701098361     
   0.6225562237203318     
   0.6245395853993803     
   0.6264063994232616     
   0.6281604567809986     
   0.6298058322458053     
   0.6313468224458673     
   0.6327878863583389     
   0.6341335893751756     
   0.6353885518087151     
   0.6365574024348001     
   0.6376447374227547     
   0.6386550847822333     
   0.6395928742715096     
   0.6404624125621754     
   0.6412678633410621     
   0.6420132319492901     
   0.6427023541072175     
   0.6433388882483247     
   0.6439263109800943     
   0.6444679152013435     
   0.6449668104292380     
   0.6454259249218033     
   0.6458480092198183     
   0.6462356407724775     
   0.6465912293519045     
   0.6469170230012184     
   0.6472151142981902     
   0.6474874467505746     
   0.6477358211694459     
   0.6479619018933602     
   0.6481672227589660     
   0.6483531927329028     
   0.6485211011362776     
   0.6486721224086102     
   0.6488073203776727     
   0.6489276520388253     
   0.6490339709362221     
   0.6491270304530177     
   0.6492074878120810     
   0.6492759106406027     
   0.6493327899452772     
   0.6493785665755251     
   0.6494136824248760     
   0.6494386709784113     
   0.6494543004133734     
   0.6494617714111518     
   0.6494629500836728     
   0.6494605927386308     
   0.6494653074287149     
   0.5000000000000000     
   0.5000000000000000     
   0.5009675276917263     
   0.5028017993206053     
   0.5053776089448626     
   0.5085598209023761     
   0.5122139267410557     
   0.5162156219271344     
   0.5204572721399338     
   0.5248509002034910     
   0.5293281601080382     
   0.5338382287445882     
   0.5383446258006939     
   0.5428217930496535     
   0.5472519816045233     
   0.5516227187821702     
   0.5559249161644253     
   0.5601515555665886     
   0.5642968361952495     
   0.5683556592584854     
   0.5723233430850624     
   0.5761954779659015     
   0.5799678476921911     
   0.5836364426444122     
   0.5871975318454932     
   0.5906477189693341     
   0.5939839924640353     
   0.5972037728117223     
   0.6003049534540651     
   0.6032859332355184     
   0.6061456390776779     
   0.6088835382433367     
   0.6114996400821388     
   0.6139944875955016     
   0.6163691395230041     
   0.6186251439451308     
   0.6207645046212502     
   0.6227896414320645     
   0.6247033463711370     
   0.6265087365372890     
   0.6282092055281797     
   0.6298083745333425     
   0.6313100442817428     
   0.6327181488273742     
   0.6340367119707110     
   0.6352698069258805     
   0.6364215196619037     
   0.6374959161779117     
   0.6384970138219632     
   0.6394287566343410     
   0.6402949945904548     
   0.6410994665359172     
   0.6418457865458389     
   0.6425374334000181     
   0.6431777428427810     
   0.6437699022879965     
   0.6443169476334369     
   0.6448217618615230     
   0.6452870751228882     
   0.6457154660228116     
   0.6461093638565745     
   0.6464710515667421     
   0.6468026692218677     
   0.6471062178411582     
   0.6473835634128365     
   0.6476364409750034     
   0.6478664586463885     
   0.6480751015102272     
   0.6482637352685235     
   0.6484336095982928     
   0.6485858611612133     
   0.6487215162582545     
   0.6488414932184964     
   0.6489466048489304     
   0.6490375618204959     
   0.6491149790353773     
   0.6491793892461299     
   0.6492312718296928     
   0.6492711093728792     
   0.6492994887068415     
   0.6493172619014589     
   0.6493257710227094     
   0.6493271167958180     
   0.6493244252496008     
   0.6493298083420352     
   0.5000000000000000     
   0.5000000000000000     
   0.5009475541231279     
   0.5027455241805197     
   0.5052722035180419     
   0.5083955120801602     
   0.5119834814596931     
   0.5159138202412893     
   0.5200804240615255     
   0.5243964428763034     
   0.5287943516695071     
   0.5332239383195064     
   0.5376492077437907     
   0.5420450278962564     
   0.5463940650153888     
   0.5506842813850960     
   0.5549070600961112     
   0.5590558966930455     
   0.5631255438832493     
   0.5671114879622167     
   0.5710096518886756     
   0.5748162358190628     
   0.5785276233997703     
   0.5821403784178236     
   0.5856513003670442     
   0.5890574656263055     
   0.5923562646096315     
   0.5955454382450763     
   0.5986231106833613     
   0.6015878163378446     
   0.6044385200882220     
   0.6071746299932304     
   0.6097960022640836     
   0.6123029385820268     
   0.6146961761131391     
   0.6169768707958291     
   0.6191465746573676     
   0.6212072080507888     
   0.6231610277895258     
   0.6250105921976510     
   0.6267587240933395     
   0.6284084726848720     
   0.6299630752859924     
   0.6314259196584574     
   0.6328005076739341     
   0.6340904208634334     
   0.6352992882963802     
   0.6364307571084421     
   0.6374884658818544     
   0.6384760209778196     
   0.6393969758299236     
   0.6402548131317336     
   0.6410529297912920     
   0.6417946244795216     
   0.6424830875674605     
   0.6431213932270888     
   0.6437124934606081     
   0.6442592138216091     
   0.6447642505967903     
   0.6452301692270241     
   0.6456594037601711     
   0.6460542571436708     
   0.6464169021814052     
   0.6467493829958505     
   0.6470536168526498     
   0.6473313962199357     
   0.6475843909483399     
   0.6478141504694377     
   0.6480221059213470     
   0.6482095721226460     
   0.6483777493351641     
   0.6485277247983966     
   0.6486604741235722     
   0.6487768628938452     
   0.6488776494158707     
   0.6489634908480449     
   0.6490349573738186     
   0.6490925630975933     
   0.6491368276389324     
   0.6491683869659817     
   0.6491881711400130     
   0.6491976543201037     
   0.6491991569411759     
   0.6491961516990314     
   0.6492021621833204     
   0.5000000000000000     
   0.5000000000000000     
   0.5009294196768145     
   0.5026943778171103     
   0.5051763360915770     
   0.5082460129512278     
   0.5117737905716918     
   0.5156392595046737     
   0.5197377604391015     
   0.5239835183923055     
   0.5283097969294819     
   0.5326669705212356     
   0.5370195036135751     
   0.5413426565899483     
   0.5456194647260799     
   0.5498382646867241     
   0.5539908355638272     
   0.5580710971446313     
   0.5620742541590552     
   0.5659962672860468     
   0.5698335475040851     
   0.5735827859758762     
   0.5772408488828176     
   0.5808047615315023     
   0.5842717512194654     
   0.5876392769641299     
   0.5909050565533667     
   0.5940670945044932     
   0.5971237081129153     
   0.6000735498879649     
   0.6029156253152828     
   0.6056493053074012     
   0.6082743330224871     
   0.6107908249814208     
   0.6131992666126662     
   0.6155005025209068     
   0.6176957219175990     
   0.6197864397659557     
   0.6217744742760775     
   0.6236619214399395     
   0.6254511273230497     
   0.6271446588294267     
   0.6287452736294911     
   0.6302558898908819     
   0.6316795563866940     
   0.6330194234798305     
   0.6342787154001391     
   0.6354607041463339     
   0.6365686852610036     
   0.6376059556475354     
   0.6385757935249130     
   0.6394814405519827     
   0.6403260860980307     
   0.6411128535917451     
   0.6418447888455223     
   0.6425248502259074     
   0.6431559005228717     
   0.6437407003596949     
   0.6442819029802571     
   0.6447820502504154     
   0.6452435697136425     
   0.6456687725471857     
   0.6460598522727348     
   0.6464188840843879     
   0.6467478246660112     
   0.6470485123792973     
   0.6473226677122497     
   0.6475718938853070     
   0.6477976775199247     
   0.6480013892845584     
   0.6481842844513278     
   0.6483475033400481     
   0.6484920717381292     
   0.6486189016621764     
   0.6487287934722915     
   0.6488224417323818     
   0.6489004498551905     
   0.6489633629302284     
   0.6490117339373593     
   0.6490462436554527     
   0.6490678939407857     
   0.6490782811470175     
   0.6490799293722862     
   0.6490766329217488     
   0.6490832258228236     
   0.5000000000000000     
   0.5000000000000000     
   0.5009131181433024     
   0.5026483730998773     
   0.5050900773227778     
   0.5081114852329807     
   0.5115851212130054     
   0.5153923009170093     
   0.5194296983634951     
   0.5236125375047063     
   0.5278748189187489     
   0.5321674659023556     
   0.5364553692706178     
   0.5407141462800631     
   0.5449271585746293     
   0.5490830647639785     
   0.5531739767840119     
   0.5571941651524334     
   0.5611392041017953     
   0.5650054392137813     
   0.5687896755665719     
   0.5724889997652126     
   0.5761006662100721     
   0.5796220716444573     
   0.5830507882324045     
   0.5863845844404497     
   0.5896214442181080     
   0.5927595882229320     
   0.5957974944855883     
   0.5987339169675900     
   0.6015679010446081     
   0.6042987953079172     
   0.6069262593331609     
   0.6094502672575320     
   0.6118711071536030     
   0.6141893763111006     
   0.6164059726472283     
   0.6185220825593233     
   0.6205391656076389     
   0.6224589364723578     
   0.6242833446687875     
   0.6260145525259587     
   0.6276549119349114     
   0.6292069403560027     
   0.6306732965440087     
   0.6320567564092915     
   0.6333601893851245     
   0.6345865356176185     
   0.6357387842381695     
   0.6368199529215581     
   0.6378330688779098     
   0.6387811513755708     
   0.6396671958459452     
   0.6404941595812522     
   0.6412649490022135     
   0.6419824084447502     
   0.6426493103926393     
   0.6432683470664510     
   0.6438421232672824     
   0.6443731503661867     
   0.6448638413259052     
   0.6453165066399038     
   0.6457333510741466     
   0.6461164710990164     
   0.6464678529018034     
   0.6467893708736882     
   0.6470827864684977     
   0.6473497473337446     
   0.6475917866185823     
   0.6478103223708164     
   0.6480066569519212     
   0.6481819764429614     
   0.6483373501315903     
   0.6484737304644824     
   0.6485919545369419     
   0.6486927496676171     
   0.6487767484381427     
   0.6488445232605258     
   0.6488966568070174     
   0.6489338702410242     
   0.6489572307583211     
   0.6489684464856591     
   0.6489702281506244     
   0.6489666648206938     
   0.6489737914805551     
   0.5000000000000000     
   0.5000000000000000     
   0.5008986227510591     
   0.5026074699239917     
   0.5050134064488596     
   0.5079919569825693     
   0.5114175621828909     
   0.5151730827720887     
   0.5191563917067504     
   0.5232836167791478     
   0.5274894299240999     
   0.5317252563960229     
   0.5359563757675485     
   0.5401587263671683     
   0.5443159570791798     
   0.5484170029668159     
   0.5524542556291389     
   0.5564222754135308     
   0.5603169383318130     
   0.5641349018525037     
   0.5678732887824518     
   0.5715295036019209     
   0.5751011123948768     
   0.5785858101483757     
   0.5819814463046674     
   0.5852860388166649     
   0.5884977872026164     
   0.5916150884578810     
   0.5946365533855943     
   0.5975610219227504     
   0.6003875765751875     
   0.6031155533906551     
   0.6057445501121886     
   0.6082744313040589     
   0.6107053303512014     
   0.6130376483226944     
   0.6152720497722393     
   0.6174094556223310     
   0.6194510333412969     
   0.6213981846752196     
   0.6232525312407088     
   0.6250158983166412     
   0.6266902971905594     
   0.6282779064192985     
   0.6297810523565397     
   0.6312021892846912     
   0.6325438794656204     
   0.6338087733954272     
   0.6349995905142816     
   0.6361191005852653     
   0.6371701059178461     
   0.6381554245737322     
   0.6390778746567617     
   0.6399402597550853     
   0.6407453555736518     
   0.6414958977681923     
   0.6421945709686971     
   0.6428439989608952     
   0.6434467359782772     
   0.6440052590444455     
   0.6445219612955914     
   0.6449991462053390     
   0.6454390226286724     
   0.6458437005778002     
   0.6462151876402435     
   0.6465553859477502     
   0.6468660896033613     
   0.6471489824731298     
   0.6474056362496956     
   0.6476375086996784     
   0.6478459420217749     
   0.6480321612864666     
   0.6481972730498894     
   0.6483422645432700     
   0.6484680045643840     
   0.6485752487585713     
   0.6486646549786945     
   0.6487368193928611     
   0.6487923507100991     
   0.6488320059534787     
   0.6488569109574446     
   0.6488688747478140     
   0.6488707768339276     
   0.6488669726617003     
   0.6488745810061548     
   0.5000000000000000     
   0.5000000000000000     
   0.5008858908981667     
   0.5025715960858353     
   0.5049462571635830     
   0.5078873954734497     
   0.5112711203069278     
   0.5149816344033302     
   0.5189178566776281     
   0.5229967106688550     
   0.5271534658734007     
   0.5313399983015024     
   0.5355219373470212     
   0.5396755078294286     
   0.5437846102791819     
   0.5478384164420720     
   0.5518295521839242     
   0.5557528164502692     
   0.5596043306010545     
   0.5633810035437170     
   0.5670802128652062     
   0.5706996171563672     
   0.5742370313305761     
   0.5776903884739402     
   0.5810577596403160     
   0.5843373626590810     
   0.5875275704362924     
   0.5906269226887239     
   0.5936341388038026     
   0.5965481305017887     
   0.5993680134821207     
   0.6020931175202173     
   0.6047229946629293     
   0.6072574252907027     
   0.6096964218948303     
   0.6120402304824581     
   0.6142893295829359     
   0.6164444268860687     
   0.6185064535937531     
   0.6204765566132339     
   0.6223560887635379     
   0.6241465972032343     
   0.6258498103142244     
   0.6274676232928623     
   0.6290020827084555     
   0.6304553702913885     
   0.6318297862087388     
   0.6331277320744179     
   0.6343516939245251     
   0.6355042253679045     
   0.6365879310981087     
   0.6376054509273869     
   0.6385594444770906     
   0.6394525766329153     
   0.6402875038481753     
   0.6410668613543274     
   0.6417932513156220     
   0.6424692319444608     
   0.6430973075758977     
   0.6436799196837409     
   0.6442194388067485     
   0.6447181573414116     
   0.6451782831475572     
   0.6456019339042927     
   0.6459911321465348     
   0.6463478009061716     
   0.6466737598765240     
   0.6469707220142615     
   0.6472402904903858     
   0.6474839559038881     
   0.6477030936846804     
   0.6478989616559907     
   0.6480726978514598     
   0.6482253190032539     
   0.6483577208751379     
   0.6484706832504039     
   0.6485648855383902     
   0.6486409442112357     
   0.6486994903775799     
   0.6487413122819539     
   0.6487675874275370     
   0.6487802144418152     
   0.6487822231378130     
   0.6487782057458175     
   0.6487862405298085     
   0.5000000000000000     
   0.5000000000000000     
   0.5008748720681280     
   0.5025406820498209     
   0.5048885875976820     
   0.5077978068370743     
   0.5111458378710929     
   0.5148180003124950     
   0.5187140952610162     
   0.5227517304578697     
   0.5268666991943312     
   0.5310112783076177     
   0.5351514097923677     
   0.5392635725520214     
   0.5433318861303400     
   0.5473457232798057     
   0.5512979041894633     
   0.5551834220400753     
   0.5589985952931006     
   0.5627405331201841     
   0.5664068149830259     
   0.5699953002565034     
   0.5735040002621993     
   0.5769310360624944     
   0.5802746538787877     
   0.5835332298840400     
   0.5867052748310121     
   0.5897894425176906     
   0.5927845398877496     
   0.5956895375227814     
   0.5985035797652088     
   0.6012259939723001     
   0.6038562985612568     
   0.6063942096034755     
   0.6088396457857622     
   0.6111927316015731     
   0.6134537986796285     
   0.6156233852003876     
   0.6177022333913759     
   0.6196912851323361     
   0.6215916757415501     
   0.6234047260520222     
   0.6251319329170725     
   0.6267749583088034     
   0.6283356171915954     
   0.6298158643668581     
   0.6312177804940113     
   0.6325435574956355     
   0.6337954835521112     
   0.6349759278835613     
   0.6360873255052678     
   0.6371321621278727     
   0.6381129593565400     
   0.6390322603245432     
   0.6398926158769918     
   0.6406965714000564     
   0.6414466543707255     
   0.6421453626823256     
   0.6427951537821374     
   0.6433984346396354     
   0.6439575525473100     
   0.6444747867407979     
   0.6449523408111371     
   0.6453923358694373     
   0.6457968044130742     
   0.6461676848325932     
   0.6465068164896143     
   0.6468159352882289     
   0.6470966696569413     
   0.6473505368576250     
   0.6475789395490495     
   0.6477831625755204     
   0.6479643700785227     
   0.6481236033601014     
   0.6482617807111097     
   0.6483797021166653     
   0.6484780650361783     
   0.6485575029403435     
   0.6486186657406942     
   0.6486623681331452     
   0.6486898319721114     
   0.6487030336935486     
   0.6487051344533024     
   0.6487009329337949     
   0.6487093359728098     
   0.5000000000000000     
   0.5000000000000000     
   0.5008655295237177     
   0.5025147387173391     
   0.5048405125273753     
   0.5077233963962988     
   0.5110419540565330     
   0.5146823864237362     
   0.5185452208867408     
   0.5225486506367835     
   0.5266289297750398     
   0.5307386928618634     
   0.5348441607450805     
   0.5389220355677599     
   0.5429566243013373     
   0.5469374665798182     
   0.5508575396222524     
   0.5547119904704257     
   0.5584972917447028     
   0.5622107081308254     
   0.5658499753101418     
   0.5694131078473287     
   0.5728982689096427     
   0.5763037250504320     
   0.5796278583098488     
   0.5828691679443453     
   0.5860262722281619     
   0.5890979143769267     
   0.5920829704746025     
   0.5949804582238268     
   0.5977895458037439     
   0.6005095603642079     
   0.6031399958289395     
   0.6056805197630302     
   0.6081309791051897     
   0.6104914045966028     
   0.6127620137699894     
   0.6149432123947366     
   0.6170355943057159     
   0.6190399395770223     
   0.6209572110384628     
   0.6227885491689096     
   0.6245352654329349     
   0.6261988341550286     
   0.6277808830504311     
   0.6292831825534997     
   0.6307076341024095     
   0.6320562575519008     
   0.6333311778934778     
   0.6345346114652225     
   0.6356688518314506     
   0.6367362555065359     
   0.6377392276879095     
   0.6386802081511208     
   0.6395616574453054     
   0.6403860435108629     
   0.6411558288233374     
   0.6418734581488851     
   0.6425413469779762     
   0.6431618706853043     
   0.6437373544457071     
   0.6442700639184071     
   0.6447621966953077     
   0.6452158744936126     
   0.6456331360588045     
   0.6460159307310911     
   0.6463661126166035     
   0.6466854352941068     
   0.6469755469800091     
   0.6472379860717297     
   0.6474741769988880     
   0.6476854263540919     
   0.6478729194040577     
   0.6480377174198318     
   0.6481807570698935     
   0.6483028548688009     
   0.6484047230648148     
   0.6484870090323767     
   0.6485503780023242     
   0.6485956662406948     
   0.6486241321593577     
   0.6486378174290468     
   0.6486399950459888     
   0.6486356398121048     
   0.6486443502798728     
   0.5000000000000000     
   0.5000000000000000     
   0.5008579114302165     
   0.5024940531123375     
   0.5048025728797033     
   0.5076648376935107     
   0.5109601283588096     
   0.5145753260651565     
   0.5184115746544978     
   0.5223875896096553     
   0.5264400435721597     
   0.5305218944373130     
   0.5345996093927042     
   0.5386500806500761     
   0.5426577678707605     
   0.5466123410865998     
   0.5505068964636987     
   0.5543366955224350     
   0.5580983247492751     
   0.5617891636034432     
   0.5654070633311078     
   0.5689501537032681     
   0.5724167110305793     
   0.5758051106580234     
   0.5791138365302723     
   0.5823414805773758     
   0.5854867423444216     
   0.5885484329535813     
   0.5915254813432868     
   0.5944169416501474     
   0.5972220010492669     
   0.5999399876020289     
   0.6025703777938130     
   0.6051128035169316     
   0.6075670582891936     
   0.6099331025204523     
   0.6122110676621860     
   0.6144012590993365     
   0.6165041576684767     
   0.6185204197146452     
   0.6204508756321112     
   0.6222965268687850     
   0.6240585414063442     
   0.6257382477578565     
   0.6273371275529551     
   0.6288568068074640     
   0.6302990459983903     
   0.6316657290850707     
   0.6329588516324577     
   0.6341805082028695     
   0.6353328791881382     
   0.6364182172551729     
   0.6374388335750437     
   0.6383970839990802     
   0.6392953553354748     
   0.6401360518668923     
   0.6409215822342333     
   0.6416543467946211     
   0.6423367255434975     
   0.6429710666718343     
   0.6435596758103483     
   0.6441048059936663     
   0.6446086483589135     
   0.6450733235755871     
   0.6455008739870609     
   0.6458932564288018     
   0.6462523356742513     
   0.6465798784466473     
   0.6468775479250856     
   0.6471468986687526     
   0.6473893718914533     
   0.6476062910604697     
   0.6477988579240760     
   0.6479681494153935     
   0.6481151166999407     
   0.6482405894180346     
   0.6483452916388215     
   0.6484298818686094     
   0.6484950374652777     
   0.6485416114403094     
   0.6485708904150549     
   0.6485849673094488     
   0.6485872061237049     
   0.6485827284951927     
   0.6485916837522171     
   0.5000000000000000     
   0.5000000000000000     
   0.5008524069309899     
   0.5024797000285017     
   0.5047762771338220     
   0.5076236933536226     
   0.5109017082520216     
   0.5144978236877553     
   0.5183137891191184     
   0.5222688308173967     
   0.5263000162055372     
   0.5303605918875942     
   0.5344172300771671     
   0.5384469687371489     
   0.5424343753647357     
   0.5463692063515391     
   0.5502446341479894     
   0.5540559935627878     
   0.5577999451327285     
   0.5614739445428771     
   0.5650759213189921     
   0.5686040845354412     
   0.5720567893424985     
   0.5754324875807800     
   0.5787297353548521     
   0.5819471906006000     
   0.5850836110441399     
   0.5881378566717597     
   0.5911088946952295     
   0.5939958059005735     
   0.5967977917106131     
   0.5995141815201260     
   0.6021444399911082     
   0.6046881740631398     
   0.6071451394631623     
   0.6095152465148703     
   0.6117985650646266     
   0.6139953283593469     
   0.6161059357316415     
   0.6181309539716663     
   0.6200711172950336     
   0.6219273258487311     
   0.6237006427287716     
   0.6253922895137157     
   0.6270036403483845     
   0.6285362146419355     
   0.6299916684724226     
   0.6313717848144789     
   0.6326784627270742     
   0.6339137056540407     
   0.6350796090010348     
   0.6361783471588971     
   0.6372121601452514     
   0.6381833400338250     
   0.6390942173346017     
   0.6399471474777974     
   0.6407444975414679     
   0.6414886333468743     
   0.6421819070282798     
   0.6428266451650511     
   0.6434251375443751     
   0.6439796266030402     
   0.6444922975770404     
   0.6449652693686552     
   0.6454005861225242     
   0.6458002094852714     
   0.6461660115074410     
   0.6464997681322369     
   0.6468031532042211     
   0.6470777329256776     
   0.6473249606960161     
   0.6475461723117906     
   0.6477425816370350     
   0.6479152772018032     
   0.6480652210170187     
   0.6481932526991881     
   0.6483001055056878     
   0.6483864467812572     
   0.6484529634488566     
   0.6485005210152281     
   0.6485304257627310     
   0.6485448056030874     
   0.6485470904815798     
   0.6485425207245950     
   0.6485516602385646     
   0.5000000000000000     
   0.5000000000000000     
   0.5008507553524727     
   0.5024748654144398     
   0.5047650758591543     
   0.5076029290818611     
   0.5108689113853954     
   0.5144513554046980     
   0.5182527123313481     
   0.5221927298712908     
   0.5262088317504473     
   0.5302544913375907     
   0.5342965161028024     
   0.5383120209221091     
   0.5422856175194303     
   0.5462070917459344     
   0.5500696419703648     
   0.5538686314724622     
   0.5576007543556437     
   0.5612635052927407     
   0.5648548573207034     
   0.5683730660920007     
   0.5718165347470230     
   0.5751837627823098     
   0.5784733519713519     
   0.5816840024754077     
   0.5848145095256354     
   0.5878637648110783     
   0.5908307605511142     
   0.5937145951304621     
   0.5965144796234028     
   0.5992297447658571     
   0.6018598480630212     
   0.6044043807861983     
   0.6068630746391188     
   0.6092358078866911     
   0.6115226107523537     
   0.6137236699052715     
   0.6158393318752469     
   0.6178701052546521     
   0.6198166615744436     
   0.6216798347724767     
   0.6234606192034466     
   0.6251601661703352     
   0.6267797789883471     
   0.6283209066238408     
   0.6297851359809841     
   0.6311741829361954     
   0.6324898822439249     
   0.6337341764564682     
   0.6349091040149726     
   0.6360167866784759     
   0.6370594164629215     
   0.6380392422626060     
   0.6389585563226743     
   0.6398196807231917     
   0.6406249540237049     
   0.6413767182026469     
   0.6420773060090702     
   0.6427290288256265     
   0.6433341651219499     
   0.6438949495572622     
   0.6444135627705981     
   0.6448921218770104     
   0.6453326716689750     
   0.6457371765041431     
   0.6461075128437223     
   0.6464454623905183     
   0.6467527057635485     
   0.6470308166402586     
   0.6472812563052738     
   0.6475053685881906     
   0.6477043753083498     
   0.6478793726990586     
   0.6480313301245051     
   0.6481610942227367     
   0.6482694051304989     
   0.6483569373492819     
   0.6484243859111487     
   0.6484726262436087     
   0.6485029772657879     
   0.6485175838379310     
   0.6485199055188883     
   0.6485152621569737     
   0.6485245488808028     
   0.5000000000000000     
   0.5000000000000000     
   0.5008603872288580     
   0.5024878895194760     
   0.5047755544763254     
   0.5076070584272597     
   0.5108645573756598     
   0.5144375065664856     
   0.5182290785919150     
   0.5221594570263669     
   0.5261662994577397     
   0.5302031767152142     
   0.5342369100552257     
   0.5382445847450762     
   0.5422107675114524     
   0.5461252009434810     
   0.5499810505274283     
   0.5537736598998345     
   0.5574997162111167     
   0.5611567176776880     
   0.5647426486758889     
   0.5682557815041869     
   0.5716945393902744     
   0.5750574436551126     
   0.5783431179236058     
   0.5815502829850552     
   0.5846777526330332     
   0.5877244344238863     
   0.5906893332519806     
   0.5935715565945571     
   0.5963703207425701     
   0.5990849575712448     
   0.6017149215353447     
   0.6042597966406483     
   0.6067193031693713     
   0.6090933039489016     
   0.6113818099650701     
   0.6135849851346515     
   0.6157031500669233     
   0.6177367846641452     
   0.6196865294374456     
   0.6215531854449377     
   0.6233377127895362     
   0.6250412276444244     
   0.6266649978055614     
   0.6282104368028082     
   0.6296790966324987     
   0.6310726592028870     
   0.6323929266089088     
   0.6336418103734638     
   0.6348213198085942     
   0.6359335496613230     
   0.6369806672156114     
   0.6379648990239326     
   0.6388885174393709     
   0.6397538271122112     
   0.6405631516041936     
   0.6413188202596879     
   0.6420231554565493     
   0.6426784603410297     
   0.6432870071313219     
   0.6438510260537949     
   0.6443726949552294     
   0.6448541296139141     
   0.6452973747528037     
   0.6457043957393780     
   0.6460770709394351     
   0.6464171846763863     
   0.6467264207352365     
   0.6470063563446882     
   0.6472584565796432     
   0.6474840691724433     
   0.6476844198620435     
   0.6478606087749532     
   0.6480136091886552     
   0.6481442718681781     
   0.6482533416994014     
   0.6483414992121455     
   0.6484094475331695     
   0.6484580726400818     
   0.6484887049528287     
   0.6485034946420639     
   0.6485058800473360     
   0.6485011092367918     
   0.6485106508578802     
   0.5000000000000000     
   0.5000000000000000     
   0.5008603872288580     
   0.5024878895194760     
   0.5047755544763254     
   0.5076070584272597     
   0.5108645573756598     
   0.5144375065664856     
   0.5182290785919150     
   0.5221594570263669     
   0.5261662994577397     
   0.5302031767152142     
   0.5342369100552257     
   0.5382445847450762     
   0.5422107675114524     
   0.5461252009434810     
   0.5499810505274283     
   0.5537736598998345     
   0.5574997162111167     
   0.5611567176776880     
   0.5647426486758889     
   0.5682557815041869     
   0.5716945393902744     
   0.5750574436551126     
   0.5783431179236058     
   0.5815502829850552     
   0.5846777526330332     
   0.5877244344238863     
   0.5906893332519806     
   0.5935715565945571     
   0.5963703207425701     
   0.5990849575712448     
   0.6017149215353447     
   0.6042597966406483     
   0.6067193031693713     
   0.6090933039489016     
   0.6113818099650701     
   0.6135849851346515     
   0.6157031500669233     
   0.6177367846641452     
   0.6196865294374456     
   0.6215531854449377     
   0.6233377127895362     
   0.6250412276444244     
   0.6266649978055614     
   0.6282104368028082     
   0.6296790966324987     
   0.6310726592028870     
   0.6323929266089088     
   0.6336418103734638     
   0.6348213198085942     
   0.6359335496613230     
   0.6369806672156114     
   0.6379648990239326     
   0.6388885174393709     
   0.6397538271122112     
   0.6405631516041936     
   0.6413188202596879     
   0.6420231554565493     
   0.6426784603410297     
   0.6432870071313219     
   0.6438510260537949     
   0.6443726949552294     
   0.6448541296139141     
   0.6452973747528037     
   0.6457043957393780     
   0.6460770709394351     
   0.6464171846763863     
   0.6467264207352365     
   0.6470063563446882     
   0.6472584565796432     
   0.6474840691724433     
   0.6476844198620435     
   0.6478606087749532     
   0.6480136091886552     
   0.6481442718681781     
   0.6482533416994014     
   0.6483414992121455     
   0.6484094475331695     
   0.6484580726400818     
   0.6484887049528287     
   0.6485034946420639     
   0.6485058800473360     
   0.6485011092367918     
   0.6485106508578802     
