   -6.000000000000000        -4.227026579539560         0.000000000000000      
   0.5000000000000000         59.44655028527921         1.000000000000000      
    0.000000000000000     
   -6.000000000000000        -4.014206434341432         0.000000000000000      
   0.4977986904502148         59.44655028527921        0.9999969060310119      
   1.4884545635083992E-006
   -6.000000000000000        -3.803070304910810         0.000000000000000      
   0.4915328162323261         59.43115232644750        0.9999942483711799      
   4.4964632542923415E-006
   -6.000000000000000        -3.593549933081869         0.000000000000000      
   0.4818367634118382         59.42053274610416        0.9999922132023773      
   1.1660660744275034E-005
   -6.000000000000000        -3.385574045583126         0.000000000000000      
   0.4692601762734993         59.41421186446217        0.9999907006533781      
   2.8704955866890470E-005
   -6.000000000000000        -3.179068445902549         0.000000000000000      
   0.4542621940255298         59.41183984021962        0.9999896051315841      
   6.7949976297880697E-005
   -6.000000000000000        -2.973956117362914         0.000000000000000      
   0.4372019761694030         59.41315720539637        0.9999888264502136      
   1.5491743218821690E-004
   -6.000000000000000        -2.770157337224366         0.000000000000000      
   0.4183323904652855         59.41797530538496        0.9999882774761932      
   3.4014426603802545E-004
   -6.000000000000000        -2.567589801560878         0.000000000000000      
   0.3978023489689246         59.42616315022732        0.9999878877869272      
   7.1904164688239782E-004
   -6.000000000000000        -2.366168760586374         0.000000000000000      
   0.3756688149480421         59.43763479305805        0.9999876042028222      
   1.4629859096754643E-003
   -6.000000000000000        -2.165807164036497         0.000000000000000      
   0.3519176696522707         59.45233687518430        0.9999873897210120      
   2.8641222058203874E-003
   -6.000000000000000        -1.966415816142869         0.000000000000000      
   0.3264925491056744         59.47023728097906        0.9999872217808837      
   5.3936568083254918E-003
   -6.000000000000000        -1.767903539669862         0.000000000000000      
   0.2993315947157320         59.49131517516315        0.9999870899775968      
   9.7678308179574933E-003
   -6.000000000000000        -1.570177348419479         0.000000000000000      
   0.2704129161309857         59.51555025954904        0.9999869931161184      
   1.7007151847501602E-002
   -6.000000000000000        -1.373142627548817         0.000000000000000      
   0.2398095079889315         59.54290913129253        0.9999869365407392      
   2.8464315581211791E-002
   -6.000000000000000        -1.176703320987477         0.000000000000000      
   0.2077526059721161         59.57333356714759        0.9999869317098476      
   4.5788507508765744E-002
   -6.000000000000000       -0.9807621251897585         0.000000000000000      
   0.1746986284707281         59.60673607187240        0.9999869975568729      
   7.0794577633760125E-002
   -6.000000000000000       -0.7852206884089804         0.000000000000000      
   0.1413890353690552         59.64299435647045        0.9999871611209528      
   0.1052211843073565     
   -6.000000000000000       -0.5899798146396622         0.000000000000000      
   0.1088855484940317         59.68193931423922        0.9999874585747799      
   0.1503946464597198     
   -6.000000000000000       -0.3949396713377247         0.000000000000000      
   7.8557773767456457E-002    59.72333977142790        0.9999879374263706      
   0.2068585220883425     
   -6.000000000000000       -0.2000000000000011         0.000000000000000      
   5.2000396241892358E-002    59.76686883488684        0.9999886570321086      
   0.2740661818354680     
   -6.000000000000000       -5.0612032226220773E-003    0.000000000000000      
   3.0867208027095069E-002    59.81204966784571        0.9999896885499185      
   0.3502427133701668     
   -6.000000000000000        0.1899728225015762         0.000000000000000      
   1.6632845155761695E-002    59.85820382957123        0.9999911137774635      
   0.4324891101323399     
   -6.000000000000000        0.3851971143511089         0.000000000000000      
   1.0330172210548268E-002    59.68408123890021        0.9999930182655111      
   0.5171347514039774     
   -6.000000000000000        0.5807063267879043         0.000000000000000      
   8.8574400701055753E-003    59.51424789621812        0.9999945638707499      
   0.6004270245478504     
   -6.000000000000000        0.7765945422431204         0.000000000000000      
   8.1296141169981059E-003    59.35277020603568        0.9999957992832796      
   0.6786476982803402     
   -6.000000000000000        0.9729550842390562         0.000000000000000      
   7.4517821112530577E-003    59.20247468285212        0.9999967733838607      
   0.7487570620225348     
   -6.000000000000000         1.169880333731538         0.000000000000000      
   6.7446176131329806E-003    59.06502722686403        0.9999975311319828      
   0.8087293497415415     
   -6.000000000000000         1.367461549433629         0.000000000000000      
   6.0315523606469783E-003    58.94107443382411        0.9999981125822690      
   0.8576930542325781     
   -6.000000000000000         1.565788692852865         0.000000000000000      
   5.3437096800503237E-003    58.83046391455255        0.9999985526311606      
   0.8958545247077379     
   -6.000000000000000         1.764950258740411         0.000000000000000      
   4.7033572286953188E-003    58.73248996453223        0.9999988810831824      
   0.9242545452824700     
   -6.000000000000000         1.965033111612069         0.000000000000000      
   4.1229379415555125E-003    58.64612044488860        0.9999991229144528      
   0.9444425353601510     
   -6.000000000000000         2.166122328958343         0.000000000000000      
   3.6071993973091653E-003    58.57016999673291        0.9999992986630063      
   0.9581542487833532     
   -6.000000000000000         2.368301051714338         0.000000000000000      
   3.1556233594439678E-003    58.50341827343868        0.9999994248956610      
   0.9670552762881603     
   -6.000000000000000         2.571650342510284         0.000000000000000      
   2.7644747076662366E-003    58.44468653097891        0.9999995147134828      
   0.9725787364476828     
   -6.000000000000000         2.776249052171010         0.000000000000000      
   2.4283269848529593E-003    58.39288267532939        0.9999995782659622      
   0.9758548988656979     
   -6.000000000000000         2.982173694877646         0.000000000000000      
   2.1410967585567472E-003    58.34702278110465        0.9999996232499612      
   0.9777111560739183     
   -6.000000000000000         3.189498332348288         0.000000000000000      
   1.8966876068372105E-003    58.30623700136456        0.9999996553747131      
   0.9787141814261414     
   -6.000000000000000         3.398294467336542         0.000000000000000      
   1.6893553974401396E-003    58.26976629831267        0.9999996787793795      
   0.9792290807318995     
   -6.000000000000000         3.608630946688375         0.000000000000000      
   1.5138877743892819E-003    58.23695414857690        0.9999996963949371      
   0.9794780198620554     
   -6.000000000000000         3.820573874139177         0.000000000000000      
   1.3656667129048911E-003    58.20723586443046        0.9999997102471603      
   0.9795890436866251     
   -6.000000000000000         4.034186532974921         0.000000000000000      
   1.2406631059861516E-003    58.18012733379457        0.9999997217018148      
   0.9796321950026224     
   -6.000000000000000         4.249529318623878         0.000000000000000      
   1.1353963767746415E-003    58.15521430047551        0.9999997316565373      
   0.9796438820758656     
   -6.000000000000000         4.466659681189796         0.000000000000000      
   1.0468793474940287E-003    58.13214271978398        0.9999997406860883      
   0.9796420884128449     
   -6.000000000000000         4.685632077883227         0.000000000000000      
   9.7255934732985120E-004    58.11061028726409        0.9999997491487497      
   0.9796352367256338     
   -6.000000000000000         4.906497935255945         0.000000000000000      
   9.1026098878573523E-004    58.09035903545579        0.9999997572617604      
   0.9796270419331832     
   -6.000000000000000         5.129305621094297         0.000000000000000      
   8.5813337183862073E-004    58.07116890273032        0.9999997651530971      
   0.9796190182472723     
   -6.000000000000000         5.354100425780786         0.000000000000000      
   8.1460309143569800E-004    58.05285221203263        0.9999997728958935      
   0.9796117050712357     
   -6.000000000000000         5.580924552890115         0.000000000000000      
   7.7833335544054199E-004    58.03524896464451        0.9999997805305920      
   0.9796052354994882     
   -6.000000000000000         5.809817118746128         0.000000000000000      
   7.4818880865272757E-004    58.01822282270859        0.9999997880787627      
   0.9795995864880607     
   -6.000000000000000         6.040814160629681         0.000000000000000      
   7.2320543649201526E-004    58.00165767163716        0.9999997955514383      
   0.9795946831062132     
   -6.000000000000000         6.273948653295052         0.000000000000000      
   7.0256495292025521E-004    57.98545468593404        0.9999998029539953      
   0.9795904393497947     
   -6.000000000000000         6.509250533423568         0.000000000000000      
   6.8557309958997589E-004    57.96952983405114        0.9999998102889104      
   0.9795867727921564     
   -6.000000000000000         6.746746731618209         0.000000000000000      
   6.7164127093432939E-004    57.95381175602068        0.9999998175572689      
   0.9795836090287964     
   -6.000000000000000         6.986461211521710         0.000000000000000      
   6.6027091207672374E-004    57.93823995084087        0.9999998247595607      
   0.9795808823930209     
   -6.000000000000000         7.228415015623348         0.000000000000000      
   6.5104022505590477E-004    57.92276322203497        0.9999998318960817      
   0.9795785354351401     
   -6.000000000000000         7.472626317305855         0.000000000000000      
   6.4359281547067874E-004    57.90733834169841        0.9999998389671227      
   0.9795765180708962     
   -6.000000000000000         7.719110478673879         0.000000000000000      
   6.3762798454743098E-004    57.89192890144047        0.9999998459730586      
   0.9795747867054991     
   -6.000000000000000         7.967880113698818         0.000000000000000      
   6.3289242346629558E-004    57.87650432405512        0.9999998529143767      
   0.9795733034252315     
   -6.000000000000000         8.218945156211536         0.000000000000000      
   6.2917310720707483E-004    57.86103901403817        0.9999998597916833      
   0.9795720352766232     
   -6.000000000000000         8.472312932274409         0.000000000000000      
   6.2629121679510418E-004    57.84551162831959        0.9999998666056981      
   0.9795709536310894     
   -6.000000000000000         8.727988236466917         0.000000000000000      
   6.2409694267323665E-004    57.82990445087471        0.9999998733572425      
   0.9795700336271729     
   -6.000000000000000         8.985973411624599         0.000000000000000      
   6.2246504135491201E-004    57.81420285676064        0.9999998800472290      
   0.9795692536816545     
   -6.000000000000000         9.246268431579237         0.000000000000000      
   6.2129103530767665E-004    57.79839485303235        0.9999998866766471      
   0.9795685950613338     
   -6.000000000000000         9.508870986458517         0.000000000000000      
   6.2048796232681098E-004    57.78247068587127        0.9999998932465534      
   0.9795680415081531     
   -6.000000000000000         9.773776570115773         0.000000000000000      
   6.1998359451459722E-004    57.76642250491651        0.9999998997580578      
   0.9795675789112716     
   -6.000000000000000         10.04097856927476         0.000000000000000      
   6.1971805809298225E-004    57.75024407715809        0.9999999062123150      
   0.9795671950205102     
   -6.000000000000000         10.31046835399012         0.000000000000000      
   6.1964179408284623E-004    57.73393054389033        0.9999999126105168      
   0.9795668791963089     
   -6.000000000000000         10.58223536904130         0.000000000000000      
   6.1971380694260890E-004    57.71747821520753        0.9999999189538820      
   0.9795666221920004     
   -6.000000000000000         10.85626722589636         0.000000000000000      
   6.1990015394995939E-004    57.70088439741166        0.9999999252436512      
   0.9795664159648604     
   -6.000000000000000         11.13254979490064         0.000000000000000      
   6.2017263269362752E-004    57.68414724953929        0.9999999314810881      
   0.9795662535131823     
   -6.000000000000000         11.41106729736590         0.000000000000000      
   6.2050762789150730E-004    57.66726566604086        0.9999999376674812      
   0.9795661287376216     
   -6.000000000000000         11.69180239725550         0.000000000000000      
   6.2088508272625169E-004    57.65023918344307        0.9999999438041585      
   0.9795660363263961     
   -6.000000000000000         11.97473629218198         0.000000000000000      
   6.2128756583950697E-004    57.63306790950498        0.9999999498925208      
   0.9795659716653728     
   -6.000000000000000         12.25984880345458         0.000000000000000      
   6.2169941586939662E-004    57.61575247382603        0.9999999559340969      
   0.9795659307747058     
   -6.000000000000000         12.54711846493471         0.000000000000000      
   6.2210596482375384E-004    57.59829399902230        0.9999999619306434      
   0.9795659102709695     
   -6.000000000000000         12.83652261047853         0.000000000000000      
   6.2249287483398552E-004    57.58069409112219        0.9999999678842864      
   0.9795659073436015     
   -6.000000000000000         13.12803745976597         0.000000000000000      
   6.2284567275965540E-004    57.56295484599023        0.9999999737977304      
   0.9795659197136746     
   -6.000000000000000         13.42163820233561         0.000000000000000      
   6.2314962556646867E-004    57.54507886494896        0.9999999796745094      
   0.9795659455177746     
   -6.000000000000000         13.71729907966468         0.000000000000000      
   6.2339013866536275E-004    57.52706926746287        0.9999999855192728      
   0.9795659830551121     
   -6.000000000000000         14.01499346515192         0.000000000000000      
   6.2355382673698659E-004    57.50892968267913        0.9999999913380175      
   0.9795660303930315     
   -6.000000000000000         14.31469394187969         0.000000000000000      
   6.2363028107766030E-004    57.49066419844458        0.9999999971382010      
   0.9795660849604729     
   -6.000000000000000         14.61637237804932         0.000000000000000      
   6.2361491173671172E-004    57.47227725114224         1.000000002928624      
   0.9795661433897006     
   -6.000000000000000         14.92000000000000         0.000000000000000      
   6.2364565041860898E-004    57.45389030383991         1.000000008719047      
   0.9795662018189283     
   -5.760000000000000        -4.227026579539560         0.000000000000000      
   0.5000000000000000         59.44655028527921         1.000000000000000      
    0.000000000000000     
   -5.760000000000000        -4.014206434341432        2.4945546713553992E-003 
   0.4977986904502148         59.44655028527921        0.9999969060310119      
   1.4884545635083992E-006
   -5.760000000000000        -3.803070304910810        4.6409894072803534E-003 
   0.4915328162323261         59.43115232644750        0.9999942483711799      
   4.4964632542923415E-006
   -5.760000000000000        -3.593549933081869        6.4776274342981917E-003 
   0.4818367634118382         59.42053274610416        0.9999922132023773      
   1.1660660744275034E-005
   -5.760000000000000        -3.385574045583126        8.0459988704631499E-003 
   0.4692601762734993         59.41421186446217        0.9999907006533781      
   2.8704955866890470E-005
   -5.760000000000000        -3.179068445902549        9.3937928186180360E-003 
   0.4542621940255298         59.41183984021962        0.9999896051315841      
   6.7949976297880697E-005
   -5.760000000000000        -2.973956117362914        1.0576360742710449E-002 
   0.4372019761694030         59.41315720539637        0.9999888264502136      
   1.5491743218821690E-004
   -5.760000000000000        -2.770157337224366        1.1652431499915201E-002 
   0.4183323904652855         59.41797530538496        0.9999882774761932      
   3.4014426603802545E-004
   -5.760000000000000        -2.567589801560878        1.2678140966482884E-002 
   0.3978023489689246         59.42616315022732        0.9999878877869272      
   7.1904164688239782E-004
   -5.760000000000000        -2.366168760586374        1.3701091483987377E-002 
   0.3756688149480421         59.43763479305805        0.9999876042028222      
   1.4629859096754643E-003
   -5.760000000000000        -2.165807164036497        1.4754933110228168E-002 
   0.3519176696522707         59.45233687518430        0.9999873897210120      
   2.8641222058203874E-003
   -5.760000000000000        -1.966415816142869        1.5854193790596053E-002 
   0.3264925491056744         59.47023728097906        0.9999872217808837      
   5.3936568083254918E-003
   -5.760000000000000        -1.767903539669862        1.6988785831915567E-002 
   0.2993315947157320         59.49131517516315        0.9999870899775968      
   9.7678308179574933E-003
   -5.760000000000000        -1.570177348419479        1.8117863905848727E-002 
   0.2704129161309857         59.51555025954904        0.9999869931161184      
   1.7007151847501602E-002
   -5.760000000000000        -1.373142627548817        1.9163510771339796E-002 
   0.2398095079889315         59.54290913129253        0.9999869365407392      
   2.8464315581211791E-002
   -5.760000000000000        -1.176703320987477        2.0005974828377245E-002 
   0.2077526059721161         59.57333356714759        0.9999869317098476      
   4.5788507508765744E-002
   -5.760000000000000       -0.9807621251897585        2.0483614602109887E-002 
   0.1746986284707281         59.60673607187240        0.9999869975568729      
   7.0794577633760125E-002
   -5.760000000000000       -0.7852206884089804        2.0401829161243033E-002 
   0.1413890353690552         59.64299435647045        0.9999871611209528      
   0.1052211843073565     
   -5.760000000000000       -0.5899798146396622        1.9555303348826488E-002 
   0.1088855484940317         59.68193931423922        0.9999874585747799      
   0.1503946464597198     
   -5.760000000000000       -0.3949396713377247        1.7765893191066064E-002 
   7.8557773767456457E-002    59.72333977142790        0.9999879374263706      
   0.2068585220883425     
   -5.760000000000000       -0.2000000000000011        1.4933557379310240E-002 
   5.2000396241892358E-002    59.76686883488684        0.9999886570321086      
   0.2740661818354680     
   -5.760000000000000       -5.0612032226220773E-003   1.1089808505841478E-002 
   3.0867208027095069E-002    59.81204966784571        0.9999896885499185      
   0.3502427133701668     
   -5.760000000000000        0.1899728225015762        6.4337717028782309E-003 
   1.6632845155761695E-002    59.85820382957123        0.9999911137774635      
   0.4324891101323399     
   -5.760000000000000        0.3851971143511089        1.3243980735216992E-003 
   1.0330172210548268E-002    59.68408123890021        0.9999930182655111      
   0.5171347514039774     
   -5.760000000000000        0.5807063267879043        4.9155139278270156E-004 
   8.8574400701055753E-003    59.51424789621812        0.9999945638707499      
   0.6004270245478504     
   -5.760000000000000        0.7765945422431204        4.0746548887940861E-004 
   8.1296141169981059E-003    59.35277020603568        0.9999957992832796      
   0.6786476982803402     
   -5.760000000000000        0.9729550842390562        4.2783302225628803E-004 
   7.4517821112530577E-003    59.20247468285212        0.9999967733838607      
   0.7487570620225348     
   -5.760000000000000         1.169880333731538        4.4043011262282676E-004 
   6.7446176131329806E-003    59.06502722686403        0.9999975311319828      
   0.8087293497415415     
   -5.760000000000000         1.367461549433629        4.3174699830759398E-004 
   6.0315523606469783E-003    58.94107443382411        0.9999981125822690      
   0.8576930542325781     
   -5.760000000000000         1.565788692852865        4.0626658522713717E-004 
   5.3437096800503237E-003    58.83046391455255        0.9999985526311606      
   0.8958545247077379     
   -5.760000000000000         1.764950258740411        3.7065051119820495E-004 
   4.7033572286953188E-003    58.73248996453223        0.9999988810831824      
   0.9242545452824700     
   -5.760000000000000         1.965033111612069        3.3046899621730347E-004 
   4.1229379415555125E-003    58.64612044488860        0.9999991229144528      
   0.9444425353601510     
   -5.760000000000000         2.166122328958343        2.8966629279231757E-004 
   3.6071993973091653E-003    58.57016999673291        0.9999992986630063      
   0.9581542487833532     
   -5.760000000000000         2.368301051714338        2.5072990400930875E-004 
   3.1556233594439678E-003    58.50341827343868        0.9999994248956610      
   0.9670552762881603     
   -5.760000000000000         2.571650342510284        2.1503419276483886E-004 
   2.7644747076662366E-003    58.44468653097891        0.9999995147134828      
   0.9725787364476828     
   -5.760000000000000         2.776249052171010        1.8318169671336770E-004 
   2.4283269848529593E-003    58.39288267532939        0.9999995782659622      
   0.9758548988656979     
   -5.760000000000000         2.982173694877646        1.5528277818283286E-004 
   2.1410967585567472E-003    58.34702278110465        0.9999996232499612      
   0.9777111560739183     
   -5.760000000000000         3.189498332348288        1.3116117924521028E-004 
   1.8966876068372105E-003    58.30623700136456        0.9999996553747131      
   0.9787141814261414     
   -5.760000000000000         3.398294467336542        1.1049293128277432E-004 
   1.6893553974401396E-003    58.26976629831267        0.9999996787793795      
   0.9792290807318995     
   -5.760000000000000         3.608630946688375        9.2894196662563725E-005 
   1.5138877743892819E-003    58.23695414857690        0.9999996963949371      
   0.9794780198620554     
   -5.760000000000000         3.820573874139177        7.7973695992972734E-005 
   1.3656667129048911E-003    58.20723586443046        0.9999997102471603      
   0.9795890436866251     
   -5.760000000000000         4.034186532974921        6.5361603979349701E-005 
   1.2406631059861516E-003    58.18012733379457        0.9999997217018148      
   0.9796321950026224     
   -5.760000000000000         4.249529318623878        5.4723296555397017E-005 
   1.1353963767746415E-003    58.15521430047551        0.9999997316565373      
   0.9796438820758656     
   -5.760000000000000         4.466659681189796        4.5763921998052899E-005 
   1.0468793474940287E-003    58.13214271978398        0.9999997406860883      
   0.9796420884128449     
   -5.760000000000000         4.685632077883227        3.8227889159813498E-005 
   9.7255934732985120E-004    58.11061028726409        0.9999997491487497      
   0.9796352367256338     
   -5.760000000000000         4.906497935255945        3.1895871607023256E-005 
   9.1026098878573523E-004    58.09035903545579        0.9999997572617604      
   0.9796270419331832     
   -5.760000000000000         5.129305621094297        2.6580843382576091E-005 
   8.5813337183862073E-004    58.07116890273032        0.9999997651530971      
   0.9796190182472723     
   -5.760000000000000         5.354100425780786        2.2123941663413537E-005 
   8.1460309143569800E-004    58.05285221203263        0.9999997728958935      
   0.9796117050712357     
   -5.760000000000000         5.580924552890115        1.8390533286781649E-005 
   7.7833335544054199E-004    58.03524896464451        0.9999997805305920      
   0.9796052354994882     
   -5.760000000000000         5.809817118746128        1.5266655346581807E-005 
   7.4818880865272757E-004    58.01822282270859        0.9999997880787627      
   0.9795995864880607     
   -5.760000000000000         6.040814160629681        1.2655896343239069E-005 
   7.2320543649201526E-004    58.00165767163716        0.9999997955514383      
   0.9795946831062132     
   -5.760000000000000         6.273948653295052        1.0476719334229770E-005 
   7.0256495292025521E-004    57.98545468593404        0.9999998029539953      
   0.9795904393497947     
   -5.760000000000000         6.509250533423568        8.6601882249758143E-006 
   6.8557309958997589E-004    57.96952983405114        0.9999998102889104      
   0.9795867727921564     
   -5.760000000000000         6.746746731618209        7.1480425639327725E-006 
   6.7164127093432939E-004    57.95381175602068        0.9999998175572689      
   0.9795836090287964     
   -5.760000000000000         6.986461211521710        5.8910675457674708E-006 
   6.6027091207672374E-004    57.93823995084087        0.9999998247595607      
   0.9795808823930209     
   -5.760000000000000         7.228415015623348        4.8477135513721362E-006 
   6.5104022505590477E-004    57.92276322203497        0.9999998318960817      
   0.9795785354351401     
   -5.760000000000000         7.472626317305855        3.9829270178284140E-006 
   6.4359281547067874E-004    57.90733834169841        0.9999998389671227      
   0.9795765180708962     
   -5.760000000000000         7.719110478673879        3.2671603303581460E-006 
   6.3762798454743098E-004    57.89192890144047        0.9999998459730586      
   0.9795747867054991     
   -5.760000000000000         7.967880113698818        2.6755331735537266E-006 
   6.3289242346629558E-004    57.87650432405512        0.9999998529143767      
   0.9795733034252315     
   -5.760000000000000         8.218945156211536        2.1871217486385755E-006 
   6.2917310720707483E-004    57.86103901403817        0.9999998597916833      
   0.9795720352766232     
   -5.760000000000000         8.472312932274409        1.7843556975253037E-006 
   6.2629121679510418E-004    57.84551162831959        0.9999998666056981      
   0.9795709536310894     
   -5.760000000000000         8.727988236466917        1.4525057269738813E-006 
   6.2409694267323665E-004    57.82990445087471        0.9999998733572425      
   0.9795700336271729     
   -5.760000000000000         8.985973411624599        1.1792478698033876E-006 
   6.2246504135491201E-004    57.81420285676064        0.9999998800472290      
   0.9795692536816545     
   -5.760000000000000         9.246268431579237        9.5429290160572395E-007 
   6.2129103530767665E-004    57.79839485303235        0.9999998866766471      
   0.9795685950613338     
   -5.760000000000000         9.508870986458517        7.6907148326773014E-007 
   6.2048796232681098E-004    57.78247068587127        0.9999998932465534      
   0.9795680415081531     
   -5.760000000000000         9.773776570115773        6.1646715171635715E-007 
   6.1998359451459722E-004    57.76642250491651        0.9999998997580578      
   0.9795675789112716     
   -5.760000000000000         10.04097856927476        4.9059051946463731E-007 
   6.1971805809298225E-004    57.75024407715809        0.9999999062123150      
   0.9795671950205102     
   -5.760000000000000         10.31046835399012        3.8658911737267766E-007 
   6.1964179408284623E-004    57.73393054389033        0.9999999126105168      
   0.9795668791963089     
   -5.760000000000000         10.58223536904130        3.0048827678420847E-007 
   6.1971380694260890E-004    57.71747821520753        0.9999999189538820      
   0.9795666221920004     
   -5.760000000000000         10.85626722589636        2.2905925505211784E-007 
   6.1990015394995939E-004    57.70088439741166        0.9999999252436512      
   0.9795664159648604     
   -5.760000000000000         11.13254979490064        1.6971140723738643E-007 
   6.2017263269362752E-004    57.68414724953929        0.9999999314810881      
   0.9795662535131823     
   -5.760000000000000         11.41106729736590        1.2040549068643754E-007 
   6.2050762789150730E-004    57.66726566604086        0.9999999376674812      
   0.9795661287376216     
   -5.760000000000000         11.69180239725550        7.9585022823428754E-008 
   6.2088508272625169E-004    57.65023918344307        0.9999999438041585      
   0.9795660363263961     
   -5.760000000000000         11.97473629218198        4.6121687401915721E-008 
   6.2128756583950697E-004    57.63306790950498        0.9999999498925208      
   0.9795659716653728     
   -5.760000000000000         12.25984880345458        1.9268375190960390E-008 
   6.2169941586939662E-004    57.61575247382603        0.9999999559340969      
   0.9795659307747058     
   -5.760000000000000         12.54711846493471       -1.3911458730848135E-009 
   6.2210596482375384E-004    57.59829399902230        0.9999999619306434      
   0.9795659102709695     
   -5.760000000000000         12.83652261047853       -1.6013185200137476E-008 
   6.2249287483398552E-004    57.58069409112219        0.9999999678842864      
   0.9795659073436015     
   -5.760000000000000         13.12803745976597       -2.4608173995420970E-008 
   6.2284567275965540E-004    57.56295484599023        0.9999999737977304      
   0.9795659197136746     
   -5.760000000000000         13.42163820233561       -2.7219500002463034E-008 
   6.2314962556646867E-004    57.54507886494896        0.9999999796745094      
   0.9795659455177746     
   -5.760000000000000         13.71729907966468       -2.4172132543728569E-008 
   6.2339013866536275E-004    57.52706926746287        0.9999999855192728      
   0.9795659830551121     
   -5.760000000000000         14.01499346515192       -1.6353993204098356E-008 
   6.2355382673698659E-004    57.50892968267913        0.9999999913380175      
   0.9795660303930315     
   -5.760000000000000         14.31469394187969       -5.4639720855725510E-009 
   6.2363028107766030E-004    57.49066419844458        0.9999999971382010      
   0.9795660849604729     
   -5.760000000000000         14.61637237804932        5.4255847802947993E-009 
   6.2361491173671172E-004    57.47227725114224         1.000000002928624      
   0.9795661433897006     
   -5.760000000000000         14.92000000000000        5.4255847802947993E-009 
   6.2364565041860898E-004    57.45389030383991         1.000000008719047      
   0.9795662018189283     
   -5.520000000000000        -4.227026579539560         0.000000000000000      
   0.5000000000000000         57.08624141191608         1.000000000000000      
    0.000000000000000     
   -5.520000000000000        -4.014206434341432        7.4128407798139690E-003 
   0.4978612409435565         57.08624141191608        0.9999969107115212      
   1.4673635382006807E-006
   -5.520000000000000        -3.803070304910810        1.3830447005327481E-002 
   0.4917389951429680         57.07154334912305        0.9999942569477720      
   4.4330100746409571E-006
   -5.520000000000000        -3.593549933081869        1.9322659883947931E-002 
   0.4822198853254237         57.06124073567370        0.9999922246456051      
   1.1497000652070837E-005
   -5.520000000000000        -3.385574045583126        2.4008871619124766E-002 
   0.4698506585605896         57.05505008488092        0.9999907141899356      
   2.8304687512996998E-005
   -5.520000000000000        -3.179068445902549        2.8033002168864313E-002 
   0.4550914054166511         57.05269249245670        0.9999896202184305      
   6.7009778016045016E-005
   -5.520000000000000        -2.973956117362914        3.1562097707693582E-002 
   0.4383006709806836         57.05394008985028        0.9999888427426401      
   1.5279371570046314E-004
   -5.520000000000000        -2.770157337224366        3.4773081895002195E-002 
   0.4197292847272578         57.05862210548494        0.9999882947902015      
   3.3553303048239395E-004
   -5.520000000000000        -2.567589801560878        3.7835184004062092E-002 
   0.3995228778067692         57.06661995193309        0.9999879060577067      
   7.0942283162356930E-004
   -5.520000000000000        -2.366168760586374        4.0892463625236797E-002 
   0.3777334852857794         57.07785786857965        0.9999876234584236      
   1.4437219996675712E-003
   -5.520000000000000        -2.165807164036497        4.4047839492782570E-002 
   0.3543394851457858         57.09229248298130        0.9999874100979880      
   2.8271027128774977E-003
   -5.520000000000000        -1.966415816142869        4.7347785856866331E-002 
   0.3292731119973726         57.10990342910170        0.9999872435892480      
   5.3254320943074062E-003
   -5.520000000000000        -1.767903539669862        5.0765914254176162E-002 
   0.3024556783685685         57.13068567979960        0.9999871137467375      
   9.6473072340286167E-003
   -5.520000000000000        -1.570177348419479        5.4184336968810309E-002 
   0.2738416457398435         57.15464119848240        0.9999870194574918      
   1.6803132443520989E-002
   -5.520000000000000        -1.373142627548817        5.7374044794130274E-002 
   0.2434728853626973         57.18176749023871        0.9999869657792354      
   2.8133426054145143E-002
   -5.520000000000000        -1.176703320987477        5.9979239861295046E-002 
   0.2115430387448684         57.21204863892090        0.9999869635901387      
   4.5274237253516744E-002
   -5.520000000000000       -0.9807621251897585        6.1514922333329045E-002 
   0.1784683593852075         57.24545512369738        0.9999870313635520      
   7.0028134522654648E-002
   -5.520000000000000       -0.7852206884089804        6.1390685683157989E-002 
   0.1449556631942959         57.28194170248929        0.9999871959412304      
   0.1041244945610856     
   -5.520000000000000       -0.5899798146396622        5.8974461850904186E-002 
   0.1120504510566730         57.32143142126537        0.9999874931987239      
   0.1488851994782498     
   -5.520000000000000       -0.3949396713377247        5.3705006987808550E-002 
   8.1140786289584932E-002    57.36378390886044        0.9999879701235008      
   0.2048552177228357     
   -5.520000000000000       -0.2000000000000011        4.5248404358723820E-002 
   5.3888727026629835E-002    57.40872897584955        0.9999886854557389      
   0.2714953853370262     
   -5.520000000000000       -5.0612032226220773E-003   3.3670344739016492E-002 
   3.2066066995729524E-002    57.45575971270136        0.9999897094426689      
   0.3470445540653444     
   -5.520000000000000        0.1899728225015762        1.9564787317847644E-002 
   1.7291683387868073E-002    57.50401978279759        0.9999911224220172      
   0.4286250137613765     
   -5.520000000000000        0.3851971143511089        4.0519602093031931E-003 
   1.0710579069494916E-002    57.32300815957641        0.9999930071658297      
   0.5125967992687935     
   -5.520000000000000        0.5807063267879043        1.5336096233169261E-003 
   9.1255372549425944E-003    57.14738758360181        0.9999945377364192      
   0.5952477660497950     
   -5.520000000000000        0.7765945422431204        1.2795299475797401E-003 
   8.3028281206419773E-003    56.98171788097124        0.9999957615031679      
   0.6728870057240924     
   -5.520000000000000        0.9729550842390562        1.3335055172805992E-003 
   7.5372214384675298E-003    56.82898160236083        0.9999967266868626      
   0.7424908533239081     
   -5.520000000000000         1.169880333731538        1.3596338567365934E-003 
   6.7574687388163076E-003    56.69067114976973        0.9999974777793084      
   0.8020410253808716     
   -5.520000000000000         1.367461549433629        1.3210114567284565E-003 
   5.9915426435043304E-003    56.56708091346172        0.9999980544449549      
   0.8506661304487021     
   -5.520000000000000         1.565788692852865        1.2335590400415850E-003 
   5.2701410380021595E-003    56.45766705493141        0.9999984912425367      
   0.8885665844187605     
   -5.520000000000000         1.764950258740411        1.1182903860993930E-003 
   4.6122250035481576E-003    56.36137650881228        0.9999988176832197      
   0.9167729749387771     
   -5.520000000000000         1.965033111612069        9.9197375437264437E-004 
   4.0260034178294735E-003    56.27690790646093        0.9999990584898507      
   0.9368223243933936     
   -5.520000000000000         2.166122328958343        8.6601951866302094E-004 
   3.5122493227765818E-003    56.20288819243878        0.9999992339843351      
   0.9504377278185080     
   -5.520000000000000         2.368301051714338        7.4732258322808358E-004 
   3.0672522762383507E-003    56.13797907158813        0.9999993605519389      
   0.9592733184921642     
   -5.520000000000000         2.571650342510284        6.3947392286304856E-004 
   2.6849689401665581E-003    56.08093648022847        0.9999994511440766      
   0.9647527873677247     
   -5.520000000000000         2.776249052171010        5.4385737203374606E-004 
   2.3584421573886478E-003    56.03063954313518        0.9999995157894856      
   0.9679992447801623     
   -5.520000000000000         2.982173694877646        4.6049876670369109E-004 
   2.0806578675880076E-003    55.98609917122369        0.9999995620898219      
   0.9698350118819427     
   -5.520000000000000         3.189498332348288        3.8866529829454104E-004 
   1.8450110996224706E-003    55.94645405118990        0.9999995956810773      
   0.9708233805252237     
   -5.520000000000000         3.398294467336542        3.2725806102813868E-004 
   1.6455243653617998E-003    55.91096048981483        0.9999996206475176      
   0.9713273143955300     
   -5.520000000000000         3.608630946688375        2.7505270180537794E-004 
   1.4769201609603180E-003    55.87898001953740        0.9999996398800843      
   0.9715676756643061     
   -5.520000000000000         3.820573874139177        2.3083783098616141E-004 
   1.3346111758032273E-003    55.84996643406958        0.9999996553761999      
   0.9716717353749310     
   -5.520000000000000         4.034186532974921        1.9348784712040935E-004 
   1.2146478675756525E-003    55.82345320255691        0.9999996684821836      
   0.9717090788302327     
   -5.520000000000000         4.249529318623878        1.6199499814830440E-004 
   1.1136488795885449E-003    55.79904202681753        0.9999996800828088      
   0.9717158373804846     
   -5.520000000000000         4.466659681189796        1.3547739140322654E-004 
   1.0287290692867620E-003    55.77639291330451        0.9999996907446925      
   0.9717098178068393     
   -5.520000000000000         4.685632077883227        1.1317403070581206E-004 
   9.5743188541409373E-004    55.75521570295091        0.9999997008212533      
   0.9716993214198463     
   -5.520000000000000         4.906497935255945        9.4433840032079130E-005 
   8.9766833385482195E-004    55.73526282145610        0.9999997105270750      
   0.9716879731487155     
   -5.520000000000000         5.129305621094297        7.8702675135565569E-005 
   8.4766309535158927E-004    55.71632305749295        0.9999997199889150      
   0.9716772162356496     
   -5.520000000000000         5.354100425780786        6.5510357639010923E-005 
   8.0590780372597002E-004    55.69821624895361        0.9999997292795823      
   0.9716675317171263     
   -5.520000000000000         5.580924552890115        5.4458646334813022E-005 
   7.7112104757816942E-004    55.68078876313457        0.9999997384397308      
   0.9716590034723758     
   -5.520000000000000         5.809817118746128        4.5210518419090841E-005 
   7.4221432237754203E-004    55.66390964589502        0.9999997474914395      
   0.9716515663858739     
   -5.520000000000000         6.040814160629681        3.7480865476028132E-005 
   7.1826310902768707E-004    55.64746733314139        0.9999997564464022      
   0.9716451093015619     
   -5.520000000000000         6.273948653295052        3.1028548476955573E-005 
   6.9848236508339586E-004    55.63136684654730        0.9999997653107174      
   0.9716395149076462     
   -5.520000000000000         6.509250533423568        2.5649665886066194E-005 
   6.8220579651214397E-004    55.61552740790743        0.9999997740875927      
   0.9716346736686030     
   -5.520000000000000         6.746746731618209        2.1171861630122954E-005 
   6.6886831290256387E-004    55.59988040766527        0.9999997827788283      
   0.9716304876844916     
   -5.520000000000000         6.986461211521710        1.7449511266022931E-005 
   6.5799112651032492E-004    55.58436766818854        0.9999997913855977      
   0.9716268709162432     
   -5.520000000000000         7.228415015623348        1.4359648290208380E-005 
   6.4916905020093152E-004    55.56893995356775        0.9999997999088447      
   0.9716237482476181     
   -5.520000000000000         7.472626317305855        1.1798514778745562E-005 
   6.4205964363402959E-004    55.55355568856112        0.9999998083494746      
   0.9716210542755314     
   -5.520000000000000         7.719110478673879        9.6786391418279209E-006 
   6.3637392666676348E-004    55.53817985655313        0.9999998167084448      
   0.9716187321250440     
   -5.520000000000000         7.967880113698818        7.9263592338436049E-006 
   6.3186842841487525E-004    55.52278305136491        0.9999998249867919      
   0.9716167323732412     
   -5.520000000000000         8.218945156211536        6.4797216523422388E-006 
   6.2833837914158075E-004    55.50734066184135        0.9999998331856481      
   0.9716150120958096     
   -5.520000000000000         8.472312932274409        5.2866984427751095E-006 
   6.2561188258908687E-004    55.49183217135540        0.9999998413062348      
   0.9716135340291655     
   -5.520000000000000         8.727988236466917        4.3036715709999791E-006 
   6.2354492937279331E-004    55.47624055668255        0.9999998493498544      
   0.9716122658361497     
   -5.520000000000000         8.985973411624599        3.4941438946149522E-006 
   6.2201713058598418E-004    55.46055177255623        0.9999998573178809      
   0.9716111794631247     
   -5.520000000000000         9.246268431579237        2.8276427232595189E-006 
   6.2092806739114472E-004    55.44475431000274        0.9999998652117497      
   0.9716102505774258     
   -5.520000000000000         9.508870986458517        2.2787880463883207E-006 
   6.2019416745168112E-004    55.42883881827566        0.9999998730329462      
   0.9716094580753734     
   -5.520000000000000         9.773776570115773        1.8265021676628411E-006 
   6.1974603194657333E-004    55.41279778174435        0.9999998807829960      
   0.9716087836523398     
   -5.520000000000000         10.04097856927476        1.4533412022346932E-006 
   6.1952614741159207E-004    55.39662524439408        0.9999998884634564      
   0.9716082114274407     
   -5.520000000000000         10.31046835399012        1.1449320553832798E-006 
   6.1948692505663430E-004    55.38031657569950        0.9999998960759096      
   0.9716077276163925     
   -5.520000000000000         10.58223536904130        8.8950130120657712E-007 
   6.1958901689725880E-004    55.36386827258089        0.9999999036219525      
   0.9716073202469784     
   -5.520000000000000         10.85626722589636        6.7748477248788410E-007 
   6.1979986329318984E-004    55.34727779300052        0.9999999111031951      
   0.9716069789124669     
   -5.520000000000000         11.13254979490064        5.0120851890881569E-007 
   6.2009243052008631E-004    55.33054341756464        0.9999999185212591      
   0.9716066945593551     
   -5.520000000000000         11.41106729736590        3.5463282947579089E-007 
   6.2044410012847913E-004    55.31366413630324        0.9999999258777837      
   0.9716064593072040     
   -5.520000000000000         11.69180239725550        2.3315081333339273E-007 
   6.2083567476632726E-004    55.29663955858151        0.9999999331744420      
   0.9716062663001915     
   -5.520000000000000         11.97473629218198        1.3343048900565556E-007 
   6.2125046923557970E-004    55.27946984481077        0.9999999404129796      
   0.9716061095921257     
   -5.520000000000000         12.25984880345458        5.3282233709354205E-008 
   6.2167346336689227E-004    55.26215565925907        0.9999999475952780      
   0.9716059840677402     
   -5.520000000000000         12.54711846493471       -8.4804506752237853E-009 
   6.2209050981213332E-004    55.24469814367009        0.9999999547234690      
   0.9716058853995341     
   -5.520000000000000         12.83652261047853       -5.2239306124815712E-008 
   6.2248762304209157E-004    55.22709891111158        0.9999999618001052      
   0.9716058100250307     
   -5.520000000000000         13.12803745976597       -7.7900724508654503E-008 
   6.2285043194445534E-004    55.20936005784171        0.9999999688284047      
   0.9716057550991588     
   -5.520000000000000         13.42163820233561       -8.5431768427524183E-008 
   6.2316395504224509E-004    55.19148418736628        0.9999999758125632      
   0.9716057183379453     
   -5.520000000000000         13.71729907966468       -7.5635435564385694E-008 
   6.2341293223159547E-004    55.17347443465133        0.9999999827581071      
   0.9716056976587490     
   -5.520000000000000         14.01499346515192       -5.1069332730022842E-008 
   6.2358295618254451E-004    55.15533447044937        0.9999999896721999      
   0.9716056906015927     
   -5.520000000000000         14.31469394187969       -1.6899588656969028E-008 
   6.2366253215116155E-004    55.13706845921523        0.9999999965638068      
   0.9716056937163046     
   -5.520000000000000         14.61637237804932        1.7275635427301568E-008 
   6.2364653179992186E-004    55.11868094593935         1.000000003443570      
   0.9716057023094047     
   -5.520000000000000         14.92000000000000        1.7275635427301568E-008 
   6.2367853250240113E-004    55.10029343266348         1.000000010323333      
   0.9716057109025048     
   -5.280000000000000        -4.227026579539560         0.000000000000000      
   0.5000000000000000         54.72025713835402         1.000000000000000      
    0.000000000000000     
   -5.280000000000000        -4.014206434341432        1.2172777196658947E-002 
   0.4979385408502982         54.72025713835402        0.9999969199949803      
   1.4243539078551044E-006
   -5.280000000000000        -3.803070304910810        2.2765198304883515E-002 
   0.4920357193432068         54.70618691972727        0.9999942739635556      
   4.3035404555597095E-006
   -5.280000000000000        -3.593549933081869        3.1837502530493667E-002 
   0.4828500488263854         54.69629719706091        0.9999922473599012      
   1.1162780027128986E-005
   -5.280000000000000        -3.385574045583126        3.9575164603931817E-002 
   0.4709030760192603         54.69031624530930        0.9999907410707509      
   2.7486407116065595E-005
   -5.280000000000000        -3.179068445902549        4.6215083313283271E-002 
   0.4566395194902554         54.68799454821285        0.9999896501893868      
   6.5085359090819001E-005
   -5.280000000000000        -2.973956117362914        5.2034884044031185E-002 
   0.4404082620765232         54.68912895888421        0.9999888751237789      
   1.4844084252676399E-004
   -5.280000000000000        -2.770157337224366        5.7329521323918969E-002 
   0.4224532926349936         54.69356799052928        0.9999883292223296      
   3.2606684036442433E-004
   -5.280000000000000        -2.567589801560878        6.2382337471795460E-002 
   0.4029141977352647         54.70120901564197        0.9999879424194691      
   6.8964176816833185E-004
   -5.280000000000000        -2.366168760586374        6.7436656800030331E-002 
   0.3818356765410325         54.71199117733072        0.9999876618231880      
   1.4040258876661319E-003
   -5.280000000000000        -2.165807164036497        7.2669947800226509E-002 
   0.3591848963532233         54.72588755567300        0.9999874507714881      
   2.7506438649106497E-003
   -5.280000000000000        -1.966415816142869        7.8169003875838056E-002 
   0.3348758006705808         54.74289906057614        0.9999872871955680      
   5.1841583781392806E-003
   -5.280000000000000        -1.767903539669862        8.3902932913429540E-002 
   0.3088006127889885         54.76305088742468        0.9999871612191460      
   9.3970146314484269E-003
   -5.280000000000000        -1.570177348419479        8.9691679093394733E-002 
   0.2808701254529341         54.78638890641939        0.9999870717127434      
   1.6378087267403876E-002
   -5.280000000000000        -1.373142627548817        9.5171434874645092E-002 
   0.2510651173110036         54.81297335516262        0.9999870231187532      
   2.7441672646938715E-002
   -5.280000000000000        -1.176703320987477        9.9764264892793053E-002 
   0.2195006156879052         54.84287699141865        0.9999870254044619      
   4.4195161404732369E-002
   -5.280000000000000       -0.9807621251897585        0.1026665882028451      
   0.1865021863724221         54.87619485931246        0.9999870964200334      
   6.8413873192785801E-002
   -5.280000000000000       -0.7852206884089804        0.1028780077040972      
   0.1526884302694436         54.91304865765544        0.9999872624871468      
   0.1018060841456329     
   -5.280000000000000       -0.5899798146396622        9.9295302685457887E-002 
   0.1190457842870580         54.95356430281330        0.9999875585799372      
   0.1456830049893630     
   -5.280000000000000       -0.3949396713377247        9.0892038035721517E-002 
   8.6970782819820999E-002    54.99781441427731        0.9999880307064016      
   0.2005918598268472     
   -5.280000000000000       -0.2000000000000011        7.6987218998937790E-002 
   5.8242710729305154E-002    55.04569068795636        0.9999887365281024      
   0.2660092039245388     
   -5.280000000000000       -5.0612032226220773E-003   5.7570918076168737E-002 
   3.4880248505296807E-002    55.09668380498856        0.9999897445734351      
   0.3402033064301740     
   -5.280000000000000        0.1899728225015762        3.3595491390799474E-002 
   1.8841731616237971E-002    55.14962483398124        0.9999911325597016      
   0.4203419280925383     
   -5.280000000000000        0.3851971143511089        7.0627238804764833E-003 
   1.1576783571614957E-002    54.95322014508321        0.9999929786106595      
   0.5028509800926967     
   -5.280000000000000        0.5807063267879043        2.7831681118407458E-003 
   9.7040125778631199E-003    54.76494381221558        0.9999944790711258      
   0.5841061249263679     
   -5.280000000000000        0.7765945422431204        2.3417621700012542E-003 
   8.6512695836760342E-003    54.59059250441864        0.9999956793408927      
   0.6604757396520083     
   -5.280000000000000        0.9729550842390562        2.3979212741061804E-003 
   7.6876677274451593E-003    54.43324176800529        0.9999966265011572      
   0.7289718675616419     
   -5.280000000000000         1.169880333731538        2.3955201638273735E-003 
   6.7542602443145961E-003    54.29374557002791        0.9999973641621037      
   0.7875941719040316     
   -5.280000000000000         1.367461549433629        2.2852886348558249E-003 
   5.8831662090652308E-003    54.17147443586417        0.9999979312178856      
   0.8354732639953105     
   -5.280000000000000         1.565788692852865        2.1012978819463270E-003 
   5.0997162008868148E-003    54.06497508482143        0.9999983615449910      
   0.8727979065249583     
   -5.280000000000000         1.764950258740411        1.8810685022295631E-003 
   4.4130603524725476E-003    53.97244923920573        0.9999986840551431      
   0.9005770931324445     
   -5.280000000000000         1.965033111612069        1.6519581371822758E-003 
   3.8211376739438253E-003    53.89205480322667        0.9999989229507068      
   0.9203209155002282     
   -5.280000000000000         2.166122328958343        1.4310666059821051E-003 
   3.3160227040739637E-003    53.82206370597537        0.9999990981081976      
   0.9337246386325767     
   -5.280000000000000         2.368301051714338        1.2277292266250905E-003 
   2.8875047217533267E-003    53.76092854670507        0.9999992255383684      
   0.9424170485913875     
   -5.280000000000000         2.571650342510284        1.0460575857945162E-003 
   2.5251124707704247E-003    53.70729994514137        0.9999993178840164      
   0.9478009067188691     
   -5.280000000000000         2.776249052171010        8.8693465397455379E-004 
   2.2191110632411915E-003    53.66001960710231        0.9999993849251901      
   0.9509833967675860     
   -5.280000000000000         2.982173694877646        7.4941447192429240E-004 
   1.9608954319836462E-003    53.61810227900071        0.9999994340679238      
   0.9527755439283603     
   -5.280000000000000         3.189498332348288        6.3163516104614709E-004 
   1.7430601917577098E-003    53.58071313427461        0.9999994707982170      
   0.9537331036347755     
   -5.280000000000000         3.398294467336542        5.3137793620931903E-004 
   1.5593189234898944E-003    53.54714526832865        0.9999994990883947      
   0.9542142667063009     
   -5.280000000000000         3.608630946688375        4.4638679330631106E-004 
   1.4043702314552836E-003    53.51679995331170        0.9999995217482099      
   0.9544369954117758     
   -5.280000000000000         3.820573874139177        3.7453663134311968E-004 
   1.2737548986807151E-003    53.48916977083739        0.9999995407179786      
   0.9545268462687303     
   -5.280000000000000         4.034186532974921        3.1391037537496585E-004 
   1.1637215278149115E-003    53.46382406391814        0.9999995573051929      
   0.9545523983165298     
   -5.280000000000000         4.249529318623878        2.6282356019752446E-004 
   1.0711085512242029E-003    53.44039658249173        0.9999995723692439      
   0.9545491808618767     
   -5.280000000000000         4.466659681189796        2.1982004200537240E-004 
   9.9324553457900326E-004    53.41857528988488        0.9999995864609541      
   0.9545346223875711     
   -5.280000000000000         4.685632077883227        1.8365341315620964E-004 
   9.2787254268509537E-004    53.39809404708799        0.9999995999245661      
   0.9545167687030702     
   -5.280000000000000         4.906497935255945        1.5326290607249675E-004 
   8.7307424958103764E-004    53.37872574960007        0.9999996129699045      
   0.9544990581646744     
   -5.280000000000000         5.129305621094297        1.2774864576640949E-004 
   8.2722556415676211E-004    53.36027656516578        0.9999996257218106      
   0.9544827884821183     
   -5.280000000000000         5.354100425780786        1.0634854500492732E-004 
   7.8894644981049246E-004    53.34258105733360        0.9999996382529294      
   0.9544683218352864     
   -5.280000000000000         5.580924552890115        8.8417708005440182E-005 
   7.5706427255777149E-004    53.32549805295736        0.9999996506047698      
   0.9544556422913647     
   -5.280000000000000         5.809817118746128        7.3410543825817891E-005 
   7.3058231632233889E-004    53.30890713169590        0.9999996628008150      
   0.9544445996095683     
   -5.280000000000000         6.040814160629681        6.0865487317674042E-005 
   7.0865334198060633E-004    53.29270563454079        0.9999996748544148      
   0.9544350094382612     
   -5.280000000000000         6.273948653295052        5.0392068499552698E-005 
   6.9055731669248480E-004    53.27680611341975        0.9999996867734013      
   0.9544266912609511     
   -5.280000000000000         6.509250533423568        4.1660006336255160E-005 
   6.7568262077493248E-004    53.26113415852490        0.9999996985626973      
   0.9544194808455883     
   -5.280000000000000         6.746746731618209        3.4390009688214662E-005 
   6.6351014179345715E-004    53.24562654461029        0.9999997102257476      
   0.9544132329062689     
   -5.280000000000000         6.986461211521710        2.8346009845685847E-005 
   6.5359975237006831E-004    53.23022964341779        0.9999997217652783      
   0.9544078203301684     
   -5.280000000000000         7.228415015623348        2.3328593719000451E-005 
   6.4557876670777296E-004    53.21489805952221        0.9999997331836911      
   0.9544031323925437     
   -5.280000000000000         7.472626317305855        1.9169444342323409E-005 
   6.3913206056252141E-004    53.19959345642118        0.9999997444832569      
   0.9543990728212624     
   -5.280000000000000         7.719110478673879        1.5726627684428578E-005 
   6.3399360375376249E-004    53.18428354591231        0.9999997556662142      
   0.9543955579859924     
   -5.280000000000000         7.967880113698818        1.2880592777814199E-005 
   6.2993919865160378E-004    53.16894121793903        0.9999997667348105      
   0.9543925152803056     
   -5.280000000000000         8.218945156211536        1.0530774797449634E-005 
   6.2678025219241665E-004    53.15354379158789        0.9999997776913195      
   0.9543898816978713     
   -5.280000000000000         8.472312932274409        8.5927083034177677E-006 
   6.2435843607544235E-004    53.13807237087256        0.9999997885380500      
   0.9543876025853468     
   -5.280000000000000         8.727988236466917        6.9955722909715549E-006 
   6.2254111062682888E-004    53.12251129119187        0.9999997992773412      
   0.9543856305515352     
   -5.280000000000000         8.985973411624599        5.6801013524132156E-006 
   6.2121740453192648E-004    53.10684764414449        0.9999998099115585      
   0.9543839245136546     
   -5.280000000000000         9.246268431579237        4.5968083824428457E-006 
   6.2029485726291492E-004    53.09107087000457        0.9999998204430907      
   0.9543824488637919     
   -5.280000000000000         9.508870986458517        3.7044736274556211E-006 
   6.1969654403405791E-004    53.07517240864919        0.9999998308743396      
   0.9543811727407611     
   -5.280000000000000         9.773776570115773        2.9688624894967804E-006 
   6.1935861423665121E-004    53.05914540104272        0.9999998412077158      
   0.9543800693945322     
   -5.280000000000000         10.04097856927476        2.3616406431464119E-006 
   6.1922818352851757E-004    53.04298443453445        0.9999998514456315      
   0.9543791156320629     
   -5.280000000000000         10.31046835399012        1.8594601436981206E-006 
   6.1926152728694573E-004    53.02668532623191        0.9999998615904969      
   0.9543782913348516     
   -5.280000000000000         10.58223536904130        1.4431946465276726E-006 
   6.1942252911535429E-004    53.01024493959071        0.9999998716447112      
   0.9543775790398680     
   -5.280000000000000         10.85626722589636        1.0973057420859581E-006 
   6.1968134260173688E-004    52.99366103014435        0.9999998816106637      
   0.9543769635769360     
   -5.280000000000000         11.13254979490064        8.0932565029365574E-007 
   6.2001322764999867E-004    52.97693211704442        0.9999998914907348      
   0.9543764317572322     
   -5.280000000000000         11.41106729736590        5.6944383046039202E-007 
   6.2039752459062307E-004    52.96005737782981        0.9999999012873034      
   0.9543759721097483     
   -5.280000000000000         11.69180239725550        3.7018562048062661E-007 
   6.2081673011004615E-004    52.94303656459402        0.9999999110027709      
   0.9543755746655987     
   -5.280000000000000         11.97473629218198        2.0616771617031336E-007 
   6.2125563925460587E-004    52.92586994053753        0.9999999206396046      
   0.9543752307937430     
   -5.280000000000000         12.25984880345458        7.3904464208212862E-008 
   6.2170051941099445E-004    52.90855823683078        0.9999999302004250      
   0.9543749330939059     
   -5.280000000000000         12.54711846493471       -2.8384111403249636E-008 
   6.2213829142776077E-004    52.89110263055102        0.9999999396881452      
   0.9543746753473434     
   -5.280000000000000         12.83652261047853       -1.0105149357277737E-007 
   6.2255572314797673E-004    52.87350474471941        0.9999999491061941      
   0.9543744525028560     
   -5.280000000000000         13.12803745976597       -1.4352427491802966E-007 
   6.2293870576124563E-004    52.85576667046558        0.9999999584588483      
   0.9543742606243067     
   -5.280000000000000         13.42163820233561       -1.5518286540207908E-007 
   6.2327179417324627E-004    52.83789100789708        0.9999999677516583      
   0.9543740966565560     
   -5.280000000000000         13.71729907966468       -1.3674438520144626E-007 
   6.2353834639279377E-004    52.81988091480722        0.9999999769919540      
   0.9543739578378519     
   -5.280000000000000         14.01499346515192       -9.2055201011835989E-008 
   6.2372172084919429E-004    52.80174014024104        0.9999999861893224      
   0.9543738407112738     
   -5.280000000000000         14.31469394187969       -2.9932305639203528E-008 
   6.2380794658253120E-004    52.78347300483005        0.9999999953558830      
   0.9543737400369654     
   -5.280000000000000         14.61637237804932        3.2266354918898266E-008 
   6.2379059129665242E-004    52.76508428365124         1.000000004506170      
   0.9543736483097988     
   -5.280000000000000         14.92000000000000        3.2266354918898266E-008 
   6.2382530186840999E-004    52.74669556247243         1.000000013656457      
   0.9543735565826321     
   -5.040000000000000        -4.227026579539560         0.000000000000000      
   0.5000000000000000         52.34868005489094         1.000000000000000      
    0.000000000000000     
   -5.040000000000000        -4.014206434341432        1.6723195074809870E-002 
   0.4980462786933734         52.34868005489094        0.9999969337505252      
   1.3582173024485743E-006
   -5.040000000000000        -3.803070304910810        3.1308438147839401E-002 
   0.4924521552368844         52.33535838710630        0.9999942991858792      
   4.1042779310325704E-006
   -5.040000000000000        -3.593549933081869        4.3813467285299112E-002 
   0.4837448145259890         52.32596947565873        0.9999922810419601      
   1.0647775206813108E-005
   -5.040000000000000        -3.385574045583126        5.4479961939080460E-002 
   0.4724154535808914         52.32024551172110        0.9999907809435081      
   2.6223712123591537E-005
   -5.040000000000000        -3.179068445902549        6.3629392101358456E-002 
   0.4588857535919204         52.31795407083348        0.9999896946607836      
   6.2110887767192102E-005
   -5.040000000000000        -2.973956117362914        7.1644269761033927E-002 
   0.4434888994336843         52.31891101415872        0.9999889231940807      
   1.4170011239235375E-004
   -5.040000000000000        -2.770157337224366        7.8934293523502494E-002 
   0.4264586798742444         52.32298224883382        0.9999883803751045      
   3.1137590645594792E-004
   -5.040000000000000        -2.567589801560878        8.5896270553464604E-002 
   0.4079275166678960         52.33008077426174        0.9999879965050589      
   6.5886615993588184E-004
   -5.040000000000000        -2.366168760586374        9.2875510294930658E-002 
   0.3879329187636085         52.34016099445554        0.9999877189921053      
   1.3420896722870178E-003
   -5.040000000000000        -2.165807164036497        0.1001311489654227      
   0.3664309443803246         52.35321357144993        0.9999875115011921      
   2.6309595759200165E-003
   -5.040000000000000        -1.966415816142869        0.1078029673893112      
   0.3433155679322898         52.36926337232821        0.9999873523431589      
   4.9622010218140656E-003
   -5.040000000000000        -1.767903539669862        0.1158747830463292      
   0.3184441232056730         52.38837136556098        0.9999872318923445      
   9.0021501850081655E-003
   -5.040000000000000        -1.570177348419479        0.1241304002735911      
   0.2916706869935735         52.41063779639933        0.9999871487681010      
   1.5704464498315217E-002
   -5.040000000000000        -1.373142627548817        0.1321025764181719      
   0.2628907182146719         52.43620508725125        0.9999871065393956      
   2.6339916092401914E-002
   -5.040000000000000        -1.176703320987477        0.1390231277939450      
   0.2321008830309756         52.46527082231921        0.9999871141790815      
   4.2467454808972127E-002
   -5.040000000000000       -0.9807621251897585        0.1437921770748937      
   0.1994773537325212         52.49811797283014        0.9999871887383144      
   6.5815263562786205E-002
   -5.040000000000000       -0.7852206884089804        0.1449948155513882      
   0.1654731809073294         52.53513808922609        0.9999873554297697      
   9.8053921300789562E-002
   -5.040000000000000       -0.5899798146396622        0.1410013094086174      
   0.1309289593048681         52.57681992971685        0.9999876478485379      
   0.1404742644798927     
   -5.040000000000000       -0.3949396713377247        0.1301888446981097      
   9.7178670422794378E-002    52.62368030407908        0.9999881108219597      
   0.1936255465236482     
   -5.040000000000000       -0.2000000000000011        0.1113137044852336      
   6.6110416884356815E-002    52.67605468351979        0.9999888003115291      
   0.2570099679800190     
   -5.040000000000000       -5.0612032226220773E-003   8.4031895843539067E-002 
   4.0105473894668620E-002    52.73367114963085        0.9999897823175978      
   0.3289446110935389     
   -5.040000000000000        0.1899728225015762        4.9487001248495324E-002 
   2.1737714962601278E-002    52.79503826256122        0.9999911312051233      
   0.4066719381882697     
   -5.040000000000000        0.3851971143511089        1.0707956982080017E-002 
   1.3126904133683925E-002    52.57066470501415        0.9999929202792066      
   0.4867264592297248     
   -5.040000000000000        0.5807063267879043        4.4848418229886198E-003 
   1.0656353773417445E-002    52.36090966771345        0.9999943751687551      
   0.5656300818969343     
   -5.040000000000000        0.7765945422431204        3.7825814090591599E-003 
   9.1552187438971554E-003    52.17327769771237        0.9999955396066603      
   0.6398505091675191     
   -5.040000000000000        0.9729550842390562        3.7519901118705703E-003 
   7.8425260580565429E-003    52.01013554578780        0.9999964592834768      
   0.7064622505234570     
   -5.040000000000000         1.169880333731538        3.6269201729936997E-003 
   6.6643953511528733E-003    51.87054268477832        0.9999971765548094      
   0.7634995936035629     
   -5.040000000000000         1.367461549433629        3.3634619768371883E-003 
   5.6434970884475973E-003    51.75192207609413        0.9999977291555129      
   0.8101008181175727     
   -5.040000000000000         1.565788692852865        3.0215724152892159E-003 
   4.7843082720990630E-003    51.65117264660000        0.9999981499113182      
   0.8464379193876628     
   -5.040000000000000         1.764950258740411        2.6551676026842844E-003 
   4.0731301210070424E-003    51.56529392072797        0.9999984668000683      
   0.8734847047045924     
   -5.040000000000000         1.965033111612069        2.2984092560725650E-003 
   3.4884928294722454E-003    51.49166220413817        0.9999987032081067      
   0.8927058206195072     
   -5.040000000000000         2.166122328958343        1.9694810613651971E-003 
   3.0081701057510417E-003    51.42809239968571        0.9999988783114439      
   0.9057488724055833     
   -5.040000000000000         2.368301051714338        1.6761159798864673E-003 
   2.6124015287946958E-003    51.37280374148689        0.9999990075313827      
   0.9141989322880358     
   -5.040000000000000         2.571650342510284        1.4198942386854999E-003 
   2.2848464190744753E-003    51.32435661959664        0.9999991030256591      
   0.9194225364357352     
   -5.040000000000000         2.776249052171010        1.1991001804494660E-003 
   2.0124632413752331E-003    51.28158734960374        0.9999991741847153      
   0.9224992491461325     
   -5.040000000000000         2.982173694877646        1.0104733806916497E-003 
   1.7849942208132390E-003    51.24355102444323        0.9999992281096320      
   0.9242204863275980     
   -5.040000000000000         3.189498332348288        8.5021725930127957E-004 
   1.5943828233280343E-003    51.20947453684588        0.9999992700541246      
   0.9251289171585892     
   -5.040000000000000         3.398294467336542        7.1454301856702204E-004 
   1.4342586400319306E-003    51.17871950142086        0.9999993038185699      
   0.9255744517633200     
   -5.040000000000000         3.608630946688375        5.9993581220770258E-004 
   1.2995302348243355E-003    51.15075433578122        0.9999993320892326      
   0.9257700347645865     
   -5.040000000000000         3.820573874139177        5.0326256554892104E-004 
   1.1860799969261818E-003    51.12513346170553        0.9999993567205910      
   0.9258382731993112     
   -5.040000000000000         4.034186532974921        4.2179498450720847E-004 
   1.0905385992736568E-003    51.10148130043080        0.9999993789626243      
   0.9258460331601814     
   -5.040000000000000         4.249529318623878        3.5319044466471436E-004 
   1.0101185741745139E-003    51.07947966131086        0.9999993996378564      
   0.9258278360824460     
   -5.040000000000000         4.466659681189796        2.9545420518372728E-004 
   9.4249211016910123E-004    51.05885784654327        0.9999994192748137      
   0.9258004913603121     
   -5.040000000000000         4.685632077883227        2.4689556189149830E-004 
   8.8570134529510308E-004    51.03938493323289        0.9999994382054072      
   0.9257716372029570     
   -5.040000000000000         4.906497935255945        2.0608463234073494E-004 
   8.3809143334917036E-004    51.02086365863118        0.9999994566337018      
   0.9257444211660422     
   -5.040000000000000         5.129305621094297        1.7181300176856865E-004 
   7.9825907429136055E-004    51.00312542362737        0.9999994746829427      
   0.9257199180450745     
   -5.040000000000000         5.354100425780786        1.4305937249762705E-004 
   7.6501175366948013E-004    50.98602611357638        0.9999994924266850      
   0.9256983099990125     
   -5.040000000000000         5.580924552890115        1.1896024369062680E-004 
   7.3733478804901490E-004    50.96944257006991        0.9999995099087536      
   0.9256794309126991     
   -5.040000000000000         5.809817118746128        9.8785176131285457E-005 
   7.1436427595841811E-004    50.95326959773048        0.9999995271556470      
   0.9256630029397375     
   -5.040000000000000         6.040814160629681        8.1916047200210557E-005 
   6.9536461025156886E-004    50.93741741166421        0.9999995441839927      
   0.9256487322428086     
   -5.040000000000000         6.273948653295052        6.7829680445336080E-005 
   6.7970960530659881E-004    50.92180945465009        0.9999995610049098      
   0.9256363438889450     
   -5.040000000000000         6.509250533423568        5.6083277557866744E-005 
   6.6686656431209435E-004    50.90638053042336        0.9999995776264842      
   0.9256255920103408     
   -5.040000000000000         6.746746731618209        4.6302164517354619E-005 
   6.5638276411413769E-004    50.89107520592312        0.9999995940551312      
   0.9256162606400612     
   -5.040000000000000         6.986461211521710        3.8169456581280935E-005 
   6.4787393100110789E-004    50.87584643947678        0.9999996102963388      
   0.9256081614280764     
   -5.040000000000000         7.228415015623348        3.1417322952378999E-005 
   6.4101436814430570E-004    50.86065439909088        0.9999996263550633      
   0.9256011305802134     
   -5.040000000000000         7.472626317305855        2.5819588255823154E-005 
   6.3552847381934520E-004    50.84546544298515        0.9999996422359418      
   0.9255950258320821     
   -5.040000000000000         7.719110478673879        2.1185453397608325E-005 
   6.3118344641768624E-004    50.83025124012480        0.9999996579434096      
   0.9255897236994165     
   -5.040000000000000         7.967880113698818        1.7354157879593998E-005 
   6.2778300920681416E-004    50.81498801187865        0.9999996734817669      
   0.9255851170483196     
   -5.040000000000000         8.218945156211536        1.4190438221348279E-005 
   6.2516201381488919E-004    50.79965587843034        0.9999996888552146      
   0.9255811129673083     
   -5.040000000000000         8.472312932274409        1.1580662031563113E-005 
   6.2318180187328099E-004    50.78423829579589        0.9999997040678799      
   0.9255776309082243     
   -5.040000000000000         8.727988236466917        9.4295364022532787E-006 
   6.2172622080885229E-004    50.76872157123506        0.9999997191238283      
   0.9255746010627641     
   -5.040000000000000         8.985973411624599        7.6573050602722496E-006 
   6.2069820362895597E-004    50.75309444650414        0.9999997340270700      
   0.9255719629448342     
   -5.040000000000000         9.246268431579237        6.1973623241151061E-006 
   6.2001683467896303E-004    50.73734773986517        0.9999997487815663      
   0.9255696641528336     
   -5.040000000000000         9.508870986458517        4.9942236625948772E-006 
   6.1961483393308458E-004    50.72147403903200        0.9999997633912285      
   0.9255676592895158     
   -5.040000000000000         9.773776570115773        4.0018026122630945E-006 
   6.1943640126979485E-004    50.70546743829535        0.9999997778599196      
   0.9255659090200672     
   -5.040000000000000         10.04097856927476        3.1819521213397047E-006 
   6.1943536955787778E-004    50.68932331398277        0.9999997921914523      
   0.9255643792516142     
   -5.040000000000000         10.31046835399012        2.5032352975248043E-006 
   6.1957362152390851E-004    50.67303813323777        0.9999998063895896      
   0.9255630404196067     
   -5.040000000000000         10.58223536904130        1.9398964289535503E-006 
   6.1981973033153805E-004    50.65660929186041        0.9999998204580426      
   0.9255618668685951     
   -5.040000000000000         10.85626722589636        1.4710084101396031E-006 
   6.2014778744713477E-004    50.64003497764826        0.9999998344004708      
   0.9255608363170335     
   -5.040000000000000         11.13254979490064        1.0797775481925498E-006 
   6.2053638355822390E-004    50.62331405632683        0.9999998482204907      
   0.9255599293982898     
   -5.040000000000000         11.41106729736590        7.5299096969275181E-007 
   6.2096770875721139E-004    50.60644597779679        0.9999998619216854      
   0.9255591292735017     
   -5.040000000000000         11.69180239725550        4.8059431338349959E-007 
   6.2142673612116295E-004    50.58943070114695        0.9999998755076347      
   0.9255584213170414     
   -5.040000000000000         11.97473629218198        2.5538530036057341E-007 
   6.2190044735271563E-004    50.57226863784048        0.9999998889819766      
   0.9255577928818235     
   -5.040000000000000         12.25984880345458        7.2797185878783669E-008 
   6.2237705100692136E-004    50.55496061373212        0.9999999023485133      
   0.9255572331563638     
   -5.040000000000000         12.54711846493471       -6.9283619329681457E-008 
   6.2284513786249130E-004    50.53750785200713        0.9999999156114009      
   0.9255567331186546     
   -5.040000000000000         12.83652261047853       -1.7079039450274503E-007 
   6.2329273630058269E-004    50.51991198062347        0.9999999287754491      
   0.9255562855545901     
   -5.040000000000000         13.12803745976597       -2.3004708443951228E-007 
   6.2370629970766604E-004    50.50217506809152        0.9999999418465805      
   0.9255558850213520     
   -5.040000000000000         13.42163820233561       -2.4493153044086969E-007 
   6.2406980764271463E-004    50.48429968901770        0.9999999548324509      
   0.9255555275096544     
   -5.040000000000000         13.71729907966468       -2.1496591249707627E-007 
   6.2436444891553167E-004    50.46628901301212        0.9999999677432106      
   0.9255552094877577     
   -5.040000000000000         14.01499346515192       -1.4440813615510311E-007 
   6.2456973295773959E-004    50.44814689162622        0.9999999805922744      
   0.9255549261991907     
   -5.040000000000000         14.31469394187969       -4.5905638429277844E-008 
   6.2466709586353236E-004    50.42987788596329        0.9999999933968408      
   0.9255546696991945     
   -5.040000000000000         14.61637237804932        5.3042839983242018E-008 
   6.2464743455022988E-004    50.41148715207779         1.000000006177806      
   0.9255544279094292     
   -5.040000000000000         14.92000000000000        5.3042839983242018E-008 
   6.2468675717683474E-004    50.39309641819229         1.000000018958771      
   0.9255541861196639     
   -4.800000000000000        -4.227026579539560         0.000000000000000      
   0.5000000000000000         49.97178564035620         1.000000000000000      
    0.000000000000000     
   -4.800000000000000        -4.014206434341432        2.0994126910403331E-002 
   0.4981853698658399         49.97178564035620        0.9999969517817596      
   1.2682535937619958E-006
   -4.800000000000000        -3.803070304910810        3.9328349992676925E-002 
   0.4929879725888633         49.95938188462239        0.9999943322673758      
   3.8329462684516548E-006
   -4.800000000000000        -3.593549933081869        5.5060263161761269E-002 
   0.4848950850578749         49.95059304216821        0.9999923252425794      
   9.9455397434783210E-006
   -4.800000000000000        -3.385574045583126        6.8480780524470902E-002 
   0.4743628578108983         49.94516811857329        0.9999908332882481      
   2.4499190807555130E-005
   -4.800000000000000        -3.179068445902549        7.9986953315013182E-002 
   0.4617860297333015         49.94289310035926        0.9999897530647424      
   5.8040989047396933E-005
   -4.800000000000000        -2.973956117362914        9.0057975952949967E-002 
   0.4474795110585881         49.94360128480653        0.9999889863565429      
   1.3245724130742074E-004
   -4.800000000000000        -2.770157337224366        9.9212132850487411E-002 
   0.4316664583468205         49.94717360953021        0.9999884476393284      
   2.9118210511993247E-004
   -4.800000000000000        -2.567589801560878        0.1079565798880562      
   0.4144741184174794         49.95353563911444        0.9999880677118491      
   6.1644260865001313E-004
   -4.800000000000000        -2.366168760586374        0.1167397229738664      
   0.3959370299594627         49.96265299149066        0.9999877943813210      
   1.2564332935353958E-003
   -4.800000000000000        -2.165807164036497        0.1259092201686141      
   0.3760059966526537         49.97452862197657        0.9999875916899730      
   2.4648217633668787E-003
   -4.800000000000000        -1.966415816142869        0.1356723135884305      
   0.3545613975131046         49.98920474681754        0.9999874382916550      
   4.6527910295167691E-003
   -4.800000000000000        -1.767903539669862        0.1460517338930415      
   0.3314306133153417         50.00677037883047        0.9999873246444261      
   8.4490896006771798E-003
   -4.800000000000000        -1.570177348419479        0.1568309445790277      
   0.3064111763191623         50.02737244638211        0.9999872488744925      
   1.4755988968862455E-002
   -4.800000000000000        -1.373142627548817        0.1674871835036285      
   0.2793032351202304         50.05123176115738        0.9999872135169282      
   2.4779696809388581E-002
   -4.800000000000000        -1.176703320987477        0.1771191703285921      
   0.2499568128728998         50.07867884865416        0.9999872264159485      
   4.0005824020918374E-002
   -4.800000000000000       -0.9807621251897585        0.1843874831430509      
   0.2183411759946626         50.11021906161223        0.9999873034848982      
   6.2089340612869408E-002
   -4.800000000000000       -0.7852206884089804        0.1874979076402961      
   0.1846451550187628         50.14660393243968        0.9999874685224137      
   9.2640251874460205E-002
   -4.800000000000000       -0.5899798146396622        0.1842699527232942      
   0.1494171929874690         50.18888296821135        0.9999877535950169      
   0.1329146196595492     
   -4.800000000000000       -0.3949396713377247        0.1723442266020913      
   0.1137488784715777         50.23838977038179        0.9999882016019936      
   0.1834622238125800     
   -4.800000000000000       -0.2000000000000011        0.1495961124966967      
   7.9484846703438000E-002    50.29650636730107        0.9999888657298092      
   0.2438237977485214     
   -4.800000000000000       -5.0612032226220773E-003   0.1148380763629461      
   4.9378651040467271E-002    50.36397335897332        0.9999898088258307      
   0.3123904770758217     
   -4.800000000000000        0.1899728225015762        6.8870436480394842E-002 
   2.6970511825477859E-002    50.43950589424574        0.9999911017197689      
   0.3865146527783070     
   -4.800000000000000        0.3851971143511089        1.5703279276894418E-002 
   1.5767152224429933E-002    50.16573579646622        0.9999928143021164      
   0.4628885759420930     
   -4.800000000000000        0.5807063267879043        7.0903180273081358E-003 
   1.2058044465998551E-002    49.92289364561611        0.9999942070063201      
   0.5382486086457698     
   -4.800000000000000        0.7765945422431204        5.8835533766926455E-003 
   9.7284958435443682E-003    49.71850745050956        0.9999953225156721      
   0.6092108507154853     
   -4.800000000000000        0.9729550842390562        5.5478870078276114E-003 
   7.8630440967524459E-003    49.55115690984154        0.9999962048581279      
   0.6729498790269242     
   -4.800000000000000         1.169880333731538        5.1167176445353216E-003 
   6.3548865663359405E-003    49.41551655582789        0.9999968946813785      
   0.7275611053929848     
   -4.800000000000000         1.367461549433629        4.5650865858608636E-003 
   5.1692674014134736E-003    49.30535163135082        0.9999974281111017      
   0.7722019284823771     
   -4.800000000000000         1.565788692852865        3.9771387895428329E-003 
   4.2544592214287793E-003    49.21497801615871        0.9999978365055250      
   0.8070234168914520     
   -4.800000000000000         1.764950258740411        3.4130950119195475E-003 
   3.5516863527480418E-003    49.13978571072818        0.9999981465295393      
   0.8329476549376312     
   -4.800000000000000         1.965033111612069        2.9024571822074130E-003 
   3.0082896828526468E-003    49.07627034675441        0.9999983804158148      
   0.8513701163274350     
   -4.800000000000000         2.166122328958343        2.4550058944496356E-003 
   2.5827176772507212E-003    49.02184060215348        0.9999985563473271      
   0.8638649733181226     
   -4.800000000000000         2.368301051714338        2.0701449128866165E-003 
   2.2442924670419604E-003    48.97458462771241        0.9999986889103833      
   0.8719496239450725     
   -4.800000000000000         2.571650342510284        1.7425915003607549E-003 
   1.9710842930617135E-003    48.93307785425266        0.9999987895783201      
   0.8769344158395460     
   -4.800000000000000         2.776249052171010        1.4654313005760203E-003 
   1.7475899858099379E-003    48.89624201590522        0.9999988671956439      
   0.8798560404215713     
   -4.800000000000000         2.982173694877646        1.2316234781415683E-003 
   1.5628084878234177E-003    48.86324522516454        0.9999989284401403      
   0.8814754701984993     
   -4.800000000000000         3.189498332348288        1.0346684912752044E-003 
   1.4088164036878692E-003    48.83343212196931        0.9999989782468340      
   0.8823150678807706     
   -4.800000000000000         3.398294467336542        8.6884757176118252E-004 
   1.2797753628707022E-003    48.80627550747378        0.9999990201833496      
   0.8827119143492125     
   -4.800000000000000         3.608630946688375        7.2925473094074644E-004 
   1.1712664182748000E-003    48.78134348296496        0.9999990567712667      
   0.8828712081568257     
   -4.800000000000000         3.820573874139177        6.1173669222752908E-004 
   1.0798534419014382E-003    48.75827723857187        0.9999990897524696      
   0.8829110349046911     
   -4.800000000000000         4.034186532974921        5.1279981312271606E-004 
   1.0027973505446744E-003    48.73677553271381        0.9999991203029369      
   0.8828956672483284     
   -4.800000000000000         4.249529318623878        4.2951258393618944E-004 
   9.3786717720553074E-004    48.71658335411026        0.9999991491989298      
   0.8828581305651424     
   -4.800000000000000         4.466659681189796        3.5941586164236355E-004 
   8.8321398313392734E-004    48.69748346453992        0.9999991769420666      
   0.8828143402114389     
   -4.800000000000000         4.685632077883227        3.0044481493816846E-004 
   8.3728585846770036E-004    48.67929004990908        0.9999992038504387      
   0.8827713643564664     
   -4.800000000000000         4.906497935255945        2.5086296373171615E-004 
   7.9876923983247393E-004    48.66184385334450        0.9999992301228335      
   0.8827319560824899     
   -4.800000000000000         5.129305621094297        2.0920731090778692E-004 
   7.6654662434419700E-004    48.64500829098630        0.9999992558825458      
   0.8826968948836611     
   -4.800000000000000         5.354100425780786        1.7424309571699372E-004 
   7.3966457099612745E-004    48.62866623720785        0.9999992812063073      
   0.8826661281369395     
   -4.800000000000000         5.580924552890115        1.4492660887690967E-004 
   7.1730848893606443E-004    48.61271731223452        0.9999993061427833      
   0.8826392956631325     
   -4.800000000000000         5.809817118746128        1.2037461301697923E-004 
   6.9878216175585730E-004    48.59707556974030        0.9999993307240340      
   0.8826159555827023     
   -4.800000000000000         6.040814160629681        9.9839108974123078E-005 
   6.8349072464645962E-004    48.58166750862423        0.9999993549724066      
   0.8825956737332554     
   -4.800000000000000         6.273948653295052        8.2686404931915528E-005 
   6.7092628471061388E-004    48.56643035597873        0.9999993789045684      
   0.8825780543830977     
   -4.800000000000000         6.509250533423568        6.8379648092308935E-005 
   6.6065567005809734E-004    48.55131058531784        0.9999994025338126      
   0.8825627473345601     
   -4.800000000000000         6.746746731618209        5.6464159574048108E-005 
   6.5230994350421443E-004    48.53626263999159        0.9999994258713595      
   0.8825494463595008     
   -4.800000000000000         6.986461211521710        4.6555064658822734E-005 
   6.4557538807363812E-004    48.52124783233059        0.9999994489270855      
   0.8825378849484277     
   -4.800000000000000         7.228415015623348        3.8326824426038185E-005 
   6.4018572530315167E-004    48.50623339163045        0.9999994717099515      
   0.8825278315979992     
   -4.800000000000000         7.472626317305855        3.1504354319397724E-005 
   6.3591538015296697E-004    48.49119163925447        0.9999994942282544      
   0.8825190853788720     
   -4.800000000000000         7.719110478673879        2.5855472688961746E-005 
   6.3257364911491263E-004    48.47609927403692        0.9999995164897948      
   0.8825114719787266     
   -4.800000000000000         7.967880113698818        2.1184468589871525E-005 
   6.2999965550880198E-004    48.46093675419402        0.9999995385019860      
   0.8825048402303953     
   -4.800000000000000         8.218945156211536        1.7326616716408379E-005 
   6.2805799212318396E-004    48.44568776353134        0.9999995602719337      
   0.8824990590814089     
   -4.800000000000000         8.472312932274409        1.4143498124058735E-005 
   6.2663496249589922E-004    48.43033875086194        0.9999995818064925      
   0.8824940149515949     
   -4.800000000000000         8.727988236466917        1.1519008884655467E-005 
   6.2563534189072584E-004    48.41487853275314        0.9999996031123028      
   0.8824896094287772     
   -4.800000000000000         8.985973411624599        9.3559570565917693E-006 
   6.2497958857753112E-004    48.39929795104910        0.9999996241958213      
   0.8824857572588239     
   -4.800000000000000         9.246268431579237        7.5731633272614920E-006 
   6.2460144518259643E-004    48.38358957790702        0.9999996450633434      
   0.8824823845924549     
   -4.800000000000000         9.508870986458517        6.1029935453842299E-006 
   6.2444587797090849E-004    48.36774746218310        0.9999996657210145      
   0.8824794274565221     
   -4.800000000000000         9.773776570115773        4.8892626146595753E-006 
   6.2446730855226845E-004    48.35176691185234        0.9999996861748432      
   0.8824768304219451     
   -4.800000000000000         10.04097856927476        3.8854590184815718E-006 
   6.2462809780764947E-004    48.33564430780645        0.9999997064307113      
   0.8824745454442174     
   -4.800000000000000         10.31046835399012        3.0532476280104882E-006 
   6.2489724621429712E-004    48.31937694495650        0.9999997264943771      
   0.8824725308556622     
   -4.800000000000000         10.58223536904130        2.3612156434898608E-006 
   6.2524927842336978E-004    48.30296289713993        0.9999997463714853      
   0.8824707504916046     
   -4.800000000000000         10.85626722589636        1.7838330955644507E-006 
   6.2566328278649045E-004    48.28640090288809        0.9999997660675687      
   0.8824691729357150     
   -4.800000000000000         11.13254979490064        1.3006059167894607E-006 
   6.2612207809578896E-004    48.26969026961887        0.9999997855880635      
   0.8824677708735629     
   -4.800000000000000         11.41106729736590        8.9540627878660778E-007 
   6.2661147904925958E-004    48.25283079433175        0.9999998049383253      
   0.8824665205488678     
   -4.800000000000000         11.69180239725550        5.5597075982268326E-007 
   6.2711962693717219E-004    48.23582269955454        0.9999998241236674      
   0.8824654013251786     
   -4.800000000000000         11.97473629218198        2.7355945370978153E-007 
   6.2763634023296907E-004    48.21866658429377        0.9999998431494356      
   0.8824643953668151     
   -4.800000000000000         12.25984880345458        4.2762681431070252E-008 
   6.2815241857245544E-004    48.20136339120294        0.9999998620211495      
   0.8824634874623984     
   -4.800000000000000         12.54711846493471       -1.3858364968016784E-007 
   6.2865879893800076E-004    48.18391439337773        0.9999998807447431      
   0.8824626650069235     
   -4.800000000000000         12.83652261047853       -2.6952537994195101E-007 
   6.2914545103817231E-004    48.16632120785378        0.9999998993269746      
   0.8824619181019799     
   -4.800000000000000         13.12803745976597       -3.4644620593850650E-007 
   6.2959995363643143E-004    48.14858584515147        0.9999999177760557      
   0.8824612395909611     
   -4.800000000000000         13.42163820233561       -3.6432372311199843E-007 
   6.3000585373411758E-004    48.13071080533798        0.9999999361025531      
   0.8824606246241044     
   -4.800000000000000         13.71729907966468       -3.1955081975056667E-007 
   6.3034137698172500E-004    48.11269922566699        0.9999999543205440      
   0.8824600691871989     
   -4.800000000000000         14.01499346515192       -2.1492778347113760E-007 
   6.3057992614181258E-004    48.09455505697397        0.9999999724488674      
   0.8824595672830040     
   -4.800000000000000         14.31469394187969       -6.6719383390665614E-008 
   6.3069478389331571E-004    48.07628318717623        0.9999999905120955      
   0.8824591074779299     
   -4.800000000000000         14.61637237804932        8.3367851269525511E-008 
   6.3067138989391931E-004    48.05788935877502         1.000000008540607      
   0.8824586710514372     
   -4.800000000000000         14.92000000000000        8.3367851269525511E-008 
   6.3071817789271212E-004    48.03949553037381         1.000000026569119      
   0.8824582346249444     
   -4.560000000000000        -4.227026579539560         0.000000000000000      
   0.5000000000000000         47.58999253892547         1.000000000000000      
    0.000000000000000     
   -4.560000000000000        -4.014206434341432        2.4918205349801270E-002 
   0.4983526027998593         47.58999253892547        0.9999969738285719      
   1.1553003184669689E-006
   -4.560000000000000        -3.803070304910810        4.6702141122978172E-002 
   0.4936310015049207         47.57867292061516        0.9999943727466359      
   3.4919200099281093E-006
   -4.560000000000000        -3.593549933081869        6.5405294668544472E-002 
   0.4862741589175307         47.57058172854355        0.9999923793650888      
   9.0617131888073206E-006
   -4.560000000000000        -3.385574045583126        8.1358991070804548E-002 
   0.4766984347048867         47.56549519190434        0.9999908974141102      
   2.2325257092045831E-005
   -4.560000000000000        -3.179068445902549        9.5025434383401566E-002 
   0.4652691939369399         47.56322134041599        0.9999898246433546      
   5.2901057746211967E-005
   -4.560000000000000        -2.973956117362914        0.1069700122663569      
   0.4522826948685019         47.56361056441216        0.9999890638050014      
   1.2075957050864927E-004
   -4.560000000000000        -2.770157337224366        0.1178104506944522      
   0.4379535482900936         47.56655584474878        0.9999885301714413      
   2.6556237678531085E-004
   -4.560000000000000        -2.567589801560878        0.1281577916675771      
   0.4224088863003784         47.57198992950344        0.9999881551607365      
   5.6246736652972560E-004
   -4.560000000000000        -2.366168760586374        0.1385612455079761      
   0.4056887423425174         47.57988151815459        0.9999878870600175      
   1.1470963233061757E-003
   -4.560000000000000        -2.165807164036497        0.1494607529623584      
   0.3877508251305549         47.59023410987086        0.9999876902894207      
   2.2519566648313218E-003
   -4.560000000000000        -1.966415816142869        0.1611433542209678      
   0.3684777734479350         47.60309053559922        0.9999875437291961      
   4.2546603448836602E-003
   -4.560000000000000        -1.767903539669862        0.1736949460491724      
   0.3476859053671826         47.61854451390744        0.9999874377167729      
   7.7340029305682737E-003
   -4.560000000000000        -1.570177348419479        0.1869389091856690      
   0.3251360685391018         47.63675840239514        0.9999873696951664      
   1.3523028600200765E-002
   -4.560000000000000        -1.373142627548817        0.2003574577161446      
   0.3005491600921983         47.65799196378701        0.9999873410398834      
   2.2739486161884589E-002
   -4.560000000000000        -1.176703320987477        0.2129996956821704      
   0.2736312743754291         47.68266382284695        0.9999873583492207      
   3.6766379358821336E-002
   -4.560000000000000       -0.9807621251897585        0.2233908827204047      
   0.2441169289443517         47.71146426113147        0.9999874363006239      
   5.7153510443092165E-002
   -4.560000000000000       -0.7852206884089804        0.2294683498815960      
   0.2118444724513283         47.74551093516617        0.9999875970107008      
   8.5420804283299540E-002
   -4.560000000000000       -0.5899798146396622        0.2285795449291708      
   0.1768872202530372         47.78654516877371        0.9999878699839945      
   0.1227696114441606     
   -4.560000000000000       -0.3949396713377247        0.2175903536693387      
   0.1397791298551396         47.83714521866488        0.9999882948674375      
   0.1697470098148075     
   -4.560000000000000       -0.2000000000000011        0.1931847572325310      
   0.1018894644404398         47.90076763466600        0.9999889213820748      
   0.2259493665632872     
   -4.560000000000000       -5.0612032226220773E-003   0.1525352273691023      
   6.5975676052310778E-002    47.98111203985817        0.9999898086342577      
   0.2898759900972023     
   -4.560000000000000        0.1899728225015762        9.4752635117688361E-002 
   3.6725304133953952E-002    48.07964162783526        0.9999910242041620      
   0.3590316420783246     
   -4.560000000000000        0.3851971143511089        2.3770417830864497E-002 
   2.0329845503594242E-002    47.71426290292275        0.9999926368227491      
   0.4303160065709790     
   -4.560000000000000        0.5807063267879043        1.1453832761328619E-002 
   1.3924844904661386E-002    47.42622067454194        0.9999939488380230      
   0.5007443074959916     
   -4.560000000000000        0.7765945422431204        9.0325103288190281E-003 
   1.0133407691955459E-002    47.20742736164975        0.9999950016619765      
   0.5671404791559898     
   -4.560000000000000        0.9729550842390562        7.9179334828937548E-003 
   7.4935223771985474E-003    47.04412827316840        0.9999958367374959      
   0.6268325607211597     
   -4.560000000000000         1.169880333731538        6.8643022935450278E-003 
   5.6327192554251615E-003    46.92202893584936        0.9999964922933089      
   0.6780160197340074     
   -4.560000000000000         1.367461549433629        5.8336199208772616E-003 
   4.3444100647442672E-003    46.82899041152486        0.9999970023076016      
   0.7198849791590654     
   -4.560000000000000         1.565788692852865        4.8984466663574300E-003 
   3.4581232867810338E-003    46.75598615418460        0.9999973962014241      
   0.7525657007033708     
   -4.560000000000000         1.764950258740411        4.0916357898322618E-003 
   2.8410793634181218E-003    46.69680161631806        0.9999976988935899      
   0.7769084034203456     
   -4.560000000000000         1.965033111612069        3.4132354238410024E-003 
   2.4001085233608154E-003    46.64734107294770        0.9999979310710564      
   0.7942102739016034     
   -4.560000000000000         2.166122328958343        2.8490320057978635E-003 
   2.0742685156521458E-003    46.60494586310219        0.9999981095837673      
   0.8059406311513313     
   -4.560000000000000         2.368301051714338        2.3812669930108801E-003 
   1.8251089492019056E-003    46.56786653801556        0.9999982479017389      
   0.8135201955131198     
   -4.560000000000000         2.571650342510284        1.9931795308348712E-003 
   1.6286396713935914E-003    46.53491542214599        0.9999983565918661      
   0.8181790930827429     
   -4.560000000000000         2.776249052171010        1.6704351363481212E-003 
   1.4698081108920472E-003    46.50525577082704        0.9999984437854784      
   0.8208928510887014     
   -4.560000000000000         2.982173694877646        1.4012622170925097E-003 
   1.3389960807496256E-003    46.47827514619271        0.9999985156168747      
   0.8223790464092841     
   -4.560000000000000         3.189498332348288        1.1761459682769213E-003 
   1.2298736644746945E-003    46.45350785935048        0.9999985766198535      
   0.8231311312572985     
   -4.560000000000000         3.398294467336542        9.8742567956643969E-004 
   1.1381056721640271E-003    46.43058669271065        0.9999986300748921      
   0.8234679621450112     
   -4.560000000000000         3.608630946688375        8.2891919803480753E-004 
   1.0605815242919836E-003    46.40921304508304        0.9999986783042970      
   0.8235837806692132     
   -4.560000000000000         3.820573874139177        6.9560950081264681E-004 
   9.9496125705286808E-004    46.38913856820049        0.9999987229160971      
   0.8235903264458581     
   -4.560000000000000         4.034186532974921        5.8339592953745656E-004 
   9.3940781415235422E-004    46.37015348177641        0.9999987649998165      
   0.8235482810040979     
   -4.560000000000000         4.249529318623878        4.8890178029619791E-004 
   8.9242748255037173E-004    46.35207868278408        0.9999988052788447      
   0.8234886424794489     
   -4.560000000000000         4.466659681189796        4.0932714953148552E-004 
   8.5277358507117990E-004    46.33476017969701        0.9999988442252310      
   0.8234261517132441     
   -4.560000000000000         4.685632077883227        3.4233643436211203E-004 
   8.1938747949288385E-004    46.31806505730118        0.9999988821432583      
   0.8233671558537647     
   -4.560000000000000         4.906497935255945        2.8597167819347083E-004 
   7.9136118203154194E-004    46.30187843245736        0.9999989192282104      
   0.8233139276742196     
   -4.560000000000000         5.129305621094297        2.3858502817820790E-004 
   7.6791213141086108E-004    46.28610102632090        0.9999989556062918      
   0.8232668981224904     
   -4.560000000000000         5.354100425780786        1.9878540097588600E-004 
   7.4836473659814257E-004    46.27064713822843        0.9999989913608350      
   0.8232257432830776     
   -4.560000000000000         5.580924552890115        1.6539584231225080E-004 
   7.3213589322731012E-004    46.25544291196015        0.9999990265489596      
   0.8231898815856267     
   -4.560000000000000         5.809817118746128        1.3741904523406954E-004 
   7.1872298842423990E-004    46.24042482747200        0.9999990612118423      
   0.8231586853692687     
   -4.560000000000000         6.040814160629681        1.1400916928780075E-004 
   7.0769358977744337E-004    46.22553837150669        0.9999990953808758      
   0.8231315621870695     
   -4.560000000000000         6.273948653295052        9.4448577801554907E-005 
   6.9867640474524965E-004    46.21073686084272        0.9999991290812901      
   0.8231079803706455     
   -4.560000000000000         6.509250533423568        7.8128456003666530E-005 
   6.9135331393671388E-004    46.19598040581950        0.9999991623342545      
   0.8230874724890432     
   -4.560000000000000         6.746746731618209        6.4532532132608808E-005 
   6.8545236271565875E-004    46.18123500409548        0.9999991951581151      
   0.8230696309836363     
   -4.560000000000000         6.986461211521710        5.3223318275721935E-005 
   6.8074160634173995E-004    46.16647175131558        0.9999992275691556      
   0.8230541016514452     
   -4.560000000000000         7.228415015623348        4.3830429666899355E-005 
   6.7702370520711375E-004    46.15166615348090        0.9999992595820887      
   0.8230405770451081     
   -4.560000000000000         7.472626317305855        3.6040640831707009E-005 
   6.7413117913328710E-004    46.13679752707861        0.9999992912104052      
   0.8230287904422217     
   -4.560000000000000         7.719110478673879        2.9589405123895169E-005 
   6.7192224687344197E-004    46.12184847582063        0.9999993224666369      
   0.8230185105213009     
   -4.560000000000000         7.967880113698818        2.4253612535276742E-005 
   6.7027719013971489E-004    46.10680443527682        0.9999993533625458      
   0.8230095367135014     
   -4.560000000000000         8.218945156211536        1.9845398723918795E-005 
   6.6909518807953283E-004    46.09165327791384        0.9999993839092796      
   0.8230016951557469     
   -4.560000000000000         8.472312932274409        1.6206850365094265E-005 
   6.6829157041496212E-004    46.07638497136342        0.9999994141174772      
   0.8229948351679193     
   -4.560000000000000         8.727988236466917        1.3205478413571352E-005 
   6.6779543919912813E-004    46.06099128297040        0.9999994439973517      
   0.8229888261846628     
   -4.560000000000000         8.985973411624599        1.0730351469341231E-005 
   6.6754761269544158E-004    46.04546552430293        0.9999994735587513      
   0.8229835550819625     
   -4.560000000000000         9.246268431579237        8.6887973055779530E-006 
   6.6749885012371392E-004    46.02980233025423        0.9999995028112052      
   0.8229789238473413     
   -4.560000000000000         9.508870986458517        7.0035935564082437E-006 
   6.6760832151269189E-004    46.01399746829541        0.9999995317639551      
   0.8229748475499444     
   -4.560000000000000         9.773776570115773        5.6105798895914572E-006 
   6.6784229150844789E-004    45.99804767414897        0.9999995604259867      
   0.8229712525729274     
   -4.560000000000000         10.04097856927476        4.4566342265987186E-006 
   6.6817298943729259E-004    45.98195051062854        0.9999995888060480      
   0.8229680750757236     
   -4.560000000000000         10.31046835399012        3.4979647850492942E-006 
   6.6857764056706571E-004    45.96570424673398        0.9999996169126726      
   0.8229652596582167     
   -4.560000000000000         10.58223536904130        2.6986779733114558E-006 
   6.6903763584618119E-004    45.94930775441206        0.9999996447541880      
   0.8229627582029120     
   -4.560000000000000         10.85626722589636        2.0295899637112232E-006 
   6.6953781958872458E-004    45.93276042072387        0.9999996723387375      
   0.8229605288754233     
   -4.560000000000000         11.13254979490064        1.4672579243342673E-006 
   6.7006587599269512E-004    45.91606207349064        0.9999996996742925      
   0.8229585352689490     
   -4.560000000000000         11.41106729736590        9.9321621544142627E-007 
   6.7061179435529920E-004    45.89921291886690        0.9999997267686794      
   0.8229567456864201     
   -4.560000000000000         11.69180239725550        5.9341388702718000E-007 
   6.7116738640063704E-004    45.88221348980793        0.9999997536296253      
   0.8229551325666843     
   -4.560000000000000         11.97473629218198        2.5786145327350391E-007 
   6.7172581229241993E-004    45.86506460521628        0.9999997802648460      
   0.8229536720792867     
   -4.560000000000000         12.25984880345458       -1.9498304152036724E-008 
   6.7228103730570111E-004    45.84776734107097        0.9999998066822189      
   0.8229523439304215     
   -4.560000000000000         12.54711846493471       -2.4067520759954801E-007 
   6.7282706508259662E-004    45.83032301741147        0.9999998328900876      
   0.8229511314183624     
   -4.560000000000000         12.83652261047853       -4.0340617139642218E-007 
   6.7335670411075685E-004    45.81273321260709        0.9999998588977943      
   0.8229500216988666     
   -4.560000000000000         13.12803745976597       -5.0118915993272687E-007 
   6.7385963509542348E-004    45.79499982122024        0.9999998847165285      
   0.8229490060016279     
   -4.560000000000000         13.42163820233561       -5.2417751592986383E-007 
   6.7431962491274356E-004    45.77712518063952        0.9999999103606010      
   0.8229480791701836     
   -4.560000000000000         13.71729907966468       -4.6245112201323072E-007 
   6.7471134538296847E-004    45.75911229529939        0.9999999358491678      
   0.8229472375640559     
   -4.560000000000000         14.01499346515192       -3.1349582849344921E-007 
   6.7499891521640592E-004    45.74096515387698        0.9999999612082409      
   0.8229464746386205     
   -4.560000000000000         14.31469394187969       -9.5444854932887034E-008 
   6.7514108027622618E-004    45.72268904380971        0.9999999864724806      
   0.8229457750960796     
   -4.560000000000000         14.61637237804932        1.2935859551187842E-007 
   6.7511152407919470E-004    45.70429059312410         1.000000011685741      
   0.8229451112813786     
   -4.560000000000000         14.92000000000000        1.2935859551187842E-007 
   6.7517063647325778E-004    45.68589214243849         1.000000036899002      
   0.8229444474666776     
   -4.320000000000000        -4.227026579539560         0.000000000000000      
   0.5000000000000000         45.20382946684727         1.000000000000000      
    0.000000000000000     
   -4.320000000000000        -4.014206434341432        2.8437340389739676E-002 
   0.4985429955844459         45.20382946684727        0.9999969995751640      
   1.0225747154972823E-006
   -4.320000000000000        -3.803070304910810        5.3323480273907611E-002 
   0.4943625993519081         45.19373605990588        0.9999944200582773      
   3.0908169872462215E-006
   -4.320000000000000        -3.593549933081869        7.4699819463410838E-002 
   0.4878427528518020         45.18642795144044        0.9999924426727436      
   8.0209121710506999E-006
   -4.320000000000000        -3.385574045583126        9.2926373571114884E-002 
   0.4793560485557720         45.18171499004936        0.9999909724636123      
   1.9761586334797784E-005
   -4.320000000000000        -3.179068445902549        0.1085177680932622      
   0.4692369109148674         45.17942978048782        0.9999899084484331      
   4.6829776003677855E-005
   -4.320000000000000        -2.973956117362914        0.1221124425370439      
   0.4577637040451522         45.17943902931026        0.9999891545164475      
   1.0691616615292802E-004
   -4.320000000000000        -2.770157337224366        0.1344150429469657      
   0.4451459655420618         45.18164401997063        0.9999886268798139      
   2.3517630214176769E-004
   -4.320000000000000        -2.567589801560878        0.1461298027710928      
   0.4315176058908970         45.18597779515645        0.9999882576807436      
   4.9828591145028005E-004
   -4.320000000000000        -2.366168760586374        0.1578992726416740      
   0.4169354159407344         45.19240129922655        0.9999879957315091      
   1.0166965846473161E-003
   -4.320000000000000        -2.165807164036497        0.1702532725341635      
   0.4013808372029675         45.20090220541428        0.9999878057836266      
   1.9972093722193272E-003
   -4.320000000000000        -1.966415816142869        0.1835639411942331      
   0.3847625881438489         45.21149945530832        0.9999876667987230      
   3.7763097026341868E-003
   -4.320000000000000        -1.767903539669862        0.1979972837218805      
   0.3669182404184714         45.22425494657774        0.9999875688158505      
   6.8709619880855154E-003
   -4.320000000000000        -1.570177348419479        0.2134508971734042      
   0.3476138766907019         45.23929233502714        0.9999875085016406      
   1.2027413034799527E-002
   -4.320000000000000        -1.373142627548817        0.2294714725141708      
   0.3265422489498861         45.25683067117513        0.9999874860972428      
   2.0250697473086963E-002
   -4.320000000000000        -1.176703320987477        0.2451531722706156      
   0.3033214391531134         45.27726088612018        0.9999875069306783      
   3.2790364717010266E-002
   -4.320000000000000       -0.9807621251897585        0.2590269771633891      
   0.2774985834421911         45.30129526008022        0.9999875840301377      
   5.1055721594077855E-002
   -4.320000000000000       -0.7852206884089804        0.2689581045341519      
   0.2485682066106892         45.33020837595436        0.9999877368339108      
   7.6441822850185123E-002
   -4.320000000000000       -0.5899798146396622        0.2720691275906233      
   0.2160262736542848         45.36623621679070        0.9999879912707796      
   0.1100692640556271     
   -4.320000000000000       -0.3949396713377247        0.2646983712695552      
   0.1795116674482826         45.41325202279037        0.9999883830497195      
   0.1524752770278769     
   -4.320000000000000       -0.2000000000000011        0.2423997855192525      
   0.1391645731492543         45.47777256171640        0.9999889568745323      
   0.2033318013093635     
   -4.320000000000000       -5.0612032226220773E-003   0.2000665581058768      
   9.6498290045959223E-002    45.57005683735869        0.9999897662322931      
   0.2612924602082273     
   -4.320000000000000        0.1899728225015762        0.1327266853886175      
   5.6268937462472017E-002    45.70324801303990        0.9999908752216424      
   0.3240701781651852     
   -4.320000000000000        0.3851971143511089        3.9638406028837177E-002 
   2.8883931173083671E-002    45.14715980931603        0.9999923555111239      
   0.3888165902401372     
   -4.320000000000000        0.5807063267879043        1.9003209270089128E-002 
   1.6226489108498769E-002    44.82433013649389        0.9999935671324850      
   0.4528494077464403     
   -4.320000000000000        0.7765945422431204        1.3639159545666758E-002 
   1.0107510817748884E-002    44.61231369250238        0.9999945442084799      
   0.5132848129934265     
   -4.320000000000000        0.9729550842390562        1.0868529268035642E-002 
   6.5747716157207141E-003    44.47491587138285        0.9999953229363269      
   0.5676762067857720     
   -4.320000000000000         1.169880333731538        8.7228998736515809E-003 
   4.4993265525334926E-003    44.38482681639116        0.9999959383039716      
   0.6143671744336583     
   -4.320000000000000         1.367461549433629        6.9990875686322205E-003 
   3.3071018729677703E-003    44.32258587903728        0.9999964216865180      
   0.6526082233544774     
   -4.320000000000000         1.565788692852865        5.6445094414884454E-003 
   2.6220975704202912E-003    44.27629024549694        0.9999968000952535      
   0.6824944949609200     
   -4.320000000000000         1.764950258740411        4.5889542010846465E-003 
   2.2149321786117180E-003    44.23925295251777        0.9999970962083763      
   0.7047802716474193     
   -4.320000000000000         1.965033111612069        3.7620394180116600E-003 
   1.9574026007110048E-003    44.20784803918000        0.9999973287028382      
   0.7206316804444923     
   -4.320000000000000         2.166122328958343        3.1066844483522739E-003 
   1.7814930238926312E-003    44.18012267933541        0.9999975126977981      
   0.7313789107867745     
   -4.320000000000000         2.368301051714338        2.5804880583922751E-003 
   1.6518814847572916E-003    44.15499994852667        0.9999976602315560      
   0.7383149120171032     
   -4.320000000000000         2.571650342510284        2.1528552600913039E-003 
   1.5502143831769544E-003    44.13185055314750        0.9999977807319077      
   0.7425640696250342     
   -4.320000000000000         2.776249052171010        1.8017374932022515E-003 
   1.4668111874222684E-003    44.11027619942647        0.9999978814577140      
   0.7450214293941528     
   -4.320000000000000         2.982173694877646        1.5110547715471391E-003 
   1.3964293692771378E-003    44.09000253143312        0.9999979678989394      
   0.7463475447581085     
   -4.320000000000000         3.189498332348288        1.2688689925253896E-003 
   1.3361058243298541E-003    44.07082485695313        0.9999980441286934      
   0.7469979396068780     
   -4.320000000000000         3.398294467336542        1.0661377272520873E-003 
   1.2840452261922469E-003    44.05257935557865        0.9999981131064758      
   0.7472676239178158     
   -4.320000000000000         3.608630946688375        8.9587145898262471E-004 
   1.2390467343749694E-003    44.03512777420477        0.9999981769353838      
   0.7473365688135014     
   -4.320000000000000         3.820573874139177        7.5256138605013750E-004 
   1.2002137232893588E-003    44.01834966517475        0.9999982370766748      
   0.7473083168382667     
   -4.320000000000000         4.034186532974921        6.3178784369821521E-004 
   1.1668113228422887E-003    44.00213846683672        0.9999982945244852      
   0.7472389760284941     
   -4.320000000000000         4.249529318623878        5.2994996315606450E-004 
   1.1381991061169216E-003    43.98639931990904        0.9999983499435007      
   0.7471570211818352     
   -4.320000000000000         4.466659681189796        4.4407681686013331E-004 
   1.1138011829204581E-003    43.97104770058915        0.9999984037732653      
   0.7470757800463015     
   -4.320000000000000         4.685632077883227        3.7169316527032876E-004 
   1.0930943108481566E-003    43.95600848075517        0.9999984563039821      
   0.7470007696716855     
   -4.320000000000000         4.906497935255945        3.1072179513056829E-004 
   1.0756037478319609E-003    43.94121517434660        0.9999985077293325      
   0.7469337355203350     
   -4.320000000000000         5.129305621094297        2.5941056576292605E-004 
   1.0609015470006396E-003    43.92660922619912        0.9999985581818542      
   0.7468747414669785     
   -4.320000000000000         5.354100425780786        2.1627638747636515E-004 
   1.0486050123454404E-003    43.91213930670138        0.9999986077557848      
   0.7468231863164250     
   -4.320000000000000         5.580924552890115        1.8006107058658028E-004 
   1.0383746407071127E-003    43.89776062813851        0.9999986565213338      
   0.7467782664176574     
   -4.320000000000000         5.809817118746128        1.4969576856141995E-004 
   1.0299114845968398E-003    43.88343429230101        0.9999987045333550      
   0.7467391697555470     
   -4.320000000000000         6.040814160629681        1.2427187266803494E-004 
   1.0229540396710208E-003    43.86912666587274        0.9999987518365003      
   0.7467051477766251     
   -4.320000000000000         6.273948653295052        1.0301689657413109E-004 
   1.0172748367529849E-003    43.85480878528369        0.9999987984682686      
   0.7466755352243049     
   -4.320000000000000         6.509250533423568        8.5274298081214887E-005 
   1.0126769516782207E-003    43.84045580160736        0.9999988444608590      
   0.7466497497065365     
   -4.320000000000000         6.746746731618209        7.0486454970493167E-005 
   1.0089906113965319E-003    43.82604647516160        0.9999988898423700      
   0.7466272844258959     
   -4.320000000000000         6.986461211521710        5.8180207332585198E-005 
   1.0060700035279626E-003    43.81156272274321        0.9999989346376618      
   0.7466076993557761     
   -4.320000000000000         7.228415015623348        4.7954522366240841E-005 
   1.0037903375385072E-003    43.79698921536617        0.9999989788690220      
   0.7465906127410222     
   -4.320000000000000         7.472626317305855        3.9469940995081143E-005 
   1.0020451727908637E-003    43.78231302230668        0.9999990225567003      
   0.7465756934721270     
   -4.320000000000000         7.719110478673879        3.2439537638617287E-005 
   1.0007440127215059E-003    43.76752329679588        0.9999990657193465      
   0.7465626544059034     
   -4.320000000000000         7.967880113698818        2.6621172742816702E-005 
   9.9981015688746120E-004    43.75261099920348        0.9999991083743482      
   0.7465512465571731     
   -4.320000000000000         8.218945156211536        2.1810851356555898E-005 
   9.9917879901794023E-004    43.73756865439775        0.9999991505380855      
   0.7465412540539886     
   -4.320000000000000         8.472312932274409        1.7837028828317662E-005 
   9.9879535579335856E-004    43.72239014025968        0.9999991922261205      
   0.7465324897534211     
   -4.320000000000000         8.727988236466917        1.4555730184227588E-005 
   9.9861400690710758E-004    43.70707050398685        0.9999992334533302      
   0.7465247914281520     
   -4.320000000000000         8.985973411624599        1.1846371709048642E-005 
   9.9859642412213371E-004    43.69160580254339        0.9999992742340083      
   0.7465180184474168     
   -4.320000000000000         9.246268431579237        9.6081902469230806E-006 
   9.9871066714555959E-004    43.67599296385849        0.9999993145819338      
   0.7465120488873127     
   -4.320000000000000         9.508870986458517        7.7571985814221230E-006 
   9.9893022647862023E-004    43.66022966598899        0.9999993545104329      
   0.7465067770150549     
   -4.320000000000000         9.773776570115773        6.2235958160244488E-006 
   9.9923319616321846E-004    43.64431423206053        0.9999993940324226      
   0.7465021110996868     
   -4.320000000000000         10.04097856927476        4.9495712621333494E-006 
   9.9960156143960978E-004    43.62824553920014        0.9999994331604510      
   0.7464979715083971     
   -4.320000000000000         10.31046835399012        3.8874494258493778E-006 
   1.0000205877301748E-003    43.61202293986049        0.9999994719067348      
   0.7464942890532964     
   -4.320000000000000         10.58223536904130        2.9981323846945034E-006 
   1.0004782986768172E-003    43.59564619400288        0.9999995102831826      
   0.7464910035586751     
   -4.320000000000000         10.85626722589636        2.2498043570305030E-006 
   1.0009650326764951E-003    43.57911541065785        0.9999995483014256      
   0.7464880626242472     
   -4.320000000000000         11.13254979490064        1.6168723896197641E-006 
   1.0014730692053018E-003    43.56243099750042        0.9999995859728410      
   0.7464854205669207     
   -4.320000000000000         11.41106729736590        1.0791288580699762E-006 
   1.0019963167272857E-003    43.54559361724241        0.9999996233085794      
   0.7464830375347269     
   -4.320000000000000         11.69180239725550        6.2113910796441705E-007 
   1.0025300492355895E-003    43.52860414980663        0.9999996603196188      
   0.7464808788050022     
   -4.320000000000000         11.97473629218198        2.3188347486206742E-007 
   1.0030706592981391E-003    43.51146365964424        0.9999996970168570      
   0.7464789143070309     
   -4.320000000000000         12.25984880345458       -9.5286264056921966E-008 
   1.0036153473371463E-003    43.49417336884392        0.9999997334113090      
   0.7464771184411459     
   -4.320000000000000         12.54711846493471       -3.6227762472291747E-007 
   1.0041615900738461E-003    43.47673463757347        0.9999997695144686      
   0.7464754702715855     
   -4.320000000000000         12.83652261047853       -5.6535725721371910E-007 
   1.0047059104264172E-003    43.45914896827691        0.9999998053389708      
   0.7464739540753538     
   -4.320000000000000         13.12803745976597       -6.9431389459761104E-007 
   1.0052413871916657E-003    43.44141805823576        0.9999998408996935      
   0.7464725599147863     
   -4.320000000000000         13.42163820233561       -7.3207686094330160E-007 
   1.0057532301232133E-003    43.42354394290708        0.9999998762154896      
   0.7464712833259164     
   -4.320000000000000         13.71729907966468       -6.5739769112098059E-007 
   1.0062122018956116E-003    43.40552930271402        0.9999999113116771      
   0.7464701225897376     
   -4.320000000000000         14.01499346515192       -4.5471416543052757E-007 
   1.0065682522916214E-003    43.38737798452230        0.9999999462231978      
   0.7464690722219883     
   -4.320000000000000         14.31469394187969       -1.3765438668414414E-007 
   1.0067531195333923E-003    43.36909568070208        0.9999999809978509      
   0.7464681135025447     
   -4.320000000000000         14.61637237804932        2.0213517502579306E-007 
   1.0067128271605869E-003    43.35069034906749         1.000000015698037      
   0.7464672075639395     
   -4.320000000000000         14.92000000000000        2.0213517502579306E-007 
   1.0067934119061977E-003    43.33228501743290         1.000000050398224      
   0.7464663016253342     
   -4.080000000000000        -4.227026579539560         0.000000000000000      
   0.5000000000000000         42.81390852878391         1.000000000000000      
    0.000000000000000     
   -4.080000000000000        -4.014206434341432        3.1505978826235653E-002 
   0.4987504579810302         42.81390852878391        0.9999970286630865      
   8.7597492366366148E-007
   -4.080000000000000        -3.803070304910810        5.9108322011571443E-002 
   0.4951597348877019         42.80514895903649        0.9999944735512931      
   2.6474481347550835E-006
   -4.080000000000000        -3.593549933081869        8.2825944476789454E-002 
   0.4895521151044177         42.79869103615215        0.9999925143044505      
   6.8693264386188355E-006
   -4.080000000000000        -3.385574045583126        0.1030334091976918      
   0.4822535502010153         42.79438156624361        0.9999910574237045      
   1.6921878931847997E-005
   -4.080000000000000        -3.179068445902549        0.1202827498312149      
   0.4735664839805310         42.79207873881226        0.9999900033502488      
   4.0096122523813087E-005
   -4.080000000000000        -2.973956117362914        0.1352696774522282      
   0.4637523304157422         42.79166418072495        0.9999892572581828      
   9.1539208593367574E-005
   -4.080000000000000        -2.770157337224366        0.1487698165348211      
   0.4530189481828865         42.79304354777104        0.9999887364240719      
   2.0136363291921219E-004
   -4.080000000000000        -2.567589801560878        0.1615653195517225      
   0.4415136849568464         42.79614326429694        0.9999883738006907      
   4.2671558297442252E-004
   -4.080000000000000        -2.366168760586374        0.1743784424909693      
   0.4293212408904351         42.80090561611874        0.9999881187479515      
   8.7092250563339994E-004
   -4.080000000000000        -2.165807164036497        0.1878181547518463      
   0.4164642212460968         42.80728564740625        0.9999879362777040      
   1.7115985076290420E-003
   -4.080000000000000        -1.966415816142869        0.2023358238860734      
   0.4029036945189978         42.81525242638474        0.9999878052829475      
   3.2381961512225419E-003
   -4.080000000000000        -1.767903539669862        0.2181797727510548      
   0.3885372054076073         42.82479557400669        0.9999877153893270      
   5.8963304607076317E-003
   -4.080000000000000        -1.570177348419479        0.2353373335707401      
   0.3731922065488523         42.83593641767159        0.9999876625299772      
   1.0330948437807198E-002
   -4.080000000000000        -1.373142627548817        0.2534567216251923      
   0.3566134351823860         42.84875053383175        0.9999876458744195      
   1.7413615241285228E-002
   -4.080000000000000        -1.176703320987477        0.2717484161496536      
   0.3384431605780512         42.86342892263695        0.9999876692124073      
   2.8232809092893763E-002
   -4.080000000000000       -0.9807621251897585        0.2888743902698123      
   0.3181933504846820         42.88041061931647        0.9999877433956699      
   4.4023765589296104E-002
   -4.080000000000000       -0.7852206884089804        0.3028391325339119      
   0.2952080145608170         42.90061985552827        0.9999878848607903      
   6.6020605956311235E-002
   -4.080000000000000       -0.5899798146396622        0.3108913843106045      
   0.2686116169126539         42.92592728782466        0.9999881153263709      
   9.5231639841334398E-002
   -4.080000000000000       -0.3949396713377247        0.3094169723612256      
   0.2372394209574530         42.96014283657742        0.9999884644342711      
   0.1321681595132410     
   -4.080000000000000       -0.2000000000000011        0.2937272668065474      
   0.1995748513731976         43.01128271517410        0.9999889687357190      
   0.1765903841485852     
   -4.080000000000000       -5.0612032226220773E-003   0.2574712007927453      
   0.1539233336332751         43.09739944116428        0.9999896722257426      
   0.2273577124295415     
   -4.080000000000000        0.1899728225015762        0.1909780630340751      
   0.1001648365104187         43.26344647416184        0.9999906302689879      
   0.2824717690805807     
   -4.080000000000000        0.3851971143511089        7.6760822214874680E-002 
   4.9980945257568743E-002    42.23083129621391        0.9999919191294587      
   0.3393913514998933     
   -4.080000000000000        0.5807063267879043        3.1831440866879931E-002 
   2.1969253540115790E-002    42.05413085863193        0.9999930191292810      
   0.3956726840333347     
   -4.080000000000000        0.7765945422431204        2.0369043694409311E-002 
   1.2137834678332907E-002    41.90441020735695        0.9999939122932344      
   0.4488648174112674     
   -4.080000000000000        0.9729550842390562        1.4325627498061523E-002 
   7.3474314707300788E-003    41.83450524871423        0.9999946277875866      
   0.4968145391276456     
   -4.080000000000000         1.169880333731538        1.0403692102681553E-002 
   5.2173719402896362E-003    41.80584236256443        0.9999951986901657      
   0.5380578437363540     
   -4.080000000000000         1.367461549433629        7.8101928556054585E-003 
   4.3671346456551456E-003    41.79230190668206        0.9999956539618693      
   0.5719146647109987     
   -4.080000000000000         1.565788692852865        6.0539328335791169E-003 
   4.0515844759920067E-003    41.78270701271430        0.9999960177276727      
   0.5984367290609732     
   -4.080000000000000         1.764950258740411        4.8159092845247286E-003 
   3.9379403770621619E-003    41.77319615002930        0.9999963097900519      
   0.6182562002878096     
   -4.080000000000000         1.965033111612069        3.9050636678360498E-003 
   3.8936458898394533E-003    41.76274915749570        0.9999965462285634      
   0.6323767205713754     
   -4.080000000000000         2.166122328958343        3.2096628384612916E-003 
   3.8695481825187670E-003    41.75130908361714        0.9999967399632924      
   0.6419581284348530     
   -4.080000000000000         2.368301051714338        2.6630026145229276E-003 
   3.8487079721066051E-003    41.73908993548213        0.9999969012708643      
   0.6481378546672764     
   -4.080000000000000         2.571650342510284        2.2236068330540697E-003 
   3.8261764839683738E-003    41.72633747285194        0.9999970382377245      
   0.6519119332031995     
   -4.080000000000000         2.776249052171010        1.8645172433665157E-003 
   3.8013167864664734E-003    41.71325547311778        0.9999971571493812      
   0.6540778528430518     
   -4.080000000000000         2.982173694877646        1.5674721165853751E-003 
   3.7748988461284057E-003    41.69999238757272        0.9999972628184380      
   0.6552271191079144     
   -4.080000000000000         3.189498332348288        1.3196223025407844E-003 
   3.7479918101788229E-003    41.68664779471918        0.9999973588574993      
   0.6557693997169505     
   -4.080000000000000         3.398294467336542        1.1115993055692956E-003 
   3.7215512518197075E-003    41.67328299872638        0.9999974479112226      
   0.6559709521464118     
   -4.080000000000000         3.608630946688375        9.3634023393091080E-004 
   3.6962902852416268E-003    41.65993098241326        0.9999975318618058      
   0.6559946253927794     
   -4.080000000000000         3.820573874139177        7.8835564008541731E-004 
   3.6726715100892154E-003    41.64660479350937        0.9999976120127613      
   0.6559342109715283     
   -4.080000000000000         4.034186532974921        6.6326478590714296E-004 
   3.6509467351458179E-003    41.63330419478294        0.9999976892474898      
   0.6558404551766451     
   -4.080000000000000         4.249529318623878        5.5749582302989280E-004 
   3.6312091276012926E-003    41.62002059328579        0.9999977641578086      
   0.6557389444621150     
   -4.080000000000000         4.466659681189796        4.6808868112216103E-004 
   3.6134419617022654E-003    41.60674052233302        0.9999978371411538      
   0.6556414476738093     
   -4.080000000000000         4.685632077883227        3.9256188236226630E-004 
   3.5975584067372496E-003    41.59344805859667        0.9999979084694735      
   0.6555526118481771     
   -4.080000000000000         4.906497935255945        3.2881913522043126E-004 
   3.5834314051767660E-003    41.58012646354527        0.9999979783353202      
   0.6554736622427322     
   -4.080000000000000         5.129305621094297        2.7508101222029503E-004 
   3.5709145804330902E-003    41.56675923132902        0.9999980468812473      
   0.6554043211194051     
   -4.080000000000000         5.354100425780786        2.2983287827027353E-004 
   3.5598559591373188E-003    41.55333070193615        0.9999981142178540      
   0.6553437407642970     
   -4.080000000000000         5.580924552890115        1.9178370414516362E-004 
   3.5501065013606187E-003    41.53982639452420        0.9999981804345373      
   0.6552909260011232     
   -4.080000000000000         5.809817118746128        1.5983248930267997E-004 
   3.5415251203046753E-003    41.52623317467686        0.9999982456057409      
   0.6552449087284632     
   -4.080000000000000         6.040814160629681        1.3304031719795899E-004 
   3.5339813699803947E-003    41.51253931540577        0.9999983097945691      
   0.6552048096474895     
   -4.080000000000000         6.273948653295052        1.1060682457658842E-004 
   3.5273565871501060E-003    41.49873448230713        0.9999983730550041      
   0.6551698523351217     
   -4.080000000000000         6.509250533423568        9.1850254685688049E-005 
   3.5215440442106995E-003    41.48480966755208        0.9999984354334824      
   0.6551393591041382     
   -4.080000000000000         6.746746731618209        7.6190461610836009E-005 
   3.5164485155593644E-003    41.47075709544021        0.9999984969702157      
   0.6551127410791466     
   -4.080000000000000         6.986461211521710        6.3134363986871062E-005 
   3.5119855289032411E-003    41.45657011599594        0.9999985577003898      
   0.6550894873259177     
   -4.080000000000000         7.228415015623348        5.2263452728373559E-005 
   3.5080804705620466E-003    41.44224309659013        0.9999986176552422      
   0.6550691547014482     
   -4.080000000000000         7.472626317305855        4.3223041068658588E-005 
   3.5046676465651490E-003    41.42777131745751        0.9999986768629733      
   0.6550513588631567     
   -4.080000000000000         7.719110478673879        3.5713007508250642E-005 
   3.5016893586780192E-003    41.41315087401941        0.9999987353494749      
   0.6550357664441582     
   -4.080000000000000         7.967880113698818        2.9479827192281387E-005 
   3.4990950270184949E-003    41.39837858672512        0.9999987931388711      
   0.6550220882749114     
   -4.080000000000000         8.218945156211536        2.4309717864446178E-005 
   3.4968403759030025E-003    41.38345191844872        0.9999988502539031      
   0.6550100735114680     
   -4.080000000000000         8.472312932274409        2.0022748413257941E-005 
   3.4948866926683237E-003    41.36836889979342        0.9999989067161938      
   0.6549995045427199     
   -4.080000000000000         8.727988236466917        1.6467777824473758E-005 
   3.4932001640230943E-003    41.35312806258650        0.9999989625464225      
   0.6549901925677045     
   -4.080000000000000         8.985973411624599        1.3518112302195360E-005 
   3.4917512886158842E-003    41.33772838111056        0.9999990177644530      
   0.6549819737512784     
   -4.080000000000000         9.246268431579237        1.1067786083756189E-005 
   3.4905143600363819E-003    41.32216921996638        0.9999990723894223      
   0.6549747058807511     
   -4.080000000000000         9.508870986458517        9.0283850222715155E-006 
   3.4894670131031089E-003    41.30645028741895        0.9999991264398215      
   0.6549682654577283     
   -4.080000000000000         9.773776570115773        7.3263420209137919E-006 
   3.4885898271691416E-003    41.29057159343435        0.9999991799335608      
   0.6549625451689666     
   -4.080000000000000         10.04097856927476        5.9006417612185312E-006 
   3.4878659815584436E-003    41.27453341197575        0.9999992328880356      
   0.6549574516880602     
   -4.080000000000000         10.31046835399012        4.7008801707728159E-006 
   3.4872809593318420E-003    41.25833624726461        0.9999992853201854      
   0.6549529037666045     
   -4.080000000000000         10.58223536904130        3.6856321175986950E-006 
   3.4868222966055046E-003    41.24198080363038        0.9999993372465376      
   0.6549488305797199     
   -4.080000000000000         10.85626722589636        2.8210889103444364E-006 
   3.4864793763151455E-003    41.22546795840702        0.9999993886832510      
   0.6549451702974208     
   -4.080000000000000         11.13254979490064        2.0799362261236898E-006 
   3.4862432683520420E-003    41.20879873719046        0.9999994396461495      
   0.6549418688620725     
   -4.080000000000000         11.41106729736590        1.4404563971445791E-006 
   3.4861066220312218E-003    41.19197429056211        0.9999994901507531      
   0.6549388789665902     
   -4.080000000000000         11.69180239725550        8.8586344305453401E-007 
   3.4860636174194716E-003    41.17499587101400        0.9999995402123227      
   0.6549361592533564     
   -4.080000000000000         11.97473629218198        4.0392630679205621E-007 
   3.4861099639925740E-003    41.15786480843838        0.9999995898459451      
   0.6549336737948640     
   -4.080000000000000         12.25984880345458       -1.2981588900848038E-008 
   3.4862428585966084E-003    41.14058248281913        0.9999996390667270      
   0.6549313919687175     
   -4.080000000000000         12.54711846493471       -3.6721255820290175E-007 
   3.4864606792402745E-003    41.12315029266977        0.9999996878901954      
   0.6549292888639672     
   -4.080000000000000         12.83652261047853       -6.5419654189994262E-007 
   3.4867620862693112E-003    41.10556962473586        0.9999997363330679      
   0.6549273462522756     
   -4.080000000000000         13.12803745976597       -8.5944018361336213E-007 
   3.4871427611150030E-003    41.08784188315902        0.9999997844146132      
   0.6549255537522851     
   -4.080000000000000         13.42163820233561       -9.5558386034716144E-007 
   3.4875880794030681E-003    41.06996860518795        0.9999998321588914      
   0.6549239089543606     
   -4.080000000000000         13.71729907966468       -9.0190763592964815E-007 
   3.4880604655007372E-003    41.05195182127384        0.9999998795982079      
   0.6549224142361646     
   -4.080000000000000         14.01499346515192       -6.5441406345037220E-007 
   3.4884822644678190E-003    41.03379482905367        0.9999999267778817      
   0.6549210678146372     
   -4.080000000000000         14.31469394187969       -2.0375085459424574E-007 
   3.4887272564026921E-003    41.01550350686944        0.9999999737618804      
   0.6549198492308954     
   -4.080000000000000         14.61637237804932        3.2245087876828306E-007 
   3.4886677309353279E-003    40.99708774919549         1.000000020637339      
   0.6549187065965962     
   -4.080000000000000         14.92000000000000        3.2245087876828306E-007 
   3.4887867818700563E-003    40.97867199152153         1.000000067512797      
   0.6549175639622971     
   -3.840000000000000        -4.227026579539560         0.000000000000000      
   0.5000000000000000         40.42089907262771         1.000000000000000      
    0.000000000000000     
   -3.840000000000000        -4.014206434341432        3.4093170486349356E-002 
   0.4989681831269772         40.42089907262771        0.9999970607051394      
   7.2361194836249408E-007
   -3.840000000000000        -3.803070304910810        6.3999033212761861E-002 
   0.4959964994100442         40.41354111536525        0.9999945325117452      
   2.1864135389346591E-006
   -3.840000000000000        -3.593549933081869        8.9702409835800689E-002 
   0.4913470497177181         40.40797893070032        0.9999925932998381      
   5.6711042963986926E-006
   -3.840000000000000        -3.385574045583126        0.1115768243799984      
   0.4852973467343170         40.40409730860052        0.9999911511482602      
   1.3965032276230248E-005
   -3.840000000000000        -3.179068445902549        0.1301951203061509      
   0.4781169605205232         40.40177987841093        0.9999901080561099      
   3.3078682816040781E-005
   -3.840000000000000        -2.973956117362914        0.1462925071516585      
   0.4700506095835201         40.40092166544112        0.9999893706060635      
   7.5497470778305363E-005
   -3.840000000000000        -2.770157337224366        0.1606969106045477      
   0.4613063062158082         40.40142959003672        0.9999888572416116      
   1.6604413548748043E-004
   -3.840000000000000        -2.567589801560878        0.1742492372654091      
   0.4520489429150635         40.40321839785496        0.9999885017949717      
   3.5183968345946356E-004
   -3.840000000000000        -2.366168760586374        0.1877321885980134      
   0.4423985981027941         40.40620393056430        0.9999882541814181      
   7.1813037073350757E-004
   -3.840000000000000        -2.165807164036497        0.2018149463291888      
   0.4324315525599844         40.41029662748731        0.9999880795966838      
   1.4115704551720162E-003
   -3.840000000000000        -1.966415816142869        0.2170101860733746      
   0.4221813897056061         40.41539704875719        0.9999879567391714      
   2.6714361894170121E-003
   -3.840000000000000        -1.767903539669862        0.2336330079482309      
   0.4116375163080125         40.42139314095546        0.9999878747599235      
   4.8666749017451227E-003
   -3.840000000000000        -1.570177348419479        0.2517498208758358      
   0.4007387792122356         40.42815622971312        0.9999878289457826      
   8.5323821945932320E-003
   -3.840000000000000        -1.373142627548817        0.2711087310766120      
   0.3893603699000470         40.43553707384920        0.9999878175080993      
   1.4393655946081258E-002
   -3.840000000000000        -1.176703320987477        0.2910503653333485      
   0.3772928563690906         40.44337936742260        0.9999878426540949      
   2.3359370271378813E-002
   -3.840000000000000       -0.9807621251897585        0.3104071124168338      
   0.3642130546315319         40.45156565854025        0.9999879128732543      
   3.6466176022194055E-002
   -3.840000000000000       -0.7852206884089804        0.3274056055108421      
   0.3496469966370852         40.46008510379531        0.9999880410624196      
   5.4757718586317325E-002
   -3.840000000000000       -0.5899798146396622        0.3395849163441291      
   0.3329235117170891         40.46913358842022        0.9999882436003293      
   7.9098659076120723E-002
   -3.840000000000000       -0.3949396713377247        0.3437179305428115      
   0.3131079712376196         40.47926643817937        0.9999885428979290      
   0.1099473916165496     
   -3.840000000000000       -0.2000000000000011        0.3356448106496134      
   0.2888675912846921         40.49146397977238        0.9999889649444826      
   0.1471398084502523     
   -3.840000000000000       -5.0612032226220773E-003   0.3097038114944257      
   0.2580460809033189         40.50653286446713        0.9999895364483915      
   0.1897579784938231     
   -3.840000000000000        0.1899728225015762        0.2567548292070812      
   0.2158998127901441         40.52133538267302        0.9999902815995719      
   0.2361600803258830     
   -3.840000000000000        0.3851971143511089        0.1574276635305705      
   0.1469496180162911         40.51037284854950        0.9999912065161101      
   0.2842255694681165     
   -3.840000000000000        0.5807063267879043        7.0734103186256753E-002 
   7.7583995700133510E-002    39.24373316276470        0.9999922599655197      
   0.3318039011699684     
   -3.840000000000000        0.7765945422431204        3.5467150111331641E-002 
   4.3364682164504911E-002    39.07589943637792        0.9999930687574466      
   0.3768564503649799     
   -3.840000000000000        0.9729550842390562        1.9791908561517337E-002 
   3.1346841891254605E-002    39.13240001760059        0.9999937146247905      
   0.4175789290595375     
   -3.840000000000000         1.169880333731538        1.2417291089258330E-002 
   2.7351226231465981E-002    39.20434523893042        0.9999942384553527      
   0.4527371639606758     
   -3.840000000000000         1.367461549433629        8.6279763062160376E-003 
   2.5879611260370902E-002    39.25607933429543        0.9999946667977742      
   0.4817165280323414     
   -3.840000000000000         1.565788692852865        6.4468988289306901E-003 
   2.5202435273408860E-002    39.28882634263180        0.9999950196128859      
   0.5045073078809222     
   -3.840000000000000         1.764950258740411        5.0471736333183980E-003 
   2.4805087168820024E-002    39.30828677120484        0.9999953127214541      
   0.5215989637443068     
   -3.840000000000000         1.965033111612069        4.0691952768800391E-003 
   2.4526183937643796E-002    39.31885107582926        0.9999955587694347      
   0.5338117654742680     
   -3.840000000000000         2.166122328958343        3.3434570470123257E-003 
   2.4306637671359779E-002    39.32338064004228        0.9999957679222552      
   0.5421150228206455     
   -3.840000000000000         2.368301051714338        2.7816604819011995E-003 
   2.4120475335064839E-002    39.32371696314264        0.9999959484169133      
   0.5474724780689755     
   -3.840000000000000         2.571650342510284        2.3333667368022801E-003 
   2.3954954269930561E-002    39.32107469264181        0.9999961069417397      
   0.5507367291050501     
   -3.840000000000000         2.776249052171010        1.9676490134263864E-003 
   2.3803708075436213E-002    39.31627516148365        0.9999962488961178      
   0.5525961590215430     
   -3.840000000000000         2.982173694877646        1.6645294043570982E-003 
   2.3663668567948406E-002    39.30988205444090        0.9999963785616393      
   0.5535650403131043     
   -3.840000000000000         3.189498332348288        1.4105343708480415E-003 
   2.3533420701120668E-002    39.30228548445067        0.9999964992153590      
   0.5540017960956043     
   -3.840000000000000         3.398294467336542        1.1961879894529077E-003 
   2.3412293123137754E-002    39.29375749379739        0.9999966132444719      
   0.5541406330547153     
   -3.840000000000000         3.608630946688375        1.0145314939405143E-003 
   2.3299881681246141E-002    39.28448961440855        0.9999967223004858      
   0.5541254068756994     
   -3.840000000000000         3.820573874139177        8.6023403214425132E-004 
   2.3195827574614837E-002    39.27461834293520        0.9999968274809695      
   0.5540391854305725     
   -3.840000000000000         4.034186532974921        7.2905672026615082E-004 
   2.3099735612508145E-002    39.26424236438970        0.9999969295030521      
   0.5539269047597957     
   -3.840000000000000         4.249529318623878        6.1752869702997714E-004 
   2.3011161228000544E-002    39.25343417818673        0.9999970288418440      
   0.5538110975529235     
   -3.840000000000000         4.466659681189796        5.2274885200791145E-004 
   2.2929625187439281E-002    39.24224794293168        0.9999971258265702      
   0.5537019488700725     
   -3.840000000000000         4.685632077883227        4.4226062939908600E-004 
   2.2854634892541456E-002    39.23072478367906        0.9999972207006338      
   0.5536032734386180     
   -3.840000000000000         4.906497935255945        3.7396856222094202E-004 
   2.2785703127978424E-002    39.21889642142075        0.9999973136561557      
   0.5535158371447664     
   -3.840000000000000         5.129305621094297        3.1607863264841008E-004 
   2.2722361412871799E-002    39.20678768555015        0.9999974048526704      
   0.5534390862127789     
   -3.840000000000000         5.354100425780786        2.6705273290837135E-004 
   2.2664168001364393E-002    39.19441825963426        0.9999974944268847      
   0.5533719890035251     
   -3.840000000000000         5.580924552890115        2.2557203823352464E-004 
   2.2610711703540485E-002    39.18180390372577        0.9999975824975361      
   0.5533134156946018     
   -3.840000000000000         5.809817118746128        1.9050643811226344E-004 
   2.2561612917292674E-002    39.16895733694773        0.9999976691675581      
   0.5532622926738545     
   -3.840000000000000         6.040814160629681        1.6088842295489982E-004 
   2.2516523005737754E-002    39.15588890367120        0.9999977545251304      
   0.5532176544088059     
   -3.840000000000000         6.273948653295052        1.3589053885943944E-004 
   2.2475122762690151E-002    39.14260708983051        0.9999978386447821      
   0.5531786522708313     
   -3.840000000000000         6.509250533423568        1.1480588549152258E-004 
   2.2437120405594382E-002    39.12911892268127        0.9999979215891128      
   0.5531445472591238     
   -3.840000000000000         6.746746731618209        9.7031263606310228E-005 
   2.2402249368137221E-002    39.11543027753395        0.9999980034110275      
   0.5531146979759070     
   -3.840000000000000         6.986461211521710        8.2052618405015801E-005 
   2.2370266074732203E-002    39.10154611342965        0.9999980841560575      
   0.5530885482202670     
   -3.840000000000000         7.228415015623348        6.9432459969804075E-005 
   2.2340947813724484E-002    39.08747065652792        0.9999981638643988      
   0.5530656156517120     
   -3.840000000000000         7.472626317305855        5.8798986562991459E-005 
   2.2314090774090363E-002    39.07320754548491        0.9999982425724723      
   0.5530454818519666     
   -3.840000000000000         7.719110478673879        4.9836679468991754E-005 
   2.2289508273164282E-002    39.05875994904980        0.9999983203140114      
   0.5530277837286910     
   -3.840000000000000         7.967880113698818        4.2278175265690908E-005 
   2.2267029177741725E-002    39.04413066237218        0.9999983971207577      
   0.5530122061006152     
   -3.840000000000000         8.218945156211536        3.5897251680123050E-005 
   2.2246496506321205E-002    39.02932218571171        0.9999984730228908      
   0.5529984752956487     
   -3.840000000000000         8.472312932274409        3.0502784424170964E-005 
   2.2227766196257687E-002    39.01433678834027        0.9999985480492778      
   0.5529863536130175     
   -3.840000000000000         8.727988236466917        2.5933547397910156E-005 
   2.2210706021566072E-002    38.99917656062102        0.9999986222276206      
   0.5529756345242414     
   -3.840000000000000         8.985973411624599        2.2053743441157310E-005 
   2.2195194648346593E-002    38.98384345695681        0.9999986955845543      
   0.5529661385087757     
   -3.840000000000000         9.246268431579237        1.8749169218073737E-005 
   2.2181120813507565E-002    38.96833933126020        0.9999987681457342      
   0.5529577094372419     
   -3.840000000000000         9.508870986458517        1.5923932808575841E-005 
   2.2168382611461146E-002    38.95266596569635        0.9999988399359400      
   0.5529502114287370     
   -3.840000000000000         9.773776570115773        1.3497653693082603E-005 
   2.2156886874890806E-002    38.93682509321458        0.9999989109791875      
   0.5529435261197005     
   -3.840000000000000         10.04097856927476        1.1403082769034664E-005 
   2.2146548638913608E-002    38.92081841456068        0.9999989812988369      
   0.5529375502909188     
   -3.840000000000000         10.31046835399012        9.5840866815873417E-006 
   2.2137290681480931E-002    38.90464761061047        0.9999990509176924      
   0.5529321938069862     
   -3.840000000000000         10.58223536904130        7.9939471334976103E-006 
   2.2129043136048274E-002    38.88831435081600        0.9999991198580743      
   0.5529273778296261     
   -3.840000000000000         10.85626722589636        6.5939324322333089E-006 
   2.2121743175964270E-002    38.87182029831919        0.9999991881418796      
   0.5529230332737776     
   -3.840000000000000         11.13254979490064        5.3521068299378375E-006 
   2.2115334774686822E-002    38.85516711187344        0.9999992557906239      
   0.5529190994856973     
   -3.840000000000000         11.41106729736590        4.2423581726774651E-006 
   2.2109768550711055E-002    38.83835644406474        0.9999993228254676      
   0.5529155231400908     
   -3.840000000000000         11.69180239725550        3.2436588688084987E-006 
   2.2105001702639626E-002    38.82138993429876        0.9999993892672446      
   0.5529122573861461     
   -3.840000000000000         11.97473629218198        2.3396562436829199E-006 
   2.2100998004194350E-002    38.80426919321898        0.9999994551365007      
   0.5529092613285802     
   -3.840000000000000         12.25984880345458        1.5188596876143439E-006 
   2.2097727704699366E-002    38.78699577231149        0.9999995204536305      
   0.5529065000071886     
   -3.840000000000000         12.54711846493471        7.7598848704198988E-007 
   2.2095166705048606E-002    38.76957111505536        0.9999995852392567      
   0.5529039450940795     
   -3.840000000000000         12.83652261047853        1.1532195751663208E-007 
   2.2093293399853844E-002    38.75199648941164        0.9999996495150664      
   0.5529015764292268     
   -3.840000000000000         13.12803745976597       -4.4275640150882762E-007 
   2.2092081332649206E-002    38.73427290910652        0.9999997133053821      
   0.5528993840184205     
   -3.840000000000000         13.42163820233561       -8.5213915002520558E-007 
   2.2091483010178804E-002    38.71640117345423        0.9999997766398946      
   0.5528973689651009     
   -3.840000000000000         13.71729907966468       -1.0326308024084545E-006 
   2.2091400309640429E-002    38.69838216663621        0.9999998395581775      
   0.5528955401814668     
   -3.840000000000000         14.01499346515192       -8.7661648846765948E-007 
   2.2091643999841249E-002    38.68021782541507        0.9999999021165061      
   0.5528939029205899     
   -3.840000000000000         14.31469394187969       -3.0630371948693359E-007 
   2.2091902770266313E-002    38.66191336931633        0.9999999643971279      
   0.5528924379553102     
   -3.840000000000000         14.61637237804932        5.1539708291854834E-007 
   2.2091816709122435E-002    38.64348109220898         1.000000026518565      
   0.5528910797346017     
   -3.840000000000000         14.92000000000000        5.1539708291854834E-007 
   2.2091988831410191E-002    38.62504881510163         1.000000088640002      
   0.5528897215138933     
   -3.600000000000000        -4.227026579539560         0.000000000000000      
   0.5000000000000000         38.02550036107890         1.000000000000000      
    0.000000000000000     
   -3.600000000000000        -4.014206434341432        3.6183710352416000E-002 
   0.4991890718983659         38.02550036107890        0.9999970952988100      
   5.7461014230977511E-007
   -3.600000000000000        -3.803070304910810        6.7966750634399414E-002 
   0.4968457777729461         38.01956987944450        0.9999945961888335      
   1.7354485403845352E-006
   -3.600000000000000        -3.593549933081869        9.5288177760775583E-002 
   0.4931695335440323         38.01492622077334        0.9999926786352797      
   4.4987654727685318E-006
   -3.600000000000000        -3.385574045583126        0.1185046319455743      
   0.4883885436510358         38.01149132386963        0.9999912523991535      
   1.1071221678260566E-005
   -3.600000000000000        -3.179068445902549        0.1381926883107780      
   0.4827384383928671         38.00917339456080        0.9999902211522705      
   2.6208211402594934E-005
   -3.600000000000000        -2.973956117362914        0.1551084729954765      
   0.4764461851837083         38.00787978123863        0.9999894929870670      
   5.9783408948867581E-005
   -3.600000000000000        -2.770157337224366        0.1701122190342276      
   0.4697191535479373         38.00751728205230        0.9999889875926553      
   1.3142132895079450E-004
   -3.600000000000000        -2.567589801560878        0.1840823239713211      
   0.4627395900174990         38.00798721884102        0.9999886397331631      
   2.7837165182385880E-004
   -3.600000000000000        -2.366168760586374        0.1978393628953294      
   0.4556638933321818         38.00917679487797        0.9999883998899625      
   5.6803118661529286E-004
   -3.600000000000000        -2.165807164036497        0.2120885739988498      
   0.4486249361366714         38.01094895665486        0.9999882333883631      
   1.1163912631226003E-003
   -3.600000000000000        -1.966415816142869        0.2273777920259744      
   0.4417350693613891         38.01313174438067        0.9999881186270487      
   2.1128278637137323E-003
   -3.600000000000000        -1.767903539669862        0.2440603832737383      
   0.4350873361512623         38.01550586499295        0.9999880442380014      
   3.8496447021786544E-003
   -3.600000000000000        -1.570177348419479        0.2622507359625283      
   0.4287527140122384         38.01778535181664        0.9999880050158176      
   6.7513916471036283E-003
   -3.600000000000000        -1.373142627548817        0.2817629132900507      
   0.4227718515812664         38.01958641656677        0.9999879984392245      
   1.1394508732217279E-002
   -3.600000000000000        -1.176703320987477        0.3020299094899809      
   0.4171409077477338         38.02039040911851        0.9999880250547325      
   1.8503496703170332E-002
   -3.600000000000000       -0.9807621251897585        0.3220094956059106      
   0.4117931069277919         38.01950064731975        0.9999880907656248      
   2.8907873214970254E-002
   -3.600000000000000       -0.7852206884089804        0.3400896393127379      
   0.4065803832259782         38.01595026387531        0.9999882053077863      
   4.3447613471318751E-002
   -3.600000000000000       -0.5899798146396622        0.3540069683342703      
   0.4012614340730198         38.00829139652251        0.9999883803757913      
   6.2826058334645246E-002
   -3.600000000000000       -0.3949396713377247        0.3607789936853079      
   0.3954995072297994         37.99412992629566        0.9999886311394577      
   8.7428465328322644E-002
   -3.600000000000000       -0.2000000000000011        0.3566200037384978      
   0.3888516101209115         37.96897053165842        0.9999889737683431      
   0.1171473539359955     
   -3.600000000000000       -5.0612032226220773E-003   0.3367785046804771      
   0.3806494307506390         37.92329077446770        0.9999894217523594      
   0.1512737645354174     
   -3.600000000000000        0.1899728225015762        0.2953332915637732      
   0.3694430799457226         37.83514681943957        0.9999899816902145      
   0.1885158432018754     
   -3.600000000000000        0.3851971143511089        0.2259077863584550      
   0.3512923737011447         37.65160108502572        0.9999906403039152      
   0.2271849142627353     
   -3.600000000000000        0.5807063267879043        0.1292970419879389      
   0.3171695015791480         37.24430402464124        0.9999913457789064      
   0.2655268918251460     
   -3.600000000000000        0.7765945422431204        7.0595192671341997E-002 
   0.2749383510704722         37.04321947531889        0.9999919864086841      
   0.3020365903327899     
   -3.600000000000000        0.9729550842390562        3.9952414537814014E-002 
   0.2417398146514715         36.97571899171732        0.9999925420325954      
   0.3352694085774267     
   -3.600000000000000         1.169880333731538        2.4242539123745230E-002 
   0.2195057562701834         36.96354843251143        0.9999930182138930      
   0.3641424264564938     
   -3.600000000000000         1.367461549433629        1.5870933876021950E-002 
   0.2052916644270764         36.96861984453609        0.9999934258105667      
   0.3880747798353168     
   -3.600000000000000         1.565788692852865        1.1118332055872284E-002 
   0.1961333734233559         36.97630842671592        0.9999937763425130      
   0.4069935457239539     
   -3.600000000000000         1.764950258740411        8.2304309909697875E-003 
   0.1900212382069032         36.98194634932937        0.9999940799639572      
   0.4212487859238337     
   -3.600000000000000         1.965033111612069        6.3622460206281470E-003 
   0.1857422249265755         36.98451352221288        0.9999943445788393      
   0.4314771897795381     
   -3.600000000000000         2.166122328958343        5.0853557876320895E-003 
   0.1825877686872963         36.98417248235835        0.9999945767634955      
   0.4384535204760026     
   -3.600000000000000         2.368301051714338        4.1690620759037931E-003 
   0.1801439751266138         36.98139058803961        0.9999947825206511      
   0.4429618425014968     
   -3.600000000000000         2.571650342510284        3.4823467722998342E-003 
   0.1781662709391873         36.97665060836834        0.9999949674074364      
   0.4457050604397146     
   -3.600000000000000         2.776249052171010        2.9478002318048800E-003 
   0.1765080275734686         36.97036711251757        0.9999951365113612      
   0.4472569795695699     
   -3.600000000000000         2.982173694877646        2.5184001772998086E-003 
   0.1750798731599048         36.96287123030026        0.9999952942429606      
   0.4480504019032331     
   -3.600000000000000         3.189498332348288        2.1649290368808746E-003 
   0.1738261342947566         36.95441750728243        0.9999954440019764      
   0.4483895349938002     
   -3.600000000000000         3.398294467336542        1.8687626063156992E-003 
   0.1727110265675150         36.94519748436728        0.9999955880441326      
   0.4484746350757515     
   -3.600000000000000         3.608630946688375        1.6176101145124059E-003 
   0.1717105349439776         36.93535391816046        0.9999957276666671      
   0.4484294617613474     
   -3.600000000000000         3.820573874139177        1.4029813004860637E-003 
   0.1708076652961050         36.92499302759730        0.9999958635490895      
   0.4483257915023449     
   -3.600000000000000         4.034186532974921        1.2186938112733062E-003 
   0.1699896955438672         36.91419407462364        0.9999959960578043      
   0.4482025099147381     
   -3.600000000000000         4.249529318623878        1.0600069560419811E-003 
   0.1692466001225910         36.90301652917924        0.9999961254358730      
   0.4480790387676891     
   -3.600000000000000         4.466659681189796        9.2312527913221182E-004 
   0.1685701498806526         36.89150533614740        0.9999962518919573      
   0.4479640141521656     
   -3.600000000000000         4.685632077883227        8.0491423220355228E-004 
   0.1679533919094847         36.87969475708145        0.9999963756301437      
   0.4478604929386598     
   -3.600000000000000         4.906497935255945        7.0273361291017301E-004 
   0.1673903385771745         36.86761115890506        0.9999964968530757      
   0.4477688682108749     
   -3.600000000000000         5.129305621094297        6.1433457651538374E-004 
   0.1668757704044314         36.85527503791228        0.9999966157573508      
   0.4476883957255376     
   -3.600000000000000         5.354100425780786        5.3779065424922577E-004 
   0.1664051012947452         36.84270248634049        0.9999967325291064      
   0.4476179390227407     
   -3.600000000000000         5.580924552890115        4.7144739756907396E-004 
   0.1659742791481578         36.82990624874411        0.9999968473395301      
   0.4475563045370868     
   -3.600000000000000         5.809817118746128        4.1388282196220898E-004 
   0.1655797080834877         36.81689648786791        0.9999969603389777      
   0.4475023757693634     
   -3.600000000000000         6.040814160629681        3.6387468822363512E-004 
   0.1652181852326177         36.80368135792041        0.9999970716520243      
   0.4474551558633247     
   -3.600000000000000         6.273948653295052        3.2037264756656328E-004 
   0.1648868482592813         36.79026744994479        0.9999971813768669      
   0.4474137719364295     
   -3.600000000000000         6.509250533423568        2.8247426083922848E-004 
   0.1645831312097799         36.77666014193554        0.9999972895895971      
   0.4473774654329044     
   -3.600000000000000         6.746746731618209        2.4940431174549270E-004 
   0.1643047270531008         36.76286387037761        0.9999973963508549      
   0.4473455787131760     
   -3.600000000000000         6.986461211521710        2.2049696746783651E-004 
   0.1640495557390092         36.74888233775349        0.9999975017119911      
   0.4473175417621749     
   -3.600000000000000         7.228415015623348        1.9518039568582719E-004 
   0.1638157369062919         36.73471867125003        0.9999976057193211      
   0.4472928602510560     
   -3.600000000000000         7.472626317305855        1.7296349754666228E-004 
   0.1636015665534239         36.72037554605065        0.9999977084164422      
   0.4472711051746803     
   -3.600000000000000         7.719110478673879        1.5342446432850876E-004 
   0.1634054970931943         36.70585528331052        0.9999978098452266      
   0.4472519039498460     
   -3.600000000000000         7.967880113698818        1.3620090884149843E-004 
   0.1632261202907451         36.69115992956594        0.9999979100461482      
   0.4472349327776936     
   -3.600000000000000         8.218945156211536        1.2098136165936531E-004 
   0.1630621526500370         36.67629132145846        0.9999980090583764      
   0.4472199100779786     
   -3.600000000000000         8.472312932274409        1.0749795269685045E-004 
   0.1629124228770804         36.66125113806874        0.9999981069197463      
   0.4472065908297720     
   -3.600000000000000         8.727988236466917        9.5520119287946119E-005 
   0.1627758611108138         36.64604094300248        0.9999982036666523      
   0.4471947616815159     
   -3.600000000000000         8.985973411624599        8.4849199399966591E-005 
   0.1626514896668002         36.63066221849147        0.9999982993339609      
   0.4471842367176407     
   -3.600000000000000         9.246268431579237        7.5313788041247439E-005 
   0.1625384150795251         36.61511639323702        0.9999983939550442      
   0.4471748537883827     
   -3.600000000000000         9.508870986458517        6.6765754197580936E-005 
   0.1624358212598448         36.59940486484347        0.9999984875619887      
   0.4471664713247856     
   -3.600000000000000         9.773776570115773        5.9076830813552478E-005 
   0.1623429636121805         36.58352901718516        0.9999985801858785      
   0.4471589655730799     
   -3.600000000000000         10.04097856927476        5.2135700984549827E-005 
   0.1622591639840356         36.56749023305964        0.9999986718570745      
   0.4471522281925713     
   -3.600000000000000         10.31046835399012        4.5845511533207833E-005 
   0.1621838063465857         36.55128990267899        0.9999987626054004      
   0.4471461641695084     
   -3.600000000000000         10.58223536904130        4.0121752299068694E-005 
   0.1621163331272173         36.53492942865392        0.9999988524602541      
   0.4471406900069952     
   -3.600000000000000         10.85626722589636        3.4890448017733189E-005 
   0.1620562421310117         36.51841022801448        0.9999989414506576      
   0.4471357321591806     
   -3.600000000000000         11.13254979490064        3.0086625879810902E-005 
   0.1620030839914085         36.50173373148797        0.9999990296052903      
   0.4471312256896374     
   -3.600000000000000         11.41106729736590        2.5653062926162856E-005 
   0.1619564600553443         36.48490137979600        0.9999991169525208      
   0.4471271131548932     
   -3.600000000000000         11.69180239725550        2.1539425030546509E-005 
   0.1619160204653109         36.46791461616941        0.9999992035203952      
   0.4471233437545973     
   -3.600000000000000         11.97473629218198        1.7702165600698953E-005 
   0.1618814617908288         36.45077487356250        0.9999992893365749      
   0.4471198728622640     
   -3.600000000000000         12.25984880345458        1.4106080849519891E-005 
   0.1618525225807431         36.43348355486506        0.9999993744282624      
   0.4471166621565989     
   -3.600000000000000         12.54711846493471        1.0729381746895717E-005 
   0.1618289732783856         36.41604200771595        0.9999994588224225      
   0.4471136806673010     
   -3.600000000000000         12.83652261047853        7.5750541609392209E-006 
   0.1618105938076468         36.39845150286165        0.9999995425466405      
   0.4471109069691599     
   -3.600000000000000         13.12803745976597        4.6908350851163554E-006 
   0.1617971282703151         36.38071324218380        0.9999996256308650      
   0.4471083321775911     
   -3.600000000000000         13.42163820233561        2.1988445806080019E-006 
   0.1617882056476448         36.36282846979530        0.9999997081104529      
   0.4471059619569014     
   -3.600000000000000         13.71729907966468        3.2157156120700774E-007 
   0.1617832242989600         36.34479881147209        0.9999997900316591      
   0.4471038134618662     
   -3.600000000000000         14.01499346515192       -6.3247058040521599E-007 
   0.1617812303828893         36.32662703538200        0.9999998714606462      
   0.4471019015200632     
   -3.600000000000000         14.31469394187969       -4.1031702673281378E-007 
   0.1617808970329923         36.30831838858089        0.9999999524973087      
   0.4471002110016111     
   -3.600000000000000         14.61637237804932        7.1146395733374083E-007 
   0.1617808355756228         36.28988226195310         1.000000033295515      
   0.4470986641267846     
   -3.600000000000000         14.92000000000000        7.1146395733374083E-007 
   0.1617809584903618         36.27144613532531         1.000000114093722      
   0.4470971172519582     
   -3.360000000000000        -4.227026579539560         0.000000000000000      
   0.5000000000000000         35.62841367728209         1.000000000000000      
    0.000000000000000     
   -3.360000000000000        -4.014206434341432        3.7778254797541183E-002 
   0.4994062145918167         35.62841367728209        0.9999971320377533      
   4.3751380306306063E-007
   -3.360000000000000        -3.803070304910810        7.1011758271151637E-002 
   0.4976811246905927         35.62389549601634        0.9999946638191106      
   1.3205504927919073E-006
   -3.360000000000000        -3.593549933081869        9.9583207443026317E-002 
   0.4949628291091253         35.62017064753226        0.9999927692613703      
   3.4203553970496783E-006
   -3.360000000000000        -3.385574045583126        0.1238174827243438      
   0.4914301655853208         35.61719585773736        0.9999913598959608      
   8.4096925207537129E-006
   -3.360000000000000        -3.179068445902549        0.1442785940214904      
   0.4872834752141194         35.61490262214195        0.9999903411622129      
   1.9889864737392165E-005
   -3.360000000000000        -2.973956117362914        0.1617256414364669      
   0.4827294483327617         35.61321027010235        0.9999896227428967      
   4.5332065919510944E-005
   -3.360000000000000        -2.770157337224366        0.1770316813914459      
   0.4779711162265517         35.61202616077922        0.9999891256325578      
   9.9575745918642860E-005
   -3.360000000000000        -2.567589801560878        0.1910916908493575      
   0.4732031251769251         35.61124024123238        0.9999887855686820      
   2.1077410408812890E-004
   -3.360000000000000        -2.366168760586374        0.2047416468677780      
   0.4686118024271683         35.61071512273600        0.9999885536161438      
   4.2985079548940011E-004
   -3.360000000000000        -2.165807164036497        0.2186983417618763      
   0.4643785197214224         35.61027334330302        0.9999883952065240      
   8.4444143301763838E-004
   -3.360000000000000        -1.966415816142869        0.2335174894291424      
   0.4606842453619026         35.60968237488383        0.9999882883716344      
   1.5976554895067718E-003
   -3.360000000000000        -1.767903539669862        0.2495597997617636      
   0.4577129361893557         35.60863592942013        0.9999882211705621      
   2.9104960756792283E-003
   -3.360000000000000        -1.570177348419479        0.2669522647892327      
   0.4556514916957457         35.60672602593777        0.9999881880003085      
   5.1042355820733144E-003
   -3.360000000000000        -1.373142627548817        0.2855344118393475      
   0.4546843381742656         35.60339784833872        0.9999881859080721      
   8.6156761487680544E-003
   -3.360000000000000        -1.176703320987477        0.3047854088980539      
   0.4549813554416733         35.59788804879904        0.9999882141144318      
   1.3994917373568175E-002
   -3.360000000000000       -0.9807621251897585        0.3237358307518206      
   0.4566788726301475         35.58914690651537        0.9999882761607529      
   2.1873715025626576E-002
   -3.360000000000000       -0.7852206884089804        0.3408752581370426      
   0.4598541575477184         35.57570760895495        0.9999883787724007      
   3.2894988605963030E-002
   -3.360000000000000       -0.5899798146396622        0.3540712173355962      
   0.4644913290102314         35.55544845264283        0.9999885293651919      
   4.7602426506383279E-002
   -3.360000000000000       -0.3949396713377247        0.3605154716567042      
   0.4704250716100771         35.52520581072132        0.9999887377457591      
   6.6303593087094159E-002
   -3.360000000000000       -0.2000000000000011        0.3567183606473611      
   0.4772169710009517         35.48011719034675        0.9999890138980888      
   8.8937440306500803E-002
   -3.360000000000000       -5.0612032226220773E-003   0.3386195525958502      
   0.4838531283514208         35.41260330978343        0.9999893633434234      
   0.1149908980766288     
   -3.360000000000000        0.1899728225015762        0.3020971701377835      
   0.4880738384984613         35.31144960889107        0.9999897860017263      
   0.1435104708740915     
   -3.360000000000000        0.3851971143511089        0.2448499872356127      
   0.4853148826335653         35.16367850023590        0.9999902688978005      
   0.1732360930750778     
   -3.360000000000000        0.5807063267879043        0.1723705295259764      
   0.4689044273140285         34.97120990439852        0.9999907815365098      
   0.2028330674530782     
   -3.360000000000000        0.7765945422431204        0.1134724528772244      
   0.4409827001691300         34.82855038857677        0.9999912796591438      
   0.2311089402630836     
   -3.360000000000000        0.9729550842390562        7.3501039295759005E-002 
   0.4116626879621047         34.74501491809410        0.9999917405452290      
   0.2569740599171782     
   -3.360000000000000         1.169880333731538        4.8259310997451739E-002 
   0.3866773741751220         34.70143671896938        0.9999921572891927      
   0.2795791549876293     
   -3.360000000000000         1.367461549433629        3.2632449295778514E-002 
   0.3673345835734791         34.67962242426265        0.9999925307890105      
   0.2984311911472244     
   -3.360000000000000         1.565788692852865        2.2890836874717935E-002 
   0.3529259135917593         34.66814462186726        0.9999928651728056      
   0.3134221721612376     
   -3.360000000000000         1.764950258740411        1.6694115892700524E-002 
   0.3422560461065774         34.66089322080963        0.9999931655055856      
   0.3247791270317252     
   -3.360000000000000         1.965033111612069        1.2645728384859821E-002 
   0.3342499663795630         34.65488697663780        0.9999934361856504      
   0.3329656062843479     
   -3.360000000000000         2.166122328958343        9.9187229780566891E-003 
   0.3280980483469598         34.64878370294472        0.9999936810888714      
   0.3385678250190041     
   -3.360000000000000         2.368301051714338        8.0184845844674026E-003 
   0.3232345941568135         34.64204799703470        0.9999939040939967      
   0.3421924384513002     
   -3.360000000000000         2.571650342510284        6.6449493936553321E-003 
   0.3192776849192864         34.63452290893707        0.9999941090085557      
   0.3443921821323619     
   -3.360000000000000         2.776249052171010        5.6139395664759782E-003 
   0.3159731161777459         34.62621909720239        0.9999942995715155      
   0.3456242187258167     
   -3.360000000000000         2.982173694877646        4.8115084733019835E-003 
   0.3131520077641697         34.61721239834920        0.9999944793931982      
   0.3462372432237242     
   -3.360000000000000         3.189498332348288        4.1666997517242812E-003 
   0.3107012677917943         34.60759482667918        0.9999946515347631      
   0.3464787368383894     
   -3.360000000000000         3.398294467336542        3.6349096058107032E-003 
   0.3085438464049149         34.59745323505136        0.9999948181286257      
   0.3465129769927575     
   -3.360000000000000         3.608630946688375        3.1876154752875545E-003 
   0.3066258711181007         34.58686199193999        0.9999949803836813      
   0.3464421753809289     
   -3.360000000000000         3.820573874139177        2.8060524224451616E-003 
   0.3049084198438728         34.57588191546737        0.9999951388708140      
   0.3463258810371109     
   -3.360000000000000         4.034186532974921        2.4773692751097771E-003 
   0.3033623316559332         34.56456153521904        0.9999952938412746      
   0.3461963855688400     
   -3.360000000000000         4.249529318623878        2.1923328416438835E-003 
   0.3019649615574449         34.55293900460315        0.9999954454393257      
   0.3460697214607717     
   -3.360000000000000         4.466659681189796        1.9439795585918639E-003 
   0.3006981536865728         34.54104405743806        0.9999955938020022      
   0.3459528596525379     
   -3.360000000000000         4.685632077883227        1.7268314159081481E-003 
   0.2995469644111984         34.52889977650504        0.9999957390909173      
   0.3458480730512027     
   -3.360000000000000         4.906497935255945        1.5364382443947011E-003 
   0.2984988409140871         34.51652407156906        0.9999958814914837      
   0.3457554007131290     
   -3.360000000000000         5.129305621094297        1.3691039190985956E-003 
   0.2975430754106396         34.50393086511578        0.9999960212004346      
   0.3456739458069880     
   -3.360000000000000         5.354100425780786        1.2217146475395667E-003 
   0.2966704276099213         34.49113102438692        0.9999961584145197      
   0.3456025105973055     
   -3.360000000000000         5.580924552890115        1.0916240921946432E-003 
   0.2958728521264784         34.47813307054609        0.9999962933225088      
   0.3455398806393389     
   -3.360000000000000         5.809817118746128        9.7657096254161885E-004 
   0.2951432937482049         34.46494370374656        0.9999964260968882      
   0.3454849361153367     
   -3.360000000000000         6.040814160629681        8.7461614741231450E-004 
   0.2944755287055587         34.45156819969795        0.9999965568853925      
   0.3454366843124866     
   -3.360000000000000         6.273948653295052        7.8409255212315472E-004 
   0.2938640386543601         34.43801072599692        0.9999966858067063      
   0.3453942594503728     
   -3.360000000000000         6.509250533423568        7.0356394940351537E-004 
   0.2933039088139572         34.42427460082391        0.9999968129527369      
   0.3453569109599377     
   -3.360000000000000         6.746746731618209        6.3179069975965855E-004 
   0.2927907444496753         34.41036249891829        0.9999969383954167      
   0.3453239890724256     
   -3.360000000000000         6.986461211521710        5.6770094131039831E-004 
   0.2923206016433227         34.39627660908407        0.9999970621941980      
   0.3452949310283050     
   -3.360000000000000         7.228415015623348        5.1036623993373558E-004 
   0.2918899294590933         34.38201875263798        0.9999971844017866      
   0.3452692488940982     
   -3.360000000000000         7.472626317305855        4.5898093014292275E-004 
   0.2914955213643899         34.36759047342768        0.9999973050675389      
   0.3452465190961891     
   -3.360000000000000         7.719110478673879        4.1284453868768289E-004 
   0.2911344742539749         34.35299310800156        0.9999974242390215      
   0.3452263734989423     
   -3.360000000000000         7.967880113698818        3.7134680019558714E-004 
   0.2908041537647024         34.33822784195996        0.9999975419625342      
   0.3452084917976639     
   -3.360000000000000         8.218945156211536        3.3395486509088816E-004 
   0.2905021648179697         34.32329575590705        0.9999976582832143      
   0.3451925950136474     
   -3.360000000000000         8.472312932274409        3.0020236914971379E-004 
   0.2902263265225734         34.30819786245056        0.9999977732449965      
   0.3451784399124058     
   -3.360000000000000         8.727988236466917        2.6968008505555261E-004 
   0.2899746507335684         34.29293513535082        0.9999978868904589      
   0.3451658141989718     
   -3.360000000000000         8.985973411624599        2.4202791765769131E-004 
   0.2897453236978082         34.27750853247426        0.9999979992606454      
   0.3451545323713231     
   -3.360000000000000         9.246268431579237        2.1692804222040360E-004 
   0.2895366903212871         34.26191901416809        0.9999981103949869      
   0.3451444321345153     
   -3.360000000000000         9.508870986458517        1.9409901801515104E-004 
   0.2893472406719728         34.24616755786135        0.9999982203314449      
   0.3451353712948834     
   -3.360000000000000         9.773776570115773        1.7329073577816983E-004 
   0.2891755983958421         34.23025516899455        0.9999983291067852      
   0.3451272250668987     
   -3.360000000000000         10.04097856927476        1.5428007727270800E-004 
   0.2890205107806415         34.21418288827101        0.9999984367568979      
   0.3451198837358849     
   -3.360000000000000         10.31046835399012        1.3686718091030937E-004 
   0.2888808402514136         34.19795179548719        0.9999985433170366      
   0.3451132506286349     
   -3.360000000000000         10.58223536904130        1.2087222214692296E-004 
   0.2887555571207793         34.18156301045455        0.9999986488219744      
   0.3451072403519572     
   -3.360000000000000         10.85626722589636        1.0613263760069718E-004 
   0.2886437334397454         34.16501769155985        0.9999987533060798      
   0.3451017772679064     
   -3.360000000000000         11.13254979490064        9.2500765255755491E-005 
   0.2885445377857621         34.14831703231101        0.9999988568033662      
   0.3450967941873459     
   -3.360000000000000         11.41106729736590        7.9841984560468876E-005 
   0.2884572307400733         34.13146225596441        0.9999989593475008      
   0.3450922312876267     
   -3.360000000000000         11.69180239725550        6.8033718978082735E-005 
   0.2883811605418949         34.11445460813281        0.9999990609717514      
   0.3450880353081853     
   -3.360000000000000         11.97473629218198        5.6966291109404923E-005 
   0.2883157577484823         34.09729534718234        0.9999991617088264      
   0.3450841591664202     
   -3.360000000000000         12.25984880345458        4.6547838293666932E-005 
   0.2882605263165666         34.07998573310541        0.9999992615907263      
   0.3450805622720188     
   -3.360000000000000         12.54711846493471        3.6717407794048727E-005 
   0.2882150259488083         34.06252701915786        0.9999993606489869      
   0.3450772119540709     
   -3.360000000000000         12.83652261047853        2.7472148461461082E-005 
   0.2881788367283503         34.04492045697464        0.9999994589156131      
   0.3450740863672703     
   -3.360000000000000         13.12803745976597        1.8913605387434871E-005 
   0.2881514931374968         34.02716733648795        0.9999995564248283      
   0.3450711786107991     
   -3.360000000000000         13.42163820233561        1.1310376851725066E-005 
   0.2881323754332712         34.00926910362960        0.9999996532163863      
   0.3450685000643096     
   -3.360000000000000         13.71729907966468        5.1481971636624417E-006 
   0.2881205604706948         33.99122762190748        0.9999997493419939      
   0.3450660779857562     
   -3.360000000000000         14.01499346515192        1.0890265448809340E-006 
   0.2881146732857253         33.97304564727185        0.9999998448762119      
   0.3450639397601454     
   -3.360000000000000         14.31469394187969       -3.2093990131030181E-007 
   0.2881128513060046         33.95472751586117        0.9999999399343319      
   0.3450620780684730     
   -3.360000000000000         14.61637237804932        5.2347461075923243E-007 
   0.2881130074414977         33.93627982042091         1.000000034699795      
   0.3450604043988421     
   -3.360000000000000         14.92000000000000        5.2347461075923243E-007 
   0.2881126951705115         33.91783212498065         1.000000129465257      
   0.3450587307292112     
   -3.120000000000000        -4.227026579539560         0.000000000000000      
   0.5000000000000000         33.23031563183159         1.000000000000000      
    0.000000000000000     
   -3.120000000000000        -4.014206434341432        3.8892347704689086E-002 
   0.4996133720788248         33.23031563183159        0.9999971705195853      
   3.1881312575362590E-007
   -3.120000000000000        -3.803070304910810        7.3161795877063424E-002 
   0.4984786271054480         33.22715707555854        0.9999947346445602      
   9.6146403470343969E-007
   -3.120000000000000        -3.593549933081869        0.1026261863123681      
   0.4966755705155543         33.22433026661293        0.9999928641336154      
   2.4875290688351134E-006
   -3.120000000000000        -3.385574045583126        0.1275658347612058      
   0.4943343926222533         33.22182314478425        0.9999914723611008      
   6.1088480286225972E-006
   -3.120000000000000        -3.179068445902549        0.1485178362825641      
   0.4916186658043796         33.21958891784718        0.9999904666083589      
   1.4430883827265988E-005
   -3.120000000000000        -2.973956117362914        0.1662283261508083      
   0.4887111624110380         33.21755922081593        0.9999897582088383      
   3.2852390043656373E-005
   -3.120000000000000        -2.770157337224366        0.1815659425447774      
   0.4858045943665914         33.21564439529385        0.9999892695026201      
   7.2085258408805745E-005
   -3.120000000000000        -2.567589801560878        0.1954240114937089      
   0.4830972744010618         33.21372811394895        0.9999889372308055      
   1.5243415327193912E-004
   -3.120000000000000        -2.366168760586374        0.2086347949770410      
   0.4807932852459593         33.21165729292358        0.9999887130753294      
   3.1060123431802470E-004
   -3.120000000000000        -2.165807164036497        0.2219064501804857      
   0.4791058548719126         33.20922858838878        0.9999885625990219      
   6.0971880627062143E-004
   -3.120000000000000        -1.966415816142869        0.2357809348050981      
   0.4782619834243482         33.20617195717593        0.9999884634407074      
   1.1528602978811261E-003
   -3.120000000000000        -1.767903539669862        0.2506029227076996      
   0.4785059327263246         33.20213053467514        0.9999884030096091      
   2.0992141345653240E-003
   -3.120000000000000        -1.570177348419479        0.2664871000682011      
   0.4800989043369418         33.19663307509468        0.9999883753447948      
   3.6802950783147471E-003
   -3.120000000000000        -1.373142627548817        0.2832734099136245      
   0.4833120363052914         33.18905117072612        0.9999883773723380      
   6.2111613650795670E-003
   -3.120000000000000        -1.176703320987477        0.3004656190717332      
   0.4884096387338338         33.17853979502564        0.9999884072789066      
   1.0089235082943735E-002
   -3.120000000000000       -0.9807621251897585        0.3171565896487050      
   0.4956192398158727         33.16397113465338        0.9999884664506059      
   1.5772200253921051E-002
   -3.120000000000000       -0.7852206884089804        0.3319525206176436      
   0.5050840026610703         33.14385284592935        0.9999885597088947      
   2.3728180288654276E-002
   -3.120000000000000       -0.5899798146396622        0.3429177427324324      
   0.5167895510799476         33.11620405194216        0.9999886917109644      
   3.4357341065690820E-002
   -3.120000000000000       -0.3949396713377247        0.3475737004200785      
   0.5304488151099812         33.07842238754736        0.9999888672944955      
   4.7894341210916361E-002
   -3.120000000000000       -0.2000000000000011        0.3430093878890670      
   0.5453161061715976         33.02722574215380        0.9999890925077966      
   6.4313466001152828E-002
   -3.120000000000000       -5.0612032226220773E-003   0.3262186740242350      
   0.5598993124277964         32.95882784590598        0.9999893697585013      
   8.3267834842489591E-002
   -3.120000000000000        0.1899728225015762        0.2949094885406897      
   0.5716065387449716         32.86992336645675        0.9999896968927225      
   0.1040941221789296     
   -3.120000000000000        0.3851971143511089        0.2492163773623657      
   0.5766637881970613         32.76068830526930        0.9999900650678242      
   0.1258993033636001     
   -3.120000000000000        0.5807063267879043        0.1946118130046414      
   0.5713925802196211         32.64134425235628        0.9999904571007749      
   0.1477091001349059     
   -3.120000000000000        0.7765945422431204        0.1438549085920120      
   0.5563585969490847         32.53898406352148        0.9999908518895830      
   0.1686091551327503     
   -3.120000000000000        0.9729550842390562        0.1033749926824901      
   0.5363812724223579         32.46372026527263        0.9999912337484294      
   0.1877904350044822     
   -3.120000000000000         1.169880333731538        7.3724568411045396E-002 
   0.5159673918154842         32.41266194144451        0.9999915943829171      
   0.2046237728583828     
   -3.120000000000000         1.367461549433629        5.2946679193159610E-002 
   0.4976323700084193         32.37886826684547        0.9999919306695102      
   0.2187292410499903     
   -3.120000000000000         1.565788692852865        3.8670241674663326E-002 
   0.4822255490518951         32.35596933485007        0.9999922425676305      
   0.2300008689869880     
   -3.120000000000000         1.764950258740411        2.8904880908449268E-002 
   0.4696785540952289         32.33940709235424        0.9999925317027498      
   0.2385791037679018     
   -3.120000000000000         1.965033111612069        2.2187394359909275E-002 
   0.4595597179466471         32.32628018147911        0.9999927996496459      
   0.2447854130920032     
   -3.120000000000000         2.166122328958343        1.7504415594736630E-002 
   0.4513697877694257         32.31486602515749        0.9999930481967730      
   0.2490414065778860     
   -3.120000000000000         2.368301051714338        1.4174060849660341E-002 
   0.4446652927052811         32.30419007904404        0.9999932795942781      
   0.2517930089168103     
   -3.120000000000000         2.571650342510284        1.1744494778043362E-002 
   0.4390930429550526         32.29372409683602        0.9999934961469016      
   0.2534531180873263     
   -3.120000000000000         2.776249052171010        9.9192527677347611E-003 
   0.4343866878042465         32.28319756446370        0.9999937003312859      
   0.2543677526224306     
   -3.120000000000000         2.982173694877646        8.5052076456409529E-003 
   0.4303507888076903         32.27248349656074        0.9999938948957622      
   0.2548037956628916     
   -3.120000000000000         3.189498332348288        7.3770935023118158E-003 
   0.4268434428063635         32.26153062473041        0.9999940823860944      
   0.2549524852785001     
   -3.120000000000000         3.398294467336542        6.4536232890575456E-003 
   0.4237614569495554         32.25032537292287        0.9999942646346484      
   0.2549417837157120     
   -3.120000000000000         3.608630946688375        5.6816313904009689E-003 
   0.4210289719695097         32.23887178068154        0.9999944426702697      
   0.2548517937509067     
   -3.120000000000000         3.820573874139177        5.0257295344843678E-003 
   0.4185892246625831         32.22718119673510        0.9999946169505737      
   0.2547293396524159     
   -3.120000000000000         4.034186532974921        4.4616981565956063E-003 
   0.4163987914166828         32.21526702825991        0.9999947876520188      
   0.2545997800208681     
   -3.120000000000000         4.249529318623878        3.9723531557598725E-003 
   0.4144236521237837         32.20314214567062        0.9999949548657737      
   0.2544755733172844     
   -3.120000000000000         4.466659681189796        3.5450077052797176E-003 
   0.4126365283656603         32.19081777378970        0.9999951186884225      
   0.2543619545413892     
   -3.120000000000000         4.685632077883227        3.1699312780413325E-003 
   0.4110150850213241         32.17830319657055        0.9999952792517272      
   0.2542604123862222     
   -3.120000000000000         4.906497935255945        2.8394144008853164E-003 
   0.4095407043477879         32.16560583741320        0.9999954367214264      
   0.2541706686085651     
   -3.120000000000000         5.129305621094297        2.5471927990103329E-003 
   0.4081976357275205         32.15273149510898        0.9999955912826576      
   0.2540917258281275     
   -3.120000000000000         5.354100425780786        2.2880818965834498E-003 
   0.4069723920681052         32.13968463397295        0.9999957431269426      
   0.2540223802228893     
   -3.120000000000000         5.580924552890115        2.0577344680555187E-003 
   0.4058533096884924         32.12646865353282        0.9999958924440295      
   0.2539614488932985     
   -3.120000000000000         5.809817118746128        1.8524715992747753E-003 
   0.4048302186271612         32.11308610101410        0.9999960394130422      
   0.2539078560269690     
   -3.120000000000000         6.040814160629681        1.6691588244536711E-003 
   0.4038941896322301         32.09953883931710        0.9999961841917452      
   0.2538606547558500     
   -3.120000000000000         6.273948653295052        1.5051115394728450E-003 
   0.4030373360421046         32.08582819694674        0.9999963269092607      
   0.2538190227595906     
   -3.120000000000000         6.509250533423568        1.3580205130758901E-003 
   0.4022526559777172         32.07195510702663        0.9999964676663404      
   0.2537822490328288     
   -3.120000000000000         6.746746731618209        1.2258919462088541E-003 
   0.4015339047662753         32.05792022575504        0.9999966065416442      
   0.2537497190839911     
   -3.120000000000000         6.986461211521710        1.1069985069235215E-003 
   0.4008754905159781         32.04372402325578        0.9999967435996573      
   0.2537209012114827     
   -3.120000000000000         7.228415015623348        9.9983889972102432E-004 
   0.4002723878058831         32.02936684957095        0.9999968788971016      
   0.2536953345722279     
   -3.120000000000000         7.472626317305855        9.0310421835186952E-004 
   0.3997200658138675         32.01484898259412        0.9999970124869393      
   0.2536726190380734     
   -3.120000000000000         7.719110478673879        8.1564977514192775E-004 
   0.3992144281081457         32.00017066402501        0.9999971444202932      
   0.2536524066177969     
   -3.120000000000000         7.967880113698818        7.3647140266058081E-004 
   0.3987517619546145         31.98533212788725        0.9999972747471199      
   0.2536343941918773     
   -3.120000000000000         8.218945156211536        6.6468544120332283E-004 
   0.3983286954449134         31.97033362400630        0.9999974035163682      
   0.2536183173353519     
   -3.120000000000000         8.472312932274409        5.9951178468871749E-004 
   0.3979421610893601         31.95517543672048        0.9999975307759660      
   0.2536039450435438     
   -3.120000000000000         8.727988236466917        5.4025947517716592E-004 
   0.3975893647885613         31.93985789875165        0.9999976565726665      
   0.2535910752112814     
   -3.120000000000000         8.985973411624599        4.8631442771564649E-004 
   0.3972677593157713         31.92438140118724        0.9999977809517954      
   0.2535795307452866     
   -3.120000000000000         9.246268431579237        4.3712894217589585E-004 
   0.3969750216103654         31.90874640094588        0.9999979039570813      
   0.2535691562121030     
   -3.120000000000000         9.508870986458517        3.9221271969466461E-004 
   0.3967090333082361         31.89295342635752        0.9999980256307086      
   0.2535598149415099     
   -3.120000000000000         9.773776570115773        3.5112514907939399E-004 
   0.3964678640336240         31.87700308064708        0.9999981460135693      
   0.2535513865190822     
   -3.120000000000000         10.04097856927476        3.1346866585732670E-004 
   0.3962497570606369         31.86089604293982        0.9999982651455787      
   0.2535437646124601     
   -3.120000000000000         10.31046835399012        2.7888301763980472E-004 
   0.3960531170230747         31.84463306674922        0.9999983830659499      
   0.2535368550849180     
   -3.120000000000000         10.58223536904130        2.4704029989871401E-004 
   0.3958764994041176         31.82821497631246        0.9999984998133659      
   0.2535305743579241     
   -3.120000000000000         10.85626722589636        2.1764066903548474E-004 
   0.3957186015650425         31.81164266130611        0.9999986154260754      
   0.2535248479933884     
   -3.120000000000000         11.13254979490064        1.9040872791336344E-004 
   0.3955782550540841         31.79491707038480        0.9999987299419404      
   0.2535196094798621     
   -3.120000000000000         11.41106729736590        1.6509079155651920E-004 
   0.3954544188220797         31.77803920388610        0.9999988433984350      
   0.2535147992329944     
   -3.120000000000000         11.69180239725550        1.4145374177783224E-004 
   0.3953461726491949         31.76101010604898        0.9999989558325458      
   0.2535103638731888     
   -3.120000000000000         11.97473629218198        1.1928725190830125E-004 
   0.3952527093406736         31.74383085721559        0.9999990672805560      
   0.2535062559422339     
   -3.120000000000000         12.25984880345458        9.8413144737441048E-005 
   0.3951733227340328         31.72650256755518        0.9999991777778620      
   0.2535024343762580     
   -3.120000000000000         12.54711846493471        7.8708560970020144E-005 
   0.3951073859108749         31.70902637694935        0.9999992873592628      
   0.2534988662196748     
   -3.120000000000000         12.83652261047853        6.0152152164765762E-005 
   0.3950543102375931         31.69140346946834        0.9999993960599667      
   0.2534955300499471     
   -3.120000000000000         13.12803745976597        4.2900502957675500E-005 
   0.3950134722827016         31.67363511393364        0.9999995039173305      
   0.2534924209434809     
   -3.120000000000000         13.42163820233561        2.7387446668676629E-005 
   0.3949840965930080         31.65572274892788        0.9999996109743774      
   0.2534895549282398     
   -3.120000000000000         13.71729907966468        1.4399393342258342E-005 
   0.3949650950508660         31.63766813642874        0.9999997172869587      
   0.2534869674736262     
   -3.120000000000000         14.01499346515192        5.0092759390980751E-006 
   0.3949548954831854         31.61947359058970        0.9999998229361023      
   0.2534846970732751     
   -3.120000000000000         14.31469394187969        1.5633797710572226E-007 
   0.3949513399124125         31.60114224010327        0.9999999280489128      
   0.2534827457943009     
   -3.120000000000000         14.61637237804932       -4.3499751105156360E-007 
   0.3949517643179278         31.58267819222036         1.000000032830795      
   0.2534810211805316     
   -3.120000000000000         14.92000000000000       -4.3499751105156360E-007 
   0.3949509155068973         31.56421414433744         1.000000137612677      
   0.2534792965667623     
   -2.880000000000000        -4.227026579539560         0.000000000000000      
   0.5000000000000000         30.83183477455884         1.000000000000000      
    0.000000000000000     
   -2.880000000000000        -4.014206434341432        3.9554444036828590E-002 
   0.4998053802196173         30.83183477455884        0.9999972103512345      
   2.2205058620492309E-007
   -2.880000000000000        -3.803070304910810        7.4468482412898523E-002 
   0.4992184650616572         30.82995140749671        0.9999948079257257      
   6.6894524241577318E-007
   -2.880000000000000        -3.593549933081869        0.1044894711635034      
   0.4982651797210870         30.82798323211398        0.9999929622358905      
   1.7283405720228805E-006
   -2.880000000000000        -3.385574045583126        0.1298432495185296      
   0.4970285972331384         30.82594495725494        0.9999915885558760      
   4.2381859377050402E-006
   -2.880000000000000        -3.179068445902549        0.1510284576577480      
   0.4956342630859660         30.82380964936117        0.9999905960627949      
   9.9970159444786265E-006
   -2.880000000000000        -2.973956117362914        0.1687653146870025      
   0.4942370024074321         30.82152189784226        0.9999898977819607      
   2.2725778174837258E-005
   -2.880000000000000        -2.770157337224366        0.1839042372542255      
   0.4930121707603975         30.81899839685467        0.9999894174220397      
   4.9797032418836798E-005
   -2.880000000000000        -2.567589801560878        0.1973228756891948      
   0.4921511969401859         30.81612323442137        0.9999890927434768      
   1.0516848301698460E-004
   -2.880000000000000        -2.366168760586374        0.2098360193885302      
   0.4918610396428615         30.81273876493982        0.9999888760796029      
   2.1404357253485351E-004
   -2.880000000000000        -2.165807164036497        0.2221299897737577      
   0.4923663946366897         30.80863318939826        0.9999887331926505      
   4.1974002775461316E-004
   -2.880000000000000        -1.966415816142869        0.2347205483174844      
   0.4939128061331556         30.80352547998256        0.9999886413827067      
   7.9294123596536023E-004
   -2.880000000000000        -1.767903539669862        0.2479250549811858      
   0.4967682397767863         30.79704768915794        0.9999885873281541      
   1.4427841261829045E-003
   -2.880000000000000        -1.570177348419479        0.2618368463817177      
   0.5012201065927242         30.78872354123860        0.9999885645632965      
   2.5280125974106388E-003
   -2.880000000000000        -1.373142627548817        0.2762919141983780      
   0.5075641628693366         30.77793881226076        0.9999885701868402      
   4.2647974458192911E-003
   -2.880000000000000        -1.176703320987477        0.2908236768403016      
   0.5160811069252964         30.76390068544877        0.9999886021538438      
   6.9262183661875825E-003
   -2.880000000000000       -0.9807621251897585        0.3046098075864228      
   0.5269960377740590         30.74559786752178        0.9999886598082736      
   1.0827638026496890E-002
   -2.880000000000000       -0.7852206884089804        0.3164248799977178      
   0.5404153562514986         30.72177733804513        0.9999887456903919      
   1.6293349597354075E-002
   -2.880000000000000       -0.5899798146396622        0.3246238487265205      
   0.5562352401012443         30.69093612796647        0.9999888635160742      
   2.3603859339347000E-002
   -2.880000000000000       -0.3949396713377247        0.3271953532251427      
   0.5740163206654518         30.65135475091203        0.9999890157186644      
   3.2930027470402107E-002
   -2.880000000000000       -0.2000000000000011        0.3219430041366618      
   0.5928258358322949         30.60127378271647        0.9999892048727692      
   4.4268508849970925E-002
   -2.880000000000000       -5.0612032226220773E-003   0.3068780958697706      
   0.6110758213109111         30.53932941117336        0.9999894321716289      
   5.7399066454861675E-002
   -2.880000000000000        0.1899728225015762        0.2809243704816422      
   0.6264609084803474         30.46541530987717        0.9999896952840166      
   7.1883892167257837E-002
   -2.880000000000000        0.3851971143511089        0.2449649260490195      
   0.6362434042288354         30.38212133537245        0.9999899886412510      
   8.7118868391470955E-002
   -2.880000000000000        0.5807063267879043        0.2028738091423434      
   0.6382467248832853         30.29625964551816        0.9999903024024583      
   0.1024240987846968     
   -2.880000000000000        0.7765945422431204        0.1611031077544742      
   0.6324567596945698         30.21810518857149        0.9999906252364750      
   0.1171376879003333     
   -2.880000000000000        0.9729550842390562        0.1244083749680811      
   0.6211131496539318         30.15364187804068        0.9999909470062412      
   0.1306769886222586     
   -2.880000000000000         1.169880333731538        9.4698168260514665E-002 
   0.6070627930604175         30.10361042214610        0.9999912609563388      
   0.1425920082249328     
   -2.880000000000000         1.367461549433629        7.1865629191109018E-002 
   0.5925623480982075         30.06577806597827        0.9999915629616424      
   0.1526069161373702     
   -2.880000000000000         1.565788692852865        5.4865818252789689E-002 
   0.5789597796120418         30.03706120508120        0.9999918512685444      
   0.1606350274226246     
   -2.880000000000000         1.764950258740411        4.2424206609122786E-002 
   0.5668567876159785         30.01464536652436        0.9999921252979914      
   0.1667617828826267     
   -2.880000000000000         1.965033111612069        3.3375605945159349E-002 
   0.5563860935109851         29.99635827073598        0.9999923848193071      
   0.1712022780151073     
   -2.880000000000000         2.166122328958343        2.6777873943717688E-002 
   0.5474400341626066         29.98066947646684        0.9999926304443377      
   0.1742466800512891     
   -2.880000000000000         2.368301051714338        2.1918307695819390E-002 
   0.5398164150798535         29.96655676795463        0.9999928632152114      
   0.1762073237085397     
   -2.880000000000000         2.571650342510284        1.8279621559925754E-002 
   0.5332972243307734         29.95336194041559        0.9999930842251137      
   0.1773773580798896     
   -2.880000000000000         2.776249052171010        1.5496834505166913E-002 
   0.5276844499125118         29.94067373883455        0.9999932950439411      
   0.1780052525559460     
   -2.880000000000000         2.982173694877646        1.3317561189546974E-002 
   0.5228121382563794         29.92824034390295        0.9999934977697706      
   0.1782845281040736     
   -2.880000000000000         3.189498332348288        1.1569617313920047E-002 
   0.5185468877968362         29.91590880799064        0.9999936944181200      
   0.1783550093329242     
   -2.880000000000000         3.398294467336542        1.0136304993285022E-002 
   0.5147836359513043         29.90358649422883        0.9999938864029496      
   0.1783108832799972     
   -2.880000000000000         3.608630946688375        8.9384213888684325E-003 
   0.5114402071091755         29.89121750022110        0.9999940744719543      
   0.1782113778342060     
   -2.880000000000000         3.820573874139177        7.9216522729053211E-003 
   0.5084521710372749         29.87876822999758        0.9999942589220988      
   0.1780911577426661     
   -2.880000000000000         4.034186532974921        7.0480260426356370E-003 
   0.5057685669916898         29.86621845615362        0.9999944398469689      
   0.1779689100334710     
   -2.880000000000000         4.249529318623878        6.2902812780965493E-003 
   0.5033485758703813         29.85355577814218        0.9999946172925104      
   0.1778536607869375     
   -2.880000000000000         4.466659681189796        5.6282353172146119E-003 
   0.5011590266893529         29.84077229343318        0.9999947913242622      
   0.1777490106837177     
   -2.880000000000000         4.685632077883227        5.0464750051526126E-003 
   0.4991725657178532         29.82786266930098        0.9999949620490111      
   0.1776557536428151     
   -2.880000000000000         4.906497935255945        4.5328930274733106E-003 
   0.4973663220509544         29.81482302789682        0.9999951296114568      
   0.1775733775489045     
   -2.880000000000000         5.129305621094297        4.0777519264016421E-003 
   0.4957209330084732         29.80165031829174        0.9999952941787509      
   0.1775008612559756     
   -2.880000000000000         5.354100425780786        3.6730728044265313E-003 
   0.4942198259477094         29.78834198973887        0.9999954559281502      
   0.1774370635474351     
   -2.880000000000000         5.580924552890115        3.3122234184421520E-003 
   0.4928486815845861         29.77489581616580        0.9999956150401950      
   0.1773808930976888     
   -2.880000000000000         5.809817118746128        2.9896301244785152E-003 
   0.4915950262528921         29.76130978039840        0.9999957716898852      
   0.1773313697991807     
   -2.880000000000000         6.040814160629681        2.7005686946360583E-003 
   0.4904479169819506         29.74758199864925        0.9999959260342944      
   0.1772876368524707     
   -2.880000000000000         6.273948653295052        2.4410071908801830E-003 
   0.4893976945486878         29.73371069149530        0.9999960782032723      
   0.1772489531741919     
   -2.880000000000000         6.509250533423568        2.2074846224436574E-003 
   0.4884357870677292         29.71969419148941        0.9999962282984911      
   0.1772146796521175     
   -2.880000000000000         6.746746731618209        1.9970151812401635E-003 
   0.4875545516687093         29.70553096301107        0.9999963763993581      
   0.1771842648350058     
   -2.880000000000000         6.986461211521710        1.8070113901192582E-003 
   0.4867471453406488         29.69121961700983        0.9999965225709913      
   0.1771572320174687     
   -2.880000000000000         7.228415015623348        1.6352216319961673E-003 
   0.4860074185271314         29.67675891726205        0.9999966668708123      
   0.1771331681715248     
   -2.880000000000000         7.472626317305855        1.4796788593796784E-003 
   0.4853298267655233         29.66214778085639        0.9999968093526999      
   0.1771117146267565     
   -2.880000000000000         7.719110478673879        1.3386581453517896E-003 
   0.4847093568242384         29.64738527601427        0.9999969500689907      
   0.1770925592479188     
   -2.880000000000000         7.967880113698818        1.2106413198304327E-003 
   0.4841414646096760         29.63247061985745        0.9999970890711516      
   0.1770754298516296     
   -2.880000000000000         8.218945156211536        1.0942873451806048E-003 
   0.4836220227057841         29.61740317710750        0.9999972264099365      
   0.1770600886399153     
   -2.880000000000000         8.472312932274409        9.8840738027514965E-004 
   0.4831472758485212         29.60218245859310        0.9999973621353740      
   0.1770463274703116     
   -2.880000000000000         8.727988236466917        8.9194369881667041E-004 
   0.4827138029826742         29.58680811827622        0.9999974962965916      
   0.1770339638186438     
   -2.880000000000000         8.985973411624599        8.0395179283235978E-004 
   0.4823184848260189         29.57127994904451        0.9999976289414889      
   0.1770228373196089     
   -2.880000000000000         9.246268431579237        7.2358512160472131E-004 
   0.4819584760789882         29.55559787831668        0.9999977601164721      
   0.1770128067927211     
   -2.880000000000000         9.508870986458517        6.5008206755267023E-004 
   0.4816311815758590         29.53976196380632        0.9999978898664347      
   0.1770037476784281     
   -2.880000000000000         9.773776570115773        5.8275473926887355E-004 
   0.4813342357960642         29.52377238885754        0.9999980182349675      
   0.1769955498225849     
   -2.880000000000000         10.04097856927476        5.2097932428561743E-004 
   0.4810654852566245         29.50762945658931        0.9999981452646768      
   0.1769881155580438     
   -2.880000000000000         10.31046835399012        4.6418774689159991E-004 
   0.4808229733914364         29.49133358252153        0.9999982709974513      
   0.1769813580407985     
   -2.880000000000000         10.58223536904130        4.1186043888071698E-004 
   0.4806049275859070         29.47488528589266        0.9999983954746489      
   0.1769751998059413     
   -2.880000000000000         10.85626722589636        3.6352010387724203E-004 
   0.4804097480678026         29.45828518015029        0.9999985187371910      
   0.1769695715174075     
   -2.880000000000000         11.13254979490064        3.1872649820350132E-004 
   0.4802359983367184         29.44153396308032        0.9999986408255971      
   0.1769644108988199     
   -2.880000000000000         11.41106729736590        2.7707257518506966E-004 
   0.4800823966967241         29.42463240701232        0.9999987617799695      
   0.1769596618585450     
   -2.880000000000000         11.69180239725550        2.3818307053729562E-004 
   0.4799478081370078         29.40758134960143        0.9999988816398745      
   0.1769552738745614     
   -2.880000000000000         11.97473629218198        2.0171811754486261E-004 
   0.4798312350880491         29.39038168575567        0.9999990004440794      
   0.1769512018040676     
   -2.880000000000000         12.25984880345458        1.6738719221442674E-004 
   0.4797318041524660         29.37303436209620        0.9999991182303481      
   0.1769474064415111     
   -2.880000000000000         12.54711846493471        1.3498255399459934E-004 
   0.4796487434255466         29.35554037759348        0.9999992350357724      
   0.1769438563269935     
   -2.880000000000000         12.83652261047853        1.0444455655781649E-004 
   0.4795813414432169         29.33790079529743        0.9999993508978225      
   0.1769405313198553     
   -2.880000000000000         13.12803745976597        7.5968160195652454E-005 
   0.4795288751315656         29.32011676763568        0.9999994658560903      
   0.1769374278623429     
   -2.880000000000000         13.42163820233561        5.0139981234558520E-005 
   0.4794904935503530         29.30218957672844        0.9999995799559446      
   0.1769345640177226     
   -2.880000000000000         13.71729907966468        2.8044816306971523E-005 
   0.4794650520730360         29.28412068977643        0.9999996932562110      
   0.1769319789207260     
   -2.880000000000000         14.01499346515192        1.1196202760230158E-005 
   0.4794509122736290         29.26591180860848        0.9999998058425276      
   0.1769297173884634     
   -2.880000000000000         14.31469394187969        1.0480398163339783E-006 
   0.4794457503681313         29.24756486715007        0.9999999178503131      
   0.1769277901023387     
   -2.880000000000000         14.61637237804932       -2.2165814499540268E-006 
   0.4794464255656528         29.22908189932336         1.000000029500273      
   0.1769261096254250     
   -2.880000000000000         14.92000000000000       -2.2165814499540268E-006 
   0.4794450751706097         29.21059893149665         1.000000141150233      
   0.1769244291485113     
   -2.640000000000001        -4.227026579539560         0.000000000000000      
   0.5000000000000000         28.43353329925984         1.000000000000000      
    0.000000000000000     
   -2.640000000000001        -4.014206434341432        3.9803173995341085E-002 
   0.4999784162945281         28.43353329925984        0.9999972511546261      
   1.4771719517839987E-007
   -2.640000000000001        -3.803070304910810        7.5002317389721795E-002 
   0.4998859389542741         28.43281617882861        0.9999948829538811      
   4.4444889555753805E-007
   -2.640000000000001        -3.593549933081869        0.1052719399625061      
   0.4997001021930561         28.43165176480703        0.9999930625994939      
   1.1464437365830829E-006
   -2.640000000000001        -3.385574045583126        0.1307768304894050      
   0.4994592442208398         28.43007658149847        0.9999917073075683      
   2.8063727132661191E-006
   -2.640000000000001        -3.179068445902549        0.1519688878870514      
   0.4992502558384578         28.42808140699229        0.9999907281853164      
   6.6080556452600131E-006
   -2.640000000000001        -2.973956117362914        0.1695329030352686      
   0.4991964312869731         28.42562433656868        0.9999900399728782      
   1.4996081346737960E-005
   -2.640000000000001        -2.770157337224366        0.1842911612820182      
   0.4994490625934939         28.42263180778739        0.9999895677531243      
   3.2805745803831197E-005
   -2.640000000000001        -2.567589801560878        0.1970962571678519      
   0.5001824808719695         28.41899497826526        0.9999892503045177      
   6.9177057025147020E-005
   -2.640000000000001        -2.366168760586374        0.2087374864289588      
   0.5015921930059755         28.41456238642364        0.9999890406381741      
   1.4059189492302918E-004
   -2.640000000000001        -2.165807164036497        0.2198733333545333      
   0.5038950896152408         28.40912990852751        0.9999889048048394      
   2.7534636787630216E-004
   -2.640000000000001        -1.966415816142869        0.2309899331915983      
   0.5073300346955760         28.40242887736588        0.9999888199050769      
   5.1957330321612230E-004
   -2.640000000000001        -1.767903539669862        0.2423770823342275      
   0.5121564964992655         28.39411295642534        0.9999887719200675      
   9.4446604541573978E-004
   -2.640000000000001        -1.570177348419479        0.2541106091218364      
   0.5186482207118510         28.38374444740013        0.9999887535993839      
   1.6535683496377699E-003
   -2.640000000000001        -1.373142627548817        0.2660319764144354      
   0.5270783278121198         28.37077944493666        0.9999887619698145      
   2.7879509251475735E-003
   -2.640000000000001        -1.176703320987477        0.2777214813292910      
   0.5376917463095413         28.35455018271533        0.9999887955172715      
   4.5260660772857425E-003
   -2.640000000000001       -0.9807621251897585        0.2884691587698120      
   0.5506607737911717         28.33425141250433        0.9999888529435953      
   7.0745787094964388E-003
   -2.640000000000001       -0.7852206884089804        0.2972566155322133      
   0.5660203041996025         28.30895038877509        0.9999889343985108      
   1.0647196973047241E-002
   -2.640000000000001       -0.5899798146396622        0.3027727656391693      
   0.5835818310073975         28.27763618198371        0.9999890419195816      
   1.5431038326236095E-002
   -2.640000000000001       -0.3949396713377247        0.3034959620705572      
   0.6028313221008716         28.23931940362254        0.9999891773336608      
   2.1544379265867063E-002
   -2.640000000000001       -0.2000000000000011        0.2978822230857500      
   0.6228287216254433         28.19322557835861        0.9999893415860650      
   2.8994755811454994E-002
   -2.640000000000001       -5.0612032226220773E-003   0.2846970734364058      
   0.6421515323626200         28.13913430163008        0.9999895349654090      
   3.7650119079478163E-002
   -2.640000000000001        0.1899728225015762        0.2634983514440997      
   0.6589637591871029         28.07785567730625        0.9999897556893450      
   4.7235374850424179E-002
   -2.640000000000001        0.3851971143511089        0.2351784734602453      
   0.6713239699359324         28.01174045730885        0.9999900000381124      
   5.7360564342832342E-002
   -2.640000000000001        0.5807063267879043        0.2022628422395601      
   0.6777932747403512         27.94484575357852        0.9999902622468769      
   6.7574324256035226E-002
   -2.640000000000001        0.7765945422431204        0.1684084187391700      
   0.6781193608731405         27.88204231192937        0.9999905355556165      
   7.7424956576765375E-002
   -2.640000000000001        0.9729550842390562        0.1368342506721627      
   0.6733195403694657         27.82678919807163        0.9999908134774665      
   8.6511541853965354E-002
   -2.640000000000001         1.169880333731538        0.1094609167389934      
   0.6650626414743215         27.78034060190842        0.9999910908498728      
   9.4524288379520552E-002
   -2.640000000000001         1.367461549433629        8.6938681759081649E-002 
   0.6550042405094141         27.74223614312188        0.9999913638481265      
   0.1012715839200153     
   -2.640000000000001         1.565788692852865        6.9063463710324735E-002 
   0.6444239274169212         27.71113691278152        0.9999916301022457      
   0.1066887367044301     
   -2.640000000000001         1.764950258740411        5.5202598065796527E-002 
   0.6341476059707163         27.68547673043976        0.9999918879387284      
   0.1108266648161680     
   -2.640000000000001         1.965033111612069        4.4592493230095981E-002 
   0.6246210174755367         27.66382401313895        0.9999921364341803      
   0.1138244520432274     
   -2.640000000000001         2.166122328958343        3.6504712925739313E-002 
   0.6160261848339075         27.64501796363289        0.9999923754241256      
   0.1158737009045384     
   -2.640000000000001         2.368301051714338        3.0319146086131767E-002 
   0.6083860490201886         27.62818060037453        0.9999926049306412      
   0.1171833469473094     
   -2.640000000000001         2.571650342510284        2.5542803141373110E-002 
   0.6016403041408329         27.61267845717160        0.9999928253126582      
   0.1179515246356025     
   -2.640000000000001         2.776249052171010        2.1801294548018903E-002 
   0.5956935198068054         27.59806849735618        0.9999930377057715      
   0.1183476650812772     
   -2.640000000000001         2.982173694877646        1.8819258813573117E-002 
   0.5904424886545162         27.58404544761892        0.9999932437467255      
   0.1185047510817522     
   -2.640000000000001         3.189498332348288        1.6398547879039601E-002 
   0.5857899685816950         27.57039977465698        0.9999934449064407      
   0.1185194922352545     
   -2.640000000000001         3.398294467336542        1.4398404485609934E-002 
   0.5816503434004016         27.55698761269452        0.9999936421213139      
   0.1184573551940878     
   -2.640000000000001         3.608630946688375        1.2719252652092370E-002 
   0.5779509027635108         27.54370989980282        0.9999938358212642      
   0.1183596168500193     
   -2.640000000000001         3.820573874139177        1.1290326563639132E-002 
   0.5746310109181070         27.53049795982704        0.9999940261323297      
   0.1182504085833259     
   -2.640000000000001         4.034186532974921        1.0060694692743417E-002 
   0.5716404538522193         27.51730356223469        0.9999942130677795      
   0.1181426324783325     
   -2.640000000000001         4.249529318623878        8.9929922281919462E-003 
   0.5689376357543831         27.50409214313575        0.9999943966330020      
   0.1180423702690047     
   -2.640000000000001         4.466659681189796        8.0591653693173233E-003 
   0.5664879314174951         27.49083831776709        0.9999945768657886      
   0.1179518698835309     
   -2.640000000000001         4.685632077883227        7.2376323317541250E-003 
   0.5642623014589919         27.47752295197290        0.9999947538489611      
   0.1178714065187834     
   -2.640000000000001         4.906497935255945        6.5114023600648368E-003 
   0.5622361785632215         27.46413122160812        0.9999949277041166      
   0.1178003548563018     
   -2.640000000000001         5.129305621094297        5.8668242918781480E-003 
   0.5603885921948593         27.45065133724065        0.9999950985758944      
   0.1177377593373884     
   -2.640000000000001         5.354100425780786        5.2927419176741625E-003 
   0.5587014875498862         27.43707372219162        0.9999952666216660      
   0.1176826110121720     
   -2.640000000000001         5.580924552890115        4.7799108543107160E-003 
   0.5571591959864152         27.42339045515916        0.9999954320065119      
   0.1176339660889425     
   -2.640000000000001         5.809817118746128        4.3205846856908432E-003 
   0.5557480211313922         27.40959485958680        0.9999955948941545      
   0.1175909859021508     
   -2.640000000000001         6.040814160629681        3.9082126546000490E-003 
   0.5544559129014841         27.39568120452149        0.9999957554331621      
   0.1175529415341854     
   -2.640000000000001         6.273948653295052        3.5372128165454013E-003 
   0.5532722084876411         27.38164450829789        0.9999959137465587      
   0.1175192046929778     
   -2.640000000000001         6.509250533423568        3.2027977813071816E-003 
   0.5521874244952281         27.36748041963443        0.9999960699305170      
   0.1174892347180695     
   -2.640000000000001         6.746746731618209        2.9008381962101343E-003 
   0.5511930883522738         27.35318513924122        0.9999962240602130      
   0.1174625657376470     
   -2.640000000000001         6.986461211521710        2.6277540628735652E-003 
   0.5502816001727099         27.33875535707240        0.9999963761976687      
   0.1174387953219179     
   -2.640000000000001         7.228415015623348        2.3804270795614365E-003 
   0.5494461185822963         27.32418819733379        0.9999965263981530      
   0.1174175748721283     
   -2.640000000000001         7.472626317305855        2.1561291889999950E-003 
   0.5486804656574981         27.30948117029491        0.9999966747141569      
   0.1173986015923869     
   -2.640000000000001         7.719110478673879        1.9524638206611668E-003 
   0.5479790472773032         27.29463213106204        0.9999968211972353      
   0.1173816117939625     
   -2.640000000000001         7.967880113698818        1.7673172099574278E-003 
   0.5473367860199738         27.27963924590377        0.9999969658985649      
   0.1173663752907173     
   -2.640000000000001         8.218945156211536        1.5988178052740048E-003 
   0.5467490643476672         27.26450096553008        0.9999971088690420      
   0.1173526906828600     
   -2.640000000000001         8.472312932274409        1.4453022246962591E-003 
   0.5462116762796441         27.24921600272019        0.9999972501592426      
   0.1173403813664013     
   -2.640000000000001         8.727988236466917        1.3052865554289885E-003 
   0.5457207861182301         27.23378331188323        0.9999973898191920      
   0.1173292921395778     
   -2.640000000000001         8.985973411624599        1.1774420391540321E-003 
   0.5452728930861974         27.21820207018419        0.9999975278979564      
   0.1173192863041506     
   -2.640000000000001         9.246268431579237        1.0605743788333457E-003 
   0.5448648009603390         27.20247166092901        0.9999976644432851      
   0.1173102431799498     
   -2.640000000000001         9.508870986458517        9.5360605037511951E-004 
   0.5444935919526199         27.18659165918379        0.9999977995015248      
   0.1173020559666991     
   -2.640000000000001         9.773776570115773        8.5556111714744356E-004 
   0.5441566042196391         27.17056181862478        0.9999979331177977      
   0.1172946298992438     
   -2.640000000000001         10.04097856927476        7.6555213671942188E-004 
   0.5438514124895488         27.15438205848706        0.9999980653363009      
   0.1172878806518184     
   -2.640000000000001         10.31046835399012        6.8276882710379869E-004 
   0.5435758113854622         27.13805245002018        0.9999981962005675      
   0.1172817329547772     
   -2.640000000000001         10.58223536904130        6.0646823739271408E-004 
   0.5433278010912426         27.12157320249960        0.9999983257536404      
   0.1172761193942122     
   -2.640000000000001         10.85626722589636        5.3596627267203244E-004 
   0.5431055750418500         27.10494464918740        0.9999984540381552      
   0.1172709793727221     
   -2.640000000000001         11.13254979490064        4.7063061959360156E-004 
   0.5429075093083582         27.08816723364617        0.9999985810963584      
   0.1172662582216419     
   -2.640000000000001         11.41106729736590        4.0987554870046227E-004 
   0.5427321532454659         27.07124149678852        0.9999987069700788      
   0.1172619064783542     
   -2.640000000000001         11.69180239725550        3.5316001159024682E-004 
   0.5425782206884706         27.05416806507622        0.9999988317005892      
   0.1172578793897845     
   -2.640000000000001         11.97473629218198        2.9999236078973929E-004 
   0.5424445803540487         27.03694764018057        0.9999989553283234      
   0.1172541367933724     
   -2.640000000000001         12.25984880345458        2.4994840177970282E-004 
   0.5423302428213235         27.01958099082780        0.9999990778926557      
   0.1172506436724711     
   -2.640000000000001         12.54711846493471        2.0271427168300292E-004 
   0.5422343391791286         27.00206894899940        0.9999991994322405      
   0.1172473718520313     
   -2.640000000000001         12.83652261047853        1.5816964639223737E-004 
   0.5421560829229963         26.98441241225396        0.9999993199860985      
   0.1172443033326631     
   -2.640000000000001         13.12803745976597        1.1652331816154531E-004 
   0.5420947024861522         26.96661234841334        0.9999994395953706      
   0.1172414352679408     
   -2.640000000000001         13.42163820233561        7.8489654036870723E-005 
   0.5420493289429174         26.94866979423050        0.9999995583070486      
   0.1172387849718586     
   -2.640000000000001         13.71729907966468        4.5436476887487206E-005 
   0.5420188257546779         26.93058583674881        0.9999996761819775      
   0.1172363902084001     
   -2.640000000000001         14.01499346515192        1.9341691562650184E-005 
   0.5420015581264568         26.91236154749301        0.9999997933088848      
   0.1172342962025342     
   -2.640000000000001         14.31469394187969        2.2998729160656961E-006 
   0.5419951141872783         26.89399782754548        0.9999999098286739      
   0.1172325194893371     
   -2.640000000000001         14.61637237804932       -4.7133218632525518E-006 
   0.5419959896016288         26.87549511021574         1.000000025972211      
   0.1172309849858287     
   -2.640000000000001         14.92000000000000       -4.7133218632525518E-006 
   0.5419942387729277         26.85699239288601         1.000000142115748      
   0.1172294504823203     
   -2.400000000000000        -4.227026579539560         0.000000000000000      
   0.5000000000000000         26.03589490685061         1.000000000000000      
    0.000000000000000     
   -2.400000000000000        -4.014206434341432        3.9684192357391276E-002 
   0.5001300990020727         26.03589490685061        0.9999972925729280      
   9.3838235991722058E-008
   -2.400000000000000        -3.803070304910810        7.4846905148984760E-002 
   0.5004718562131510         26.03621853266324        0.9999949590625408      
   2.8192729783062139E-007
   -2.400000000000000        -3.593549933081869        0.1050907313628279      
   0.5009606338222292         26.03579120145099        0.9999931643186399      
   7.2586307905945442E-007
   -2.400000000000000        -3.385574045583126        0.1305162270538920      
   0.5015932599314890         26.03466615795602        0.9999918275284315      
   1.7732865051164133E-006
   -2.400000000000000        -3.179068445902549        0.1515235402477523      
   0.5024182973969573         26.03284945826764        0.9999908617456456      
   4.1671073963755706E-006
   -2.400000000000000        -2.973956117362914        0.1687558997827445      
   0.5035250579913546         26.03031280863218        0.9999901834336090      
   9.4381093302996744E-006
   -2.400000000000000        -2.770157337224366        0.1830012214334018      
   0.5050355138170667         26.02699507886578        0.9999897190442387      
   2.0608036251850141E-005
   -2.400000000000000        -2.567589801560878        0.1950818153278027      
   0.5070986941917613         26.02279991771934        0.9999894083544568      
   4.3378341285289204E-005
   -2.400000000000000        -2.366168760586374        0.2057582751078315      
   0.5098872664136903         26.01759053401245        0.9999892050495736      
   8.8013580572312081E-005
   -2.400000000000000        -2.165807164036497        0.2156608578471516      
   0.5135954591067077         26.01118258118695        0.9999890755357104      
   1.7211160799073615E-004
   -2.400000000000000        -1.966415816142869        0.2252490550668004      
   0.5184368956539238         26.00333618822005        0.9999889968947513      
   3.2433185402279321E-004
   -2.400000000000000        -1.767903539669862        0.2347917649358340      
   0.5246403055301331         25.99374798422882        0.9999889546276517      
   5.8886949478806447E-004
   -2.400000000000000        -1.570177348419479        0.2443576901704803      
   0.5324404986019414         25.98204426536095        0.9999889406351438      
   1.0299837330662361E-003
   -2.400000000000000        -1.373142627548817        0.2538074800916663      
   0.5420615254924590         25.96777704883143        0.9999889513349214      
   1.7352527060828828E-003
   -2.400000000000000        -1.176703320987477        0.2627841577192889      
   0.5536888203023987         25.95042363229567        0.9999889854791483      
   2.8156014832743741E-003
   -2.400000000000000       -0.9807621251897585        0.2707051248013331      
   0.5674276476696072         25.92939271977825        0.9999890422619505      
   4.3998473534347608E-003
   -2.400000000000000       -0.7852206884089804        0.2767664182308883      
   0.5832468988340898         25.90404885003687        0.9999891210159322      
   6.6219364767973830E-003
   -2.400000000000000       -0.5899798146396622        0.2799767124634945      
   0.6009110540470168         25.87377084777689        0.9999892219779011      
   9.6005434360327737E-003
   -2.400000000000000       -0.3949396713377247        0.2792430152543982      
   0.6199099424844698         25.83805245232282        0.9999893459660382      
   1.3413267268033558E-002
   -2.400000000000000       -0.2000000000000011        0.2735289256048321      
   0.6394065281231582         25.79665016029238        0.9999894933370362      
   1.8070682331554930E-002
   -2.400000000000000       -5.0612032226220773E-003   0.2620938776738213      
   0.6582368519012891         25.74978442944479        0.9999896638586490      
   2.3497700584031261E-002
   -2.400000000000000        0.1899728225015762        0.2447887128745740      
   0.6750083269977156         25.69836040928187        0.9999898562645626      
   2.9529534018612243E-002
   -2.400000000000000        0.3851971143511089        0.2223196224751053      
   0.6883352530956971         25.64410967937567        0.9999900680100153      
   3.5926285229891448E-002
   -2.400000000000000        0.5807063267879043        0.1963129391085358      
   0.6971928202175128         25.58949168850420        0.9999902955128962      
   4.2403487546875111E-002
   -2.400000000000000        0.7765945422431204        0.1689941212861606      
   0.7012472658626763         25.53718724580566        0.9999905344443675      
   4.8670103289617406E-002
   -2.400000000000000        0.9729550842390562        0.1425127321529912      
   0.7009231072420280         25.48930133932739        0.9999907804866525      
   5.4464404402288870E-002
   -2.400000000000000         1.169880333731538        0.1184322697479872      
   0.6971609425459475         25.44693514265275        0.9999910297211601      
   5.9582671667011693E-002
   -2.400000000000000         1.367461549433629        9.7583379157194838E-002 
   0.6910728139035662         25.41024365788445        0.9999912789483804      
   6.3897487606324799E-002
   -2.400000000000000         1.565788692852865        8.0176544343151829E-002 
   0.6836770324450043         25.37874133474968        0.9999915256973518      
   6.7363326161361634E-002
   -2.400000000000000         1.764950258740411        6.6010316746001427E-002 
   0.6757674292783846         25.35163070660735        0.9999917680538429      
   7.0009304080868279E-002
   -2.400000000000000         1.965033111612069        5.4668194487904220E-002 
   0.6678895960331002         25.32804413285505        0.9999920047915510      
   7.1921845805524687E-002
   -2.400000000000000         2.166122328958343        4.5662370465288919E-002 
   0.6603754814835132         25.30718104432932        0.9999922351100282      
   7.3222133275195556E-002
   -2.400000000000000         2.368301051714338        3.8521344386845277E-002 
   0.6533978622056301         25.28836816468975        0.9999924585245208      
   7.4043652662155846E-002
   -2.400000000000000         2.571650342510284        3.2833717003302856E-002 
   0.6470229275815329         25.27107168347837        0.9999926752298216      
   7.4513987064040138E-002
   -2.400000000000000         2.776249052171010        2.8263010489721317E-002 
   0.6412521167226781         25.25488312508938        0.9999928861530333      
   7.4742975303349973E-002
   -2.400000000000000         2.982173694877646        2.4545843560834550E-002 
   0.6360517362147453         25.23949583821972        0.9999930924538225      
   7.4817333989011026E-002
   -2.400000000000000         3.189498332348288        2.1482130129458057E-002 
   0.6313721466156049         25.22468205655426        0.9999932950252873      
   7.4800431339797871E-002
   -2.400000000000000         3.398294467336542        1.8922714729487530E-002 
   0.6271591996293323         25.21027363820803        0.9999934943422848      
   7.4735308038797854E-002
   -2.400000000000000         3.608630946688375        1.6757433194763936E-002 
   0.6233604266773656         25.19614664770187        0.9999936905550751      
   7.4649128965031952E-002
   -2.400000000000000         3.820573874139177        1.4904964709415894E-002 
   0.6199279365143888         25.18220943703112        0.9999938836518842      
   7.4557726279177450E-002
   -2.400000000000000         4.034186532974921        1.3304857486496223E-002 
   0.6168194020822677         25.16839366159892        0.9999940735846750      
   7.4469469708950090E-002
   -2.400000000000000         4.249529318623878        1.1911588022058640E-002 
   0.6139980355143833         25.15464768930507        0.9999942603260140      
   7.4388182360737132E-002
   -2.400000000000000         4.466659681189796        1.0690294818301319E-002 
   0.6114320961620014         25.14093193100171        0.9999944438887408      
   7.4315133026096367E-002
   -2.400000000000000         4.685632077883227        9.6137851709070486E-003 
   0.6090942369796194         25.12721555090543        0.9999946243322281      
   7.4250285946920569E-002
   -2.400000000000000         4.906497935255945        8.6604589093273541E-003 
   0.6069608451754005         25.11347412000375        0.9999948017532884      
   7.4193023822338777E-002
   -2.400000000000000         5.129305621094297        7.8128691867059424E-003 
   0.6050114466697352         25.09968797051439        0.9999949762711635      
   7.4142532468562256E-002
   -2.400000000000000         5.354100425780786        7.0567162804173796E-003 
   0.6032281969088518         25.08584105382377        0.9999951480203260      
   7.4097986276901270E-002
   -2.400000000000000         5.580924552890115        6.3801329309646649E-003 
   0.6015954573763742         25.07192010859809        0.9999953171469489      
   7.4058625744961373E-002
   -2.400000000000000         5.809817118746128        5.7731663888068397E-003 
   0.6000994479452759         25.05791402451620        0.9999954837989108      
   7.4023781441195646E-002
   -2.400000000000000         6.040814160629681        5.2273947998092464E-003 
   0.5987279629951758         25.04381336697936        0.9999956481107676      
   7.3992874088526839E-002
   -2.400000000000000         6.273948653295052        4.7356370608477704E-003 
   0.5974701396781560         25.02961004513991        0.9999958101932411      
   7.3965405651376590E-002
   -2.400000000000000         6.509250533423568        4.2917291263684272E-003 
   0.5963162680678276         25.01529708553601        0.9999959701323953      
   7.3940948213600866E-002
   -2.400000000000000         6.746746731618209        3.8903486142556620E-003 
   0.5952576346513770         25.00086846619148        0.9999961279956653      
   7.3919133372518986E-002
   -2.400000000000000         6.986461211521710        3.5268752842131891E-003 
   0.5942863924201803         24.98631898281967        0.9999962838393859      
   7.3899643012278790E-002
   -2.400000000000000         7.228415015623348        3.1972786970416367E-003 
   0.5933954523623854         24.97164413692977        0.9999964377147045      
   7.3882201555682453E-002
   -2.400000000000000         7.472626317305855        2.8980268277930552E-003 
   0.5925783923268998         24.95684004205830        0.9999965896711115      
   7.3866569530392820E-002
   -2.400000000000000         7.719110478673879        2.6260110672878031E-003 
   0.5918293800895074         24.94190334577031        0.9999967397579690      
   7.3852538228530537E-002
   -2.400000000000000         7.967880113698818        2.3784841997252166E-003 
   0.5911431081083491         24.92683116623441        0.9999968880248675      
   7.3839925255074615E-002
   -2.400000000000000         8.218945156211536        2.1530087627577351E-003 
   0.5905147379543243         24.91162104122044        0.9999970345216406      
   7.3828570795730325E-002
   -2.400000000000000         8.472312932274409        1.9474137875027460E-003 
   0.5899398527859784         24.89627088552259        0.9999971792982747      
   7.3818334469535937E-002
   -2.400000000000000         8.727988236466917        1.7597583526983867E-003 
   0.5894144165547164         24.88077895348493        0.9999973224046033      
   7.3809092660113193E-002
   -2.400000000000000         8.985973411624599        1.5883007173187779E-003 
   0.5889347388892092         24.86514380582061        0.9999974638898035      
   7.3800736241806192E-002
   -2.400000000000000         9.246268431579237        1.4314720477281218E-003 
   0.5884974448104190         24.84936428108004        0.9999976038019569      
   7.3793168634038980E-002
   -2.400000000000000         9.508870986458517        1.2878539478916730E-003 
   0.5880994485773507         24.83343947131836        0.9999977421879123      
   7.3786304130267863E-002
   -2.400000000000000         9.773776570115773        1.1561591503815132E-003 
   0.5877379310805324         24.81736870053155        0.9999978790934344      
   7.3780066457941287E-002
   -2.400000000000000         10.04097856927476        1.0352148456090930E-003 
   0.5874103203005518         24.80115150440063        0.9999980145634868      
   7.3774387533768263E-002
   -2.400000000000000         10.31046835399012        9.2394822907097363E-004 
   0.5871142744336721         24.78478761052482        0.9999981486424704      
   7.3769206385027181E-002
   -2.400000000000000         10.58223536904130        8.2137394800174115E-004 
   0.5868476673507048         24.76827691904003        0.9999982813743736      
   7.3764468213435075E-002
   -2.400000000000000         10.85626722589636        7.2658326352837799E-004 
   0.5866085760926597         24.75161948389893        0.9999984128028335      
   7.3760123584576565E-002
   -2.400000000000000         11.13254979490064        6.3873498893207822E-004 
   0.5863952701029878         24.73481549508816        0.9999985429711344      
   7.3756127735859184E-002
   -2.400000000000000         11.41106729736590        5.5704878628325366E-004 
   0.5862062018167662         24.71786526199796        0.9999986719221603      
   7.3752440015194917E-002
   -2.400000000000000         11.69180239725550        4.8080252994955316E-004 
   0.5860399979959989         24.70076919813070        0.9999987996982508      
   7.3749023501781058E-002
   -2.400000000000000         11.97473629218198        4.0933771129148661E-004 
   0.5858954506594942         24.68352780704821        0.9999989263409109      
   7.3745844934950969E-002
   -2.400000000000000         12.25984880345458        3.4208086763000189E-004 
   0.5857715053155104         24.66614166947971        0.9999990518905768      
   7.3742875198666735E-002
   -2.400000000000000         12.54711846493471        2.7859474662746088E-004 
   0.5856672420468483         24.64861143233771        0.9999991763869405      
   7.3740090754164073E-002
   -2.400000000000000         12.83652261047853        2.1867797449741101E-004 
   0.5855818414299152         24.63093779919781        0.9999992998700464      
   7.3737476455535092E-002
   -2.400000000000000         13.12803745976597        1.6252891179932452E-004 
   0.5855145223438563         24.61312151521264        0.9999994223820807      
   7.3735029808119426E-002
   -2.400000000000000         13.42163820233561        1.1096408152499684E-004 
   0.5854644336693349         24.59516333363236        0.9999995439711367      
   7.3732765435759642E-002
   -2.400000000000000         13.71729907966468        6.5618582712536028E-005 
   0.5854304796523142         24.57706394898895        0.9999996646993848      
   7.3730715931286245E-002
   -2.400000000000000         14.01499346515192        2.8956248687188781E-005 
   0.5854110625700459         24.55882386748179        0.9999997846575266      
   7.3728921895693841E-002
   -2.400000000000000         14.31469394187969        3.8217640691852126E-006 
   0.5854037344162126         24.54044317955713        0.9999999039899028      
   7.3727402058810509E-002
   -2.400000000000000         14.61637237804932       -7.7461678040510229E-006 
   0.5854047477420631         24.52192119581025         1.000000022933845      
   7.3726097376379515E-002
   -2.400000000000000         14.92000000000000       -7.7461678040510229E-006 
   0.5854027210903621         24.50339921206337         1.000000141877787      
   7.3724792693948521E-002
   -2.160000000000000        -4.227026579539560         0.000000000000000      
   0.5000000000000000         23.63931902565230         1.000000000000000      
    0.000000000000000     
   -2.160000000000000        -4.014206434341432        3.9246981094865421E-002 
   0.5002594296926949         23.63931902565230        0.9999973342761400      
   5.6935438400378955E-008
   -2.160000000000000        -3.803070304910810        7.4093085800602115E-002 
   0.5009723088801565         23.64054918158683        0.9999950356372336      
   1.7077569987497793E-007
   -2.160000000000000        -3.593549933081869        0.1040728931511957      
   0.5020384193351162         23.64078431175011        0.9999932665624065      
   4.3876504769858988E-007
   -2.160000000000000        -3.385574045583126        0.1292226580332844      
   0.5034170507124718         23.64008947987289        0.9999919482289408      
   1.0695124442114780E-006
   -2.160000000000000        -3.179068445902549        0.1498887329491110      
   0.5051198691091683         23.63848337506633        0.9999909956372834      
   2.5076542290937653E-006
   -2.160000000000000        -2.973956117362914        0.1666695950417119      
   0.5072012713958243         23.63595078848577        0.9999903269675270      
   5.6671451391579664E-006
   -2.160000000000000        -2.770157337224366        0.1803155600545457      
   0.5097507325240598         23.63244457527485        0.9999898700297135      
   1.2348025097740734E-005
   -2.160000000000000        -2.567589801560878        0.1916165485758444      
   0.5128866600915456         23.62788444521522        0.9999895655773080      
   2.5939546597505332E-005
   -2.160000000000000        -2.366168760586374        0.2013044954862181      
   0.5167515424211773         23.62215378902032        0.9999893679488352      
   5.2532110775405665E-005
   -2.160000000000000        -2.165807164036497        0.2099843541711726      
   0.5215077850460904         23.61509534273131        0.9999892439190117      
   1.0255039236147571E-004
   -2.160000000000000        -1.966415816142869        0.2180951062309919      
   0.5273331510861605         23.60650679906614        0.9999891706609731      
   1.9294941300719684E-004
   -2.160000000000000        -1.767903539669862        0.2258939031552270      
   0.5344142298227684         23.59613750017807        0.9999891334575348      
   3.4985045772456205E-004
   -2.160000000000000        -1.570177348419479        0.2334535827610168      
   0.5429359244725235         23.58368699180343        0.9999891236118265      
   6.1121562890746291E-004
   -2.160000000000000        -1.373142627548817        0.2406654062655124      
   0.5530646986164076         23.56880741555761        0.9999891367570913      
   1.0287919609114808E-003
   -2.160000000000000        -1.176703320987477        0.2472432501882678      
   0.5649234815372777         23.55111188269103        0.9999891712695125      
   1.6681938976998616E-003
   -2.160000000000000       -0.9807621251897585        0.2527310672665675      
   0.5785570105135704         23.53019055671554        0.9999892266542491      
   2.6058162158722306E-003
   -2.160000000000000       -0.7852206884089804        0.2565209400487001      
   0.5938883679469340         23.50563938645226        0.9999893025112299      
   3.9215098736271733E-003
   -2.160000000000000       -0.5899798146396622        0.2578932477409524      
   0.6106709971242557         23.47710954606492        0.9999893984816463      
   5.6867986814984556E-003
   -2.160000000000000       -0.3949396713377247        0.2560916908547523      
   0.6284457929541729         23.44438268724381        0.9999895144578752      
   7.9498598547678486E-003
   -2.160000000000000       -0.2000000000000011        0.2504418141158784      
   0.6465194384393929         23.40746810424910        0.9999896502596309      
   1.0720196732500249E-002
   -2.160000000000000       -5.0612032226220773E-003   0.2405093606324713      
   0.6639859103869825         23.36671007400971        0.9999898053244695      
   1.3957185169663692E-002
   -2.160000000000000        0.1899728225015762        0.2262720129780218      
   0.6798134067139692         23.32287874031864        0.9999899785698458      
   1.7566655230110886E-002
   -2.160000000000000        0.3851971143511089        0.2082463452539598      
   0.6930051040848282         23.27719054751303        0.9999901681786794      
   2.1408045487735113E-002
   -2.160000000000000        0.5807063267879043        0.1874889896683864      
   0.7028063148503538         23.23119889649392        0.9999903717163628      
   2.5311204382947945E-002
   -2.160000000000000        0.7765945422431204        0.1654120731785257      
   0.7088815757675395         23.18652821235260        0.9999905862579761      
   2.9098810849381634E-002
   -2.160000000000000        0.9729550842390562        0.1434562719937000      
   0.7113669752247348         23.14453273698172        0.9999908087480127      
   3.2609134067252882E-002
   -2.160000000000000         1.169880333731538        0.1227991763329681      
   0.7107738364578324         23.10607288019934        0.9999910362150968      
   3.5714884411927605E-002
   -2.160000000000000         1.367461549433629        0.1042107085732735      
   0.7078132257402794         23.07148205902401        0.9999912660253257      
   3.8335289171773326E-002
   -2.160000000000000         1.565788692852865        8.8052745916961772E-002 
   0.7032268459672346         23.04067027051448        0.9999914959068836      
   4.0439915971793666E-002
   -2.160000000000000         1.764950258740411        7.4364065151499598E-002 
   0.6976720322645655         23.01327835729452        0.9999917240255355      
   4.2044418440545052E-002
   -2.160000000000000         1.965033111612069        6.2971643071809663E-002 
   0.6916677107434233         22.98881902972430        0.9999919490026823      
   4.3200058499451945E-002
   -2.160000000000000         2.166122328958343        5.3591391455136486E-002 
   0.6855862763176677         22.96677904863243        0.9999921698370168      
   4.3979999058504395E-002
   -2.160000000000000         2.368301051714338        4.5902999065177849E-002 
   0.6796715969378231         22.94668083896480        0.9999923860612191      
   4.4465568607445834E-002
   -2.160000000000000         2.571650342510284        3.9597340325231115E-002 
   0.6740672547585997         22.92811095353270        0.9999925978742137      
   4.4735014549547189E-002
   -2.160000000000000         2.776249052171010        3.4401405542372844E-002 
   0.6688451826700255         22.91072675540642        0.9999928058974991      
   4.4856072216020532E-002
   -2.160000000000000         2.982173694877646        3.0087503293605926E-002 
   0.6640299351516230         22.89425205725539        0.9999930107492558      
   4.4882467965998263E-002
   -2.160000000000000         3.189498332348288        2.6472893094849490E-002 
   0.6596171322699309         22.87846842327154        0.9999932128022762      
   4.4853608860874625E-002
   -2.160000000000000         3.398294467336542        2.3414527342953389E-002 
   0.6555863792637031         22.86320518708655        0.9999934121747278      
   4.4796323578841217E-002
   -2.160000000000000         3.608630946688375        2.0802016800755919E-002 
   0.6519097013782740         22.84832981674255        0.9999936088216582      
   4.4727545669292892E-002
   -2.160000000000000         3.820573874139177        1.8550631279679201E-002 
   0.6485566813962309         22.83373951037186        0.9999938026417730      
   4.4657103190397479E-002
   -2.160000000000000         4.034186532974921        1.6595209914631034E-002 
   0.6454973493769109         22.81935423607740        0.9999939935463281      
   4.4590124410549305E-002
   -2.160000000000000         4.249529318623878        1.4885263603316996E-002 
   0.6427036384210476         22.80511124341876        0.9999941814817245      
   4.4528867355496049E-002
   -2.160000000000000         4.466659681189796        1.3381229063268087E-002 
   0.6401499831624400         22.79096091493970        0.9999943664381440      
   4.4473979390951011E-002
   -2.160000000000000         4.685632077883227        1.2051692548104065E-002 
   0.6378134407027898         22.77686363089283        0.9999945484518216      
   4.4425291977200305E-002
   -2.160000000000000         4.906497935255945        1.0871367732639380E-002 
   0.6356735692146687         22.76278739724258        0.9999947275935601      
   4.4382282117751880E-002
   -2.160000000000000         5.129305621094297        9.8196319709390710E-003 
   0.6337122015846297         22.74870610319823        0.9999949039559303      
   4.4344317885286005E-002
   -2.160000000000000         5.354100425780786        8.8794636715586704E-003 
   0.6319131885623469         22.73459824363171        0.9999950776497042      
   4.4310775988470066E-002
   -2.160000000000000         5.580924552890115        8.0366633650399161E-003 
   0.6302621482263413         22.72044593707569        0.9999952488007560      
   4.4281089727698703E-002
   -2.160000000000000         5.809817118746128        7.2792747818480382E-003 
   0.6287462379553242         22.70623415265991        0.9999954175382875      
   4.4254762398178188E-002
   -2.160000000000000         6.040814160629681        6.5971478293206879E-003 
   0.6273539543705273         22.69195012324920        0.9999955839790341      
   4.4231365413000191E-002
   -2.160000000000000         6.273948653295052        5.9816034446883038E-003 
   0.6260749612049596         22.67758292234075        0.9999957482176918      
   4.4210530845724939E-002
   -2.160000000000000         6.509250533423568        5.4251726708175654E-003 
   0.6248999424615131         22.66312315903319        0.9999959103272483      
   4.4191942810085892E-002
   -2.160000000000000         6.746746731618209        4.9213906855362704E-003 
   0.6238204774084786         22.64856274328078        0.9999960703652689      
   4.4175329428215462E-002
   -2.160000000000000         6.986461211521710        4.4646322045297747E-003 
   0.6228289340983229         22.63389469403827        0.9999962283808824      
   4.4160455913682090E-002
   -2.160000000000000         7.228415015623348        4.0499785373411829E-003 
   0.6219183785311773         22.61911297996567        0.9999963844199518      
   4.4147118795132570E-002
   -2.160000000000000         7.472626317305855        3.6731092044679013E-003 
   0.6210824970097242         22.60421238707792        0.9999965385279940      
   4.4135141138095496E-002
   -2.160000000000000         7.719110478673879        3.3302128465739879E-003 
   0.6203155296108168         22.58918840921229        0.9999966907512807      
   4.4124368591108104E-002
   -2.160000000000000         7.967880113698818        3.0179134512639326E-003 
   0.6196122130368642         22.57403715878869        0.9999968411369721      
   4.4114666098975325E-002
   -2.160000000000000         8.218945156211536        2.7332088560815451E-003 
   0.6189677313901998         22.55875529436697        0.9999969897330361      
   4.4105915154171324E-002
   -2.160000000000000         8.472312932274409        2.4734191689963596E-003 
   0.6183776736477076         22.54333995985739        0.9999971365880945      
   4.4098011484175331E-002
   -2.160000000000000         8.727988236466917        2.2361432580114550E-003 
   0.6178379968263474         22.52778873150108        0.9999972817510253      
   4.4090863094478225E-002
   -2.160000000000000         8.985973411624599        2.0192218496815012E-003 
   0.6173449940192315         22.51209957159975        0.9999974252703603      
   4.4084388604051977E-002
   -2.160000000000000         9.246268431579237        1.8207060723211418E-003 
   0.6168952666284635         22.49627078904948        0.9999975671937807      
   4.4078515823101419E-002
   -2.160000000000000         9.508870986458517        1.6388305060351515E-003 
   0.6164857002279718         22.48030100578347        0.9999977075679449      
   4.4073180532849428E-002
   -2.160000000000000         9.773776570115773        1.4719899781700614E-003 
   0.6161134435768427         22.46418912729309        0.9999978464386209      
   4.4068325434749277E-002
   -2.160000000000000         10.04097856927476        1.3187194852975666E-003 
   0.6157758903831290         22.44793431550547        0.9999979838509395      
   4.4063899242511140E-002
   -2.160000000000000         10.31046835399012        1.1776767450870163E-003 
   0.6154706634879137         22.43153596303204        0.9999981198496095      
   4.4059855895216278E-002
   -2.160000000000000         10.58223536904130        1.0476270025082802E-003 
   0.6151956011938716         22.41499366855115        0.9999982544790358      
   4.4056153874185607E-002
   -2.160000000000000         10.85626722589636        9.2742987340707541E-004 
   0.6149487454964326         22.39830721347197        0.9999983877833455      
   4.4052755611191916E-002
   -2.160000000000000         11.13254979490064        8.1602829189402718E-004 
   0.6147283319776777         22.38147653998699        0.9999985198063635      
   4.4049626983170456E-002
   -2.160000000000000         11.41106729736590        7.1244022599960570E-004 
   0.6145327810640226         22.36450173050401        0.9999986505915486      
   4.4046736903160986E-002
   -2.160000000000000         11.69180239725550        6.1575511179618315E-004 
   0.6143606901605880         22.34738298836149        0.9999987801818465      
   4.4044057046894923E-002
   -2.160000000000000         11.97473629218198        5.2513954643297037E-004 
   0.6142108257073455         22.33012061932531        0.9999989086194074      
   4.4041561811165759E-002
   -2.160000000000000         12.25984880345458        4.3986139862021111E-004 
   0.6140821131575456         22.31271501307959        0.9999990359453467      
   4.4039228693403730E-002
   -2.160000000000000         12.54711846493471        3.5934822538576583E-004 
   0.6139736207830661         22.29516662433525        0.9999991622000347      
   4.4037039395938032E-002
   -2.160000000000000         12.83652261047853        2.8330226342833972E-004 
   0.6138845295085091         22.27747595183105        0.9999992874241759      
   4.4034982001925529E-002
   -2.160000000000000         13.12803745976597        2.1189225224012070E-004 
   0.6138140753807889         22.25964350721844        0.9999994116606298      
   4.4033054308833600E-002
   -2.160000000000000         13.42163820233561        1.4601657503442527E-004 
   0.6137614445218929         22.24166976021813        0.9999995349582258      
   4.4031267453977251E-002
   -2.160000000000000         13.71729907966468        8.7565779779682237E-005 
   0.6137255951036542         22.22355504569830        0.9999996573799881      
   4.4029646996475248E-002
   -2.160000000000000         14.01499346515192        3.9507069260871547E-005 
   0.6137049808597097         22.20529940806690        0.9999997790178524      
   4.4028225900820471E-002
   -2.160000000000000         14.31469394187969        5.5158040009156154E-006 
   0.6136971565110069         22.18690235645959        0.9999999000182359      
   4.4027021821655306E-002
   -2.160000000000000         14.61637237804932       -1.1120500891206010E-005 
   0.6136982473568525         22.16836250644353         1.000000020622437      
   4.4025991843741778E-002
   -2.160000000000000         14.92000000000000       -1.1120500891206010E-005 
   0.6136960656651612         22.14982265642746         1.000000141226637      
   4.4024961865828251E-002
   -1.920000000000000        -4.227026579539560         0.000000000000000      
   0.5000000000000000         21.24412081209675         1.000000000000000      
    0.000000000000000     
   -1.920000000000000        -4.014206434341432        3.8541924611774352E-002 
   0.5003666102916619         21.24412081209675        0.9999973759645512      
   3.3011608272248247E-008
   -1.920000000000000        -3.803070304910810        7.2833562251280654E-002 
   0.5013879795389864         21.24612163526244        0.9999951121218895      
   9.8837468779351895E-008
   -1.920000000000000        -3.593549933081869        0.1023477998099062      
   0.5029349336291953         21.24694043898194        0.9999933685823988      
   2.5335260170223276E-007
   -1.920000000000000        -3.385574045583126        0.1270591309218674      
   0.5049337628252711         21.24664966466186        0.9999920685246507      
   6.1604929883174666E-007
   -1.920000000000000        -3.179068445902549        0.1472605149092363      
   0.5073617297672423         21.24527790716899        0.9999911288830148      
   1.4408908340322428E-006
   -1.920000000000000        -2.973956117362914        0.1635048073248584      
   0.5102389641639269         21.24282189523088        0.9999904695346451      
   3.2485069028755574E-006
   -1.920000000000000        -2.770157337224366        0.1765036700413401      
   0.5136214649294568         21.23924880856543        0.9999900196308733      
   7.0617156456593004E-006
   -1.920000000000000        -2.567589801560878        0.1870145042930673      
   0.5175946890266879         21.23449601505335        0.9999897208778356      
   1.4801902917494965E-005
   -1.920000000000000        -2.366168760586374        0.1957423007865978      
   0.5222676333155322         21.22846960333341        0.9999895282440424      
   2.9914526147327199E-005
   -1.920000000000000        -2.165807164036497        0.2032708310284474      
   0.5277670755505440         21.22104241133274        0.9999894088738824      
   5.8286213841493548E-005
   -1.920000000000000        -1.966415816142869        0.2100251512187717      
   0.5342312849532521         21.21205234554210        0.9999893400696767      
   1.0947657361696279E-004
   -1.920000000000000        -1.767903539669862        0.2162590960764852      
   0.5418021361821836         21.20130237007121        0.9999893070341322      
   1.9819647579460989E-004
   -1.920000000000000        -1.570177348419479        0.2220584068444181      
   0.5506142665055994         21.18856284720029        0.9999893007604364      
   3.4581103043098896E-004
   -1.920000000000000        -1.373142627548817        0.2273513863638178      
   0.5607798264559430         21.17357722126811        0.9999893163117709      
   5.8144282387767360E-004
   -1.920000000000000        -1.176703320987477        0.2319227165906788      
   0.5723676726859686         21.15607316430915        0.9999893514716891      
   9.4205154008592722E-004
   -1.920000000000000       -0.9807621251897585        0.2354306145347904      
   0.5853767626079277         21.13578067595692        0.9999894055283951      
   1.4707675002675886E-003
   -1.920000000000000       -0.7852206884089804        0.2374315520906295      
   0.5997052380933505         21.11245871439559        0.9999894782656820      
   2.2128839704291339E-003
   -1.920000000000000       -0.5899798146396622        0.2374192624063419      
   0.6151193482373407         21.08593284921524        0.9999895694341275      
   3.2093668197184034E-003
   -1.920000000000000       -0.3949396713377247        0.2348845837695544      
   0.6312297867079857         21.05614491262864        0.9999896786768027      
   4.4885168630027887E-003
   -1.920000000000000       -0.2000000000000011        0.2293986232657857      
   0.6474863845781467         21.02321060911007        0.9999898055092268      
   6.0573400737180339E-003
   -1.920000000000000       -5.0612032226220773E-003   0.2207128834103272      
   0.6632036267534358         20.98747368497381        0.9999899491837192      
   7.8948715456964389E-003
   -1.920000000000000        0.1899728225015762        0.2088569332623421      
   0.6776265312757515         20.94953905479313        0.9999901086305596      
   9.9497403507070592E-003
   -1.920000000000000        0.3851971143511089        0.1942000616530009      
   0.6900356036749900         20.91026008157327        0.9999902823837225      
   1.2143498555191624E-002
   -1.920000000000000        0.5807063267879043        0.1774394501937157      
   0.6998703510410083         20.87065992055184        0.9999904685962825      
   1.4379493375636177E-002
   -1.920000000000000        0.7765945422431204        0.1594956741762620      
   0.7068315648959422         20.83178930887396        0.9999906651217407      
   1.6555407670947160E-002
   -1.920000000000000        0.9729550842390562        0.1413415289369846      
   0.7109206241832973         20.79456099835713        0.9999908696593192      
   1.8576643383291781E-002
   -1.920000000000000         1.169880333731538        0.1238342562512560      
   0.7124024921272438         20.75962841634683        0.9999910799043279      
   2.0367805491588033E-002
   -1.920000000000000         1.367461549433629        0.1076080630211637      
   0.7117167403950020         20.72734404242678        0.9999912936910421      
   2.1880253492550482E-002
   -1.920000000000000         1.565788692852865        9.3041749387782563E-002 
   0.7093758625914979         20.69778880250464        0.9999915090724124      
   2.3094694119632875E-002
   -1.920000000000000         1.764950258740411        8.0284283160044323E-002 
   0.7058811873348774         20.67084075562773        0.9999917244195199      
   2.4018919528485169E-002
   -1.920000000000000         1.965033111612069        6.9310573229962702E-002 
   0.7016693113411105         20.64625210706724        0.9999919384540559      
   2.4681818999713195E-002
   -1.920000000000000         2.166122328958343        5.9983744123980706E-002 
   0.6970880960554837         20.62371570371799        0.9999921503144314      
   2.5125436210337495E-002
   -1.920000000000000         2.368301051714338        5.2109386815587619E-002 
   0.6923944448378188         20.60291289338786        0.9999923596405783      
   2.5396945615218866E-002
   -1.920000000000000         2.571650342510284        4.5475728146290535E-002 
   0.6877648426842157         20.58354268933997        0.9999925664900254      
   2.5542023997500780E-002
   -1.920000000000000         2.776249052171010        3.9879335126395521E-002 
   0.6833113140477347         20.56533657400563        0.9999927710790897      
   2.5600411949661263E-002
   -1.920000000000000         2.982173694877646        3.5138871325515339E-002 
   0.6790979601320279         20.54806399182325        0.9999929735540928      
   2.5603763231223455E-002
   -1.920000000000000         3.189498332348288        3.1100342012969517E-002 
   0.6751554767876125         20.53153216908975        0.9999931739210066      
   2.5575371762655490E-002
   -1.920000000000000         3.398294467336542        2.7637050337964708E-002 
   0.6714926549948432         20.51558270838891        0.9999933720724358      
   2.5531128372173785E-002
   -1.920000000000000         3.608630946688375        2.4646776738526076E-002 
   0.6681048306202244         20.50008685624192        0.9999935678475925      
   2.5481061820093465E-002
   -1.920000000000000         3.820573874139177        2.2047885825384826E-002 
   0.6649797222417881         20.48494053100293        0.9999937610939806      
   2.5430968621491783E-002
   -1.920000000000000         4.034186532974921        1.9775369419277100E-002 
   0.6621012487818860         20.47005965398120        0.9999939516949672      
   2.5383834268159426E-002
   -1.920000000000000         4.249529318623878        1.7777326943400520E-002 
   0.6594518964347411         20.45537616225220        0.9999941395735693      
   2.5340923423152608E-002
   -1.920000000000000         4.466659681189796        1.6012060128481616E-002 
   0.6570141035408505         20.44083476268486        0.9999943246982652      
   2.5302535797572454E-002
   -1.920000000000000         4.685632077883227        1.4445779938859229E-002 
   0.6547710132039135         20.42639028243138        0.9999945070819392      
   2.5268485779782520E-002
   -1.920000000000000         4.906497935255945        1.3050843517701274E-002 
   0.6527068379020315         20.41200555573964        0.9999946867686778      
   2.5238381987902864E-002
   -1.920000000000000         5.129305621094297        1.1804416271106233E-002 
   0.6508069973026944         20.39764980549516        0.9999948638247533      
   2.5211776147927339E-002
   -1.920000000000000         5.354100425780786        1.0687459917867903E-002 
   0.6490581301062794         20.38329738887440        0.9999950383381984      
   2.5188234023283750E-002
   -1.920000000000000         5.580924552890115        9.6839643315531423E-003 
   0.6474480404777117         20.36892678333395        0.9999952104143939      
   2.5167363743524566E-002
   -1.920000000000000         5.809817118746128        8.7803598917899437E-003 
   0.6459656144936462         20.35451976895729        0.9999953801620040      
   2.5148822956091367E-002
   -1.920000000000000         6.040814160629681        7.9650634280533233E-003 
   0.6446007265787550         20.34006079961054        0.9999955476773343      
   2.5132316660758255E-002
   -1.920000000000000         6.273948653295052        7.2281235262461833E-003 
   0.6433441464233707         20.32553653749292        0.9999957130367734      
   2.5117591724106551E-002
   -1.920000000000000         6.509250533423568        6.5609403499328920E-003 
   0.6421874513223835         20.31093550241807        0.9999958762986884      
   2.5104430808530760E-002
   -1.920000000000000         6.746746731618209        5.9560419418850400E-003 
   0.6411229459331662         20.29624779145184        0.9999960375098054      
   2.5092646791847369E-002
   -1.920000000000000         6.986461211521710        5.4069038613995448E-003 
   0.6401435900340875         20.28146484641280        0.9999961967113905      
   2.5082077988164149E-002
   -1.920000000000000         7.228415015623348        4.9078024751166086E-003 
   0.6392429341657639         20.26657926037472        0.9999963539435005      
   2.5072584168068492E-002
   -1.920000000000000         7.472626317305855        4.4536946656389643E-003 
   0.6384150626632203         20.25158461664919        0.9999965092471871      
   2.5064043272596363E-002
   -1.920000000000000         7.719110478673879        4.0401184796352635E-003 
   0.6376545434191152         20.23647535525345        0.9999966626651332      
   2.5056348698240180E-002
   -1.920000000000000         7.967880113698818        3.6631105210860005E-003 
   0.6369563836750227         20.22124666357846        0.9999968142415689      
   2.5049407043254736E-002
   -1.920000000000000         8.218945156211536        3.3191368408191915E-003 
   0.6363159911463174         20.20589438672641        0.9999969640221070      
   2.5043136225511051E-002
   -1.920000000000000         8.472312932274409        3.0050347784881504E-003 
   0.6357291398282898         20.19041495161564        0.9999971120535127      
   2.5037463900855438E-002
   -1.920000000000000         8.727988236466917        2.7179637497241446E-003 
   0.6351919399080386         20.17480530084148        0.9999972583832010      
   2.5032326126216607E-002
   -1.920000000000000         8.985973411624599        2.4553633837948422E-003 
   0.6347008112938616         20.15906283530591        0.9999974030585387      
   2.5027666223579912E-002
   -1.920000000000000         9.246268431579237        2.2149177332839139E-003 
   0.6342524603423730         20.14318536541406        0.9999975461262973      
   2.5023433810023473E-002
   -1.920000000000000         9.508870986458517        1.9945245205643157E-003 
   0.6338438594126641         20.12717106950155        0.9999976876324640      
   2.5019583965935687E-002
   -1.920000000000000         9.773776570115773        1.7922685773893859E-003 
   0.6334722289225568         20.11101845733317        0.9999978276223621      
   2.5016076518866164E-002
   -1.920000000000000         10.04097856927476        1.6063987900511831E-003 
   0.6331350216312450         20.09472633678610        0.9999979661408810      
   2.5012875424644615E-002
   -1.920000000000000         10.31046835399012        1.4353079972120918E-003 
   0.6328299089199847         20.07829378263906        0.9999981032326535      
   2.5009948230812023E-002
   -1.920000000000000         10.58223536904130        1.2775154212006957E-003 
   0.6325547688812172         20.06172010713167        0.9999982389421307      
   2.5007265610477589E-002
   -1.920000000000000         10.85626722589636        1.1316513887033022E-003 
   0.6323076760517969         20.04500483231487        0.9999983733135775      
   2.5004800958156895E-002
   -1.920000000000000         11.13254979490064        9.9644440949334437E-004 
   0.6320868926284759         20.02814766412381        0.9999985063910150      
   2.5002530044445054E-002
   -1.920000000000000         11.41106729736590        8.7071134267471362E-004 
   0.6318908609573906         20.01114846792374        0.9999986382181431      
   2.5000430736588062E-002
   -1.920000000000000         11.69180239725550        7.5335280685024275E-004 
   0.6317181969298455         19.99400724516564        0.9999987688381857      
   2.4998482812832741E-002
   -1.920000000000000         11.97473629218198        6.4335888646221062E-004 
   0.6315676834955108         19.97672411034320        0.9999988982936397      
   2.4996667938382171E-002
   -1.920000000000000         12.25984880345458        5.3983541255277906E-004 
   0.6314382625150876         19.95929926697044        0.9999990266260321      
   2.4994969937069993E-002
   -1.920000000000000         12.54711846493471        4.4206889176561518E-004 
   0.6313290211005721         19.94173298145205        0.9999991538761768      
   2.4993375575838445E-002
   -1.920000000000000         12.83652261047853        3.4965607658071914E-004 
   0.6312391647667286         19.92402555256855        0.9999992800851978      
   2.4991876117326006E-002
   -1.920000000000000         13.12803745976597        2.6272372126119646E-004 
   0.6311679636565986         19.90617726902098        0.9999994052963967      
   2.4990469727729173E-002
   -1.920000000000000         13.42163820233561        1.8223861552559998E-004 
   0.6311146502889250         19.88818834274393        0.9999995295590823      
   2.4989164177785059E-002
   -1.920000000000000         13.71729907966468        1.1033885242342883E-004 
   0.6310782402539243         19.87005880630028        0.9999996529368138      
   2.4987977885709917E-002
   -1.920000000000000         14.01499346515192        5.0505705789135230E-005 
   0.6310572455378560         19.85178835645671        0.9999997755222944      
   2.4986935329951193E-002
   -1.920000000000000         14.31469394187969        7.2931469844358254E-006 
   0.6310492562505905         19.83337612644264        0.9999998974631694      
   2.4986051037224115E-002
   -1.920000000000000         14.61637237804932       -1.4659716753755682E-005 
   0.6310503736679017         19.81482037774614         1.000000019003106      
   2.4985295942309780E-002
   -1.920000000000000         14.92000000000000       -1.4659716753755682E-005 
   0.6310481388332793         19.79626462904964         1.000000140543043      
   2.4984540847395445E-002
   -1.679999999999999        -4.227026579539560         0.000000000000000      
   0.5000000000000000         18.85053581237526         1.000000000000000      
    0.000000000000000     
   -1.679999999999999        -4.014206434341432        3.7617881255276542E-002 
   0.5004527870097761         18.85053581237526        0.9999974173700249      
   1.8304983698135790E-008
   -1.679999999999999        -3.803070304910810        7.1158433518989442E-002 
   0.5017231643576954         18.85317563890479        0.9999951880221652      
   5.4697471774934824E-008
   -1.679999999999999        -3.593549933081869        0.1000409164150737      
   0.5036593640658433         18.85449859600238        0.9999934697171365      
   1.3985758146725344E-007
   -1.679999999999999        -3.385574045583126        0.1241825920611528      
   0.5061595477640867         18.85458069980270        0.9999921876391876      
   3.3917790992011800E-007
   -1.679999999999999        -3.179068445902549        0.1438252785189432      
   0.5091699341850655         18.85345779696626        0.9999912606336470      
   7.9121333434664858E-007
   -1.679999999999999        -2.973956117362914        0.1594770049994796      
   0.5126784159468764         18.85113691345155        0.9999906102421396      
   1.7791845797497376E-006
   -1.679999999999999        -2.770157337224366        0.1718111178483956      
   0.5167084708969680         18.84759883556910        0.9999901669385601      
   3.8579922863165382E-006
   -1.679999999999999        -2.567589801560878        0.1815533648708085      
   0.5213128393135369         18.84279854406486        0.9999898733649071      
   8.0674027010462535E-006
   -1.679999999999999        -2.366168760586374        0.1893839545938856      
   0.5265670093018895         18.83666490319010        0.9999896850882921      
   1.6267658326714762E-005
   -1.679999999999999        -2.165807164036497        0.1958693184040855      
   0.5325624524248160         18.82910046076500        0.9999895696097306      
   3.1630553205234660E-005
   -1.679999999999999        -1.966415816142869        0.2014259593834960      
   0.5393993109311590         18.81998174597911        0.9999895043884786      
   5.9298058543871493E-005
   -1.679999999999999        -1.767903539669862        0.2063104651381642      
   0.5471779551128499         18.80916112183569        0.9999894746060717      
   1.0717229687842741E-004
   -1.679999999999999        -1.570177348419479        0.2106265693155019      
   0.5559886233141831         18.79647107987181        0.9999894710941820      
   1.8671982067505909E-004
   -1.679999999999999        -1.373142627548817        0.2143410519646000      
   0.5658983456588023         18.78173134040036        0.9999894885964442      
   3.1356672816240021E-004
   -1.679999999999999        -1.176703320987477        0.2173034567854857      
   0.5769346592212339         18.76475984042616        0.9999895244432112      
   5.0755643532630684E-004
   -1.679999999999999       -0.9807621251897585        0.2192683676225366      
   0.5890663769473823         18.74538879490092        0.9999895775329353      
   7.9188946893939290E-004
   -1.679999999999999       -0.7852206884089804        0.2199220957957653      
   0.6021829529780537         18.72348617403154        0.9999896475108977      
   1.1910288108157975E-003
   -1.679999999999999       -0.5899798146396622        0.2189172615537198      
   0.6160757442684137         18.69898265734090        0.9999897341980230      
   1.7272865802937466E-003
   -1.679999999999999       -0.3949396713377247        0.2159182904508945      
   0.6304264175327670         18.67190294979008        0.9999898373017491      
   2.4164067183520687E-003
   -1.679999999999999       -0.2000000000000011        0.2106578548196887      
   0.6448092007993885         18.64239791903331        0.9999899563287756      
   3.2629337229781491E-003
   -1.679999999999999       -5.0612032226220773E-003   0.2029988395314812      
   0.6587135174931582         18.61077047455615        0.9999900905376168      
   4.2565237861270063E-003
   -1.679999999999999        0.1899728225015762        0.1929896058155714      
   0.6715906120230146         18.57748505517125        0.9999902389192219      
   5.3704041775138175E-003
   -1.679999999999999        0.3851971143511089        0.1808943622141913      
   0.6829209137077936         18.54314965371463        0.9999904002035108      
   6.5628440658166429E-003
   -1.679999999999999        0.5807063267879043        0.1671815097798441      
   0.6922890506025007         18.50846452511625        0.9999905728716753      
   7.7816450726063647E-003
   -1.679999999999999        0.7765945422431204        0.1524638023519420      
   0.6994456537288108         18.47414305733853        0.9999907552138967      
   8.9708015029810392E-003
   -1.679999999999999        0.9729550842390562        0.1374040829263766      
   0.7043359024607085         18.44082411412026        0.9999909454027907      
   1.0077881817057325E-002
   -1.679999999999999         1.169880333731538        0.1226172958164215      
   0.7070870115634968         18.40900295181387        0.9999911415952711      
   1.1060563612003365E-002
   -1.679999999999999         1.367461549433629        0.1085975488125015      
   0.7079632810976859         18.37899791762302        0.9999913420233260      
   1.1891067798841809E-002
   -1.679999999999999         1.565788692852865        9.5683401510665858E-002 
   0.7073067285219788         18.35095378685364        0.9999915450844796      
   1.2557822658234985E-002
   -1.679999999999999         1.764950258740411        8.4058569804290995E-002 
   0.7054806390706001         18.32487053725127        0.9999917494196785      
   1.3064373209875713E-002
   -1.679999999999999         1.965033111612069        7.3776384857783928E-002 
   0.7028267362175766         18.30064351523035        0.9999919539680154      
   1.3426156595980128E-002
   -1.679999999999999         2.166122328958343        6.4794872037701207E-002 
   0.6996393085008055         18.27810351176899        0.9999921580156280      
   1.3666134350081892E-002
   -1.679999999999999         2.368301051714338        5.7012201060156018E-002 
   0.6961544770628685         18.25704998137159        0.9999923611742241      
   1.3810331671048460E-002
   -1.679999999999999         2.571650342510284        5.0296473163987998E-002 
   0.6925504156452393         18.23727519884132        0.9999925632606983      
   1.3884115995772611E-002
   -1.679999999999999         2.776249052171010        4.4507511398065330E-002 
   0.6889540447114457         18.21857998399964        0.9999927641435988      
   1.3909672280827066E-002
   -1.679999999999999         2.982173694877646        3.9510809978514881E-002 
   0.6854505428845913         18.20078270654073        0.9999929636578606      
   1.3904746303080450E-002
   -1.679999999999999         3.189498332348288        3.5185086407906130E-002 
   0.6820931924768863         18.18372326783653        0.9999931615943983      
   1.3882441699602012E-002
   -1.679999999999999         3.398294467336542        3.1425275140717100E-002 
   0.6789121622964404         18.16726376798462        0.9999933577192187      
   1.3851718124830546E-002
   -1.679999999999999         3.608630946688375        2.8142661595879789E-002 
   0.6759216439088032         18.15128728026614        0.9999935518098211      
   1.3818232593027965E-002
   -1.679999999999999         3.820573874139177        2.5263475975084444E-002 
   0.6731252717468437         18.13569560380090        0.9999937436827983      
   1.3785244718974543E-002
   -1.679999999999999         4.034186532974921        2.2726846063998517E-002 
   0.6705200286974453         18.12040666966897        0.9999939331957138      
   1.3754414736981078E-002
   -1.679999999999999         4.249529318623878        2.0482649070145902E-002 
   0.6680989415080478         18.10535206410518        0.9999941202479219      
   1.3726420836314684E-002
   -1.679999999999999         4.466659681189796        1.8489540183837732E-002 
   0.6658528727929286         18.09047477240670        0.9999943047866590      
   1.3701390218707615E-002
   -1.679999999999999         4.685632077883227        1.6713268088523355E-002 
   0.6637716724504821         18.07572716589365        0.9999944868006879      
   1.3679174247709203E-002
   -1.679999999999999         4.906497935255945        1.5125293863292638E-002 
   0.6618448934190282         18.06106932001770        0.9999946663070441      
   1.3659509561621453E-002
   -1.679999999999999         5.129305621094297        1.3701684563403673E-002 
   0.6600622205988422         18.04646766297997        0.9999948433471949      
   1.3642104091481040E-002
   -1.679999999999999         5.354100425780786        1.2422236661519738E-002 
   0.6584137154389487         18.03189385643924        0.9999950179879209      
   1.3626677969439489E-002
   -1.679999999999999         5.580924552890115        1.1269783918623001E-002 
   0.6568899446858207         18.01732384600477        0.9999951903137337      
   1.3612979643431115E-002
   -1.679999999999999         5.809817118746128        1.0229650112133989E-002 
   0.6554820381884121         18.00273708134427        0.9999953604108252      
   1.3600789621845235E-002
   -1.679999999999999         6.040814160629681        9.2892144182371572E-003 
   0.6541817044438029         17.98811590854169        0.9999955283530091      
   1.3589918778548146E-002
   -1.679999999999999         6.273948653295052        8.4375641150466231E-003 
   0.6529812216686189         17.97344510697715        0.9999956941970413      
   1.3580204745181857E-002
   -1.679999999999999         6.509250533423568        7.6652150660566137E-003 
   0.6518734152119462         17.95871152471852        0.9999958579860497      
   1.3571508005797601E-002
   -1.679999999999999         6.746746731618209        6.9638850902154267E-003 
   0.6508516279132626         17.94390377688698        0.9999960197556316      
   1.3563708329255780E-002
   -1.679999999999999         6.986461211521710        6.3263089067762783E-003 
   0.6499096874914698         17.92901199184958        0.9999961795389755      
   1.3556701719586792E-002
   -1.679999999999999         7.228415015623348        5.7460860161213908E-003 
   0.6490418734559524         17.91402759852367        0.9999963373700914      
   1.3550397877665968E-002
   -1.679999999999999         7.472626317305855        5.2175548591663484E-003 
   0.6482428849867992         17.89894314816451        0.9999964932852660      
   1.3544718105662292E-002
   -1.679999999999999         7.719110478673879        4.7356880878674954E-003 
   0.6475078105794303         17.88375216570612        0.9999966473232514      
   1.3539593575872094E-002
   -1.679999999999999         7.967880113698818        4.2960049080534510E-003 
   0.6468320998475758         17.86844902715009        0.9999967995249990      
   1.3534963894004184E-002
   -1.679999999999999         8.218945156211536        3.8944973104628787E-003 
   0.6462115376202990         17.85302885778669        0.9999969499334204      
   1.3530775899672505E-002
   -1.679999999999999         8.472312932274409        3.5275676606917211E-003 
   0.6456422203168219         17.83748744507775        0.9999970985930680      
   1.3526982658719339E-002
   -1.679999999999999         8.727988236466917        3.1919756294895535E-003 
   0.6451205345167574         17.82182116252870        0.9999972455495139      
   1.3523542611709693E-002
   -1.679999999999999         8.985973411624599        2.8847928437078221E-003 
   0.6446431376194816         17.80602690380444        0.9999973908485690      
   1.3520418850508240E-002
   -1.679999999999999         9.246268431579237        2.6033639467134420E-003 
   0.6442069404682853         17.79010202665413        0.9999975345357148      
   1.3517578500647937E-002
   -1.679999999999999         9.508870986458517        2.3452729972238857E-003 
   0.6438090917996806         17.77404430490922        0.9999976766559155      
   1.3514992191633298E-002
   -1.679999999999999         9.773776570115773        2.1083143275430834E-003 
   0.6434469643773014         17.75785188616983        0.9999978172537313      
   1.3512633600742023E-002
   -1.679999999999999         10.04097856927476        1.8904671406893493E-003 
   0.6431181426840897         17.74152325324817        0.9999979563735167      
   1.3510479058574918E-002
   -1.679999999999999         10.31046835399012        1.6898732638936003E-003 
   0.6428204120669496         17.72505718827659        0.9999980940595561      
   1.3508507206797268E-002
   -1.679999999999999         10.58223536904130        1.5048176143337764E-003 
   0.6425517492468595         17.70845273908818        0.9999982303560889      
   1.3506698700491301E-002
   -1.679999999999999         10.85626722589636        1.3337111170523808E-003 
   0.6423103141197843         17.69170918778163        0.9999983653072692      
   1.3505035949767218E-002
   -1.679999999999999         11.13254979490064        1.1750761485641100E-003 
   0.6420944427709732         17.67482602123725        0.9999984989570754      
   1.3503502898720184E-002
   -1.679999999999999         11.41106729736590        1.0275352930600270E-003 
   0.6419026415827294         17.65780290312166        0.9999986313492127      
   1.3502084846471371E-002
   -1.679999999999999         11.69180239725550        8.8980575413426504E-004 
   0.6417335821705048         17.64063964679676        0.9999987625269634      
   1.3500768328630609E-002
   -1.679999999999999         11.97473629218198        7.6070495581423989E-004 
   0.6415860964857878         17.62333618814441        0.9999988925329508      
   1.3499541103736835E-002
   -1.679999999999999         12.25984880345458        6.3917870288237406E-004 
   0.6414591704660858         17.60589255677308        0.9999990214089248      
   1.3498392333122089E-002
   -1.679999999999999         12.54711846493471        5.2437217340504721E-004 
   0.6413519325545387         17.58830884407211        0.9999991491959731      
   1.3497313098738658E-002
   -1.679999999999999         12.83652261047853        4.1577360497703047E-004 
   0.6412636295350378         17.57058516578138        0.9999992759354939      
   1.3496297433158758E-002
   -1.679999999999999         13.12803745976597        3.1346192096824688E-004 
   0.6411935758568343         17.55272161273954        0.9999994016710811      
   1.3495343934898915E-002
   -1.679999999999999         13.42163820233561        2.1846480195542652E-004 
   0.6411410543459748         17.53471817978332        0.9999995264523772      
   1.3494457627867619E-002
   -1.679999999999999         13.71729907966468        1.3316211048699383E-004 
   0.6411051384999626         17.51657466433812        0.9999996503432874      
   1.3493650809814097E-002
   -1.679999999999999         14.01499346515192        6.1551324674048003E-005 
   0.6410844044041675         17.49829052364944        0.9999997734369895      
   1.3492940243703681E-002
   -1.679999999999999         14.31469394187969        9.0821234089835247E-006 
   0.6410765076273768         17.47986468153869        0.9999998958818589      
   1.3492336628412857E-002
   -1.679999999999999         14.61637237804932       -1.8221346180545615E-005 
   0.6410776127474537         17.46129528817957         1.000000017922956      
   1.3491821500915600E-002
   -1.679999999999999         14.92000000000000       -1.8221346180545615E-005 
   0.6410754025072999         17.44272589482044         1.000000139964052      
   1.3491306373418343E-002
   -1.440000000000001        -4.227026579539560         0.000000000000000      
   0.5000000000000000         16.45872790395151         1.000000000000000      
    0.000000000000000     
   -1.440000000000001        -4.014206434341432        3.6520363759103211E-002 
   0.5005197688007847         16.45872790395151        0.9999974582545672      
   9.7165096887250033E-009
   -1.440000000000001        -3.803070304910810        6.9151839329168796E-002 
   0.5019847004428246         16.46188367243795        0.9999952629048624      
   2.8972676030890501E-008
   -1.440000000000001        -3.593549933081869        9.7269175828979870E-002 
   0.5042263013565226         16.46363343418242        0.9999935693927704      
   7.3883443470037276E-008
   -1.440000000000001        -3.385574045583126        0.1207382909009381      
   0.5071195549350715         16.46405369322170        0.9999923049039707      
   1.7867483465124833E-007
   -1.440000000000001        -3.179068445902549        0.1397533835547472      
   0.5105835784787049         16.46318512081650        0.9999913901669074      
   4.1562800357501602E-007
   -1.440000000000001        -2.973956117362914        0.1547795376209385      
   0.5145770906668162         16.46104312891570        0.9999907483421415      
   9.3203865566529553E-007
   -1.440000000000001        -2.770157337224366        0.1664528941400885      
   0.5190934638780863         16.45762058071126        0.9999903111950398      
   2.0156591264746444E-006
   -1.440000000000001        -2.567589801560878        0.1754687242404072      
   0.5241548356837655         16.45288877775071        0.9999900223001619      
   4.2042166376630976E-006
   -1.440000000000001        -2.366168760586374        0.1824843160214903      
   0.5298054560688001         16.44679783709601        0.9999898378125218      
   8.4573679270531335E-006
   -1.440000000000001        -2.165807164036497        0.1880515540825289      
   0.5361044676033494         16.43927749152013        0.9999897255616781      
   1.6407733558295264E-005
   -1.440000000000001        -1.966415816142869        0.1925818666769221      
   0.5431181679486464         16.43023867287907        0.9999896631649206      
   3.0696982347206074E-005
   -1.440000000000001        -1.767903539669862        0.1963379125133662      
   0.5509115863839983         16.41957636583744        0.9999896358227267      
   5.5378545821166460E-005
   -1.440000000000001        -1.570177348419479        0.1994430466426611      
   0.5595390375592224         16.40717443797014        0.9999896342728639      
   9.6327896595750688E-005
   -1.440000000000001        -1.373142627548817        0.2019002241525182      
   0.5690333080664993         16.39291276627387        0.9999896530772289      
   1.6154797190048883E-004
   -1.440000000000001        -1.176703320987477        0.2036147640994141      
   0.5793933685609424         16.37667694702272        0.9999896892929415      
   2.6120485519231357E-004
   -1.440000000000001       -0.9807621251897585        0.2044186393256546      
   0.5905710423151751         16.35837113797858        0.9999897415073992      
   4.0720223082780572E-004
   -1.440000000000001       -0.7852206884089804        0.2040965392652088      
   0.6024579057526032         16.33793401580480        0.9999898091319592      
   6.1213404780651652E-004
   -1.440000000000001       -0.5899798146396622        0.2024152452684603      
   0.6148747475370069         16.31535714844934        0.9999898919005950      
   8.8756853254286726E-004
   -1.440000000000001       -0.3949396713377247        0.1991575785296155      
   0.6275669156442143         16.29070430771661        0.9999899895526865      
   1.2418127679838724E-003
   -1.440000000000001       -0.2000000000000011        0.1941603113072731      
   0.6402093725307982         16.26412893647791        0.9999901016701894      
   1.6775425479838091E-003
   -1.440000000000001       -5.0612032226220773E-003   0.1873523566658457      
   0.6524246582455691         16.23588573270052        0.9999902276150763      
   2.1898684518739477E-003
   -1.440000000000001        0.1899728225015762        0.1787861965563471      
   0.6638148448210432         16.20633118124848        0.9999903665141143      
   2.7654467931129694E-003
   -1.440000000000001        0.3851971143511089        0.1686530035065494      
   0.6740045862210593         16.17590793804605        0.9999905172816835      
   3.3830966391185926E-003
   -1.440000000000001        0.5807063267879043        0.1572736661145309      
   0.6826873733213557         16.14511203449877        0.9999906786469673      
   4.0159779568495124E-003
   -1.440000000000001        0.7765945422431204        0.1450638277285126      
   0.6896638548201879         16.11444697668167        0.9999908492014490      
   4.6349573817799968E-003
   -1.440000000000001        0.9729550842390562        0.1324800947753459      
   0.6948619926384840         16.08437424375215        0.9999910274558919      
   5.2124520590326644E-003
   -1.440000000000001         1.169880333731538        0.1199618893289890      
   0.6983343954286589         16.05527219601740        0.9999912119122245      
   5.7259248818786520E-003
   -1.440000000000001         1.367461549433629        0.1078837412451671      
   0.7002357763522765         16.02741206726577        0.9999914011326845      
   6.1603295813534879E-003
   -1.440000000000001         1.565788692852865        9.6526910481232339E-002 
   0.7007888602224499         16.00095314815227        0.9999915938107274      
   6.5091063258312749E-003
   -1.440000000000001         1.764950258740411        8.6071604667492571E-002 
   0.7002482177038594         15.97595352604089        0.9999917888245892      
   6.7737042300718845E-003
   -1.440000000000001         1.965033111612069        7.6605465397758893E-002 
   0.6988692903098686         15.95239013121161        0.9999919852749225      
   6.9619439444883581E-003
   -1.440000000000001         2.166122328958343        6.8141682033164147E-002 
   0.6968863329942359         15.93018184467714        0.9999921824885976      
   7.0857411168758610E-003
   -1.440000000000001         2.368301051714338        6.0640437692408782E-002 
   0.6944998260600257         15.90921123022241        0.9999923799736140      
   7.1587499828221325E-003
   -1.440000000000001         2.571650342510284        5.4029134308870116E-002 
   0.6918718735628576         15.88934249817022        0.9999925773421223      
   7.1943754353696442E-003
   -1.440000000000001         2.776249052171010        4.8218885442957465E-002 
   0.6891272504384636         15.87043496620552        0.9999927742445606      
   7.2044057996855110E-003
   -1.440000000000001         2.982173694877646        4.3116458620143530E-002 
   0.6863577585954588         15.85235219065053        0.9999929703451426      
   7.1983141265638340E-003
   -1.440000000000001         3.189498332348288        3.8631957696401834E-002 
   0.6836280080481441         15.83496743532590        0.9999931653203954      
   7.1831223579151204E-003
   -1.440000000000001         3.398294467336542        3.4683087236873938E-002 
   0.6809813385012080         15.81816644150405        0.9999933588708911      
   7.1636458807609934E-003
   -1.440000000000001         3.608630946688375        3.1196981283670287E-002 
   0.6784451460681398         15.80184830856628        0.9999935507394734      
   7.1429295883708339E-003
   -1.440000000000001         3.820573874139177        2.8110479157656756E-002 
   0.6760352955149174         15.78592515004349        0.9999937407146549      
   7.1227256825723423E-003
   -1.440000000000001         4.034186532974921        2.5369529663794278E-002 
   0.6737595679874611         15.77032113654664        0.9999939286268601      
   7.1039196432291646E-003
   -1.440000000000001         4.249529318623878        2.2928191051186111E-002 
   0.6716202398529146         15.75497126596886        0.9999941143538559      
   7.0868626275724621E-003
   -1.440000000000001         4.466659681189796        2.0747514418370513E-002 
   0.6696159474062965         15.73981999297721        0.9999942978219156      
   7.0716052948458169E-003
   -1.440000000000001         4.685632077883227        1.8794468258622046E-002 
   0.6677430002890807         15.72481988255387        0.9999944789938103      
   7.0580480380340316E-003
   -1.440000000000001         4.906497935255945        1.7040977105087410E-002 
   0.6659962880119523         15.70993042629700        0.9999946578596822      
   7.0460294537467239E-003
   -1.440000000000001         5.129305621094297        1.5463097095973755E-002 
   0.6643698951944446         15.69511701567147        0.9999948344382319      
   7.0353737896146932E-003
   -1.440000000000001         5.354100425780786        1.4040325275603335E-002 
   0.6628575127052726         15.68035001942382        0.9999950087757078      
   7.0259135592828344E-003
   -1.440000000000001         5.580924552890115        1.2755028301214178E-002 
   0.6614527083110870         15.66560396824175        0.9999951809341049      
   7.0174984135971943E-003
   -1.440000000000001         5.809817118746128        1.1591972876184940E-002 
   0.6601491019901106         15.65085687588731        0.9999953509746562      
   7.0099971129038091E-003
   -1.440000000000001         6.040814160629681        1.0537940534055995E-002 
   0.6589404770770679         15.63608970069267        0.9999955189469454      
   7.0032964515391628E-003
   -1.440000000000001         6.273948653295052        9.5814112909320525E-003 
   0.6578208483105874         15.62128591931705        0.9999956848874321      
   6.9972991101174137E-003
   -1.440000000000001         6.509250533423568        8.7123031151339521E-003 
   0.6567845009603553         15.60643117509103        0.9999958488239034      
   6.9919213472293745E-003
   -1.440000000000001         6.746746731618209        7.9217565696826971E-003 
   0.6558260106714680         15.59151297776725        0.9999960107807936      
   6.9870908918996198E-003
   -1.440000000000001         6.986461211521710        7.2019560753773179E-003 
   0.6549402506358661         15.57652044726883        0.9999961707830672      
   6.9827451400591989E-003
   -1.440000000000001         7.228415015623348        6.5459809365660078E-003 
   0.6541223905925182         15.56144409668190        0.9999963288584164      
   6.9788296512997040E-003
   -1.440000000000001         7.472626317305855        5.9476806254142589E-003 
   0.6533678906918585         15.54627564846774        0.9999964850380008      
   6.9752969062581013E-003
   -1.440000000000001         7.719110478673879        5.4015699093312329E-003 
   0.6526724922739664         15.53100787986003        0.9999966393562475      
   6.9721052790085109E-003
   -1.440000000000001         7.967880113698818        4.9027402727063176E-003 
   0.6520322069373872         15.51563449410186        0.9999967918504461      
   6.9692181835532985E-003
   -1.440000000000001         8.218945156211536        4.4467847664721501E-003 
   0.6514433048034254         15.50015001197854        0.9999969425604481      
   6.9666033607862811E-003
   -1.440000000000001         8.472312932274409        4.0297339629522394E-003 
   0.6509023025674450         15.48454967775495        0.9999970915282268      
   6.9642322791802500E-003
   -1.440000000000001         8.727988236466917        3.6480011322239372E-003 
   0.6504059517371188         15.46882937661142        0.9999972387971316      
   6.9620796281218266E-003
   -1.440000000000001         8.985973411624599        3.2983351059580491E-003 
   0.6499512273310917         15.45298556319846        0.9999973844110419      
   6.9601228872557298E-003
   -1.440000000000001         9.246268431579237        2.9777795690959022E-003 
   0.6495353172116916         15.43701520064124        0.9999975284137962      
   6.9583419586126422E-003
   -1.440000000000001         9.508870986458517        2.6836377374197173E-003 
   0.6491556121491626         15.42091570792958        0.9999976708490275      
   6.9567188509131990E-003
   -1.440000000000001         9.773776570115773        2.4134415570179709E-003 
   0.6488096966690091         15.40468491322141        0.9999978117602576      
   6.9552374074661220E-003
   -1.440000000000001         10.04097856927476        2.1649247111528852E-003 
   0.6484953407133088         15.38832101120853        0.9999979511910609      
   6.9538830706727742E-003
   -1.440000000000001         10.31046835399012        1.9359988520963305E-003 
   0.6482104921394130         15.37182252351962        0.9999980891851432      
   6.9526426774547106E-003
   -1.440000000000001         10.58223536904130        1.7247326108667752E-003 
   0.6479532700766456         15.35518826175330        0.9999982257863220      
   6.9515042811009280E-003
   -1.440000000000001         10.85626722589636        1.5293331238886206E-003 
   0.6477219591583283         15.33841729296582        0.9999983610384344      
   6.9504569963705137E-003
   -1.440000000000001         11.13254979490064        1.3481301632558718E-003 
   0.6475150046340861         15.32150890724783        0.9999984949852260      
   6.9494908667707255E-003
   -1.440000000000001         11.41106729736590        1.1795637159518185E-003 
   0.6473310083217590         15.30446258675988        0.9999986276702290      
   6.9485967569815500E-003
   -1.440000000000001         11.69180239725550        1.0221775343924222E-003 
   0.6471687252167753         15.28727797549260        0.9999987591366093      
   6.9477662817179920E-003
   -1.440000000000001         11.97473629218198        8.7462465849417657E-004 
   0.6470270601925077         15.26995484869886        0.9999988894269555      
   6.9469917984401521E-003
   -1.440000000000001         12.25984880345458        7.3569735159462646E-004 
   0.6469050632907192         15.25249308041305        0.9999990185830898      
   6.9462665185218977E-003
   -1.440000000000001         12.54711846493471        6.0440391172167927E-004 
   0.6468019200805637         15.23489260738511        0.9999991466462440      
   6.9455848268819348E-003
   -1.440000000000001         12.83652261047853        4.8012611840574028E-004 
   0.6467169297309228         15.21715338732184        0.9999992736579740      
   6.9449429208161542E-003
   -1.440000000000001         13.12803745976597        3.6289438768688086E-004 
   0.6466494571993423         15.19927534660865        0.9999993996620593      
   6.9443398216129000E-003
   -1.440000000000001         13.42163820233561        2.5379381353826636E-004 
   0.6465988376629477         15.18125831001279        0.9999995247083852      
   6.9437785639083613E-003
   -1.440000000000001         13.71729907966468        1.5544024734481614E-004 
   0.6465642036020458         15.16310190682000        0.9999996488610998      
   6.9432668039776883E-003
   -1.440000000000001         14.01499346515192        7.2340171883239062E-005 
   0.6465442030009334         15.14480544809987        0.9999997722136913      
   6.9428151975631002E-003
   -1.440000000000001         14.31469394187969        1.0829794646556633E-005 
   0.6465365856935006         15.12636777268574        0.9999998949149804      
   6.9424309102386599E-003
   -1.440000000000001         14.61637237804932       -2.1700144946878453E-005 
   0.6465376510383395         15.10778707337827         1.000000017210845      
   6.9421028864794674E-003
   -1.440000000000001         14.92000000000000       -2.1700144946878453E-005 
   0.6465355203486617         15.08920637407080         1.000000139506710      
   6.9417748627202749E-003
   -1.200000000000000        -4.227026579539560         0.000000000000000      
   0.5000000000000000         14.06879914886860         1.000000000000000      
    0.000000000000000     
   -1.200000000000000        -4.014206434341432        3.5290341413140268E-002 
   0.5005697598447891         14.06879914886860        0.9999974984075638      
   4.9427387500630116E-009
   -1.200000000000000        -3.803070304910810        6.6889738203629173E-002 
   0.5021809470098952         14.07235934610511        0.9999953363948383      
   1.4705156137004592E-008
   -1.200000000000000        -3.593549933081869        9.4137970756829809E-002 
   0.5046535591846414         14.07446300117116        0.9999936671211279      
   3.7393820612400188E-008
   -1.200000000000000        -3.385574045583126        0.1168562806333318      
   0.5078442000903106         14.07518472398591        0.9999924197535012      
   9.0161613740078437E-008
   -1.200000000000000        -3.179068445902549        0.1351955380511159      
   0.5116491069658935         14.07456790120529        0.9999915168757457      
   2.0910823081430310E-007
   -1.200000000000000        -2.973956117362914        0.1495803919059771      
   0.5160015241019326         14.07263440269410        0.9999908832221113      
   4.6755929986693418E-007
   -1.200000000000000        -2.770157337224366        0.1606112356629470      
   0.5208680669461550         14.06938720247748        0.9999904517998746      
   1.0083217977860689E-006
   -1.200000000000000        -2.567589801560878        0.1689539619426869      
   0.5262435506702399         14.06481176846535        0.9999901670981070      
   2.0974935847721428E-006
   -1.200000000000000        -2.366168760586374        0.1752441725907207      
   0.5321445765017102         14.05887691203944        0.9999899858718185      
   4.2087062534383783E-006
   -1.200000000000000        -2.165807164036497        0.1800207427079558      
   0.5386022925419087         14.05153601002144        0.9999898762798226      
   8.1457964816319411E-006
   -1.200000000000000        -1.966415816142869        0.1836916149659672      
   0.5456546662445321         14.04272911844743        0.9999898160864285      
   1.5206692480385613E-005
   -1.200000000000000        -1.767903539669862        0.1865264353910117      
   0.5533384246262901         14.03238622822817        0.9999897905247724      
   2.7379512493692452E-005
   -1.200000000000000        -1.570177348419479        0.1886672044984117      
   0.5616806530442111         14.02043194044900        0.9999897902767284      
   4.7542327706611847E-005
   -1.200000000000000        -1.373142627548817        0.1901485169450573      
   0.5706899967408255         14.00679179996844        0.9999898097851040      
   7.9612473063225958E-005
   -1.200000000000000        -1.176703320987477        0.1909214247751738      
   0.5803475450374821         13.99140033078284        0.9999898459405917      
   1.2856617193236612E-004
   -1.200000000000000       -0.9807621251897585        0.1908778736097071      
   0.5905978135128755         13.97421080755877        0.9999898971303557      
   2.0023638806529681E-004
   -1.200000000000000       -0.7852206884089804        0.1898749740558136      
   0.6013407455588471         13.95520657742814        0.9999899625781181      
   3.0081112660686394E-004
   -1.200000000000000       -0.5899798146396622        0.1877595857266968      
   0.6124262339394863         13.93441318390240        0.9999900418940637      
   4.3600776510346835E-004
   -1.200000000000000       -0.3949396713377247        0.1843937084942918      
   0.6236531307277371         13.91191004752604        0.9999901347836514      
   6.0999139875395460E-004
   -1.200000000000000       -0.2000000000000011        0.1796801535664319      
   0.6347747914634412         13.88783981956496        0.9999902408731183      
   8.2421703579480562E-004
   -1.200000000000000       -5.0612032226220773E-003   0.1735863305112292      
   0.6455125955401864         13.86241310842013        0.9999903596249538      
   1.0764660672248725E-003
   -1.200000000000000        0.1899728225015762        0.1661623777999681      
   0.6555775492569149         13.83590609446222        0.9999904903126473      
   1.3603709280091581E-003
   -1.200000000000000        0.3851971143511089        0.1575487409225699      
   0.6646978696836874         13.80864857457647        0.9999906320342327      
   1.6656607890109133E-003
   -1.200000000000000        0.5807063267879043        0.1479697341133023      
   0.6726478788669732         13.78100283676904        0.9999907837396930      
   1.9791746287113037E-003
   -1.200000000000000        0.7765945422431204        0.1377126390823867      
   0.6792721377398622         13.75333598041986        0.9999909442699016      
   2.2864830958874089E-003
   -1.200000000000000        0.9729550842390562        0.1270961265994376      
   0.6844993835174062         13.72599049856340        0.9999911124051364      
   2.5737868358356761E-003
   -1.200000000000000         1.169880333731538        0.1164351973725336      
   0.6883434783957769         13.69925889702294        0.9999912869183591      
   2.8296823452652422E-003
   -1.200000000000000         1.367461549433629        0.1060104125408120      
   0.6908922557003345         13.67336689130645        0.9999914666282059      
   3.0464319613866791E-003
   -1.200000000000000         1.565788692852865        9.6046903753261456E-002 
   0.6922881348966776         13.64846692332615        0.9999916504463960      
   3.2205187541136369E-003
   -1.200000000000000         1.764950258740411        8.6705067752420484E-002 
   0.6927055784898686         13.62464102546934        0.9999918374113935      
   3.3524575687179400E-003
   -1.200000000000000         1.965033111612069        7.8081669285550853E-002 
   0.6923299101411724         13.60191030778763        0.9999920267050000      
   3.4460089043836404E-003
   -1.200000000000000         2.166122328958343        7.0218232714172241E-002 
   0.6913404402319336         13.58024788503467        0.9999922176432056      
   3.5070533088552283E-003
   -1.200000000000000         2.368301051714338        6.3113168668374686E-002 
   0.6898990844572038         13.55959252963200        0.9999924096475019      
   3.5424085429478312E-003
   -1.200000000000000         2.571650342510284        5.6734628536379117E-002 
   0.6881442678213348         13.53986117805145        0.9999926022095913      
   3.5588193792971462E-003
   -1.200000000000000         2.776249052171010        5.1032065262178794E-002 
   0.6861890869756102         13.52095929594326        0.9999927948689546      
   3.5622527695333877E-003
   -1.200000000000000         2.982173694877646        4.5945479370023495E-002 
   0.6841224126809411         13.50278873424824        0.9999929872053249      
   3.5575280958305162E-003
   -1.200000000000000         3.189498332348288        4.1412109356932923E-002 
   0.6820116894356817         13.48525322046624        0.9999931788379816      
   3.5482335528848109E-003
   -1.200000000000000         3.398294467336542        3.7370812885881385E-002 
   0.6799064531044550         13.46826186849201        0.9999933694323482      
   3.5368389938908685E-003
   -1.200000000000000         3.608630946688375        3.3764611400657257E-002 
   0.6778419013615113         13.45173111893444        0.9999935587034808      
   3.5249104323380105E-003
   -1.200000000000000         3.820573874139177        3.0541913377637245E-002 
   0.6758421331688260         13.43558558293765        0.9999937464123066      
   3.5133497747441610E-003
   -1.200000000000000         4.034186532974921        2.7656869658810330E-002 
   0.6739228852693165         13.41975818380271        0.9999939323670847      
   3.5026111032972103E-003
   -1.200000000000000         4.249529318623878        2.5069210874105650E-002 
   0.6720937312921148         13.40418981204722        0.9999941164270382      
   3.4928709991084860E-003
   -1.200000000000000         4.466659681189796        2.2743812343807242E-002 
   0.6703597862903290         13.38882868359237        0.9999942984949088      
   3.4841493048055512E-003
   -1.200000000000000         4.685632077883227        2.0650144756949922E-002 
   0.6687229938120989         13.37362961027569        0.9999944785055573      
   3.4763872768821280E-003
   -1.200000000000000         4.906497935255945        1.8761704137039537E-002 
   0.6671830793926644         13.35855328211997        0.9999946564242227      
   3.4694939232950742E-003
   -1.200000000000000         5.129305621094297        1.7055470909313388E-002 
   0.6657382469225875         13.34356555383621        0.9999948322489970      
   3.4633710167223048E-003
   -1.200000000000000         5.354100425780786        1.5511421069643368E-002 
   0.6643856819427176         13.32863674433437        0.9999950060047138      
   3.4579250904255092E-003
   -1.200000000000000         5.580924552890115        1.4112097085805290E-002 
   0.6631219128340047         13.31374099887795        0.9999951777279309      
   3.4530721704144470E-003
   -1.200000000000000         5.809817118746128        1.2842237789036481E-002 
   0.6619430687603396         13.29885574976955        0.9999953474524410      
   3.4487388309527053E-003
   -1.200000000000000         6.040814160629681        1.1688462386500259E-002 
   0.6608450630313538         13.28396127512018        0.9999955152026444      
   3.4448616105376760E-003
   -1.200000000000000         6.273948653295052        1.0639002139471800E-002 
   0.6598237226609227         13.26904033147952        0.9999956809948248      
   3.4413858433516675E-003
   -1.200000000000000         6.509250533423568        9.6834730730607360E-003 
   0.6588748791317941         13.25407783535364        0.9999958448417556      
   3.4382643981353792E-003
   -1.200000000000000         6.746746731618209        8.8126835741981248E-003 
   0.6579944312656905         13.23906058345791        0.9999960067568040      
   3.4354565222174463E-003
   -1.200000000000000         6.986461211521710        8.0184714460960656E-003 
   0.6571783881088991         13.22397701046088        0.9999961667565380      
   3.4329268488869935E-003
   -1.200000000000000         7.228415015623348        7.2935657163311872E-003 
   0.6564228975237809         13.20881698081255        0.9999963248619711      
   3.4306445676300481E-003
   -1.200000000000000         7.472626317305855        6.6314691919887089E-003 
   0.6557242645689656         13.19357160995718        0.9999964810986777      
   3.4285827365807286E-003
   -1.200000000000000         7.719110478673879        6.0263583930250594E-003 
   0.6550789626136188         13.17823311235944        0.9999966354962838      
   3.4267177128155142E-003
   -1.200000000000000         7.967880113698818        5.4729980458389955E-003 
   0.6544836393063578         13.16279467331586        0.9999967880879768      
   3.4250286783953855E-003
   -1.200000000000000         8.218945156211536        4.9666677825381169E-003 
   0.6539351189152872         13.14725033903755        0.9999969389101330      
   3.4234972438657533E-003
   -1.200000000000000         8.472312932274409        4.5030990857053638E-003 
   0.6534304021359294         13.13159491994891        0.9999970880017320      
   3.4221071145929326E-003
   -1.200000000000000         8.727988236466917        4.0784208525692697E-003 
   0.6529666641809911         13.11582390537507        0.9999972354034811      
   3.4208438083712174E-003
   -1.200000000000000         8.985973411624599        3.6891122262174879E-003 
   0.6525412517585693         13.09993338960847        0.9999973811569287      
   3.4196944151421538E-003
   -1.200000000000000         9.246268431579237        3.3319615611405208E-003 
   0.6521516793795401         13.08392000843205        0.9999975253039188      
   3.4186473915271019E-003
   -1.200000000000000         9.508870986458517        3.0040305700298571E-003 
   0.6517956253093224         13.06778088381239        0.9999976678864447      
   3.4176923843071421E-003
   -1.200000000000000         9.773776570115773        2.7026228503786807E-003 
   0.6514709273957326         13.05151357436297        0.9999978089467232      
   3.4168200780966438E-003
   -1.200000000000000         10.04097856927476        2.4252561199511178E-003 
   0.6511755789530491         13.03511602992277        0.9999979485273097      
   3.4160220633349934E-003
   -1.200000000000000         10.31046835399012        2.1696376081494729E-003 
   0.6509077248491393         13.01858654936093        0.9999980866711154      
   3.4152907214415164E-003
   -1.200000000000000         10.58223536904130        1.9336421759868052E-003 
   0.6506656579188865         13.00192374122224        0.9999982234213276      
   3.4146191246345273E-003
   -1.200000000000000         10.85626722589636        1.7152929197860271E-003 
   0.6504478158076694         12.98512648697388        0.9999983588212787      
   3.4140009486672471E-003
   -1.200000000000000         11.13254979490064        1.5127443704020904E-003 
   0.6502527783244427         12.96819390639135        0.9999984929143068      
   3.4134303979171253E-003
   -1.200000000000000         11.41106729736590        1.3242691984593317E-003 
   0.6500792653311960         12.95112532434732        0.9999986257436062      
   3.4129021445845143E-003
   -1.200000000000000         11.69180239725550        1.1482511275081454E-003 
   0.6499261350526401         12.93392023819249        0.9999987573520772      
   3.4124112885440933E-003
   -1.200000000000000         11.97473629218198        9.8319051185961274E-004 
   0.6497923823140102         12.91657828470864        0.9999988877821331      
   3.4119533537125047E-003
   -1.200000000000000         12.25984880345458        8.2773606742542487E-004 
   0.6496771353105634         12.89909920514683        0.9999990170755373      
   3.4115243526336362E-003
   -1.200000000000000         12.54711846493471        6.8076735336585099E-004 
   0.6495796475642359         12.88148280671672        0.9999991452735562      
   3.4111209718995731E-003
   -1.200000000000000         12.83652261047853        5.4156557790257381E-004 
   0.6494992780290091         12.86372891874731        0.9999992724178056      
   3.4107409442408060E-003
   -1.200000000000000         13.12803745976597        4.1011551526925105E-004 
   0.6494354462928944         12.84583734016287        0.9999993985521569      
   3.4103836424841634E-003
   -1.200000000000000         13.42163820233561        2.8755827233731621E-004 
   0.6493875418610202         12.82780777317343        0.9999995237266491      
   3.4100507897004283E-003
   -1.200000000000000         13.71729907966468        1.7673818375476847E-004 
   0.6493547591409926         12.80963973991653        0.9999996480056079      
   3.4097468526531117E-003
   -1.200000000000000         14.01499346515192        8.2654375856188443E-005 
   0.6493358281798620         12.79133248078443        0.9999997714827319      
   3.4094781529957555E-003
   -1.200000000000000         14.31469394187969        1.2499510297088934E-005 
   0.6493286204971120         12.77288483647354        0.9999998943071255      
   3.4092491041873246E-003
   -1.200000000000000         14.61637237804932       -2.5023239624180183E-005 
   0.6493296276064533         12.75429512841806         1.000000016725147      
   3.4090534421417078E-003
   -1.200000000000000         14.92000000000000       -2.5023239624180183E-005 
   0.6493276133877709         12.73570542036258         1.000000139143169      
   3.4088577800960910E-003
  -0.9600000000000002        -4.227026579539560         0.000000000000000      
   0.5000000000000000         11.68080036485961         1.000000000000000      
    0.000000000000000     
  -0.9600000000000002        -4.014206434341432        3.3963603409876912E-002 
   0.5006051315315714         11.68080036485961        0.9999975376429816      
   2.4124528954859902E-009
  -0.9600000000000002        -3.803070304910810        6.4438708247702842E-002 
   0.5023209169325455         11.68466664501013        0.9999954081698743      
   7.1603338000548783E-009
  -0.9600000000000002        -3.593549933081869        9.0739577977199892E-002 
   0.5049603252456080         11.68705731566844        0.9999937624961976      
   1.8154061988019141E-008
  -0.9600000000000002        -3.385574045583126        0.1126497485387786      
   0.5083660416544384         11.68804336174769        0.9999925317246572      
   4.3635417468747342E-008
  -0.9600000000000002        -3.179068445902549        0.1302814194684859      
   0.5124156492171195         11.68766910513816        0.9999916402596547      
   1.0088727815687026E-007
  -0.9600000000000002        -2.973956117362914        0.1440216164562465      
   0.5170208863520804         11.68596107217095        0.9999910143764202      
   2.2489523021603402E-007
  -0.9600000000000002        -2.770157337224366        0.1544365386343750      
   0.5221254154573163         11.68293032088074        0.9999905882787333      
   4.8357678269631822E-007
  -0.9600000000000002        -2.567589801560878        0.1621635604016514      
   0.5277005640496468         11.67857398413218        0.9999903073288331      
   1.0031018914677682E-006
  -0.9600000000000002        -2.366168760586374        0.1678171683660666      
   0.5337394208008053         11.67287643939216        0.9999901288752534      
   2.0074110566363161E-006
  -0.9600000000000002        -2.165807164036497        0.1719236451868906      
   0.5402498796637467         11.66581071346365        0.9999900214259105      
   3.8755986514304987E-006
  -0.9600000000000002        -1.966415816142869        0.1748875147875670      
   0.5472471958967946         11.65734062606293        0.9999899629063985      
   7.2183902226624896E-006
  -0.9600000000000002        -1.767903539669862        0.1769845792583147      
   0.5547464515891576         11.64742392720802        0.9999899385932484      
   1.2969480988107586E-005
  -0.9600000000000002        -1.570177348419479        0.1783728782913566      
   0.5627551461503673         11.63601648325024        0.9999899391356193      
   2.2478501573279804E-005
  -0.9600000000000002        -1.373142627548817        0.1791131383538373      
   0.5712660266333347         11.62307755268878        0.9999899588903963      
   3.7580646820634247E-005
  -0.9600000000000002        -1.176703320987477        0.1791925291608703      
   0.5802503073349390         11.60857612458300        0.9999899946319730      
   6.0606501769023069E-005
  -0.9600000000000002       -0.9807621251897585        0.1785482541079328      
   0.5896516018692926         11.59249815446235        0.9999900446158952      
   9.4289678313652268E-005
  -0.9600000000000002       -0.7852206884089804        0.1770896831445143      
   0.5993811649579239         11.57485440680509        0.9999901079383342      
   1.4153625627534220E-004
  -0.9600000000000002       -0.5899798146396622        0.1747189739577585      
   0.6093153358584144         11.55568831275033        0.9999901841123203      
   2.0504407069013288E-004
  -0.9600000000000002       -0.3949396713377247        0.1713504046214640      
   0.6192962690310487         11.53508293417998        0.9999902727974097      
   2.8680168479872732E-004
  -0.9600000000000002       -0.2000000000000011        0.1669281734748975      
   0.6291369710719106         11.51316586646270        0.9999903736351700      
   3.8754784999496327E-004
  -0.9600000000000002       -5.0612032226220773E-003   0.1614415898137703      
   0.6386312056924077         11.49011081146884        0.9999904861596954      
   5.0631438655779923E-004
  -0.9600000000000002        0.1899728225015762        0.1549358074876537      
   0.6475680525632372         11.46613463614130        0.9999906097647562      
   6.4018830823077552E-004
  -0.9600000000000002        0.3851971143511089        0.1475156570226371      
   0.6557497091469866         11.44148863020772        0.9999907437069170      
   7.8440461222420812E-004
  -0.9600000000000002        0.5807063267879043        0.1393411420520189      
   0.6630097697586720         11.41644467401054        0.9999908871242217      
   9.3279852946431168E-004
  -0.9600000000000002        0.7765945422431204        0.1306146487020747      
   0.6692286057007195         11.39127795578085        0.9999910390651412      
   1.0785522391596580E-003
  -0.9600000000000002        0.9729550842390562        0.1215619376672903      
   0.6743428802492011         11.36624874750519        0.9999911985258537      
   1.2150870235734200E-003
  -0.9600000000000002         1.169880333731538        0.1124106523475955      
   0.6783475268754396         11.34158621071374        0.9999913644894003      
   1.3369094273839833E-003
  -0.9600000000000002         1.367461549433629        0.1033705137969493      
   0.6812903573452649         11.31747669334124        0.9999915359637968      
   1.4402349231605570E-003
  -0.9600000000000002         1.565788692852865        9.4618478793134411E-002 
   0.6832611078573961         11.29405774578873        0.9999917120131361      
   1.5232772215764141E-003
  -0.9600000000000002         1.764950258740411        8.6290451986472755E-002 
   0.6843776124732655         11.27141775139299        0.9999918917791089      
   1.5861817609276025E-003
  -0.9600000000000002         1.965033111612069        7.8479418234002812E-002 
   0.6847717913564761         11.24960003653732        0.9999920744894882      
   1.6306677491199190E-003
  -0.9600000000000002         2.166122328958343        7.1238640521709654E-002 
   0.6845774960454530         11.22860987478107        0.9999922594541403      
   1.6594992240262449E-003
  -0.9600000000000002         2.368301051714338        6.4588036559216327E-002 
   0.6839213432792789         11.20842279436452        0.9999924460536928      
   1.6759202070645469E-003
  -0.9600000000000002         2.571650342510284        5.8521902403007468E-002 
   0.6829168171551058         11.18899291790639        0.9999926337275056      
   1.6831659848529224E-003
  -0.9600000000000002         2.776249052171010        5.3016561330932771E-002 
   0.6816613093977586         11.17026047270720        0.9999928219673917      
   1.6841170247200153E-003
  -0.9600000000000002         2.982173694877646        4.8037046508291284E-002 
   0.6802354440300955         11.15215801051251        0.9999930103146525      
   1.6811126679544695E-003
  -0.9600000000000002         3.189498332348288        4.3542410729135082E-002 
   0.6787039500634445         11.13461522178153        0.9999931983603138      
   1.6759033192345308E-003
  -0.9600000000000002         3.398294467336542        3.9489612698942148E-002 
   0.6771174204438489         11.11756240900893        0.9999933857468633      
   1.6696992922464466E-003
  -0.9600000000000002         3.608630946688375        3.5836141937934399E-002 
   0.6755144457972739         11.10093281357573        0.9999935721664729      
   1.6632710270753353E-003
  -0.9600000000000002         3.820573874139177        3.2541637196814202E-002 
   0.6739237763572586         11.08466405579044        0.9999937573600544      
   1.6570635425847420E-003
  -0.9600000000000002         4.034186532974921        2.9568764406592320E-002 
   0.6723663085628893         11.06869889019889        0.9999939411192383      
   1.6513010066586779E-003
  -0.9600000000000002         4.249529318623878        2.6883587112934204E-002 
   0.6708568002083273         11.05298544679901        0.9999941232826385      
   1.6460698837131459E-003
  -0.9600000000000002         4.466659681189796        2.4455612624345653E-002 
   0.6694052894067239         11.03747715681092        0.9999943037261163      
   1.6413783845456856E-003
  -0.9600000000000002         4.685632077883227        2.2257646767423235E-002 
   0.6680182336618838         11.02213251611123        0.9999944823585060      
   1.6371952435066262E-003
  -0.9600000000000002         4.906497935255945        2.0265547344485511E-002 
   0.6666994044883618         11.00691473540645        0.9999946591242447      
   1.6334728897981370E-003
  -0.9600000000000002         5.129305621094297        1.8457934123833987E-002 
   0.6654505789847927         10.99179129911115        0.9999948340016205      
   1.6301600582480889E-003
  -0.9600000000000002         5.354100425780786        1.6815890659979529E-002 
   0.6642720686477805         10.97673349226719        0.9999950069912444      
   1.6272078949382904E-003
  -0.9600000000000002         5.580924552890115        1.5322678054896149E-002 
   0.6631631209055934         10.96171595686613        0.9999951781010370      
   1.6245723995737488E-003
  -0.9600000000000002         5.809817118746128        1.3963470883351842E-002 
   0.6621222226149278         10.94671630396365        0.9999953473359907      
   1.6222149947568488E-003
  -0.9600000000000002         6.040814160629681        1.2725119427789901E-002 
   0.6611473286810716         10.93171477862398        0.9999955146957497      
   1.6201022490691312E-003
  -0.9600000000000002         6.273948653295052        1.1595938875940697E-002 
   0.6602360337699765         10.91669396206470        0.9999956801774511      
   1.6182052914276994E-003
  -0.9600000000000002         6.509250533423568        1.0565524281492395E-002 
   0.6593857009415014         10.90163850008951        0.9999958437795873      
   1.6164991705073899E-003
  -0.9600000000000002         6.746746731618209        9.6245892003074384E-003 
   0.6585935578051159         10.88653485837837        0.9999960055046918      
   1.6149622631358245E-003
  -0.9600000000000002         6.986461211521710        8.7648255470450451E-003 
   0.6578567682466807         10.87137110685822        0.9999961653607974      
   1.6135757635863147E-003
  -0.9600000000000002         7.228415015623348        7.9787821455202558E-003 
   0.6571724857729582         10.85613673068721        0.9999963233618828      
   1.6123232549257753E-003
  -0.9600000000000002         7.472626317305855        7.2597595628773534E-003 
   0.6565378930148087         10.84082246518170        0.9999964795274696      
   1.6111903526720456E-003
  -0.9600000000000002         7.719110478673879        6.6017190288256995E-003 
   0.6559502308094534         10.82542015373358        0.9999966338819197      
   1.6101644087331798E-003
  -0.9600000000000002         7.967880113698818        5.9992034764862244E-003 
   0.6554068194258527         10.80992262595501        0.9999967864538903      
   1.6092342645437519E-003
  -0.9600000000000002         8.218945156211536        5.4472689772130430E-003 
   0.6549050738507085         10.79432359096265        0.9999969372758650      
   1.6083900441369809E-003
  -0.9600000000000002         8.472312932274409        4.9414250728991079E-003 
   0.6544425145889331         10.77861754207962        0.9999970863834028      
   1.6076229797028889E-003
  -0.9600000000000002         8.727988236466917        4.4775827226676765E-003 
   0.6540167750996678         10.76279967233218        0.9999972338141421      
   1.6069252637118407E-003
  -0.9600000000000002         8.985973411624599        4.0520087635373594E-003 
   0.6536256067299604         10.74686580098410        0.9999973796069093      
   1.6062899228973407E-003
  -0.9600000000000002         9.246268431579237        3.6612859372857883E-003 
   0.6532668817988716         10.73081230991719        0.9999975238012142      
   1.6057107103354569E-003
  -0.9600000000000002         9.508870986458517        3.3022776674305298E-003 
   0.6529385953264735         10.71463608749540        0.9999976664371192      
   1.6051820125887082E-003
  -0.9600000000000002         9.773776570115773        2.9720968870141167E-003 
   0.6526388657921633         10.69833447774429        0.9999978075552877      
   1.6046987694515696E-003
  -0.9600000000000002         10.04097856927476        2.6680783219940815E-003 
   0.6523659352312317         10.68190523348123        0.9999979471970257      
   1.6042564042856855E-003
  -0.9600000000000002         10.31046835399012        2.3877537327516053E-003 
   0.6521181689241817         10.66534647269055        0.9999980854042361      
   1.6038507633044661E-003
  -0.9600000000000002         10.58223536904130        2.1288297271754870E-003 
   0.6518940548918443         10.64865663780775        0.9999982222192807      
   1.6034780625076388E-003
  -0.9600000000000002         10.85626722589636        1.8891679333621707E-003 
   0.6516922033751287         10.63183445763085        0.9999983576848035      
   1.6031348413625421E-003
  -0.9600000000000002         11.13254979490064        1.6667676819623303E-003 
   0.6515113464422995         10.61487891133516        0.9999984918435645      
   1.6028179229622629E-003
  -0.9600000000000002         11.41106729736590        1.4597521827375498E-003 
   0.6513503378058494         10.59778919381315        0.9999986247382675      
   1.6025243816437840E-003
  -0.9600000000000002         11.69180239725550        1.2663610787340587E-003 
   0.6512081527860712         10.58056468152009        0.9999987564114062      
   1.6022515216500175E-003
  -0.9600000000000002         11.97473629218198        1.0849562789335410E-003 
   0.6510838879938947         10.56320489790561        0.9999988869050830      
   1.6019968755050175E-003
  -0.9600000000000002         12.25984880345458        9.1405556127260651E-004 
   0.6509767594454638         10.54570947713865        0.9999990162608835      
   1.6017582394639031E-003
  -0.9600000000000002         12.54711846493471        7.5242058160256316E-004 
   0.6508860959844993         10.52807812463879        0.9999991445200076      
   1.6015337750153920E-003
  -0.9600000000000002         12.83652261047853        5.9924048968252046E-004 
   0.6508113214187188         10.51031057295621        0.9999992717240496      
   1.6013222131732118E-003
  -0.9600000000000002         13.12803745976597        4.5445936952313409E-004 
   0.6507519131367504         10.49240653087318        0.9999993979168855      
   1.6011231826439656E-003
  -0.9600000000000002         13.42163820233561        3.1927346659341800E-004 
   0.6507073175177476         10.47436562265919        0.9999995231486309      
   1.6009376073282404E-003
  -0.9600000000000002         13.71729907966468        1.9674533198977924E-004 
   0.6506767955924124         10.45618731584497        0.9999996474837148      
   1.6007679393759521E-003
  -0.9600000000000002         14.01499346515192        9.2342052185849817E-005 
   0.6506591711241311         10.43787083861728        0.9999997710159748      
   1.6006176952637354E-003
  -0.9600000000000002         14.31469394187969        1.4066822951549195E-005 
   0.6506524626059045         10.41941509113862        0.9999998938946969      
   1.6004893962950628E-003
  -0.9600000000000002         14.61637237804932       -2.8142009562529394E-005 
   0.6506533992927326         10.40081856488262         1.000000016366521      
   1.6003796740708235E-003
  -0.9600000000000002         14.92000000000000       -2.8142009562529394E-005 
   0.6506515259190765         10.38222203862662         1.000000138838346      
   1.6002699518465843E-003
  -0.7200000000000006        -4.227026579539560         0.000000000000000      
   0.5000000000000000         9.294741504772283         1.000000000000000      
    0.000000000000000     
  -0.7200000000000006        -4.014206434341432        3.2570580436616772E-002 
   0.5006282458495370         9.294741504772283        0.9999975757989534      
   1.1311627997802995E-009
  -0.7200000000000006        -3.803070304910810        6.1855583749126752E-002 
   0.5024136036231834         9.298829204453293        0.9999954779542989      
   3.3490835998265436E-009
  -0.7200000000000006        -3.593549933081869        8.7152733846042774E-002 
   0.5051657348864667         9.301446984350708        0.9999938551824828      
   8.4648998592598274E-009
  -0.7200000000000006        -3.385574045583126        0.1082147654992595      
   0.5087174017155767         9.302661076182581        0.9999926404505403      
   2.0280331667169885E-008
  -0.7200000000000006        -3.179068445902549        0.1251199369467385      
   0.5129315468448843         9.302515289974489        0.9999917599292619      
   4.6737605590516584E-008
  -0.7200000000000006        -2.973956117362914        0.1382205450452507      
   0.5177023443121272         9.301039162941759        0.9999911414034210      
   1.0385726709733960E-007
  -0.7200000000000006        -2.770157337224366        0.1480501165187516      
   0.5229543877529775         9.298249918721261        0.9999907202472540      
   2.2263564515421827E-007
  -0.7200000000000006        -2.567589801560878        0.1552181158384575      
   0.5286394504897565         9.294153927994003        0.9999904426613770      
   4.6047211613969230E-007
  -0.7200000000000006        -2.366168760586374        0.1603179465307324      
   0.5347312582462812         9.288747978533692        0.9999902665599532      
   9.1894473862208850E-007
  -0.7200000000000006        -2.165807164036497        0.1638628862791447      
   0.5412190000112642         9.282020732344497        0.9999901608001076      
   1.7695431880979080E-006
  -0.7200000000000006        -1.966415816142869        0.1662530656859852      
   0.5481003122915704         9.273954718615139        0.9999901034889594      
   3.2878707090589106E-006
  -0.7200000000000006        -1.767903539669862        0.1677685397958941      
   0.5553743093748889         9.264529073566994        0.9999900799690654      
   5.8943986051667060E-006
  -0.7200000000000006        -1.570177348419479        0.1685799812119195      
   0.5630350242895465         9.253723049300689        0.9999900808817603      
   1.0195880623089527E-005
  -0.7200000000000006        -1.373142627548817        0.1687686417694272      
   0.5710654709364140         9.241520231881974        0.9999901005267046      
   1.7016375788610581E-005
  -0.7200000000000006        -1.176703320987477        0.1683493253743624      
   0.5794324878340713         9.227913377636380        0.9999901355927554      
   2.7401783873347187E-005
  -0.7200000000000006       -0.9807621251897585        0.1672926871616868      
   0.5880825802680716         9.212909670272703        0.9999901842406214      
   4.2579195451189338E-005
  -0.7200000000000006       -0.7852206884089804        0.1655452861457382      
   0.5969391045957732         9.196536093058365        0.9999902454769207      
   6.3855107608689040E-005
  -0.7200000000000006       -0.5899798146396622        0.1630470971015190      
   0.6059012743202183         9.178844478093719        0.9999903187455040      
   9.2446981248563511E-005
  -0.7200000000000006       -0.3949396713377247        0.1597466493125764      
   0.6148455339110419         9.159915624742096        0.9999904036696127      
   1.2926078413702771E-004
  -0.7200000000000006       -0.2000000000000011        0.1556138258947870      
   0.6236297522950051         9.139861784452910        0.9999904998962202      
   1.7464945230292179E-004
  -0.7200000000000006       -5.0612032226220773E-003   0.1506499525944737      
   0.6321003786303151         9.118826850792260        0.9999906070088538      
   2.2820594811006893E-004
  -0.7200000000000006        0.1899728225015762        0.1448944187166246      
   0.6401022834527371         9.096983693421889        0.9999907244912649      
   2.8865103266948063E-004
  -0.7200000000000006        0.3851971143511089        0.1384266692256398      
   0.6474903698190237         9.074527861855064        0.9999908517238066      
   3.5386645303998258E-004
  -0.7200000000000006        0.5807063267879043        0.1313630953658882      
   0.6541412968213904         9.051668359493556        0.9999909879929841      
   4.2108894414173156E-004
  -0.7200000000000006        0.7765945422431204        0.1238490335390911      
   0.6599633979454409         9.028616518050717        0.9999911325107358      
   4.8723933727021381E-004
  -0.7200000000000006        0.9729550842390562        0.1160470532598165      
   0.6649031453038774         9.005574316570206        0.9999912844403887      
   5.4932269157748894E-004
  -0.7200000000000006         1.169880333731538        0.1081235474927728      
   0.6689471609442679         8.982723755378887        0.9999914429244808      
   6.0481418237082413E-004
  -0.7200000000000006         1.367461549433629        0.1002359154729498      
   0.6721197183507710         8.960218669809935        0.9999916071112864      
   6.5194973003675314E-004
  -0.7200000000000006         1.565788692852865        9.2522272586089416E-002 
   0.6744765798683232         8.938179804680265        0.9999917761765938      
   6.8986785096134169E-004
  -0.7200000000000006         1.764950258740411        8.5094823533240188E-002 
   0.6760965910069616         8.916693290887334        0.9999919493393447      
   7.1858972903679767E-004
  -0.7200000000000006         1.965033111612069        7.8037120205903865E-002 
   0.6770725909410502         8.895812088163355        0.9999921258697417      
   7.3886415085776106E-004
  -0.7200000000000006         2.166122328958343        7.1404681059881236E-002 
   0.6775029639440512         8.875559611449452        0.9999923050916844      
   7.5193073015028891E-004
  -0.7200000000000006         2.368301051714338        6.5228021875753828E-002 
   0.6774847109732811         8.855934645215898        0.9999924863815353      
   7.5926284209859194E-004
  -0.7200000000000006         2.571650342510284        5.9517043453071371E-002 
   0.6771084355021698         8.836916736750043        0.9999926691665715      
   7.6234221636000841E-004
  -0.7200000000000006         2.776249052171010        5.4265853504459075E-002 
   0.6764552355308210         8.818471434430910        0.9999928529242893      
   7.6249689974559941E-004
  -0.7200000000000006         2.982173694877646        4.9457352660740132E-002 
   0.6755952308704766         8.800554965649557        0.9999930371820749      
   7.6081179855045430E-004
  -0.7200000000000006         3.189498332348288        4.5067188448277153E-002 
   0.6745873322592315         8.783118144954903        0.9999932215179231      
   7.5810312794252505E-004
  -0.7200000000000006         3.398294467336542        4.1066913016617919E-002 
   0.6734798452771630         8.766109448933230        0.9999934055602155      
   7.5493820632559433E-004
  -0.7200000000000006         3.608630946688375        3.7426343724344932E-002 
   0.6723115556538638         8.749477313340970        0.9999935889866389      
   7.5167998866084752E-004
  -0.7200000000000006         3.820573874139177        3.4115220119877263E-002 
   0.6711130254549336         8.733171750567879        0.9999937715241670      
   7.4853913534055300E-004
  -0.7200000000000006         4.034186532974921        3.1104290804093111E-002 
   0.6699079150904049         8.717145394383735        0.9999939529469482      
   7.4562222574545080E-004
  -0.7200000000000006         4.249529318623878        2.8365967809958682E-002 
   0.6687142193903518         8.701354109303146        0.9999941330699695      
   7.4297048408860614E-004
  -0.7200000000000006         4.466659681189796        2.5874670545871004E-002 
   0.6675453611717008         8.685757302664122        0.9999943117445264      
   7.4058771317499867E-004
  -0.7200000000000006         4.685632077883227        2.3606957729858262E-002 
   0.6664111227241103         8.670318018685775        0.9999944888594455      
   7.3845866794686080E-004
  -0.7200000000000006         4.906497935255945        2.1541521732326575E-002 
   0.6653184180434093         8.655002852314665        0.9999946643412745      
   7.3656012877379223E-004
  -0.7200000000000006         5.129305621094297        1.9659099101410508E-002 
   0.6642719207736840         8.639781740791104        0.9999948381463389      
   7.3486698523622890E-004
  -0.7200000000000006         5.354100425780786        1.7942334598691347E-002 
   0.6632745679661827         8.624627705912246        0.9999950102473045      
   7.3335521709045324E-004
  -0.7200000000000006         5.580924552890115        1.6375623549749103E-002 
   0.6623279604277706         8.609516593597695        0.9999951806216133      
   7.3200311062478045E-004
  -0.7200000000000006         5.809817118746128        1.4944948271995551E-002 
   0.6614326787574561         8.594426826880603        0.9999953492461271      
   7.3079156245372688E-004
  -0.7200000000000006         6.040814160629681        1.3637718132114330E-002 
   0.6605885316101341         8.579339172220621        0.9999955160976258      
   7.2970396465882770E-004
  -0.7200000000000006         6.273948653295052        1.2442618665456796E-002 
   0.6597947500341093         8.564236513819143        0.9999956811558214      
   7.2872593270730901E-004
  -0.7200000000000006         6.509250533423568        1.1349472536113200E-002 
   0.6590501392523450         8.549103637050358        0.9999958444059006      
   7.2784500130868110E-004
  -0.7200000000000006         6.746746731618209        1.0349113430099196E-002 
   0.6583531970747928         8.533927028148895        0.9999960058399044      
   7.2705034053633158E-004
  -0.7200000000000006         6.986461211521710        9.4332729088737986E-003 
   0.6577022062286331         8.518694693321113        0.9999961654572752      
   7.2633250910010387E-004
  -0.7200000000000006         7.228415015623348        8.5944796216358907E-003 
   0.6570953063182159         8.503395995939362        0.9999963232646615      
   7.2568324623468008E-004
  -0.7200000000000006         7.472626317305855        7.8259699534391491E-003 
   0.6565305498874593         8.488021511635829        0.9999964792751462      
   7.2509529802248314E-004
  -0.7200000000000006         7.719110478673879        7.1216090473287235E-003 
   0.6560059460778966         8.472562901618463        0.9999966335074449      
   7.2456227263513549E-004
  -0.7200000000000006         7.967880113698818        6.4758211012925148E-003 
   0.6555194945886149         8.457012801588705        0.9999967859853275      
   7.2407851929852569E-004
  -0.7200000000000006         8.218945156211536        5.8835278722070266E-003 
   0.6550692120351866         8.441364722057351        0.9999969367370141      
   7.2363902659222364E-004
  -0.7200000000000006         8.472312932274409        5.3400943957387387E-003 
   0.6546531523539910         8.425612958018833        0.9999970857942452      
   7.2323933652712689E-004
  -0.7200000000000006         8.727988236466917        4.8412810240200319E-003 
   0.6542694225555343         8.409752508460828        0.9999972331911967      
   7.2287547156025720E-004
  -0.7200000000000006         8.985973411624599        4.3832009718620564E-003 
   0.6539161948508502         8.393779005998384        0.9999973789636222      
   7.2254387227880178E-004
  -0.7200000000000006         9.246268431579237        3.9622826448096650E-003 
   0.6535917159473359         8.377688655197199        0.9999975231484008      
   7.2224134393360044E-004
  -0.7200000000000006         9.508870986458517        3.5752361024999598E-003 
   0.6532943141377707         8.361478177324459        0.9999976657834161      
   7.2196501035098274E-004
  -0.7200000000000006         9.773776570115773        3.2190230884633362E-003 
   0.6530224046821019         8.345144759731392        0.9999978069075500      
   7.2171227402469476E-004
  -0.7200000000000006         10.04097856927476        2.8908301309810251E-003 
   0.6527744938907709         8.328686008849571        0.9999979465606536      
   7.2148078140665871E-004
  -0.7200000000000006         10.31046835399012        2.5880442933760720E-003 
   0.6525491822489755         8.312099906300856        0.9999980847834262      
   7.2126839259496105E-004
  -0.7200000000000006         10.58223536904130        2.3082312452379398E-003 
   0.6523451668665174         8.295384767853115        0.9999982216172179      
   7.2107315478394686E-004
  -0.7200000000000006         10.85626722589636        2.0491154902077162E-003 
   0.6521612434920627         8.278539204913846        0.9999983571038149      
   7.2089327903821887E-004
  -0.7200000000000006         11.13254979490064        1.8085629506459275E-003 
   0.6519963082849483         8.261562088009700        0.9999984912852401      
   7.2072712027274543E-004
  -0.7200000000000006         11.41106729736590        1.5845669760310931E-003 
   0.6518493594703516         8.244452511489321        0.9999986242035650      
   7.2057316096239658E-004
  -0.7200000000000006         11.69180239725550        1.3752408398292762E-003 
   0.6517194988593036         8.227209758680445        0.9999987559007407      
   7.2043000044222903E-004
  -0.7200000000000006         11.97473629218198        1.1788240500405231E-003 
   0.6516059328688477         8.209833266718835        0.9999988864184368      
   7.2029635428621445E-004
  -0.7200000000000006         12.25984880345458        9.9371790694609296E-004 
   0.6515079718785677         8.192322589996250        0.9999990157979411      
   7.2017107276192021E-004
  -0.7200000000000006         12.54711846493471        8.1857884035237225E-004 
   0.6514250250709264         8.174677360945363        0.9999991440802888      
   7.2005319344067040E-004
  -0.7200000000000006         12.83652261047853        6.5251409242215303E-004 
   0.6513565847233868         8.156897246980416        0.9999992713069745      
   7.1994204727138147E-004
  -0.7200000000000006         13.12803745976597        4.9543299589317367E-004 
   0.6513021887538806         8.138981902382088        0.9999993975218137      
   7.1983742977496038E-004
  -0.7200000000000006         13.42163820233561        3.4858558105075135E-004 
   0.6512613434847166         8.120930913614353        0.9999995227749234      
   7.1973981044166837E-004
  -0.7200000000000006         13.71729907966468        2.1523920169622793E-004 
   0.6512333822845665         8.102743737490037        0.9999996471307703      
   7.1965046050027665E-004
  -0.7200000000000006         14.01499346515192        1.0129710348349119E-004 
   0.6512172345455178         8.084419634351958        0.9999997706832636      
   7.1957122152032889E-004
  -0.7200000000000006         14.31469394187969        1.5515432102319132E-005 
   0.6512110881429372         8.065957601192252        0.9999998935817977      
   7.1950343852930827E-004
  -0.7200000000000006         14.61637237804932       -3.1024026674029020E-005 
   0.6512119461575501         8.047356316133481         1.000000016073163      
   7.1944538835303808E-004
  -0.7200000000000006         14.92000000000000       -3.1024026674029020E-005 
   0.6512102301283244         8.028755031074709         1.000000138564528      
   7.1938733817676788E-004
  -0.4800000000000004        -4.227026579539560         0.000000000000000      
   0.5000000000000000         6.910601209841359         1.000000000000000      
    0.000000000000000     
  -0.4800000000000004        -4.014206434341432        3.1136506432423938E-002 
   0.5006413314906073         6.910601209841359        0.9999976127415848      
   5.1017551205416744E-010
  -0.4800000000000004        -3.803070304910810        5.9187714129579072E-002 
   0.5024675078882056         6.914839040720347        0.9999955455178140      
   1.5066273029227779E-009
  -0.4800000000000004        -3.593549933081869        8.3443053203237527E-002 
   0.5052878727221022         6.917631368346733        0.9999939449005230      
   3.7958385947174273E-009
  -0.4800000000000004        -3.385574045583126        0.1036310351175460      
   0.5089287238383264         6.919039077553257        0.9999927456374826      
   9.0635700083609972E-009
  -0.4800000000000004        -3.179068445902549        0.1198005726314155      
   0.5132420160847129         6.919104384804335        0.9999918755934250      
   2.0817911176810785E-008
  -0.4800000000000004        -2.973956117362914        0.1322720756756330      
   0.5181080621848817         6.917858391668747        0.9999912640147974      
   4.6109293257629554E-008
  -0.4800000000000004        -2.770157337224366        0.1415478405774139      
   0.5234360907615205         6.915322711593614        0.9999908474232009      
   9.8531403033323153E-008
  -0.4800000000000004        -2.567589801560878        0.1482098353507720      
   0.5291620545732475         6.911510742231342        0.9999905728418007      
   2.0317443607064989E-007
  -0.4800000000000004        -2.366168760586374        0.1528300548448463      
   0.5352441601716132         6.906428841166998        0.9999903987311201      
   4.0430313539339289E-007
  -0.4800000000000004        -2.165807164036497        0.1559078462405910      
   0.5416569369692668         6.900077682361771        0.9999902942843067      
   7.7643555239244074E-007
  -0.4800000000000004        -1.966415816142869        0.1578373809355936      
   0.5483847056829146         6.892454026332665        0.9999902377936396      
   1.4390236209795837E-006
  -0.4800000000000004        -1.767903539669862        0.1589005493322594      
   0.5554151437327242         6.883553006553816        0.9999902146842945      
   2.5738990591195728E-006
  -0.4800000000000004        -1.570177348419479        0.1592770485361102      
   0.5627334113664223         6.873370932769546        0.9999902156127828      
   4.4429610130520802E-006
  -0.4800000000000004        -1.373142627548817        0.1590634654693791      
   0.5703171016445379         6.861908552867024        0.9999902348491119      
   7.4014038927380792E-006
  -0.4800000000000004        -1.176703320987477        0.1582951315447088      
   0.5781321627674250         6.849174657629595        0.9999902690250460      
   1.1899662099024630E-005
  -0.4800000000000004       -0.9807621251897585        0.1569669930700273      
   0.5861299175840080         6.835189841411881        0.9999903162336691      
   1.8466155831817223E-005
  -0.4800000000000004       -0.7852206884089804        0.1550518037917095      
   0.5942453434571411         6.819990158588163        0.9999903754171413      
   2.7664069096343239E-005
  -0.4800000000000004       -0.5899798146396622        0.1525152528853719      
   0.6023968283484498         6.803630357039903        0.9999904459690766      
   4.0019743867920377E-005
  -0.4800000000000004       -0.3949396713377247        0.1493282184270928      
   0.6104876332800984         6.786186300253512        0.9999905274855552      
   5.5927871519445019E-005
  -0.4800000000000004       -0.2000000000000011        0.1454763915788564      
   0.6184092121225493         6.767756161147287        0.9999906196154905      
   7.5548028375995390E-005
  -0.4800000000000004       -5.0612032226220773E-003   0.1409673310587740      
   0.6260463444985787         6.748460062100803        0.9999907219764912      
   9.8715089485715840E-005
  -0.4800000000000004        0.1899728225015762        0.1358347925136417      
   0.6332838316142959         6.728437907018884        0.9999908341172953      
   1.2488903879625044E-004
  -0.4800000000000004        0.3851971143511089        0.1301398424742651      
   0.6400141693240794         6.707844854028055        0.9999909555099065      
   1.5316617861617563E-004
  -0.4800000000000004        0.5807063267879043        0.1239687395434219      
   0.6461451840407060         6.686845047268484        0.9999910855524095      
   1.8235919850321378E-004
  -0.4800000000000004        0.7765945422431204        0.1174278321611843      
   0.6516065166142115         6.665604263546586        0.9999912235804148      
   2.1113628594085469E-004
  -0.4800000000000004        0.9729550842390562        0.1106361810978836      
   0.6563540239250439         6.644282210833736        0.9999913688841028      
   2.3819281028593028E-004
  -0.4800000000000004         1.169880333731538        0.1037170357933931      
   0.6603715009804239         6.623025386352002        0.9999915207274144      
   2.6241930902064410E-004
  -0.4800000000000004         1.367461549433629        9.6789453677532694E-002 
   0.6636696190230842         6.601961303395532        0.9999916783666867      
   2.8303043673369340E-004
  -0.4800000000000004         1.565788692852865        8.9961207545835115E-002 
   0.6662824741655022         6.581194623838805        0.9999918410669547      
   2.9963070001056975E-004
  -0.4800000000000004         1.764950258740411        8.3323742806286044E-002 
   0.6682624979450342         6.560805379562551        0.9999920081147942      
   3.1221005912991331E-004
  -0.4800000000000004         1.965033111612069        7.6949464864666084E-002 
   0.6696746231803605         6.540849141520908        0.9999921788273518      
   3.2107984436495864E-004
  -0.4800000000000004         2.166122328958343        7.0891201077561694E-002 
   0.6705905336200485         6.521358759034672        0.9999923525582705      
   3.2677154674001644E-004
  -0.4800000000000004         2.368301051714338        6.5183385535429128E-002 
   0.6710836196577203         6.502347179293846        0.9999925287013425      
   3.2992508998715386E-004
  -0.4800000000000004         2.571650342510284        5.9844386068940658E-002 
   0.6712249998135186         6.483810850307845        0.9999927066932197      
   3.3118953919481734E-004
  -0.4800000000000004         2.776249052171010        5.4879406347451823E-002 
   0.6710807212618553         6.465733278263908        0.9999928860152680      
   3.3115064813225696E-004
  -0.4800000000000004         2.982173694877646        5.0283500460826316E-002 
   0.6707100664306969         6.448088422067828        0.9999930661950331      
   3.3028987358440061E-004
  -0.4800000000000004         3.189498332348288        4.6044379291243831E-002 
   0.6701647809549927         6.430843716334798        0.9999932468072217      
   3.2897154759191870E-004
  -0.4800000000000004         3.398294467336542        4.2144826449068751E-002 
   0.6694889938637704         6.413962619077643        0.9999934274736145      
   3.2745036427841290E-004
  -0.4800000000000004         3.608630946688375        3.8564653080404396E-002 
   0.6687196054988147         6.397406658327693        0.9999936078626337      
   3.2589023411769947E-004
  -0.4800000000000004         3.820573874139177        3.5282197484111114E-002 
   0.6678869518015278         6.381136996220194        0.9999937876880692      
   3.2438689674821282E-004
  -0.4800000000000004         4.034186532974921        3.2275419777478644E-002 
   0.6670155982532460         6.365115568134259        0.9999939667058092      
   3.2298915570743841E-004
  -0.4800000000000004         4.249529318623878        2.9522661159475154E-002 
   0.6661251612020732         6.349305878227067        0.9999941447107694      
   3.2171611454629676E-004
  -0.4800000000000004         4.466659681189796        2.7003139925269641E-002 
   0.6652310920129503         6.333673519365172        0.9999943215369406      
   3.2056972373822911E-004
  -0.4800000000000004         4.685632077883227        2.4697249690240657E-002 
   0.6643453882256365         6.318186459949109        0.9999944970576381      
   3.1954310593603548E-004
  -0.4800000000000004         4.906497935255945        2.2586714738820089E-002 
   0.6634772161898878         6.302815146331219        0.9999946711801814      
   3.1862561903280419E-004
  -0.4800000000000004         5.129305621094297        2.0654646139237506E-002 
   0.6626334428340235         6.287532488337173        0.9999948438349914      
   3.1780566663085056E-004
  -0.4800000000000004         5.354100425780786        1.8885531761045203E-002 
   0.6618190818120613         6.272313783415908        0.9999950149645540      
   3.1707209387747784E-004
  -0.4800000000000004         5.580924552890115        1.7265184413096483E-002 
   0.6610376629540398         6.257136607884660        0.9999951845166357      
   3.1641477047012390E-004
  -0.4800000000000004         5.809817118746128        1.5780665287726370E-002 
   0.6602915352468984         6.241980688231370        0.9999953524426659      
   3.1582474822932651E-004
  -0.4800000000000004         6.040814160629681        1.4420194592310118E-002 
   0.6595821135211802         6.226827757123439        0.9999955186994166      
   3.1529422022413925E-004
  -0.4800000000000004         6.273948653295052        1.3173057365716841E-002 
   0.6589100782634941         6.211661397515295        0.9999956832511482      
   3.1481640299513655E-004
  -0.4800000000000004         6.509250533423568        1.2029509698811967E-002 
   0.6582755369120410         6.196466884120343        0.9999958460707682      
   3.1438540090229902E-004
  -0.4800000000000004         6.746746731618209        1.0980688596576541E-002 
   0.6576781537976074         6.181231031552183        0.9999960071402231      
   3.1399607781927862E-004
  -0.4800000000000004         6.986461211521710        1.0018527324241772E-002 
   0.6571172546958310         6.165942051842025        0.9999961664503877      
   3.1364394472469578E-004
  -0.4800000000000004         7.228415015623348        9.1356771466593080E-003 
   0.6565919108925171         6.150589421793045        0.9999963240003823      
   3.1332506435532216E-004
  -0.4800000000000004         7.472626317305855        8.3254357709010886E-003 
   0.6561010067671749         6.135163762355567        0.9999964797965784      
   3.1303597129272108E-004
  -0.4800000000000004         7.719110478673879        7.5816824158756449E-003 
   0.6556432941327452         6.119656730896181        0.9999966338517828      
   3.1277360512023080E-004
  -0.4800000000000004         7.967880113698818        6.8988191920362650E-003 
   0.6552174359221834         6.104060923888594        0.9999967861846120      
   3.1253525436372855E-004
  -0.4800000000000004         8.218945156211536        6.2717183455049544E-003 
   0.6548220412994827         6.088369787197331        0.9999969368187055      
   3.1231850925894281E-004
  -0.4800000000000004         8.472312932274409        5.6956748680091918E-003 
   0.6544556938775317         6.072577533692987        0.9999970857816307      
   3.1212122174705193E-004
  -0.4800000000000004         8.727988236466917        5.1663639596116560E-003 
   0.6541169744052044         6.056679069445024        0.9999972331037651      
   3.1194147141449407E-004
  -0.4800000000000004         8.985973411624599        4.6798028346032505E-003 
   0.6538044790145323         6.040669928608305        0.9999973788174996      
   3.1177753634737651E-004
  -0.4800000000000004         9.246268431579237        4.2323163785067874E-003 
   0.6535168338964090         6.024546215416585        0.9999975229568444      
   3.1162786807115026E-004
  -0.4800000000000004         9.508870986458517        3.8205061948495883E-003 
   0.6532527071036394         6.008304551313259        0.9999976655572971      
   3.1149106990286941E-004
  -0.4800000000000004         9.773776570115773        3.4412226188633775E-003 
   0.6530108180537691         5.991942025890977        0.9999978066557680      
   3.1136587816642269E-004
  -0.4800000000000004         10.04097856927476        3.0915393170991880E-003 
   0.6527899452068175         5.975456150983368        0.9999979462904707      
   3.1125114581939185E-004
  -0.4800000000000004         10.31046835399012        2.7687301406186006E-003 
   0.6525889323156646         5.958844817613928        0.9999980845007241      
   3.1114582812203257E-004
  -0.4800000000000004         10.58223536904130        2.4702479736130340E-003 
   0.6524066935841712         5.942106255607595        0.9999982213266979      
   3.1104897005562005E-004
  -0.4800000000000004         10.85626722589636        2.1937054717657955E-003 
   0.6522422180147678         5.925238995547863        0.9999983568091662      
   3.1095969529006226E-004
  -0.4800000000000004         11.13254979490064        1.9368579503057735E-003 
   0.6520945731750769         5.908241832527752        0.9999984909892706      
   3.1087719665457797E-004
  -0.4800000000000004         11.41106729736590        1.6975895762956490E-003 
   0.6519629085424626         5.891113790995818        0.9999986239083187      
   3.1080072837680420E-004
  -0.4800000000000004         11.69180239725550        1.4739061065580001E-003 
   0.6518464584461217         5.873854090023369        0.9999987556075978      
   3.1072960100948555E-004
  -0.4800000000000004         11.97473629218198        1.2639418918372371E-003 
   0.6517445443068168         5.856462108364766        0.9999988861282270      
   3.1066318125121616E-004
  -0.4800000000000004         12.25984880345458        1.0659974415999055E-003 
   0.6516565751524200         5.838937348500696        0.9999990155110852      
   3.1060090108584408E-004
  -0.4800000000000004         12.54711846493471        8.7863780271213508E-004 
   0.6515820438756483         5.821279398604983        0.9999991437969417      
   3.1054228367646776E-004
  -0.4800000000000004         12.83652261047853        7.0089936511326997E-004 
   0.6515205138590637         5.803487891472212        0.9999992710271177      
   3.1048699560399265E-004
  -0.4800000000000004         13.12803745976597        5.3266290925246297E-004 
   0.6514715859632412         5.785562459826442        0.9999993972453062      
   3.1043493144762379E-004
  -0.4800000000000004         13.42163820233561        3.7522989583173901E-004 
   0.6514348297099821         5.767502687577999        0.9999995225015608      
   3.1038631796973535E-004
  -0.4800000000000004         13.71729907966468        2.3205600782482327E-004 
   0.6514096567175662         5.749308057037488        0.9999996468603307      
   3.1034177946820434E-004
  -0.4800000000000004         14.01499346515192        1.0944303651511477E-004 
   0.6513951131285285         5.730977894466187        0.9999997704155380      
   3.1030222723059766E-004
  -0.4800000000000004         14.31469394187969        1.6834010462200288E-005 
   0.6513895752953049         5.712511318511474        0.9999998933166189      
   3.1026833501729417E-004
  -0.4800000000000004         14.61637237804932       -3.3646749695804076E-005 
   0.6513903486849099         5.693907199625470         1.000000015810425      
   3.1023926241703116E-004
  -0.4800000000000004         14.92000000000000       -3.3646749695804076E-005 
   0.6513888019057001         5.675303080739466         1.000000138304230      
   3.1021018981676815E-004
  -0.2400000000000002        -4.227026579539560         0.000000000000000      
   0.5000000000000000         4.528335150158443         1.000000000000000      
    0.000000000000000     
  -0.2400000000000002        -4.014206434341432        2.9681807112501020E-002 
   0.5006464071927814         4.528335150158443        0.9999976483679813      
   2.2161447234622587E-010
  -0.2400000000000002        -3.803070304910810        5.6473640561637714E-002 
   0.5024903437804245         4.532664341380210        0.9999956106783288      
   6.5272937821720338E-010
  -0.2400000000000002        -3.593549933081869        7.9664004545729000E-002 
   0.5053431540635183         4.535585967361203        0.9999940314220912      
   1.6390692519165464E-009
  -0.2400000000000002        -3.385574045583126        9.8963271266238467E-002 
   0.5090275728707481         4.537155388879356        0.9999928470442523      
   3.9001662851545923E-009
  -0.2400000000000002        -3.179068445902549        0.1143953393447887      
   0.5133877724944628         4.537412511981032        0.9999919870258810      
   8.9274051250365134E-009
  -0.2400000000000002        -2.973956117362914        0.1262514442284020      
   0.5182935374267161         4.536388830454495        0.9999913820114735      
   1.9706849459201529E-008
  -0.2400000000000002        -2.770157337224366        0.1350040073520503      
   0.5236420948680476         4.534108775534736        0.9999909696316834      
   4.1975222706485255E-008
  -0.2400000000000002        -2.567589801560878        0.1412077975700940      
   0.5293569417484680         4.530590798644285        0.9999906977171008      
   8.6284994217848655E-008
  -0.2400000000000002        -2.366168760586374        0.1454128921544628      
   0.5353841465994809         4.525848367690791        0.9999905252690774      
   1.7119371234878117E-007
  -0.2400000000000002        -2.165807164036497        0.1481035407385546      
   0.5416870039912728         4.519891107352742        0.9999904218122750      
   3.2784993719536492E-007
  -0.2400000000000002        -1.966415816142869        0.1496661520946833      
   0.5482399890291572         4.512726283215796        0.9999903658230427      
   6.0605019554179157E-007
  -0.2400000000000002        -1.767903539669862        0.1503819182395724      
   0.5550227977994603         4.504360649870082        0.9999903428153966      
   1.0814146896440643E-006
  -0.2400000000000002        -1.570177348419479        0.1504361248336966      
   0.5620150047167896         4.494802622576502        0.9999903434741967      
   1.8626409396863979E-006
  -0.2400000000000002        -1.373142627548817        0.1499361657866742      
   0.5691916305471012         4.484064735118913        0.9999903620587500      
   3.0969105946266486E-006
  -0.2400000000000002        -1.176703320987477        0.1489321491106697      
   0.5765197533297026         4.472166281691219        0.9999903951662815      
   4.9706675614362940E-006
  -0.2400000000000002       -0.9807621251897585        0.1474363562375836      
   0.5839562183281068         4.459135976280277        0.9999904408447502      
   7.7025468738345727E-006
  -0.2400000000000002       -0.7852206884089804        0.1454398300207776      
   0.5914464898369064         4.445014427495682        0.9999904979918541      
   1.1525697681268327E-005
  -0.2400000000000002       -0.5899798146396622        0.1429256811029203      
   0.5989246991419168         4.429856204480224        0.9999905659659203      
   1.6658496495970116E-005
  -0.2400000000000002       -0.3949396713377247        0.1398793417239640      
   0.6063149403997531         4.413731249915180        0.9999906443435265      
   2.3265706368492447E-005
  -0.2400000000000002       -0.2000000000000011        0.1362961533318651      
   0.6135338119321363         4.396725397136382        0.9999907327743868      
   3.1415922982338524E-005
  -0.2400000000000002       -5.0612032226220773E-003   0.1321865980713590      
   0.6204940842735753         4.378939843566137        0.9999908308997282      
   4.1044412416546283E-005
  -0.2400000000000002        0.1899728225015762        0.1275793429123433      
   0.6271092937392464         4.360489477391486        0.9999909383145724      
   5.1931743015763893E-005
  -0.2400000000000002        0.3851971143511089        0.1225219563668161      
   0.6332988880549082         4.341499607914924        0.9999910545572676      
   6.3707343056549969E-005
  -0.2400000000000002        0.5807063267879043        0.1170794921430679      
   0.6389932852388458         4.322101631647823        0.9999911791079720      
   7.5881336022484984E-005
  -0.2400000000000002        0.7765945422431204        0.1113311851107430      
   0.6441381795359995         4.302428061648427        0.9999913113945402      
   8.7901030944725783E-005
  -0.2400000000000002        0.9729550842390562        0.1053657084710348      
   0.6486975628277560         4.282607327951903        0.9999914508033504      
   9.9221551230341772E-005
  -0.2400000000000002         1.169880333731538        9.9275652677946274E-002 
   0.6526551027768106         4.262758877840597        0.9999915966923438      
   1.0937582304869922E-004
  -0.2400000000000002         1.367461549433629        9.3151972461655894E-002 
   0.6560137813855027         4.242989064498348        0.9999917484043823      
   1.1802921362184962E-004
  -0.2400000000000002         1.565788692852865        8.7079087283932682E-002 
   0.6587939761887474         4.223388173901981        0.9999919052798661      
   1.2500845057817131E-004
  -0.2400000000000002         1.764950258740411        8.1131132895949420E-002 
   0.6610303827279282         4.204028752629194        0.9999920666677542      
   1.3030147010195979E-004
  -0.2400000000000002         1.965033111612069        7.5369607615650813E-002 
   0.6627682876620726         4.184965213552626        0.9999922319346940      
   1.3403208793666662E-004
  -0.2400000000000002         2.166122328958343        6.9842406914665034E-002 
   0.6640597004236559         4.166234546123052        0.9999924004722227      
   1.3641859298269370E-004
  -0.2400000000000002         2.368301051714338        6.4584048074076833E-002 
   0.6649597623739141         4.147857868221825        0.9999925717023870      
   1.3772727300451724E-004
  -0.2400000000000002         2.571650342510284        5.9616778108859653E-002 
   0.6655237161835406         4.129842523189029        0.9999927450820927      
   1.3823056024473402E-004
  -0.2400000000000002         2.776249052171010        5.4952230360103931E-002 
   0.6658045745513091         4.112184443576581        0.9999929201063169      
   1.3817603763755160E-004
  -0.2400000000000002         2.982173694877646        5.0593327738504751E-002 
   0.6658515053840822         4.094870550047317        0.9999930963104685      
   1.3776849239965233E-004
  -0.2400000000000002         3.189498332348288        4.6536197051395313E-002 
   0.6657088647912469         4.077881014148548        0.9999932732717343      
   1.3716383808895597E-004
  -0.2400000000000002         3.398294467336542        4.2771935375695638E-002 
   0.6654157616816100         4.061191277385504        0.9999934506095786      
   1.3647174231885207E-004
  -0.2400000000000002         3.608630946688375        3.9288139452851215E-002 
   0.6650060221317102         4.044773769532357        0.9999936279856031      
   1.3576324622313523E-004
  -0.2400000000000002         3.820573874139177        3.6070164058419535E-002 
   0.6645084282951705         4.028599311365947        0.9999938051025304      
   1.3508015695454605E-004
  -0.2400000000000002         4.034186532974921        3.3102113061686055E-002 
   0.6639471257115561         4.012638219405642        0.9999939817029556      
   1.3444399804677688E-004
  -0.2400000000000002         4.249529318623878        3.0367589155124691E-002 
   0.6633421166064699         3.996861143053410        0.9999941575690737      
   1.3386335339728961E-004
  -0.2400000000000002         4.466659681189796        2.7850238601698166E-002 
   0.6627097799760613         3.981239662756788        0.9999943325223692      
   1.3333926360756235E-004
  -0.2400000000000002         4.685632077883227        2.5534129774062105E-002 
   0.6620633792469052         3.965746682628233        0.9999945064198498      
   1.3286883890908553E-004
  -0.2400000000000002         4.906497935255945        2.3404001993124486E-002 
   0.6614135340961625         3.950356667076325        0.9999946791457994      
   1.3244747703811496E-004
  -0.2400000000000002         5.129305621094297        2.1445416450075576E-002 
   0.6607686444976808         3.935045772017890        0.9999948506023889      
   1.3207010766957139E-004
  -0.2400000000000002         5.354100425780786        1.9644835377288526E-002 
   0.6601352627625523         3.919791903333224        0.9999950207028627      
   1.3173181938886289E-004
  -0.2400000000000002         5.580924552890115        1.7989650182117685E-002 
   0.6595184141858237         3.904574721839594        0.9999951893686495      
   1.3142812814306550E-004
  -0.2400000000000002         5.809817118746128        1.6468174474002634E-002 
   0.6589218697292505         3.889375607584622        0.9999953565296493      
   1.3115505572718165E-004
  -0.2400000000000002         6.040814160629681        1.5069613936564396E-002 
   0.6583483755944732         3.874177591291926        0.9999955221256907      
   1.3090911814017965E-004
  -0.2400000000000002         6.273948653295052        1.3784021824791635E-002 
   0.6577998450769773         3.858965262706942        0.9999956861074235      
   1.3068727789626586E-004
  -0.2400000000000002         6.509250533423568        1.2602246396198145E-002 
   0.6572775180634314         3.843724668676789        0.9999958484364257      
   1.3048688693573105E-004
  -0.2400000000000002         6.746746731618209        1.1515874675016614E-002 
   0.6567820931423547         3.828443208947324        0.9999960090849823      
   1.3030563176741805E-004
  -0.2400000000000002         6.986461211521710        1.0517175519420236E-002 
   0.6563138367410961         3.813109532068644        0.9999961680354973      
   1.3014148497354614E-004
  -0.2400000000000002         7.228415015623348        9.5990439373863281E-003 
   0.6558726731294144         3.797713434283822        0.9999963252794687      
   1.2999266382531590E-004
  -0.2400000000000002         7.472626317305855        8.7549478660309699E-003 
   0.6554582585761752         3.782245765067466        0.9999964808164247      
   1.2985759543876596E-004
  -0.2400000000000002         7.719110478673879        7.9788781027951179E-003 
   0.6550700424157205         3.766698339971601        0.9999966346531279      
   1.2973488752095159E-004
  -0.2400000000000002         7.967880113698818        7.2653017119587212E-003 
   0.6547073173101841         3.751063858750493        0.9999967868028541      
   1.2962330375647631E-004
  -0.2400000000000002         8.218945156211536        6.6091189938170692E-003 
   0.6543692606092646         3.735335827705732        0.9999969372843985      
   1.2952174300917541E-004
  -0.2400000000000002         8.472312932274409        6.0056239541505119E-003 
   0.6540549683940307         3.719508487528856        0.9999970861208622      
   1.2942922165937271E-004
  -0.2400000000000002         8.727988236466917        5.4504681120293476E-003 
   0.6537634835173821         3.703576748182556        0.9999972333385546      
   1.2934485852757310E-004
  -0.2400000000000002         8.985973411624599        4.9396274180866923E-003 
   0.6534938187133055         3.687536130617777        0.9999973789662859      
   1.2926786194227856E-004
  -0.2400000000000002         9.246268431579237        4.4693720191077181E-003 
   0.6532449756493293         3.671382713758694        0.9999975230350205      
   1.2919751859430148E-004
  -0.2400000000000002         9.508870986458517        4.0362385924799654E-003 
   0.6530159606437405         3.655113085246148        0.9999976655777085      
   1.2913318388649707E-004
  -0.2400000000000002         9.773776570115773        3.6370049766984549E-003 
   0.6528057976505026         3.638724295112707        0.9999978066291317      
   1.2907427354033238E-004
  -0.2400000000000002         10.04097856927476        3.2686668361950819E-003 
   0.6526135390191052         3.622213812066646        0.9999979462257067      
   1.2902025626278278E-004
  -0.2400000000000002         10.31046835399012        2.9284161235420009E-003 
   0.6524382744580334         3.605579482275976        0.9999980844052135      
   1.2897064731232980E-004
  -0.2400000000000002         10.58223536904130        2.6136211579563919E-003 
   0.6522791385653719         3.588819490529207        0.9999982212064942      
   1.2892500283637556E-004
  -0.2400000000000002         10.85626722589636        2.3218082798779896E-003 
   0.6521353172336342         3.571932323459619        0.9999983566691651      
   1.2888291489383908E-004
  -0.2400000000000002         11.13254979490064        2.0506454068236080E-003 
   0.6520060531811405         3.554916734311633        0.9999984908333613      
   1.2884400714709460E-004
  -0.2400000000000002         11.41106729736590        1.7979287342409825E-003 
   0.6518906507920692         3.537771708647835        0.9999986237395068      
   1.2880793135164185E-004
  -0.2400000000000002         11.69180239725550        1.5615759892885857E-003 
   0.6517884803180504         3.520496430447626        0.9999987554281138      
   1.2877436507607325E-004
  -0.2400000000000002         11.97473629218198        1.3396343154405065E-003 
   0.6516989812093636         3.503090248122635        0.9999988859396444      
   1.2874301168528651E-004
  -0.2400000000000002         12.25984880345458        1.1303198465350867E-003 
   0.6516216637125907         3.485552639864399        0.9999990153144652      
   1.2871360465683423E-004
  -0.2400000000000002         12.54711846493471        9.3212074264221686E-004 
   0.6515561065587836         3.467883177474043        0.9999991435929807      
   1.2868591971443034E-004
  -0.2400000000000002         12.83652261047853        7.4401399288935739E-004 
   0.6515019460955072         3.450081487875936        0.9999992708162594      
   1.2865979929373725E-004
  -0.2400000000000002         13.12803745976597        5.6585785746804125E-004 
   0.6514588481630730         3.432147212142216        0.9999993970278100      
   1.2863519223183304E-004
  -0.2400000000000002         13.42163820233561        3.9900169712957402E-004 
   0.6514264485490534         3.414079962283047        0.9999995222775685      
   1.2861220288876027E-004
  -0.2400000000000002         13.71729907966468        2.4707034600967681E-004 
   0.6514042425780444         3.395879276066938        0.9999996466299118      
   1.2859112253060996E-004
  -0.2400000000000002         14.01499346515192        1.1672193620174136E-004 
   0.6513914028020602         3.377544572013119        0.9999997701787222      
   1.2857237865755621E-004
  -0.2400000000000002         14.31469394187969        1.8014112991612178E-005 
   0.6513865097496913         3.359075108282278        0.9999998930734234      
   1.2855628966028135E-004
  -0.2400000000000002         14.61637237804932       -3.5993372049629175E-005 
   0.6513871938789231         3.340469950506609         1.000000015560856      
   1.2854246401829914E-004
  -0.2400000000000002         14.92000000000000       -3.5993372049629175E-005 
   0.6513858256204594         3.321864792730940         1.000000138048289      
   1.2852863837631694E-004
    0.000000000000000        -4.227026579539560         0.000000000000000      
   0.5000000000000000         2.147883021770643         1.000000000000000      
    0.000000000000000     
    0.000000000000000        -4.014206434341432        2.8222618556759633E-002 
   0.5006452433365769         2.147883021770643        0.9999976826046667      
   9.2835086834413680E-011
    0.000000000000000        -3.803070304910810        5.3744015375373218E-002 
   0.5024888895480382         2.152256127523092        0.9999956733015057      
   2.7268654663196601E-010
    0.000000000000000        -3.593549933081869        7.5858200920981014E-002 
   0.5053460124570444         2.155268798470278        0.9999941145716530      
   6.8241921179828073E-010
    0.000000000000000        -3.385574045583126        9.4262906352953493E-002 
   0.5090381442157232         2.156970982430707        0.9999929444777722      
   1.6180514560742909E-009
    0.000000000000000        -3.179068445902549        0.1089610079050297      
   0.5134043999376867         2.157399862046000        0.9999920940433975      
   3.6906388503917093E-009
    0.000000000000000        -2.973956117362914        0.1202171097163669      
   0.5183069336746329         2.156586452908884        0.9999914952438632      
   8.1189319687703630E-009
    0.000000000000000        -2.770157337224366        0.1284750381869439      
   0.5236339147134171         2.154556713080291        0.9999910867675665      
   1.7235763123381585E-008
    0.000000000000000        -2.567589801560878        0.1342626166299730      
   0.5292993048319892         2.151332460077291        0.9999908172243299      
   3.5317318650259511E-008
    0.000000000000000        -2.366168760586374        0.1381074512998288      
   0.5352399039448011         2.146932181166899        0.9999906461479278      
   6.9858970635710695E-008
    0.000000000000000        -2.165807164036497        0.1404774860562333      
   0.5414105761203214         2.141371923030809        0.9999905433962211      
   1.3340306827173119E-007
    0.000000000000000        -1.966415816142869        0.1417495696303170      
   0.5477786627539558         2.134666464276383        0.9999904876344150      
   2.4594453182313504E-007
    0.000000000000000        -1.767903539669862        0.1422017960219297      
   0.5543184308203222         2.126830751892070        0.9999904644718766      
   4.3777099458467390E-007
    0.000000000000000        -1.570177348419479        0.1420219755364101      
   0.5610061341802308         2.117881534085730        0.9999904646307545      
   7.5232356275714095E-007
    0.000000000000000        -1.373142627548817        0.1413245140407864      
   0.5678160020632295         2.107839170693636        0.9999904823713974      
   1.2483188998382456E-006
    0.000000000000000        -1.176703320987477        0.1401697511560022      
   0.5747172744659774         2.096729543528491        0.9999905142708598      
   2.0000403693090151E-006
    0.000000000000000       -0.9807621251897585        0.1385820923521445      
   0.5816722943274300         2.084585923080302        0.9999905583473894      
   3.0945372049630384E-006
    0.000000000000000       -0.7852206884089804        0.1365652269422648      
   0.5886356234534467         2.071450636398051        0.9999906134686007      
   4.6246528265090293E-006
    0.000000000000000       -0.5899798146396622        0.1341140267049620      
   0.5955541412000156         2.057376383040483        0.9999906789689772      
   6.6774848380162413E-006
    0.000000000000000       -0.3949396713377247        0.1312233867008067      
   0.6023680802438731         2.042427047523304        0.9999907544121970      
   9.3190672677669894E-006
    0.000000000000000       -0.2000000000000011        0.1278944790914684      
   0.6090129224450844         2.026677869518664        0.9999908394493141      
   1.2577538862246308E-005
    0.000000000000000       -5.0612032226220773E-003   0.1241388678851117      
   0.6154220133339292         2.010214917357028        0.9999909337389850      
   1.6428342264169557E-005
    0.000000000000000        0.1899728225015762        0.1199808219574537      
   0.6215297407846980         1.993133833998723        0.9999910369099696      
   2.0785532667924446E-005
    0.000000000000000        0.3851971143511089        0.1154578686762817      
   0.6272750391351135         1.975537458472537        0.9999911485491524      
   2.5502829180872395E-005
    0.000000000000000        0.5807063267879043        0.1106198757984906      
   0.6326048016968977         1.957532780244374        0.9999912681973994      
   3.0385824321639913E-005
    0.000000000000000        0.7765945422431204        0.1055268891226472      
   0.6374767903788254         1.939227514271120        0.9999913953518710      
   3.5214059014692512E-005
    0.000000000000000        0.9729550842390562        0.1002460277199456      
   0.6418617351538032         1.920726519564053        0.9999915294727364      
   3.9768937513887543E-005
    0.000000000000000         1.169880333731538        9.4847841564402138E-002 
   0.6457444060161508         1.902128378199696        0.9999916699920084      
   4.3861700203069509E-005
    0.000000000000000         1.367461549433629        8.9402577698896257E-002 
   0.6491235820220052         1.883522437867171        0.9999918163232407      
   4.7355592628718183E-005
    0.000000000000000         1.565788692852865        8.3976772371889247E-002 
   0.6520109995705206         1.864986547487211        0.9999919678713959      
   5.0177990579861157E-005
    0.000000000000000         1.764950258740411        7.8630491999638966E-002 
   0.6544294923511778         1.846585614005037        0.9999921240422296      
   5.2320973527063530E-005
    0.000000000000000         1.965033111612069        7.3415410438409850E-002 
   0.6564106134300461         1.828371000850926        0.9999922842507681      
   5.3831728783604476E-005
    0.000000000000000         2.166122328958343        6.8373767614860290E-002 
   0.6579920478389283         1.810380695536207        0.9999924479285649      
   5.4796302336983176E-005
    0.000000000000000         2.368301051714338        6.3538134644744115E-002 
   0.6592150899454979         1.792640108288658        0.9999926145297739      
   5.5321058996846709E-005
    0.000000000000000         2.571650342510284        5.8931830705263637E-002 
   0.6601223921106358         1.775163329255124        0.9999927835360404      
   5.5515765493032805E-005
    0.000000000000000         2.776249052171010        5.4569801005938820E-002 
   0.6607561105784582         1.757954667747004        0.9999929544603321      
   5.5480881984083448E-005
    0.000000000000000         2.982173694877646        5.0459766550211171E-002 
   0.6611564986933425         1.741010313311664        0.9999931268497944      
   5.5300038155165024E-005
    0.000000000000000         3.189498332348288        4.6603482915363613E-002 
   0.6613609374552452         1.724319989329170        0.9999933002877048      
   5.5037304108890503E-005
    0.000000000000000         3.398294467336542        4.2997984197031061E-002 
   0.6614033534284718         1.707868504607530        0.9999934743947552      
   5.4738036446855513E-005
    0.000000000000000         3.608630946688375        3.9636729177394470E-002 
   0.6613139532259918         1.691637141845866        0.9999936488297311      
   5.4431822886977174E-005
    0.000000000000000         3.820573874139177        3.6510602964382008E-002 
   0.6611191983032521         1.675604852156285        0.9999938232897447      
   5.4136220744345063E-005
    0.000000000000000         4.034186532974921        3.3608755561922339E-002 
   0.6608419486433965         1.659749246229604        0.9999939975102898      
   5.3860374078562298E-005
    0.000000000000000         4.249529318623878        3.0919278471877580E-002 
   0.6605017144712251         1.644047385473035        0.9999941712646447      
   5.3608014695656095E-005
    0.000000000000000         4.466659681189796        2.8429732523484602E-002 
   0.6601149678481879         1.628476386595365        0.9999943443610712      
   5.3379688390873959E-005
    0.000000000000000         4.685632077883227        2.6127546365689383E-002 
   0.6596954785318382         1.613013866539689        0.9999945166369298      
   5.3174259083582959E-005
    0.000000000000000         4.906497935255945        2.4000307124942825E-002 
   0.6592546494527496         1.597638262657251        0.9999946879514208      
   5.2989840968257709E-005
    0.000000000000000         5.129305621094297        2.2035964092540571E-002 
   0.6588018359577832         1.582329056406762        0.9999948581796706      
   5.2824327284211520E-005
    0.000000000000000         5.354100425780786        2.0222964199654393E-002 
   0.6583446396017141         1.567066919619817        0.9999950272094907      
   5.2675660627537713E-005
    0.000000000000000         5.580924552890115        1.8550335334309026E-002 
   0.6578891720422330         1.551833798583297        0.9999951949406566      
   5.2541951609025375E-005
    0.000000000000000         5.809817118746128        1.7007730744883338E-002 
   0.6574402878439346         1.536612947348067        0.9999953612855547      
   5.2421516167648193E-005
    0.000000000000000         6.040814160629681        1.5585445149644574E-002 
   0.6570017870840129         1.521388920339576        0.9999955261697256      
   5.2312873636920703E-005
    0.000000000000000         6.273948653295052        1.4274410874716658E-002 
   0.6565765898958698         1.506147537432544        0.9999956895317162      
   5.2214728635042464E-005
    0.000000000000000         6.509250533423568        1.3066180389332832E-002 
   0.6561668857021417         1.490875833199605        0.9999958513226348      
   5.2125948304406741E-005
    0.000000000000000         6.746746731618209        1.1952899995792882E-002 
   0.6557742600721450         1.475561995760557        0.9999960115055571      
   5.2045540036636626E-005
    0.000000000000000         6.986461211521710        1.0927278166884330E-002 
   0.6553998020895788         1.460195298608818        0.9999961700545696      
   5.1972631585354426E-005
    0.000000000000000         7.228415015623348        9.9825510564381624E-003 
   0.6550441949451753         1.444766030433944        0.9999963269535724      
   5.1906453986016160E-005
    0.000000000000000         7.472626317305855        9.1124469622680618E-003 
   0.6547077922104518         1.429265426656458        0.9999964821952563      
   5.1846327107414605E-005
    0.000000000000000         7.719110478673879        8.3111509508170776E-003 
   0.6543906819478831         1.413685602787985        0.9999966357803112      
   5.1791647475275997E-005
    0.000000000000000         7.967880113698818        7.5732704376454286E-003 
   0.6540927405265268         1.398019488589650        0.9999967877165443      
   5.1741877993722178E-005
    0.000000000000000         8.218945156211536        6.8938022246984223E-003 
   0.6538136777622254         1.382260763829870        0.9999969380176955      
   5.1696539234111520E-005
    0.000000000000000         8.472312932274409        6.2681012836046674E-003 
   0.6535530747751109         1.366403797898901        0.9999970867021687      
   5.1655202016656048E-005
    0.000000000000000         8.727988236466917        5.6918514162349271E-003 
   0.6533104157430834         1.350443594639098        0.9999972337920158      
   5.1617481061626952E-005
    0.000000000000000         8.985973411624599        5.1610378092509374E-003 
   0.6530851145365130         1.334375741873387        0.9999973793123305      
   5.1583029529595888E-005
    0.000000000000000         9.246268431579237        4.6719214235895704E-003 
   0.6528765370594319         1.318196364302300        0.9999975232909093      
   5.1551534304191211E-005
    0.000000000000000         9.508870986458517        4.2210151135018276E-003 
   0.6526840199955816         1.301902078822900        0.9999976657580369      
   5.1522711897715757E-005
    0.000000000000000         9.773776570115773        3.8050613423906005E-003 
   0.6525068865541397         1.285489951913396        0.9999978067462412      
   5.1496304881240266E-005
    0.000000000000000         10.04097856927476        3.4210113491885568E-003 
   0.6523444597226159         1.268957459038930        0.9999979462900056      
   5.1472078757898421E-005
    0.000000000000000         10.31046835399012        3.0660056229339441E-003 
   0.6521960734606101         1.252302446124026        0.9999980844254336      
   5.1449819212563909E-005
    0.000000000000000         10.58223536904130        2.7373555827861374E-003 
   0.6520610822054103         1.235523093031475        0.9999982211899059      
   5.1429329685046595E-005
    0.000000000000000         10.85626722589636        2.4325264909472294E-003 
   0.6519388690051107         1.218617878751629        0.9999983566217608      
   5.1410429231637305E-005
    0.000000000000000         11.13254979490064        2.1491219905516402E-003 
   0.6518288525414084         1.201585547838128        0.9999984907600106      
   5.1392950670585092E-005
    0.000000000000000         11.41106729736590        1.8848715986485120E-003 
   0.6517304932383514         1.184425077612639        0.9999986236440872      
   5.1376739070848159E-005
    0.000000000000000         11.69180239725550        1.6376247131678315E-003 
   0.6516432985387586         1.167135645724951        0.9999987553136319      
   5.1361650778528375E-005
    0.000000000000000         11.97473629218198        1.4053595230217471E-003 
   0.6515668271867996         1.149716597732806        0.9999988858083575      
   5.1347553442463233E-005
    0.000000000000000         12.25984880345458        1.1862245352456144E-003 
   0.6515006918251298         1.132167414312060        0.9999990151680208      
   5.1334327962346672E-005
    0.000000000000000         12.54711846493471        9.7864579070458166E-004 
   0.6514445581164980         1.114487677433067        0.9999991434325689      
   5.1321873914370346E-005
    0.000000000000000         12.83652261047853        7.8155238698063257E-004 
   0.6513981365204505         1.096677034824654        0.9999992706427367      
   5.1310120475362334E-005
    0.000000000000000         13.12803745976597        5.9478570840908900E-004 
   0.6513611594018700         1.078735162798526        0.9999993968417855      
   5.1299044158796626E-005
    0.000000000000000         13.42163820233561        4.1973833840338410E-004 
   0.6513333313915438         1.060661728092651        0.9999995220794753      
   5.1288690828284031E-005
    0.000000000000000         13.71729907966468        2.6018283819821740E-004 
   0.6513142361120849         1.042456349032231        0.9999996464200624      
   5.1279189918879514E-005
    0.000000000000000         14.01499346515192        1.2308792979112449E-004 
   0.6513031804082972         1.024118557746416        0.9999997699573409      
   5.1270732117966622E-005
    0.000000000000000         14.31469394187969        1.9049001287594563E-005 
   0.6512989614587485         1.005647766272179        0.9999998928406687      
   5.1263459921467258E-005
    0.000000000000000         14.61637237804932       -3.8050489832727443E-005 
   0.6512995525171199        0.9870432391979552         1.000000015316818      
   5.1257198780329105E-005
    0.000000000000000         14.92000000000000       -3.8050489832727443E-005 
   0.6512983704003773        0.9684387121237312         1.000000137792967      
   5.1250937639190952E-005
   0.2400000000000002        -4.227026579539560         0.000000000000000      
   0.5000000000000000       -0.2308257737105633         1.000000000000000      
    0.000000000000000     
   0.2400000000000002        -4.014206434341432        2.6771360674672937E-002 
   0.5006393518791430       -0.2308257737105633        0.9999977154026498      
   3.7549469164918404E-011
   0.2400000000000002        -3.803070304910810        5.1022627924431907E-002 
   0.5024689463224261       -0.2264462309995867        0.9999957332952973      
   1.0998754540996398E-010
   0.2400000000000002        -3.593549933081869        7.2058822144920265E-002 
   0.5053088137933168       -0.2233742845430608        0.9999941942251410      
   2.7429643643470513E-010
   0.2400000000000002        -3.385574045583126        8.9569910669137595E-002 
   0.5089811454592286       -0.2215651040779128        0.9999930377963481      
   6.4801066241671048E-010
   0.2400000000000002        -3.179068445902549        0.1035413646268140      
   0.5133222507972497       -0.2209844195934837        0.9999921965050309      
   1.4727393975766226E-009
   0.2400000000000002        -2.973956117362914        0.1142135134060319      
   0.5181891000239243       -0.2216022974458158        0.9999916035938391      
   3.2284790591112606E-009
   0.2400000000000002        -2.770157337224366        0.1220028065703969      
   0.5234633051758915       -0.2233922408283313        0.9999911987558069      
   6.8305573127554406E-009
   0.2400000000000002        -2.567589801560878        0.1274103858242647      
   0.5290517564054882       -0.2263304241740516        0.9999909313429280      
   1.3950825646046044E-008
   0.2400000000000002        -2.366168760586374        0.1309408840698331      
   0.5348843569128281       -0.2303950546674108        0.9999907614023501      
   2.7509853408609520E-008
   0.2400000000000002        -2.165807164036497        0.1330448202578057      
   0.5409097835729022       -0.2355657162157109        0.9999906591208582      
   5.2379355718314161E-008
   0.2400000000000002        -1.966415816142869        0.1340878389999033      
   0.5470903183340281       -0.2418224855155036        0.9999906033570548      
   9.6303216702379124E-008
   0.2400000000000002        -1.767903539669862        0.1343428052292004      
   0.5533966416893537       -0.2491448613849352        0.9999905798241119      
   1.7098080744351347E-007
   0.2400000000000002        -1.570177348419479        0.1339974408955890      
   0.5598032003077718       -0.2575105835380307        0.9999905792914915      
   2.9315367165466274E-007
   0.2400000000000002        -1.373142627548817        0.1331700721297780      
   0.5662844787563820       -0.2668943354399793        0.9999905960312508      
   4.8540657531864497E-007
   0.2400000000000002        -1.176703320987477        0.1319277363239753      
   0.5728122885258677       -0.2772663836993073        0.9999906266111909      
   7.7626933341577630E-007
   0.2400000000000002       -0.9807621251897585        0.1303030899355688      
   0.5793540560232036       -0.2885912766221511        0.9999906690305855      
   1.1991435517750982E-006
   0.2400000000000002       -0.7852206884089804        0.1283084507662160      
   0.5858720313130781       -0.3008267243511393        0.9999907221366963      
   1.7896478647284640E-006
   0.2400000000000002       -0.5899798146396622        0.1259465843859293      
   0.5923233226294642       -0.3139227647044344        0.9999907852479483      
   2.5812313003689485E-006
   0.2400000000000002       -0.3949396713377247        0.1232185161179143      
   0.5986606598023734       -0.3278213075769824        0.9999908579198955      
   3.5993497146431878E-006
   0.2400000000000002       -0.2000000000000011        0.1201288830985176      
   0.6048337760558804       -0.3424561353435677        0.9999909398057858      
   4.8550530958829015E-006
   0.2400000000000002       -5.0612032226220773E-003   0.1166893435923281      
   0.6107912658838877       -0.3577533649171348        0.9999910305781045      
   6.3393152849363775E-006
   0.2400000000000002        0.1899728225015762        0.1129204630105632      
   0.6164828021874093       -0.3736323692129415        0.9999911298912917      
   8.0196465133732822E-006
   0.2400000000000002        0.3851971143511089        0.1088522127897747      
   0.6218615590542886       -0.3900075227014524        0.9999912373688581      
   9.8403776600159586E-006
   0.2400000000000002        0.5807063267879043        0.1045234053315312      
   0.6268865560283728       -0.4067903740570383        0.9999913525976457      
   1.1727182784509979E-005
   0.2400000000000002        0.7765945422431204        9.9980271945581373E-002 
   0.6315246600047346       -0.4238920449980385        0.9999914751279092      
   1.3595393436976226E-005
   0.2400000000000002        0.9729550842390562        9.5274399186385181E-002 
   0.6357520654773362       -0.4412257393756209        0.9999916044773504      
   1.5360618094816545E-005
   0.2400000000000002         1.169880333731538        9.0460284619659381E-002 
   0.6395551198771985       -0.4587091679166984        0.9999917401370929      
   1.6949490078974235E-005
   0.2400000000000002         1.367461549433629        8.5592788486391347E-002 
   0.6429304384410190       -0.4762666960940559        0.9999918815787651      
   1.8308301646493680E-005
   0.2400000000000002         1.565788692852865        8.0724741334071037E-002 
   0.6458843436637451       -0.4938310628397727        0.9999920282622291      
   1.9407865043068798E-005
   0.2400000000000002         1.764950258740411        7.5904917946235009E-002 
   0.6484317429513726       -0.5113445744593382        0.9999921796434582      
   2.0243963393705535E-005
   0.2400000000000002         1.965033111612069        7.1176514517700226E-002 
   0.6505946106729275       -0.5287597408263097        0.9999923351820368      
   2.0833859373648674E-005
   0.2400000000000002         2.166122328958343        6.6576184711236483E-002 
   0.6524002612234351       -0.5460393782928481        0.9999924943479318      
   2.1210166125387279E-005
   0.2400000000000002         2.368301051714338        6.2133616575614656E-002 
   0.6538795899245514       -0.5631562490887453        0.9999926566273818      
   2.1413739849200269E-005
   0.2400000000000002         2.571650342510284        5.7871577275593528E-002 
   0.6550654265655295       -0.5800923354113143        0.9999928215278743      
   2.1487110843045953E-005
   0.2400000000000002         2.776249052171010        5.3806320732487714E-002 
   0.6559911026776539       -0.5968378579268339        0.9999929885822574      
   2.1469479311240018E-005
   0.2400000000000002         2.982173694877646        4.9948243373235959E-002 
   0.6566892882252984       -0.6133901455675921        0.9999931573520207      
   2.1393689503069477E-005
   0.2400000000000002         3.189498332348288        4.6302680265639856E-002 
   0.6571911136616216       -0.6297524502572615        0.9999933274298870      
   2.1285064049313952E-005
   0.2400000000000002         3.398294467336542        4.2870751564302798E-002 
   0.6575255632799669       -0.6459327821751594        0.9999934984417801      
   2.1161647925172326E-005
   0.2400000000000002         3.608630946688375        3.9650191404075982E-002 
   0.6577191065431067       -0.6619428206551254        0.9999936700481694      
   2.1035298573975566E-005
   0.2400000000000002         3.820573874139177        3.6636113574510291E-002 
   0.6577955245199569       -0.6777969367412591        0.9999938419447197      
   2.0913114516728993E-005
   0.2400000000000002         4.034186532974921        3.3821687643410731E-002 
   0.6577758865152954       -0.6935113475734039        0.9999940138619587      
   2.0798839546687053E-005
   0.2400000000000002         4.249529318623878        3.1198714379100493E-002 
   0.6576786349812473       -0.7091034093314890        0.9999941855633409      
   2.0694040950827580E-005
   0.2400000000000002         4.466659681189796        2.8758100171997661E-002 
   0.6575197426443815       -0.7245910431100857        0.9999943568413316      
   2.0598992011786066E-005
   0.2400000000000002         4.685632077883227        2.6490237136137275E-002 
   0.6573129127443429       -0.7399922781649245        0.9999945275123251      
   2.0513273745131619E-005
   0.2400000000000002         4.906497935255945        2.4385299422049631E-002 
   0.6570698001598387       -0.7553248951513840        0.9999946974120908      
   2.0436151374416435E-005
   0.2400000000000002         5.129305621094297        2.2433467844328370E-002 
   0.6568002373239668       -0.7706061555205884        0.9999948663928655      
   2.0366790230747247E-005
   0.2400000000000002         5.354100425780786        2.0625095009910773E-002 
   0.6565124539400142       -0.7858526046720170        0.9999950343221690      
   2.0304367724469338E-005
   0.2400000000000002         5.580924552890115        1.8950822315114482E-002 
   0.6562132835447511       -0.8010799374704108        0.9999952010827733      
   2.0248123696405884E-005
   0.2400000000000002         5.809817118746128        1.7401658883708281E-002 
   0.6559083530012202       -0.8163029162656731        0.9999953665728581      
   2.0197377317244045E-005
   0.2400000000000002         6.040814160629681        1.5969031050086117E-002 
   0.6556022531949213       -0.8315353299068414        0.9999955307056811      
   2.0151527583535284E-005
   0.2400000000000002         6.273948653295052        1.4644809521154271E-002 
   0.6552986907035905       -0.8467899813751927        0.9999956934089336      
   2.0110046860095115E-005
   0.2400000000000002         6.509250533423568        1.3421319970498800E-002 
   0.6550006211472863       -0.8620786960786546        0.9999958546240646      
   2.0072472253839164E-005
   0.2400000000000002         6.746746731618209        1.2291341609947711E-002 
   0.6547103654709598       -0.8774123465626652        0.9999960143053924      
   2.0038396992987925E-005
   0.2400000000000002         6.986461211521710        1.1248097280781581E-002 
   0.6544297107074261       -0.8928008884081398        0.9999961724189007      
   2.0007462647405334E-005
   0.2400000000000002         7.228415015623348        1.0285237781060424E-002 
   0.6541599968788195       -0.9082534016799368        0.9999963289410382      
   1.9979352402425251E-005
   0.2400000000000002         7.472626317305855        9.3968224670329843E-003 
   0.6539021916655570       -0.9237781353367190        0.9999964838577847      
   1.9953785342062541E-005
   0.2400000000000002         7.719110478673879        8.5772976295779464E-003 
   0.6536569543709658       -0.9393825546399366        0.9999966371637987      
   1.9930511613121074E-005
   0.2400000000000002         7.967880113698818        7.8214737389083293E-003 
   0.6534246905889507       -0.9550733910728182        0.9999967888613246      
   1.9909308329837606E-005
   0.2400000000000002         8.218945156211536        7.1245023416803381E-003 
   0.6532055988535019       -0.9708566924819528        0.9999969389588820      
   1.9889976092802870E-005
   0.2400000000000002         8.472312932274409        6.4818531535635274E-003 
   0.6529997104075221       -0.9867378709401622        0.9999970874700238      
   1.9872336016262495E-005
   0.2400000000000002         8.727988236466917        5.8892917014155763E-003 
   0.6528069230800646        -1.002721747456672        0.9999972344124465      
   1.9856227177235402E-005
   0.2400000000000002         8.985973411624599        5.3428577276225893E-003 
   0.6526270301230300        -1.018812594201708        0.9999973798074536      
   1.9841504416134874E-005
   0.2400000000000002         9.246268431579237        4.8388444687716033E-003 
   0.6524597447422416        -1.035014175134527        0.9999975236796127      
   1.9828036431638702E-005
   0.2400000000000002         9.508870986458517        4.3737788504685307E-003 
   0.6523047209612592        -1.051329785406036        0.9999976660564582      
   1.9815704122906874E-005
   0.2400000000000002         9.773776570115773        3.9444025900327688E-003 
   0.6521615713724387        -1.067762289510905        0.9999978069681619      
   1.9804399140465473E-005
   0.2400000000000002         10.04097856927476        3.5476541654367259E-003 
   0.6520298822557681        -1.084314158021194        0.9999979464471616      
   1.9794022613714839E-005
   0.2400000000000002         10.31046835399012        3.1806515961429584E-003 
   0.6519092264816028        -1.100987502737931        0.9999980845277692      
   1.9784484028671048E-005
   0.2400000000000002         10.58223536904130        2.8406760077510805E-003 
   0.6517991745571333        -1.117784110269537        0.9999982212457894      
   1.9775700235099495E-005
   0.2400000000000002         10.85626722589636        2.5251560736601229E-003 
   0.6516993041258328        -1.134705474302829        0.9999983566381753      
   1.9767594569430618E-005
   0.2400000000000002         11.13254979490064        2.2316537903820733E-003 
   0.6516092081802243        -1.151752826947716        0.9999984907427162      
   1.9760096092713241E-005
   0.2400000000000002         11.41106729736590        1.9578529962488546E-003 
   0.6515285021901083        -1.168927169493376        0.9999986235977609      
   1.9753138969838457E-005
   0.2400000000000002         11.69180239725550        1.7015543230471924E-003 
   0.6514568302524434        -1.186229302855994        0.9999987552419927      
   1.9746662073636438E-005
   0.2400000000000002         11.97473629218198        1.4606852286414027E-003 
   0.6513938701727398        -1.203659857933740        0.9999988857142932      
   1.9740609011010104E-005
   0.2400000000000002         12.25984880345458        1.2333433620826712E-003 
   0.6513393369662476        -1.221219326101525        0.9999990150537302      
   1.9734928964778973E-005
   0.2400000000000002         12.54711846493471        1.0179073999673784E-003 
   0.6512929833929133        -1.238908090353158        0.9999991432997101      
   1.9729579013933344E-005
   0.2400000000000002         12.83652261047853        8.1326989324039358E-004 
   0.6512545944647847        -1.256726457681367        0.9999992704925540      
   1.9724528794608896E-005
   0.2400000000000002         13.12803745976597        6.1926051005003644E-004 
   0.6512239700233063        -1.274674692476182        0.9999993966752087      
   1.9719768066377682E-005
   0.2400000000000002         13.42163820233561        4.3730935694093838E-004 
   0.6512008854442393        -1.292753050068258        0.9999995218972035      
   1.9715316115085619E-005
   0.2400000000000002         13.71729907966468        2.7131350979285682E-004 
   0.6511850161763884        -1.310961810210173        0.9999996462226214      
   1.9711227859694473E-005
   0.2400000000000002         14.01499346515192        1.2850383338892273E-004 
   0.6511758094050279        -1.329301309161007        0.9999997697451196      
   1.9707584393356616E-005
   0.2400000000000002         14.31469394187969        1.9933094673284576E-005 
   0.6511722884972611        -1.347771968308843        0.9999998926139438      
   1.9704446319232975E-005
   0.2400000000000002         14.61637237804932       -3.9807014121396293E-005 
   0.6511727833051831        -1.366374318341822         1.000000015075748      
   1.9701739035028876E-005
   0.2400000000000002         14.92000000000000       -3.9807014121396293E-005 
   0.6511717936893391        -1.384976668374800         1.000000137537551      
   1.9699031750824777E-005
   0.4799999999999998        -4.227026579539560         0.000000000000000      
   0.5000000000000000        -2.607867662664460         1.000000000000000      
    0.000000000000000     
   0.4799999999999998        -4.014206434341432        2.5337311815867122E-002 
   0.5006299954956751        -2.607867662664460        0.9999977467304756      
   1.4682570746861936E-011
   0.4799999999999998        -3.803070304910810        4.8327439077558432E-002 
   0.5024353700730305        -2.603510584413954        0.9999957906006293      
   4.2884977259188659E-011
   0.4799999999999998        -3.593549933081869        6.8291038233581347E-002 
   0.5052419241164403        -2.600405276471903        0.9999942703033904      
   1.0657145702607354E-010
   0.4799999999999998        -3.385574045583126        8.4914574002766252E-002 
   0.5088739275901049        -2.598511627547653        0.9999931269092208      
   2.5083820069169978E-010
   0.4799999999999998        -3.179068445902549        9.8169348146159796E-002 
   0.5131666938262938        -2.597798312266057        0.9999922943177945      
   5.6799378386998694E-010
   0.4799999999999998        -2.973956117362914        0.1082735810500794      
   0.5179740219009692        -2.598236870574588        0.9999917069792625      
   1.2406915915186348E-009
   0.4799999999999998        -2.770157337224366        0.1156175126861072      
   0.5231730388484388        -2.599800986010611        0.9999913055423456      
   2.6159139189576193E-009
   0.4799999999999998        -2.567589801560878        0.1206759103268427      
   0.5286655937516388        -2.602465862036659        0.9999910400640900      
   5.3251219921315120E-009
   0.4799999999999998        -2.366168760586374        0.1239300383989271      
   0.5343766144263685        -2.606207741270501        0.9999908710803455      
   1.0467620972458024E-008
   0.4799999999999998        -2.165807164036497        0.1258120336382363      
   0.5402503547301394        -2.611003451911902        0.9999907690944975      
   1.9871204603774847E-008
   0.4799999999999998        -1.966415816142869        0.1266749206457560      
   0.5462456003007790        -2.616829767103408        0.9999907131565592      
   3.6432566920075166E-008
   0.4799999999999998        -1.767903539669862        0.1267845273109559      
   0.5523307539971114        -2.623662639018838        0.9999906890883393      
   6.4516079836560684E-008
   0.4799999999999998        -1.570177348419479        0.1263263298238240      
   0.5584794386465666        -2.631476385328011        0.9999906877151009      
   1.1035195761216288E-007
   0.4799999999999998        -1.373142627548817        0.1254201075244863      
   0.5646669607752477        -2.640242793695056        0.9999907033306081      
   1.8232753821150149E-007
   0.4799999999999998        -1.176703320987477        0.1241368786524244      
   0.5708677474188941        -2.649930172169951        0.9999907325035103      
   2.9102045674175483E-007
   0.4799999999999998       -0.9807621251897585        0.1225146836115816      
   0.5770537226070553        -2.660502451032094        0.9999907732234697      
   4.4880041033302212E-007
   0.4799999999999998       -0.7852206884089804        0.1205716041477898      
   0.5831935202308809        -2.671918436113391        0.9999908243254076      
   6.6885193265350983E-007
   0.4799999999999998       -0.5899798146396622        0.1183156450753956      
   0.5892524093048284        -2.684131285773703        0.9999908851178302      
   9.6356368896022574E-007
   0.4799999999999998       -0.3949396713377247        0.1157517678347604      
   0.5951928093772859        -2.697088267313198        0.9999909551519434      
   1.3423911176041919E-006
   0.4799999999999998       -0.2000000000000011        0.1128866065836514      
   0.6009752725289227        -2.710730834632928        0.9999910340841365      
   1.8094995410760626E-006
   0.4799999999999998       -5.0612032226220773E-003   0.1097314121362386      
   0.6065597969349363        -2.724995008180285        0.9999911215985727      
   2.3616709057711252E-006
   0.4799999999999998        0.1899728225015762        0.1063036773099214      
   0.6119073831670474        -2.739812040932366        0.9999912173701111      
   2.9870353995206717E-006
   0.4799999999999998        0.3851971143511089        0.1026276264973482      
   0.6169817334319808        -2.755109711494604        0.9999913210508573      
   3.6651391187629184E-006
   0.4799999999999998        0.5807063267879043        9.8733900002350244E-002 
   0.6217508906745373        -2.770813895459458        0.9999914322634282      
   4.3685640084256576E-006
   0.4799999999999998        0.7765945422431204        9.4658620853659281E-002 
   0.6261886405940338        -2.786850269210546        0.9999915505996291      
   5.0659506288944722E-006
   0.4799999999999998        0.9729550842390562        9.0442006776536854E-002 
   0.6302755714421133        -2.803146093131259        0.9999916756227102      
   5.7258933359297412E-006
   0.4799999999999998         1.169880333731538        8.6126704966856579E-002 
   0.6339997087512046        -2.819631952485742        0.9999918068713827      
   6.3209179702297421E-006
   0.4799999999999998         1.367461549433629        8.1756027962180844E-002 
   0.6373566849224975        -2.836243330937034        0.9999919438650001      
   6.8307167033093879E-006
   0.4799999999999998         1.565788692852865        7.7372257005501793E-002 
   0.6403494567227553        -2.852921914504957        0.9999920861096447      
   7.2440169184675700E-006
   0.4799999999999998         1.764950258740411        7.3015151482824836E-002 
   0.6429876315071825        -2.869616556355392        0.9999922331047071      
   7.5588290734232432E-006
   0.4799999999999998         1.965033111612069        6.8720762216719328E-002 
   0.6452864977023957        -2.886283869592128        0.9999923843494236      
   7.7812246357777429E-006
   0.4799999999999998         2.166122328958343        6.4520599561342887E-002 
   0.6472658725570062        -2.902888450637093        0.9999925393490035      
   7.9231098135161246E-006
   0.4799999999999998         2.368301051714338        6.0441162303399187E-002 
   0.6489488802832988        -2.919402766087602        0.9999926976201446      
   7.9996022710344860E-006
   0.4799999999999998         2.571650342510284        5.6503796760964835E-002 
   0.6503607597343835        -2.935806757698162        0.9999928586958979      
   8.0265759841977412E-006
   0.4799999999999998         2.776249052171010        5.2724830770633155E-002 
   0.6515277778520265        -2.952087232349919        0.9999930221298432      
   8.0187654335631038E-006
   0.4799999999999998         2.982173694877646        4.9115915055692884E-002 
   0.6524762987602541        -2.968237106750551        0.9999931874996015      
   7.9885960730673396E-006
   0.4799999999999998         3.189498332348288        4.5684503060150969E-002 
   0.6532320331461392        -2.984254572639085        0.9999933544096995      
   7.9457091314334795E-006
   0.4799999999999998         3.398294467336542        4.2434406744479389E-002 
   0.6538194715139055        -3.000142239541661        0.9999935224937359      
   7.8970209839146223E-006
   0.4799999999999998         3.608630946688375        3.9366376821618983E-002 
   0.6542614894668600        -3.015906300593197        0.9999936914157145      
   7.8471103655181682E-006
   0.4799999999999998         3.820573874139177        3.6478668626018951E-002 
   0.6545791034864352        -3.031555754818567        0.9999938608703508      
   7.7987434385566224E-006
   0.4799999999999998         4.034186532974921        3.3767567174388141E-002 
   0.6547913509957413        -3.047101707281191        0.9999940305821134      
   7.7533983562375044E-006
   0.4799999999999998         4.249529318623878        3.1227855723202441E-002 
   0.6549152676522091        -3.062556757567930        0.9999942003029620      
   7.7117104828523954E-006
   0.4799999999999998         4.466659681189796        2.8853220669457419E-002 
   0.6549659365664131        -3.077934477787167        0.9999943698092060      
   7.6738091173243552E-006
   0.4799999999999998         4.685632077883227        2.6636591882455190E-002 
   0.6549565873780433        -3.093248975642954        0.9999945388984365      
   7.6395492018041895E-006
   0.4799999999999998         4.906497935255945        2.4570421719562387E-002 
   0.6548987269704606        -3.108514536815523        0.9999947073873240      
   7.6086576661969140E-006
   0.4799999999999998         5.129305621094297        2.2646908464989277E-002 
   0.6548022874950045        -3.123745340074684        0.9999948751104534      
   7.5808182606186602E-006
   0.4799999999999998         5.354100425780786        2.0858171152673910E-002 
   0.6546757809522213        -3.138955237305726        0.9999950419199175      
   7.5557161733999931E-006
   0.4799999999999998         5.580924552890115        1.9196383056871390E-002 
   0.6545264526476527        -3.154157590497201        0.9999952076851583      
   7.5330585585443980E-006
   0.4799999999999998         5.809817118746128        1.7653870873402672E-002 
   0.6543604283481469        -3.169365156800861        0.9999953722925313      
   7.5125818310954620E-006
   0.4799999999999998         6.040814160629681        1.6223186009665009E-002 
   0.6541828519256715        -3.184590011241808        0.9999955356445834      
   7.4940523730222921E-006
   0.4799999999999998         6.273948653295052        1.4897153611701710E-002 
   0.6539980117295850        -3.199843498515092        0.9999956976592896      
   7.4772643726806387E-006
   0.4799999999999998         6.509250533423568        1.3668904111898451E-002 
   0.6538094549610018        -3.215136208801287        0.9999958582692069      
   7.4620367076852659E-006
   0.4799999999999998         6.746746731618209        1.2531891279817773E-002 
   0.6536200900441638        -3.230477972679030        0.9999960174203347      
   7.4482097546140478E-006
   0.4799999999999998         6.986461211521710        1.1479900034676385E-002 
   0.6534322774696348        -3.245877868993926        0.9999961750708489      
   7.4356424765458991E-006
   0.4799999999999998         7.228415015623348        1.0507046631247500E-002 
   0.6532479098629105        -3.261344241263486        0.9999963311900265      
   7.4242098876639061E-006
   0.4799999999999998         7.472626317305855        9.6077732740341149E-003 
   0.6530684821677355        -3.276884721234507        0.9999964857573546      
   7.4138008881884190E-006
   0.4799999999999998         7.719110478673879        8.7768387595770700E-003 
   0.6528951528891676        -3.292506258948618        0.9999966387615209      
   7.4043164262464312E-006
   0.4799999999999998         7.967880113698818        8.0093063833229436E-003 
   0.6527287973500440        -3.308215157278986        0.9999967901991418      
   7.3956679363747764E-006
   0.4799999999999998         8.218945156211536        7.3005300527402579E-003 
   0.6525700538827759        -3.324017107947290        0.9999969400734116      
   7.3877760084657148E-006
   0.4799999999999998         8.472312932274409        6.6461393061002646E-003 
   0.6524193638122726        -3.339917226917342        0.9999970883929710      
   7.3805692480303513E-006
   0.4799999999999998         8.727988236466917        6.0420237414885872E-003 
   0.6522770060021998        -3.355920088805354        0.9999972351711433      
   7.3739832956195039E-006
   0.4799999999999998         8.985973411624599        5.4843172110843096E-003 
   0.6521431266548183        -3.372029760858620        0.9999973804254384      
   7.3679599791798939E-006
   0.4799999999999998         9.246268431579237        4.9693820240995622E-003 
   0.6520177649821497        -3.388249836837392        0.9999975241771686      
   7.3624465779297702E-006
   0.4799999999999998         9.508870986458517        4.4937933172072390E-003 
   0.6519008753004203        -3.404583470682941        0.9999976664510668      
   7.3573951801611573E-006
   0.4799999999999998         9.773776570115773        4.0543236864323557E-003 
   0.6517923460377306        -3.421033409677601        0.9999978072748686      
   7.3527621204199462E-006
   0.4799999999999998         10.04097856927476        3.6479281276703998E-003 
   0.6516920160873990        -3.437602026782157        0.9999979466788765      
   7.3485074839821493E-006
   0.4799999999999998         10.31046835399012        3.2717293084532457E-003 
   0.6515996888874195        -3.454291351901652        0.9999980846955095      
   7.3445946686613461E-006
   0.4799999999999998         10.58223536904130        2.9230032099946237E-003 
   0.6515151445594032        -3.471103102049618        0.9999982213589056      
   7.3409899960994334E-006
   0.4799999999999998         10.85626722589636        2.5991652929689608E-003 
   0.6514381503972213        -3.488038710633162        0.9999983567045396      
   7.3376623675306641E-006
   0.4799999999999998         11.13254979490064        2.2977577025937832E-003 
   0.6513684699538920        -3.505099356134981        0.9999984907688927      
   7.3345829641756904E-006
   0.4799999999999998         11.41106729736590        2.0164389921469277E-003 
   0.6513058709273407        -3.522285990390102        0.9999986235891521      
   7.3317250033706792E-006
   0.4799999999999998         11.69180239725550        1.7529801609494759E-003 
   0.6512501319713082        -3.539599366613090        0.9999987552029692      
   7.3290635848941905E-006
   0.4799999999999998         11.97473629218198        1.5052758568750350E-003 
   0.6512010484119719        -3.557040067291432        0.9999988856483261      
   7.3265757082128042E-006
   0.4799999999999998         12.25984880345458        1.2713894090199164E-003 
   0.6511584365425890        -3.574608532054524        0.9999990149635316      
   7.3242406213934307E-006
   0.4799999999999998         12.54711846493471        1.0496666573489490E-003 
   0.6511221355241138        -3.592305085903538        0.9999991431873786      
   7.3220407719670585E-006
   0.4799999999999998         12.83652261047853        8.3897463781132376E-004 
   0.6510920046553670        -3.610129968326969        0.9999992703597066      
   7.3199637113484164E-006
   0.4799999999999998         13.12803745976597        6.3913594466645041E-004 
   0.6510679115555900        -3.628083362990363        0.9999993965230822      
   7.3180051833618566E-006
   0.4799999999999998         13.42163820233561        4.5161163904005339E-004 
   0.6510497034854195        -3.646165427019584        0.9999995217267459      
   7.3161729620288740E-006
   0.4799999999999998         13.71729907966468        2.8039871830538333E-004 
   0.6510371501335848        -3.664376319820831        0.9999996460345517      
   7.3144893453245879E-006
   0.4799999999999998         14.01499346515192        1.3293972624400796E-004 
   0.6510298433193300        -3.682716230430128        0.9999997695399776      
   7.3129872932875309E-006
   0.4799999999999998         14.31469394187969        2.0661782848885446E-005 
   0.6510270395105551        -3.701185401888587        0.9999998923921096      
   7.3116913702222136E-006
   0.4799999999999998         14.61637237804932       -4.1253798963863018E-005 
   0.6510274354789300        -3.719784152709580         1.000000014837435      
   7.3105709562140842E-006
   0.4799999999999998         14.92000000000000       -4.1253798963863018E-005 
   0.6510266435421801        -3.738382903530573         1.000000137282760      
   7.3094505422059548E-006
   0.7200000000000000        -4.227026579539560         0.000000000000000      
   0.5000000000000000        -4.983321476210183         1.000000000000000      
    0.000000000000000     
   0.7200000000000000        -4.014206434341432        2.3927149669327206E-002 
   0.5006182083764186        -4.983321476210183        0.9999977765682341      
   5.5567446164153219E-012
   0.7200000000000000        -3.803070304910810        4.5671560255139104E-002 
   0.5023921483020803        -4.979008531146619        0.9999958451817371      
   1.6183238430463832E-011
   0.7200000000000000        -3.593549933081869        6.4573350193741830E-002 
   0.5051538711469163        -4.975890609633367        0.9999943427615700      
   4.0071353506137331E-011
   0.7200000000000000        -3.385574045583126        8.0319158192997411E-002 
   0.5087307662411977        -4.973931873037785        0.9999932117681362      
   9.3961801192221100E-011
   0.7200000000000000        -3.179068445902549        9.2868981944456336E-002 
   0.5129585646683577        -4.973103862855905        0.9999923874345439      
   2.1197411252822409E-010
   0.7200000000000000        -2.973956117362914        0.1024209111332762      
   0.5176895101902217        -4.973379821580927        0.9999918053600346      
   4.6134786345759495E-010
   0.7200000000000000        -2.770157337224366        0.1093400982706854      
   0.5227979245433296        -4.974734117209256        0.9999914071035328      
   9.6932234471906477E-010
   0.7200000000000000        -2.567589801560878        0.1140753013945010      
   0.5281822569307320        -4.977141747295272        0.9999911433931075      
   1.9666008925720009E-009
   0.7200000000000000        -2.366168760586374        0.1170841535077106      
   0.5337639906563915        -4.980577999019508        0.9999909752290043      
   3.8534051970421013E-009
   0.7200000000000000        -2.165807164036497        0.1187796441183055      
   0.5394843258567777        -4.985018167308075        0.9999908734160546      
   7.2929820173908723E-009
   0.7200000000000000        -1.966415816142869        0.1195010154908777      
   0.5452997173311780        -4.990437113012626        0.9999908171888259      
   1.3333224089860196E-008
   0.7200000000000000        -1.767903539669862        0.1195055781843961      
   0.5511772088303090        -4.996808741661601        0.9999907924773233      
   2.3548530458119656E-008
   0.7200000000000000        -1.570177348419479        0.1189748254731506      
   0.5570902208027764        -5.004105480256768        0.9999907901665115      
   4.0180726463033558E-008
   0.7200000000000000        -1.373142627548817        0.1180280520626046      
   0.5630151477682293        -5.012297689913848        0.9999908045784034      
   6.6241245710153183E-008
   0.7200000000000000        -1.176703320987477        0.1167381844731332      
   0.5689288802744883        -5.021353020371984        0.9999908322902717      
   1.0552111069667454E-007
   0.7200000000000000       -0.9807621251897585        0.1151465276805888      
   0.5748072118120261        -5.031235799384474        0.9999908712900268      
   1.6244772081451553E-007
   0.7200000000000000       -0.7852206884089804        0.1132748778141641      
   0.5806240150280625        -5.041906541788437        0.9999909204073218      
   2.4173671248801452E-007
   0.7200000000000000       -0.5899798146396622        0.1111346438382475      
   0.5863510489776549        -5.053321629463348        0.9999909789463785      
   3.4781993765897918E-007
   0.7200000000000000       -0.3949396713377247        0.1087332660808844      
   0.5919582638495702        -5.065433194340496        0.9999910464577896      
   4.8408714817900243E-007
   0.7200000000000000       -0.2000000000000011        0.1060784606516652      
   0.5974144764670624        -5.078189225439202        0.9999911226026059      
   6.5204912142328434E-007
   0.7200000000000000       -5.0612032226220773E-003   0.1031808387895545      
   0.6026882907843045        -5.091533869526502        0.9999912070758199      
   8.5059179215368485E-007
   0.7200000000000000        0.1899728225015762        0.1000553621846415      
   0.6077491945489679        -5.105407904318307        0.9999912995695237      
   1.0755189531614004E-006
   0.7200000000000000        0.3851971143511089        9.6721838290921763E-002 
   0.6125687664722878        -5.119749705691789        0.9999913997591150      
   1.3195649872356704E-006
   0.7200000000000000        0.5807063267879043        9.3204779851235653E-002 
   0.6171218413071760        -5.134496398613313        0.9999915072959557      
   1.5729566547516991E-006
   0.7200000000000000        0.7765945422431204        8.9532799480930569E-002 
   0.6213875082110596        -5.149585081680986        0.9999916218051642      
   1.8244754196222087E-006
   0.7200000000000000        0.9729550842390562        8.5737668556770674E-002 
   0.6253498809013989        -5.164954109766519        0.9999917428866948      
   2.0628372425149297E-006
   0.7200000000000000         1.169880333731538        8.1853168074612820E-002 
   0.6289985873365928        -5.180544357602597        0.9999918701179950      
   2.2781130344887930E-006
   0.7200000000000000         1.367461549433629        7.7913851502986187E-002 
   0.6323289500868137        -5.196300381353466        0.9999920030578147      
   2.4628968534522005E-006
   0.7200000000000000         1.565788692852865        7.3953829311501657E-002 
   0.6353418603754386        -5.212171408856205        0.9999921412510574      
   2.6129966822984798E-006
   0.7200000000000000         1.764950258740411        7.0005667951520661E-002 
   0.6380433781739464        -5.228112108516918        0.9999922842343136      
   2.7275504895320568E-006
   0.7200000000000000         1.965033111612069        6.6099472576721469E-002 
   0.6404441134975931        -5.244083108603318        0.9999924315415695      
   2.8086140730174491E-006
   0.7200000000000000         2.166122328958343        6.2262195405449583E-002 
   0.6425584575156091        -5.260051260483015        0.9999925827096886      
   2.8603809923460475E-006
   0.7200000000000000         2.368301051714338        5.8517184187137958E-002 
   0.6444037356144349        -5.275989659272819        0.9999927372834864      
   2.8882487302137391E-006
   0.7200000000000000         2.571650342510284        5.4883961330846179E-002 
   0.6459993493438435        -5.291877451314792        0.9999928948203040      
   2.8979339304780979E-006
   0.7200000000000000         2.776249052171010        5.1378206320721452E-002 
   0.6473659626815673        -5.307699468368295        0.9999930548940111      
   2.8947801861274909E-006
   0.7200000000000000         2.982173694877646        4.8011903047078835E-002 
   0.6485247731881802        -5.323445733198389        0.9999932170984090      
   2.8833228050787483E-006
   0.7200000000000000         3.189498332348288        4.4793609272900624E-002 
   0.6494968931013823        -5.339110881436028        0.9999933810499601      
   2.8671033575715675E-006
   0.7200000000000000         3.398294467336542        4.1728806395712845E-002 
   0.6503028513127287        -5.354693541014655        0.9999935463897662      
   2.8486795499405117E-006
   0.7200000000000000         3.608630946688375        3.8820292310035677E-002 
   0.6509622157489094        -5.370195704400509        0.9999937127846404      
   2.8297573713816739E-006
   0.7200000000000000         3.820573874139177        3.6068586886293427E-002 
   0.6514933274510223        -5.385622121191396        0.9999938799271882      
   2.8113770167170811E-006
   0.7200000000000000         4.034186532974921        3.3472326983227600E-002 
   0.6519131325280900        -5.400979730588081        0.9999940475349386      
   2.7941017787209940E-006
   0.7200000000000000         4.249529318623878        3.1028635005737711E-002 
   0.6522370957037128        -5.416277145857058        0.9999942153488178      
   2.7781802434162510E-006
   0.7200000000000000         4.466659681189796        2.8733451196770864E-002 
   0.6524791787545068        -5.431524196963679        0.9999943831314591      
   2.7636701595005746E-006
   0.7200000000000000         4.685632077883227        2.6581824824796790E-002 
   0.6526518681127922        -5.446731533836212        0.9999945506658476      
   2.7505244579166593E-006
   0.7200000000000000         4.906497935255945        2.4568163160992692E-002 
   0.6527662377134913        -5.461910290208221        0.9999947177544859      
   2.7386460912242943E-006
   0.7200000000000000         5.129305621094297        2.2686439745392049E-002 
   0.6528320353671706        -5.477071805494597        0.9999948842189449      
   2.7279201592170845E-006
   0.7200000000000000         5.354100425780786        2.0930365095040020E-002 
   0.6528577832150337        -5.492227400407967        0.9999950498995741      
   2.7182310355283729E-006
   0.7200000000000000         5.580924552890115        1.9293523913102732E-002 
   0.6528508849592006        -5.507388200736009        0.9999952146550566      
   2.7094704174615438E-006
   0.7200000000000000         5.809817118746128        1.7769483214496375E-002 
   0.6528177344480992        -5.522565002155480        0.9999953783617305      
   2.7015403332878086E-006
   0.7200000000000000         6.040814160629681        1.6351875753476422E-002 
   0.6527638217735900        -5.537768168987830        0.9999955409128242      
   2.6943536013359325E-006
   0.7200000000000000         6.273948653295052        1.5034462859582463E-002 
   0.6526938342958030        -5.553007561823959        0.9999957022176360      
   2.6878331541837233E-006
   0.7200000000000000         6.509250533423568        1.3811180382092961E-002 
   0.6526117509935883        -5.568292489639491        0.9999958622004950      
   2.6819109620196946E-006
   0.7200000000000000         6.746746731618209        1.2676170987185303E-002 
   0.6525209292860585        -5.583631680846405        0.9999960207995332      
   2.6765269004519906E-006
   0.7200000000000000         6.986461211521710        1.1623805580201232E-002 
   0.6524241840081096        -5.599033268188742        0.9999961779655369      
   2.6716277039931091E-006
   0.7200000000000000         7.228415015623348        1.0648696167482213E-002 
   0.6523238585854085        -5.614504784912848        0.9999963336609995      
   2.6671660485899395E-006
   0.7200000000000000         7.472626317305855        9.7457020606994266E-003 
   0.6522218886956274        -5.630053171107708        0.9999964878591537      
   2.6630997645238513E-006
   0.7200000000000000         7.719110478673879        8.9099309742278338E-003 
   0.6521198588631363        -5.645684788385468        0.9999966405427799      
   2.6593911658375249E-006
   0.7200000000000000         7.967880113698818        8.1367362652319582E-003 
   0.6520190525298678        -5.661405439925425        0.9999967917028350      
   2.6560064790108771E-006
   0.7200000000000000         8.218945156211536        7.4217113066275524E-003 
   0.6519204961837239        -5.677220393050507        0.9999969413371690      
   2.6529153546480781E-006
   0.7200000000000000         8.472312932274409        6.7606817619437279E-003 
   0.6518249981223039        -5.693134402934698        0.9999970894495490      
   2.6500904482790748E-006
   0.7200000000000000         8.727988236466917        6.1496963499413620E-003 
   0.6517331824043550        -5.709151737376227        0.9999972360489870      
   2.6475070587899989E-006
   0.7200000000000000         8.985973411624599        5.5850165440351571E-003 
   0.6516455185097370        -5.725276202831935        0.9999973811492482      
   2.6451428150858509E-006
   0.7200000000000000         9.246268431579237        5.0631055394454536E-003 
   0.6515623471948950        -5.741511171515163        0.9999975247683985      
   2.6429774032909573E-006
   0.7200000000000000         9.508870986458517        4.5806167311265846E-003 
   0.6514839029934837        -5.757859609103663        0.9999976669283391      
   2.6409923281512495E-006
   0.7200000000000000         9.773776570115773        4.1343818736897476E-003 
   0.6514103337718224        -5.774324102602259        0.9999978076543153      
   2.6391707033863413E-006
   0.7200000000000000         10.04097856927476        3.7213990405614485E-003 
   0.6513417177090437        -5.790906887950356        0.9999979469744172      
   2.6374970666208623E-006
   0.7200000000000000         10.31046835399012        3.3388204680904060E-003 
   0.6512780780335727        -5.807609877070083        0.9999980849191014      
   2.6359572152869051E-006
   0.7200000000000000         10.58223536904130        2.9839403804251792E-003 
   0.6512193958113213        -5.824434684299951        0.9999982215207568      
   2.6345380606667864E-006
   0.7200000000000000         10.85626722589636        2.6541830007222383E-003 
   0.6511656210469787        -5.841382652372197        0.9999983568133098      
   2.6332274983176590E-006
   0.7200000000000000         11.13254979490064        2.3470913149252729E-003 
   0.6511166823270996        -5.858454878094995        0.9999984908318640      
   2.6320142951156338E-006
   0.7200000000000000         11.41106729736590        2.0603181237100589E-003 
   0.6510724951978349        -5.875652237805493        0.9999986236123762      
   2.6308879974274480E-006
   0.7200000000000000         11.69180239725550        1.7916232581522743E-003 
   0.6510329694193830        -5.892975412648506        0.9999987551914064      
   2.6298388740510524E-006
   0.7200000000000000         11.97473629218198        1.5388859512377663E-003 
   0.6509980151465385        -5.910424913711656        0.9999988856059784      
   2.6288579256534030E-006
   0.7200000000000000         12.25984880345458        1.3001513181590115E-003 
   0.6509675478923986        -5.928001107025204        0.9999990148935864      
   2.6279370236948423E-006
   0.7200000000000000         12.54711846493471        1.0737464971996593E-003 
   0.6509414917206506        -5.945704238720869        0.9999991430923524      
   2.6270692845582872E-006
   0.7200000000000000         12.83652261047853        8.5852362324119165E-004 
   0.6509197792614505        -5.963534460828614        0.9999992702415674      
   2.6262498162001901E-006
   0.7200000000000000         13.12803745976597        6.5430233750883376E-004 
   0.6509023455497720        -5.981491857336226        0.9999993963833615      
   2.6254769270282578E-006
   0.7200000000000000         13.42163820233561        4.6256736534000965E-004 
   0.6508891100969725        -5.999576469473487        0.9999995215666265      
   2.6247536261276669E-006
   0.7200000000000000         13.71729907966468        2.8738999722850884E-004 
   0.6508799381668811        -6.017788320329283        0.9999996458549402      
   2.6240885945380886E-006
   0.7200000000000000         14.01499346515192        1.3637252713099500E-004 
   0.6508745688926281        -6.036127438025474        0.9999997693415510      
   2.6234946644526253E-006
   0.7200000000000000         14.31469394187969        2.1231412204093952E-005 
   0.6508724964030252        -6.054593876300677        0.9999998921753405      
   2.6229813491670198E-006
   0.7200000000000000         14.61637237804932       -4.2383611432373859E-005 
   0.6508727915554942        -6.073187733185692         1.000000014602586      
   2.6225365596594414E-006
   0.7200000000000000         14.92000000000000       -4.2383611432373859E-005 
   0.6508722012505563        -6.091781590070706         1.000000137029831      
   2.6220917701518631E-006
   0.9600000000000002        -4.227026579539560         0.000000000000000      
   0.5000000000000000        -7.357265899385387         1.000000000000000      
    0.000000000000000     
   0.9600000000000002        -4.014206434341432        2.2545438509391977E-002 
   0.5006048229408795        -7.357265899385387        0.9999978049053577      
   2.0377686628886563E-012
   0.9600000000000002        -3.803070304910810        4.3064139805887774E-002 
   0.5023424997446244        -7.353012763567081        0.9999958970205937      
   5.9172968092435261E-012
   0.9600000000000002        -3.593549933081869        6.0918800517224439E-002 
   0.5050515540099382        -7.349898514094782        0.9999944115792434      
   1.4598294187190036E-011
   0.9600000000000002        -3.385574045583126        7.5799372398201836E-002 
   0.5085632183590645        -7.347891121847741        0.9999932923546809      
   3.4100541419473854E-011
   0.9600000000000002        -3.179068445902549        8.7657066135655132E-002 
   0.5127147127374783        -7.346964841286612        0.9999924758425578      
   7.6639603820543693E-011
   0.9600000000000002        -2.973956117362914        9.6671639114201513E-002 
   0.5173579913890567        -7.347094724490800        0.9999918987326337      
   1.6619005675553207E-010
   0.9600000000000002        -2.770157337224366        0.1031842350311125      
   0.5223659040228754        -7.348256162312217        0.9999915034492523      
   3.4794204587415708E-010
   0.9600000000000002        -2.567589801560878        0.1076180274426852      
   0.5276348029847944        -7.350424495086302        0.9999912413590640      
   7.0352541339222103E-010
   0.9600000000000002        -2.366168760586374        0.1104068904156646      
   0.5330839293050500        -7.353574791879132        0.9999910739042824      
   1.3740472352836231E-009
   0.9600000000000002        -2.165807164036497        0.1119440958401023      
   0.5386524806228887        -7.357681712051346        0.9999909721769753      
   2.5925658694171304E-009
   0.9600000000000002        -1.966415816142869        0.1125541894274088      
   0.5442954426874679        -7.362719225084898        0.9999909155885153      
   4.7261484261542819E-009
   0.9600000000000002        -1.767903539669862        0.1124847884371092      
   0.5499791384125484        -7.368660283212773        0.9999908901739835      
   8.3247044360661800E-009
   0.9600000000000002        -1.570177348419479        0.1119120331821153      
   0.5556771661624157        -7.375476523066808        0.9999908868782015      
   1.4169227745027228E-008
   0.9600000000000002        -1.373142627548817        0.1109532307628768      
   0.5613670947666417        -7.383137910418068        0.9999909000540470      
   2.3306427453382254E-008
   0.9600000000000002        -1.176703320987477        0.1096816439627721      
   0.5670280355496804        -7.391612316770369        0.9999909262917429      
   3.7051449833953150E-008
   0.9600000000000002       -0.9807621251897585        0.1081402753947517      
   0.5726390511297963        -7.400865112681700        0.9999909635826384      
   5.6937920607708808E-008
   0.9600000000000002       -0.7852206884089804        0.1063531618497818      
   0.5781782807073521        -7.410858852648470        0.9999910107563454      
   8.4597774878872957E-008
   0.9600000000000002       -0.5899798146396622        0.1043338368761378      
   0.5836226378074643        -7.421553088654058        0.9999910671173512      
   1.2156453384338786E-007
   0.9600000000000002       -0.3949396713377247        0.1020912415723082      
   0.5889479430996021        -7.432904329143449        0.9999911322189995      
   1.6901288430924520E-007
   0.9600000000000002       -0.2000000000000011        9.9633599752781812E-002 
   0.5941293669256427        -7.444866151992852        0.9999912057288304      
   2.2747119538462890E-007
   0.9600000000000002       -5.0612032226220773E-003   9.6970795893988215E-002 
   0.5991420645371375        -7.457389436577282        0.9999912873527701      
   2.9656459880880329E-007
   0.9600000000000002        0.1899728225015762        9.4115709615544385E-002 
   0.6039619491795292        -7.470422693240267        0.9999913767984958      
   3.7485591304324014E-007
   0.9600000000000002        0.3851971143511089        9.1084717944555305E-002 
   0.6085665591475780        -7.483912793990939        0.9999914737614171      
   4.5984665165984592E-007
   0.9600000000000002        0.5807063267879043        8.7897676776432898E-002 
   0.6129358983336386        -7.497805825540571        0.9999915779169680      
   5.4816586901520039E-007
   0.9600000000000002        0.7765945422431204        8.4577537828286670E-002 
   0.6170531578631957        -7.512047978206646        0.9999916889178473      
   6.3593155034180513E-007
   0.9600000000000002        0.9729550842390562        8.1149708200616871E-002 
   0.6209052834405109        -7.526586477778494        0.9999918063943170      
   7.1922334347222183E-007
   0.9600000000000002         1.169880333731538        7.7641249178914462E-002 
   0.6244833549702542        -7.541370511088143        0.9999919299559162      
   7.9457281674819452E-007
   0.9600000000000002         1.367461549433629        7.4079998763687149E-002 
   0.6277827575342301        -7.556352089091354        0.9999920591942827      
   8.5937082657759783E-007
   0.9600000000000002         1.565788692852865        7.0493692587940776E-002 
   0.6308031423117768        -7.571486799997593        0.9999921936870769      
   9.1211353923054914E-007
   0.9600000000000002         1.764950258740411        6.6909146537474276E-002 
   0.6335481944040646        -7.586734416794799        0.9999923330026962      
   9.5245157563952203E-007
   0.9600000000000002         1.965033111612069        6.3351550222479541E-002 
   0.6360252394626587        -7.602059336492430        0.9999924767052748      
   9.8105589308035018E-007
   0.9600000000000002         2.166122328958343        5.9843904096835293E-002 
   0.6382447309052615        -7.617430841698730        0.9999926243595622      
   9.9935369249896113E-007
   0.9600000000000002         2.368301051714338        5.6406616166093299E-002 
   0.6402196636835973        -7.632823188120343        0.9999927755354912      
   1.0092072725929488E-006
   0.9600000000000002         2.571650342510284        5.3057258762386969E-002 
   0.6419649594053445        -7.648215532907642        0.9999929298123320      
   1.0126060930144544E-006
   0.9600000000000002         2.776249052171010        4.9810473314921305E-002 
   0.6434968622187073        -7.663591726998671        0.9999930867823372      
   1.0114227728817050E-006
   0.9600000000000002         2.982173694877646        4.6678002255925506E-002 
   0.6448323767548519        -7.678939999450435        0.9999932460538281      
   1.0072568706200147E-006
   0.9600000000000002         3.189498332348288        4.3668822314854347E-002 
   0.6459887701406790        -7.694252563547120        0.9999934072536558      
   1.0013654115156733E-006
   0.9600000000000002         3.398294467336542        4.0789352044820398E-002 
   0.6469831509672840        -7.709525173679012        0.9999935700289763      
   9.9466229531776706E-007
   0.9600000000000002         3.608630946688375        3.8043707727948059E-002 
   0.6478321300776251        -7.724756659076197        0.9999937340482691      
   9.8776167833325516E-007
   0.9600000000000002         3.820573874139177        3.5433984931601686E-002 
   0.6485515616576754        -7.739948456080091        0.9999938990016394      
   9.8104149905267474E-007
   0.9600000000000002         4.034186532974921        3.2960547092134147E-002 
   0.6491563585514766        -7.755104155790143        0.9999940646005638      
   9.7470914840322443E-007
   0.9600000000000002         4.249529318623878        3.0622306895021156E-002 
   0.6496603728762049        -7.770229079356992        0.9999942305773644      
   9.6885852651372914E-007
   0.9600000000000002         4.466659681189796        2.8416990401513659E-002 
   0.6500763316290579        -7.785329889382836        0.9999943966846975      
   9.6351404468894514E-007
   0.9600000000000002         4.685632077883227        2.6341377536533574E-002 
   0.6504158167226917        -7.800414242812777        0.9999945626951999      
   9.5866146082240248E-007
   0.9600000000000002         4.906497935255945        2.4391515556977154E-002 
   0.6506892794261693        -7.815490487825091        0.9999947284012638      
   9.5426771986124597E-007
   0.9600000000000002         5.129305621094297        2.2562904433181048E-002 
   0.6509060802234621        -7.830567404718611        0.9999948936148290      
   9.5029269664483804E-007
   0.9600000000000002         5.354100425780786        2.0850654743391036E-002 
   0.6510745463865308        -7.845653988915706        0.9999950581670438      
   9.4669553786187729E-007
   0.9600000000000002         5.580924552890115        1.9249619792038850E-002 
   0.6512020409150308        -7.860759272585270        0.9999952219077400      
   9.4343770282490994E-007
   0.9600000000000002         5.809817118746128        1.7754504321737287E-002 
   0.6512950377948974        -7.875892180482865        0.9999953847047686      
   9.4048414998553726E-007
   0.9600000000000002         6.040814160629681        1.6359952499937172E-002 
   0.6513591996958654        -7.891061416066084        0.9999955464432472      
   9.3780357332073346E-007
   0.9600000000000002         6.273948653295052        1.5060617927608207E-002 
   0.6513994552334823        -7.906275374367336        0.9999957070246335      
   9.3536820637174576E-007
   0.9600000000000002         6.509250533423568        1.3851218325205413E-002 
   0.6514200737618761        -7.921542077278284        0.9999958663656179      
   9.3315346610323901E-007
   0.9600000000000002         6.746746731618209        1.2726577354600328E-002 
   0.6514247363381898        -7.936869126605489        0.9999960243969953      
   9.3113756660840034E-007
   0.9600000000000002         6.986461211521710        1.1681655775475783E-002 
   0.6514166020159573        -7.952263671828490        0.9999961810626942      
   9.2930115723063003E-007
   0.9600000000000002         7.228415015623348        1.0711573854133426E-002 
   0.6513983690124336        -7.967732391031025        0.9999963363188287      
   9.2762700299942014E-007
   0.9600000000000002         7.472626317305855        9.8116266724152766E-003 
   0.6513723305870585        -7.983281483300748        0.9999964901325837      
   9.2609970922372979E-007
   0.9600000000000002         7.719110478673879        8.9772937334443616E-003 
   0.6513404256822477        -7.998916669882743        0.9999966424808875      
   9.2470548608448657E-007
   0.9600000000000002         7.967880113698818        8.2042440288536533E-003 
   0.6513042845219068        -8.014643201069951        0.9999967933490703      
   9.2343194752459257E-007
   0.9600000000000002         8.218945156211536        7.4883375210533371E-003 
   0.6512652694488930        -8.030465866707527        0.9999969427297267      
   9.2226793893534058E-007
   0.9600000000000002         8.472312932274409        6.8256238091365645E-003 
   0.6512245113275333        -8.046389009533359        0.9999970906218779      
   9.2120338887935548E-007
   0.9600000000000002         8.727988236466917        6.2123385922555280E-003 
   0.6511829418590560        -8.062416541265891        0.9999972370303521      
   9.2022918089475962E-007
   0.9600000000000002         8.985973411624599        5.6448984177938106E-003 
   0.6511413221664599        -8.078551961176780        0.9999973819652525      
   9.1933704213467277E-007
   0.9600000000000002         9.246268431579237        5.1198940970549212E-003 
   0.6511002680027844        -8.094798376559591        0.9999975254414328      
   9.1851944617831039E-007
   0.9600000000000002         9.508870986458517        4.6340830836054409E-003 
   0.6510602719239931        -8.111158524467276        0.9999976674779569      
   9.1776952781595957E-007
   0.9600000000000002         9.773776570115773        4.1843810375028819E-003 
   0.6510217227483437        -8.127634794182127        0.9999978080975426      
   9.1708100798264060E-007
   0.9600000000000002         10.04097856927476        3.7678527430842690E-003 
   0.6509849226014451        -8.144229249948710        0.9999979473260185      
   9.1644812731909437E-007
   0.9600000000000002         10.31046835399012        3.3817025138535659E-003 
   0.6509501018217188        -8.160943653644226        0.9999980851918207      
   9.1586558710370117E-007
   0.9600000000000002         10.58223536904130        3.0232642251607831E-003 
   0.6509174319760263        -8.177779487307673        0.9999982217255368      
   9.1532849657448387E-007
   0.9600000000000002         10.85626722589636        2.6899912224846714E-003 
   0.6508870372111666        -8.194737975606476        0.9999983569594876      
   9.1483232605142344E-007
   0.9600000000000002         11.13254979490064        2.3794467121311031E-003 
   0.6508590041440768        -8.211820108280387        0.9999984909273436      
   9.1437286601273559E-007
   0.9600000000000002         11.41106729736590        2.0892962116096669E-003 
   0.6508333904707893        -8.229026662520324        0.9999986236637791      
   9.1394619388241395E-007
   0.9600000000000002         11.69180239725550        1.8173059859427801E-003 
   0.6508102324481503        -8.246358225261980        0.9999987552042121      
   9.1354865372269900E-007
   0.9600000000000002         11.97473629218198        1.5613565423944556E-003 
   0.6507895513638130        -8.263815215354640        0.9999988855846659      
   9.1317686082596980E-007
   0.9600000000000002         12.25984880345458        1.3194902954976623E-003 
   0.6507713590345827        -8.281397905525894        0.9999990148417746      
   9.1282775493677922E-007
   0.9600000000000002         12.54711846493471        1.0900292947031876E-003 
   0.6507556621947106        -8.299106444365814        0.9999991430129407      
   9.1249874183657149E-007
   0.9600000000000002         12.83652261047853        8.7182089279571489E-004 
   0.6507424651994365        -8.316940878781772        0.9999992701368567      
   9.1218797476391956E-007
   0.9600000000000002         13.12803745976597        6.6468538345598803E-004 
   0.6507317694987576        -8.334901176498372        0.9999993962551585      
   9.1189480901462881E-007
   0.9600000000000002         13.42163820233561        4.7012327314658936E-004 
   0.6507235664816899        -8.352987247526457        0.9999995214163406      
   9.1162036480028409E-007
   0.9600000000000002         13.71729907966468        2.9225377223560881E-004 
   0.6507178173224375        -8.371198964860962        0.9999996456836551      
   9.1136788897778778E-007
   0.9600000000000002         14.01499346515192        1.3878599682074741E-004 
   0.6507144096863502        -8.389536183775608        0.9999997691500734      
   9.1114217672688476E-007
   0.9600000000000002         14.31469394187969        2.1639334520529659E-005 
   0.6507130777937212        -8.407998758754948        0.9999998919642303      
   9.1094675610840733E-007
   0.9600000000000002         14.61637237804932       -4.3191223919038951E-005 
   0.6507132708036114        -8.426586559073520         1.000000014372150      
   9.1077702876706142E-007
   0.9600000000000002         14.92000000000000       -4.3191223919038951E-005 
   0.6507128847838310        -8.445174359392093         1.000000136780069      
   9.1060730142571551E-007
    1.199999999999999        -4.227026579539560         0.000000000000000      
   0.5000000000000000        -9.729777651762001         1.000000000000000      
    0.000000000000000     
    1.199999999999999        -4.014206434341432        2.1195053733376677E-002 
   0.5005904984632987        -9.729777651762001        0.9999978317399546      
   7.2490845837430948E-013
    1.199999999999999        -3.803070304910810        4.0511139284615361E-002 
   0.5022889818324081        -9.725595109979393        0.9999959461142711      
   2.0987438879768089E-012
    1.199999999999999        -3.593549933081869        5.7336031965287221E-002 
   0.5049404692495503        -9.722497024219827        0.9999944767545201      
   5.1585650099465579E-012
    1.199999999999999        -3.385574045583126        7.1365652870272994E-002 
   0.5083805024271930        -9.720454717308856        0.9999933686712199      
   1.2003569732818568E-011
    1.199999999999999        -3.179068445902549        8.2544622733355583E-002 
   0.5124485719052576        -9.719444955202970        0.9999925595520404      
   2.6874780184793412E-011
    1.199999999999999        -2.973956117362914        9.1035994919887647E-002 
   0.5169973079701757        -9.719444617165300        0.9999919871182434      
   5.8061274188508041E-011
    1.199999999999999        -2.770157337224366        9.7157938238528890E-002 
   0.5218991241545525        -9.720430325901809        0.9999915946141227      
   1.2112554649532901E-010
    1.199999999999999        -2.567589801560878        0.1013085191827276      
   0.5270492924419750        -9.722378141598396        0.9999913340124753      
   2.4407289867417580E-010
    1.199999999999999        -2.366168760586374        0.1038978506199909      
   0.5323657426684154        -9.725263437757150        0.9999911671760132      
   4.7513976529248296E-010
    1.199999999999999        -2.165807164036497        0.1052990966396834      
   0.5377864687152244        -9.729060880530051        0.9999910654710812      
   8.9372469657136587E-010
    1.199999999999999        -1.966415816142869        0.1058214177399689      
   0.5432656196893255        -9.733744278721138        0.9999910084787470      
   1.6244827611901409E-009
    1.199999999999999        -1.767903539669862        0.1057018295156247      
   0.5487692369406862        -9.739286408491566        0.9999909823355492      
   2.8536130241454767E-009
    1.199999999999999        -1.570177348419479        0.1051100586475730      
   0.5542713194238146        -9.745658887095619        0.9999909780447719      
   4.8448534387747357E-009
    1.199999999999999        -1.373142627548817        0.1041602717035239      
   0.5597505949200805        -9.752831990356857        0.9999909899905104      
   7.9508354072326009E-009
    1.199999999999999        -1.176703320987477        0.1029248808624486      
   0.5651881239719868        -9.760774389877806        0.9999910147777170      
   1.2613727978245132E-008
    1.199999999999999       -0.9807621251897585        0.1014474268954458      
   0.5705656989642629        -9.769452890212003        0.9999910504039011      
   1.9348318543259325E-008
    1.199999999999999       -0.7852206884089804        9.9753121789924654E-002 
   0.5758649179960161        -9.778832234611285        0.9999910957017156      
   2.8701778191718741E-008
    1.199999999999999       -0.5899798146396622        9.7856723241454141E-002 
   0.5810667885140868        -9.788875006823602        0.9999911499788248      
   4.1188068045397644E-008
    1.199999999999999       -0.3949396713377247        9.5768008965869594E-002 
   0.5861517233959543        -9.799541635480272        0.9999912127936377      
   5.7201263456153340E-008
    1.199999999999999       -0.2000000000000011        9.3495347255686520E-002 
   0.5910998072524609        -9.810790502168565        0.9999912838215952      
   7.6919884022996620E-008
    1.199999999999999       -5.0612032226220773E-003   9.1047883198189225E-002 
   0.5958912234884030        -9.822578117316157        0.9999913627798627      
   1.0022121663044944E-007
    1.199999999999999        0.1899728225015762        8.8436778857390985E-002 
   0.6005067969089445        -9.834859343347311        0.9999914493908029      
   1.2662782781934280E-007
    1.199999999999999        0.3851971143511089        8.5675718086523994E-002 
   0.6049286219892855        -9.847587952430676        0.9999915433677682      
   1.5530692459163167E-007
    1.199999999999999        0.5807063267879043        8.2780971624816985E-002 
   0.6091406772644267        -9.860717265989335        0.9999916444071332      
   1.8513195575968870E-007
    1.199999999999999        0.7765945422431204        7.9771166156295426E-002 
   0.6131293537392098        -9.874200805420479        0.9999917521851743      
   2.1480176921381354E-007
    1.199999999999999        0.9729550842390562        7.6666849099920970E-002 
   0.6168838778267709        -9.887992974768773        0.9999918663578342      
   2.4299748272233944E-007
    1.199999999999999         1.169880333731538        7.3489925742304105E-002 
   0.6203966071741160        -9.902049743880214        0.9999919865617528      
   2.6854627229660720E-007
    1.199999999999999         1.367461549433629        7.0263030884223393E-002 
   0.6236631839784313        -9.916329293191387        0.9999921124163609      
   2.9055877094771823E-007
    1.199999999999999         1.565788692852865        6.7008887567562903E-002 
   0.6266825426722745        -9.930792587377089        0.9999922435270987      
   3.0851366552041123E-007
    1.199999999999999         1.764950258740411        6.3749697027843930E-002 
   0.6294567805321083        -9.945403852625033        0.9999923794894804      
   3.2227702698346217E-007
    1.199999999999999         1.965033111612069        6.0506594959080735E-002 
   0.6319909096249092        -9.960130940058672        0.9999925198934868      
   3.3206015067347392E-007
    1.199999999999999         2.166122328958343        5.7299199140515636E-002 
   0.6342925155854360        -9.974945565771497        0.9999926643278934      
   3.3833304043192947E-007
    1.199999999999999         2.368301051714338        5.4145263012007991E-002 
   0.6363713525120768        -9.989823426295464        0.9999928123843309      
   3.4171755246592369E-007
    1.199999999999999         2.571650342510284        5.1060439813650244E-002 
   0.6382389038127847        -10.00474419622113        0.9999929636609859      
   3.4288372527497201E-007
    1.199999999999999         2.776249052171010        4.8058153310491548E-002 
   0.6399079366036370        -10.01969142087343        0.9999931177658598      
   3.4246661586472717E-007
    1.199999999999999         2.982173694877646        4.5149564520914523E-002 
   0.6413920730212171        -10.03465232108711        0.9999932743195525      
   3.4101212879359215E-007
    1.199999999999999         3.189498332348288        4.2343619517209406E-002 
   0.6427053964175717        -10.04961752940010        0.9999934329575351      
   3.3895197488336808E-007
    1.199999999999999         3.398294467336542        3.9647161196989432E-002 
   0.6438621046731057        -10.06458077756468        0.9999935933318980      
   3.3660210909529328E-007
    1.199999999999999         3.608630946688375        3.7065087618966153E-002 
   0.6448762174413303        -10.07953855423362        0.9999937551125649      
   3.3417644348043349E-007
    1.199999999999999         3.820573874139177        3.4600540607078428E-002 
   0.6457613394729373        -10.09448974945106        0.9999939179880228      
   3.3180782201286907E-007
    1.199999999999999         4.034186532974921        3.2255110369640197E-002 
   0.6465304784879526        -10.10943529986032        0.9999940816657332      
   3.2957009610189974E-007
    1.199999999999999         4.249529318623878        3.0029044412071236E-002 
   0.6471959134313214        -10.12437784580144        0.9999942458723644      
   3.2749753485607073E-007
    1.199999999999999         4.466659681189796        2.7921451683480855E-002 
   0.6477691072909191        -10.13932140890805        0.9999944103539775      
   3.2559994137894772E-007
    1.199999999999999         4.685632077883227        2.5930495430357449E-002 
   0.6482606578331163        -10.15427109629426        0.9999945748761663      
   3.2387334195270364E-007
    1.199999999999999         4.906497935255945        2.4053570471410386E-002 
   0.6486802794393334        -10.16923283497363        0.9999947392241003      
   3.2230692662262364E-007
    1.199999999999999         5.129305621094297        2.2287462471834898E-002 
   0.6490368095224039        -10.18421313805518        0.9999949032024221      
   3.2088719839896195E-007
    1.199999999999999         5.354100425780786        2.0628488261157263E-002 
   0.6493382335975728        -10.19921890254262        0.9999950666349487      
   3.1960024209105287E-007
    1.199999999999999         5.580924552890115        1.9072617326553187E-002 
   0.6495917238421856        -10.21425723726464        0.9999952293642033      
   3.1843283244454203E-007
    1.199999999999999         5.809817118746128        1.7615575366971076E-002 
   0.6498036867943556        -10.22933531889736        0.9999953912507999      
   3.1737288331561138E-007
    1.199999999999999         6.040814160629681        1.6252931271512283E-002 
   0.6499798166420725        -10.24446027385142        0.9999955521726746      
   3.1640955471879876E-007
    1.199999999999999         6.273948653295052        1.4980169151173450E-002 
   0.6501251512978998        -10.25963908314902        0.9999957120241333      
   3.1553320110708358E-007
    1.199999999999999         6.509250533423568        1.3792747157565840E-002 
   0.6502441291126033        -10.27487850685236        0.9999958707148524      
   3.1473525838209622E-007
    1.199999999999999         6.746746731618209        1.2686144806718629E-002 
   0.6503406446365596        -10.29018502525975        0.9999960281689295      
   3.1400811689689962E-007
    1.199999999999999         6.986461211521710        1.1655900432998981E-002 
   0.6504181022930468        -10.30556479522452        0.9999961843239725      
   3.1334500074808076E-007
    1.199999999999999         7.228415015623348        1.0697640265284716E-002 
   0.6504794671978980        -10.32102362004769        0.9999963391300519      
   3.1273986038022658E-007
    1.199999999999999         7.472626317305855        9.8071004657566824E-003 
   0.6505273126564179        -10.33656693061188        0.9999964925484549      
   3.1218727961426397E-007
    1.199999999999999         7.719110478673879        8.9801433100418840E-003 
   0.6505638640955271        -10.35219977494255        0.9999966445503486      
   3.1168239593231175E-007
    1.199999999999999         7.967880113698818        8.2127685236975875E-003 
   0.6505910393535561        -10.36792681380700        0.9999967951155658      
   3.1122083220803034E-007
    1.199999999999999         8.218945156211536        7.5011206332167967E-003 
   0.6506104853640277        -10.38375232102027        0.9999969442316328      
   3.1079863808200601E-007
    1.199999999999999         8.472312932274409        6.8414930481591456E-003 
   0.6506236113481947        -10.39968018799693        0.9999970918930270      
   3.1041223940579269E-007
    1.199999999999999         8.727988236466917        6.2303294686050833E-003 
   0.6506316186863108        -10.41571393220301        0.9999972381005581      
   3.1005839443755987E-007
    1.199999999999999         8.985973411624599        5.6642231070161021E-003 
   0.6506355276747537        -10.43185670885487        0.9999973828607709      
   3.0973415570548304E-007
    1.199999999999999         9.246268431579237        5.1399141220481552E-003 
   0.6506362013967142        -10.44811132508279        0.9999975261853602      
   3.0943683664780699E-007
    1.199999999999999         9.508870986458517        4.6542855826107940E-003 
   0.6506343669414991        -10.46448025588268        0.9999976680905588      
   3.0916398229330278E-007
    1.199999999999999         9.773776570115773        4.2043582139413473E-003 
   0.6506306342060764        -10.48096566128073        0.9999978085965440      
   3.0891334336978010E-007
    1.199999999999999         10.04097856927476        3.7872841248054647E-003 
   0.6506255125050138        -10.49756940421949        0.9999979477268555      
   3.0868285332966534E-007
    1.199999999999999         10.31046835399012        3.4003396818455649E-003 
   0.6506194252030963        -10.51429306884159        0.9999980855078747      
   3.0847060787077548E-007
    1.199999999999999         10.58223536904130        3.0409177042198888E-003 
   0.6506127225708418        -10.53113797906664        0.9999982219683508      
   3.0827484662495875E-007
    1.199999999999999         10.85626722589636        2.7065192578969704E-003 
   0.6506056930489161        -10.54810521744772        0.9999983571389598      
   3.0809393682524121E-007
    1.199999999999999         11.13254979490064        2.3947456858534211E-003 
   0.6505985730944694        -10.56519564423241        0.9999984910518961      
   3.0792635902944832E-007
    1.199999999999999         11.41106729736590        2.1032924772132820E-003 
   0.6505915557729605        -10.58240991650566        0.9999986237405150      
   3.0777069555912294E-007
    1.199999999999999         11.69180239725550        1.8299489224766962E-003 
   0.6505847982581822        -10.59974850734572        0.9999987552390585      
   3.0762562355869929E-007
    1.199999999999999         11.97473629218198        1.5726126453193229E-003 
   0.6505784284191544        -10.61721172489525        0.9999988855825133      
   3.0748991704333354E-007
    1.199999999999999         12.25984880345458        1.3293381532465810E-003 
   0.6505725507135930        -10.63479973118917        0.9999990148066237      
   3.0736246654597978E-007
    1.199999999999999         12.54711846493471        1.0984553959699362E-003 
   0.6505672516609223        -10.65251256090622        0.9999991429480329      
   3.0724233073825187E-007
    1.199999999999999         12.83652261047853        8.7881650895443441E-004 
   0.6505626051433573        -10.67035014047944        0.9999992700447916      
   3.0712883857930531E-007
    1.199999999999999         13.12803745976597        6.7024553726983613E-004 
   0.6505586774374446        -10.68831230709791        0.9999993961380008      
   3.0702175385954829E-007
    1.199999999999999         13.42163820233561        4.7425040336314389E-004 
   0.6505555307597914        -10.70639882648818        0.9999995212757119      
   3.0692147826811109E-007
    1.199999999999999         13.71729907966468        2.9497136843639179E-004 
   0.6505532216249834        -10.72460940986278        0.9999996455208027      
   3.0682918048997578E-007
    1.199999999999999         14.01499346515192        1.4017085681396451E-004 
   0.6505517861290382        -10.74294372947759        0.9999997689659272      
   3.0674658359090496E-007
    1.199999999999999         14.31469394187969        2.1883962398987062E-005 
   0.6505511990600441        -10.76140143190369        0.9999998917594307      
   3.0667494290570439E-007
    1.199999999999999         14.61637237804932       -4.3673519857126422E-005 
   0.6505512892811288        -10.77998215017568         1.000000014147044      
   3.0661257073450766E-007
    1.199999999999999         14.92000000000000       -4.3673519857126422E-005 
   0.6505511088389593        -10.79856286844768         1.000000136534657      
   3.0655019856331093E-007
    1.439999999999999        -4.227026579539560         0.000000000000000      
   0.5000000000000000        -12.10093025017851         1.000000000000000      
    0.000000000000000     
    1.439999999999999        -4.014206434341432        1.9877542252269877E-002 
   0.5005757490195262        -12.10093025017851        0.9999978570768455      
   2.5041722486221296E-013
    1.439999999999999        -3.803070304910810        3.8015995914686088E-002 
   0.5022335960397395        -12.09682514668923        0.9999959924718023      
   7.2282822975750622E-013
    1.439999999999999        -3.593549933081869        5.3830190984601227E-002 
   0.5048249324371132        -12.09375252673837        0.9999945383006977      
   1.7700222295126085E-012
    1.439999999999999        -3.385574045583126        6.7024248401458847E-002 
   0.5081898689208014        -12.09168663388218        0.9999934407368706      
   4.1026645097505700E-012
    1.439999999999999        -3.179068445902549        7.7538106771522897E-002 
   0.5121707093748709        -12.09060652199991        0.9999926385901453      
   9.1501436924197146E-012
    1.439999999999999        -2.973956117362914        8.5519584485954592E-002 
   0.5166214738650354        -12.09049085153397        0.9999920705541765      
   1.9694545646590676E-011
    1.439999999999999        -2.770157337224366        9.1264861898768701E-002 
   0.5214149256478666        -12.09131758455217        0.9999916806474228      
   4.0938354534150752E-011
    1.439999999999999        -2.567589801560878        9.5147417049882499E-002 
   0.5264460344827657        -12.09306374199092        0.9999914214163118      
   8.2207978243143656E-011
    1.439999999999999        -2.366168760586374        9.7553707202467255E-002 
   0.5316321294448334        -12.09570535650413        0.9999912551228340      
   1.5950895174505176E-010
    1.439999999999999        -2.165807164036497        9.8836555715148572E-002 
   0.5369106007855462        -12.09921754675725        0.9999911533950169      
   2.9909633961432933E-010
    1.439999999999999        -1.966415816142869        9.9289244453689168E-002 
   0.5422352210712189        -12.10357447011610        0.9999910959767367      
   5.4205754919907238E-010
    1.439999999999999        -1.767903539669862        9.9137505676629822E-002 
   0.5475720488655198        -12.10874926456510        0.9999910691023269      
   9.4958204789742432E-010
    1.439999999999999        -1.570177348419479        9.8543845975308533E-002 
   0.5528956050634832        -12.11471405252111        0.9999910638317177      
   1.6081039326168990E-009
    1.439999999999999        -1.373142627548817        9.7618416165079575E-002 
   0.5581857079657517        -12.12143988573319        0.9999910745797613      
   2.6329081109891147E-009
    1.439999999999999        -1.176703320987477        9.6431885599479517E-002 
   0.5634251008585520        -12.12889659798766        0.9999910979667330      
   4.1682461489302722E-009
    1.439999999999999       -0.9807621251897585        9.5027474494763287E-002 
   0.5685978389707904        -12.13705264346357        0.9999911319975862      
   6.3817684267031259E-009
    1.439999999999999       -0.7852206884089804        9.3430795653721310E-002 
   0.5736883179104911        -12.14587498551724        0.9999911755095687      
   9.4514435778323112E-009
    1.439999999999999       -0.5899798146396622        9.1657191561987345E-002 
   0.5786808001431885        -12.15532905677721        0.9999912278150126      
   1.3544329672799553E-008
    1.439999999999999       -0.3949396713377247        8.9716820324208774E-002 
   0.5835593041800533        -12.16537879026122        0.9999912884785542      
   1.8788581879629666E-008
    1.439999999999999       -0.2000000000000011        8.7617963093999801E-002 
   0.5883077379316761        -12.17598671810934        0.9999913571841756      
   2.5242570864029562E-008
    1.439999999999999       -5.0612032226220773E-003   8.5369048649276830E-002 
   0.5929101729754693        -12.18711410277068        0.9999914336602310      
   3.2867184168721417E-008
    1.439999999999999        0.1899728225015762        8.2979813504405767E-002 
   0.5973512211724035        -12.19872108186594        0.9999915176429498      
   4.1508413501437568E-008
    1.439999999999999        0.3851971143511089        8.0461803182813596E-002 
   0.6016164928136027        -12.21076709845238        0.9999916088620107      
   5.0896873568806061E-008
    1.439999999999999        0.5807063267879043        7.7828493337989135E-002 
   0.6056930507489923        -12.22321138585753        0.9999917070323650      
   6.0667322473343663E-008
    1.439999999999999        0.7765945422431204        7.5095163287099725E-002 
   0.6095698015093527        -12.23601344742423        0.9999918118508445      
   7.0396787787423586E-008
    1.439999999999999        0.9729550842390562        7.2278602540921374E-002 
   0.6132378137431007        -12.24913356005854        0.9999919229955205      
   7.9655052497090057E-008
    1.439999999999999         1.169880333731538        6.9396713472353322E-002 
   0.6166905498408360        -12.26253328160173        0.9999920401262155      
   8.8057696455470251E-008
    1.439999999999999         1.367461549433629        6.6468057834033034E-002 
   0.6199239992120948        -12.27617593460836        0.9999921628860304      
   9.5310988036068829E-008
    1.439999999999999         1.565788692852865        6.3511385430437425E-002 
   0.6229367096233075        -12.29002704373142        0.9999922909040134      
   1.0124002000298819E-007
    1.439999999999999         1.764950258740411        6.0545176439874109E-002 
   0.6257297205673087        -12.30405470902421        0.9999924237987016      
   1.0579587673998225E-007
    1.439999999999999         1.965033111612069        5.7587222682937922E-002 
   0.6283064091992516        -12.31822990205258        0.9999925611820177      
   1.0904281826976626E-007
    1.439999999999999         2.166122328958343        5.4654266753279931E-002 
   0.6306722643847005        -12.33252667627553        0.9999927026631196      
   1.1113081714666696E-007
    1.439999999999999         2.368301051714338        5.1761711335686349E-002 
   0.6328346075136011        -12.34692228845321        0.9999928478520222      
   1.1226110917794728E-007
    1.439999999999999         2.571650342510284        4.8923404598628484E-002 
   0.6348022798674662        -12.36139723328869        0.9999929963629166      
   1.1265238471095431E-007
    1.439999999999999         2.776249052171010        4.6151501737042383E-002 
   0.6365853156731671        -12.37593519803882        0.9999931478171210      
   1.1251334117964614E-007
    1.439999999999999         2.982173694877646        4.3456397958317308E-002 
   0.6381946179046907        -12.39052294712349        0.9999933018456633      
   1.1202450786333415E-007
    1.439999999999999         3.189498332348288        4.0846724690308478E-002 
   0.6396416508688756        -12.40515014899546        0.9999934580914944      
   1.1132954225583685E-007
    1.439999999999999         3.398294467336542        3.8329398602190728E-002 
   0.6409381601114243        -12.41980915870109        0.9999936162113343      
   1.1053427403579890E-007
    1.439999999999999         3.608630946688375        3.5909712068706176E-002 
   0.6420959266304087        -12.43449476954230        0.9999937758771414      
   1.0971088172543889E-007
    1.439999999999999         3.820573874139177        3.3591453770249372E-002 
   0.6431265591121449        -12.44920394628503        0.9999939367772387      
   1.0890459413112462E-007
    1.439999999999999         4.034186532974921        3.1377048946487150E-002 
   0.6440413251206191        -12.46393555090638        0.9999940986171931      
   1.0814087569375082E-007
    1.439999999999999         4.249529318623878        2.9267710144214427E-002 
   0.6448510199826119        -12.47869007027335        0.9999942611205060      
   1.0743182120548265E-007
    1.439999999999999         4.466659681189796        2.7263590881782790E-002 
   0.6455658705362948        -12.49346935344645        0.9999944240291636      
   1.0678118495263936E-007
    1.439999999999999         4.685632077883227        2.5363936299122217E-002 
   0.6461954699082942        -12.50827636446122        0.9999945871040354      
   1.0618796903887894E-007
    1.439999999999999         4.906497935255945        2.3567226431746101E-002 
   0.6467487389695832        -12.52311495461972        0.9999947501250781      
   1.0564877429293448E-007
    1.439999999999999         5.129305621094297        2.1871309147083920E-002 
   0.6472339099919875        -12.53798965668811        0.9999949128913359      
   1.0515921945423669E-007
    1.439999999999999         5.354100425780786        2.0273520963338169E-002 
   0.6476585281811772        -12.55290550202066        0.9999950752207339      
   1.0471472646963962E-007
    1.439999999999999         5.580924552890115        1.8770794919194471E-002 
   0.6480294671043338        -12.56786786061681        0.9999952369496857      
   1.0431091069479937E-007
    1.439999999999999         5.809817118746128        1.7359755385805802E-002 
   0.6483529544823954        -12.58288230343731        0.9999953979325196      
   1.0394374444530557E-007
    1.439999999999999         6.040814160629681        1.6036800235254275E-002 
   0.6486346053177761        -12.59795448564133        0.9999955580407462      
   1.0360960139196198E-007
    1.439999999999999         6.273948653295052        1.4798171132111640E-002 
   0.6488794598337136        -12.61309004879305        0.9999957171622301      
   1.0330524465456519E-007
    1.439999999999999         6.509250533423568        1.3640012925998932E-002 
   0.6490920241771807        -12.62829454012279        0.9999958752003478      
   1.0302779239070763E-007
    1.439999999999999         6.746746731618209        1.2558423225254096E-002 
   0.6492763122649714        -12.64357334748827        0.9999960320731369      
   1.0277467748900095E-007
    1.439999999999999         6.986461211521710        1.1549493258203120E-002 
   0.6494358875280464        -12.65893164878088        0.9999961877123267      
   1.0254360864891271E-007
    1.439999999999999         7.228415015623348        1.0609341103627545E-002 
   0.6495739036322135        -12.67437437392532        0.9999963420621866      
   1.0233253548178852E-007
    1.439999999999999         7.472626317305855        9.7341383101629021E-003 
   0.6496931435216355        -12.68990617709880        0.9999964950782552      
   1.0213961816446701E-007
    1.439999999999999         7.719110478673879        8.9201308370848286E-003 
   0.6497960563457885        -12.70553141691015        0.9999966467261153      
   1.0196320134409620E-007
    1.439999999999999         7.967880113698818        8.1636551481125835E-003 
   0.6498847919959416        -12.72125414296854        0.9999967969803429      
   1.0180179173983230E-007
    1.439999999999999         8.218945156211536        7.4611501864619064E-003 
   0.6499612331034949        -12.73707808806655        0.9999969458236684      
   1.0165403887098394E-007
    1.439999999999999         8.472312932274409        6.8091658614570401E-003 
   0.6500270244497364        -12.75300666552084        0.9999970932462695      
   1.0151871840568407E-007
    1.439999999999999         8.727988236466917        6.2043685875731551E-003 
   0.6500835998113190        -12.76904297101746        0.9999972392451143      
   1.0139471770502283E-007
    1.439999999999999         8.985973411624599        5.6435443348887750E-003 
   0.6501322063201475        -12.78518978810317        0.9999973838233088      
   1.0128102321191016E-007
    1.439999999999999         9.246268431579237        5.1235995749933684E-003 
   0.6501739264526922        -12.80144959651924        0.9999975269894488      
   1.0117670939590617E-007
    1.439999999999999         9.508870986458517        4.6415604396564209E-003 
   0.6502096977864120        -12.81782458271153        0.9999976687569681      
   1.0108092901516775E-007
    1.439999999999999         9.773776570115773        4.1945703521695642E-003 
   0.6502403306737714        -12.83431665193122        0.9999978091435030      
   1.0099290449667820E-007
    1.439999999999999         10.04097856927476        3.7798863447122133E-003 
   0.6502665239892329        -12.85092744144611        0.9999979481702994      
   1.0091192026873552E-007
    1.439999999999999         10.31046835399012        3.3948742459095774E-003 
   0.6502888791035308        -12.86765833455701        0.9999980858616714      
   1.0083731590875540E-007
    1.439999999999999         10.58223536904130        3.0370029321510443E-003 
   0.6503079122352449        -12.88451047527768        0.9999982222445113      
   1.0076848000091891E-007
    1.439999999999999         10.85626722589636        2.7038379428169714E-003 
   0.6503240653245308        -12.90148478356827        0.9999983573478239      
   1.0070484464536142E-007
    1.439999999999999         11.13254979490064        2.3930351136061262E-003 
   0.6503377155701743        -12.91858197095406        0.9999984912023046      
   1.0064588065356796E-007
    1.439999999999999         11.41106729736590        2.1023358405006468E-003 
   0.6503491837747626        -12.93580255635502        0.9999986238399615      
   1.0059109366788448E-007
    1.439999999999999         11.69180239725550        1.8295679123701528E-003 
   0.6503587416669827        -12.95314688202872        0.9999987552938365      
   1.0054002187928845E-007
    1.439999999999999         11.97473629218198        1.5726609585130294E-003 
   0.6503666184399187        -12.97061512947835        0.9999988855978609      
   1.0049223687859529E-007
    1.439999999999999         12.25984880345458        1.3296955562804289E-003 
   0.6503730069002585        -12.98820733509549        0.9999990147868606      
   1.0044735065505622E-007
    1.439999999999999         12.54711846493471        1.0990218422539024E-003 
   0.6503780699053485        -13.00592340565790        0.9999991428966963      
   1.0040503375674628E-007
    1.439999999999999         12.83652261047853        8.7950569966285743E-004 
   0.6503819481479591        -13.02376313411179        0.9999992699647471      
   1.0036505105552212E-007
    1.439999999999999         13.12803745976597        6.7097752737147105E-004 
   0.6503847706220234        -13.04172621513230        0.9999993960315408      
   1.0032731916740954E-007
    1.439999999999999         13.42163820233561        4.7494391334659418E-004 
   0.6503866687194308        -13.05981225931136        0.9999995211446463      
   1.0029197702556154E-007
    1.439999999999999         13.71729907966468        2.9553902630923684E-004 
   0.6503877929164577        -13.07802080646200        0.9999996453665312      
   1.0025943011294743E-007
    1.439999999999999         14.01499346515192        1.4052488245593840E-004 
   0.6503883264434740        -13.09635133750251        0.9999997687894908      
   1.0023027480797866E-007
    1.439999999999999         14.31469394187969        2.1964809110508717E-005 
   0.6503884833185475        -13.11480328401107        0.9999998915615411      
   1.0020494038353787E-007
    1.439999999999999         14.61637237804932       -4.3829569761784278E-005 
   0.6503884708030283        -13.13337603666334         1.000000013928086      
   1.0018282829913121E-007
    1.439999999999999         14.92000000000000       -4.3829569761784278E-005 
   0.6503884958340667        -13.15194878931560         1.000000136294630      
   1.0016071621472455E-007
    1.679999999999999        -4.227026579539560         0.000000000000000      
   0.5000000000000000        -14.47079320310084         1.000000000000000      
    0.000000000000000     
    1.679999999999999        -4.014206434341432        1.8593422135092241E-002 
   0.5005609692158242        -14.47079320310084        0.9999978809255846      
   8.4088750070843151E-014
    1.679999999999999        -3.803070304910810        3.5580176302812599E-002 
   0.5021778852019535        -14.46676924774423        0.9999960361110904      
   2.4198727405683745E-013
    1.679999999999999        -3.593549933081869        5.0403683307821981E-002 
   0.5047082830615076        -14.46372874513445        0.9999945962430925      
   5.9033208025281091E-013
    1.679999999999999        -3.385574045583126        6.2778124263574417E-002 
   0.5079969415320627        -14.46164846716268        0.9999935085842900      
   1.3629361335633869E-012
    1.679999999999999        -3.179068445902549        7.2640405357695337E-002 
   0.5118893269825575        -14.46050952744744        0.9999927129973030      
   3.0279749531510687E-012
    1.679999999999999        -2.973956117362914        8.0124431143207206E-002 
   0.5162413556686694        -14.46029227867615        0.9999921490894020      
   6.4928566180540411E-012
    1.679999999999999        -2.770157337224366        8.5505329212539644E-002 
   0.5209267199732333        -14.46097605377136        0.9999917616077976      
   1.3447633794683987E-011
    1.679999999999999        -2.567589801560878        8.9132535657070536E-002 
   0.5258406700851802        -14.46253897112817        0.9999915036403179      
   2.6910426157153086E-011
    1.679999999999999        -2.366168760586374        9.1369045279174388E-002 
   0.5309004670171191        -14.46495794858566        0.9999913378270620      
   5.2041857161723033E-011
    1.679999999999999        -2.165807164036497        9.2547238930221543E-002 
   0.5360433421401618        -14.46820885286971        0.9999912360449585      
   9.7277958029700873E-011
    1.679999999999999        -1.966415816142869        9.2944189389319892E-002 
   0.5412230223626791        -14.47226653130432        0.9999911781935308      
   1.7577756892307957E-010
    1.679999999999999        -1.767903539669862        9.2773850715284739E-002 
   0.5464057831865589        -14.47710484216723        0.9999911506010053      
   3.0707817649810564E-010
    1.679999999999999        -1.570177348419479        9.2190907960128785E-002 
   0.5515667246282143        -14.48269675541369        0.9999911443819626      
   5.1870112096167987E-010
    1.679999999999999        -1.373142627548817        9.1300838992672523E-002 
   0.5566866631670494        -14.48901439073135        0.9999911539812975      
   8.4726235341654591E-010
    1.679999999999999        -1.176703320987477        9.0171902769364182E-002 
   0.5617497801772846        -14.49602895285653        0.9999911760347749      
   1.3384777342426039E-009
    1.679999999999999       -0.9807621251897585        8.8846362782882465E-002 
   0.5667419989189089        -14.50371064087567        0.9999912085554155      
   2.0453811498860589E-009
    1.679999999999999       -0.7852206884089804        8.7349667256134023E-002 
   0.5716499759433831        -14.51202859392331        0.9999912503858009      
   3.0241910061230734E-009
    1.679999999999999       -0.5899798146396622        8.5697285765125808E-002 
   0.5764605663832717        -14.52095088966683        0.9999913008435398      
   4.3276341500998274E-009
    1.679999999999999       -0.3949396713377247        8.3899439984485707E-002 
   0.5811606306321611        -14.53044459071612        0.9999913594998379      
   5.9961638221522728E-009
    1.679999999999999       -0.2000000000000011        8.1964175189886634E-002 
   0.5857370675403007        -14.54047583279760        0.9999914260471759      
   8.0482789577259884E-009
    1.679999999999999       -5.0612032226220773E-003   7.9899241763757997E-002 
   0.5901769759204444        -14.55100992095937        0.9999915002245893      
   1.0471831798176530E-008
    1.679999999999999        0.1899728225015762        7.7713182820088961E-002 
   0.5944679103946644        -14.56201141689429        0.9999915817811358      
   1.3218531202999341E-008
    1.679999999999999        0.3851971143511089        7.5415825923043925E-002 
   0.5985982166886666        -14.57344447443385        0.9999916704612531      
   1.6203716287725594E-008
    1.679999999999999        0.5807063267879043        7.3018440272690568E-002 
   0.6025573704347296        -14.58527321122194        0.9999917659963856      
   1.9312371613012541E-008
    1.679999999999999        0.7765945422431204        7.0533681944960708E-002 
   0.6063362691725269        -14.59746206447029        0.9999918681013632      
   2.2410978985726474E-008
    1.679999999999999        0.9729550842390562        6.7975399187507946E-002 
   0.6099274740161708        -14.60997616438711        0.9999919764734307      
   2.5363294997169883E-008
    1.679999999999999         1.169880333731538        6.5358351431785561E-002 
   0.6133253917324601        -14.62278171281386        0.9999920907923343      
   2.8047023227833013E-008
    1.679999999999999         1.367461549433629        6.2697880038897022E-002 
   0.6165263884107677        -14.63584634727953        0.9999922107213961      
   3.0368042297951182E-008
    1.679999999999999         1.565788692852865        6.0009559650242614E-002 
   0.6195288312121205        -14.64913947453612        0.9999923359097453      
   3.2269471521390658E-008
    1.679999999999999         1.764950258740411        5.7308853158441073E-002 
   0.6223330596834902        -14.66263256134015        0.9999924659954514      
   3.3734198978417974E-008
    1.679999999999999         1.965033111612069        5.4610788760756562E-002 
   0.6249412925419193        -14.67629937288494        0.9999926006090228      
   3.4781110616197736E-008
    1.679999999999999         2.166122328958343        5.1929673323991093E-002 
   0.6273574793662189        -14.69011615170282        0.9999927393768832      
   3.5456632099059768E-008
    1.679999999999999         2.368301051714338        4.9278852057299746E-002 
   0.6295871090532770        -14.70406173313741        0.9999928819246535      
   3.5823953745812853E-008
    1.679999999999999         2.571650342510284        4.6670520313599084E-002 
   0.6316369881156403        -14.71811759723985        0.9999930278801800      
   3.5952335725599506E-008
    1.679999999999999         2.776249052171010        4.4115589439518099E-002 
   0.6335150019762676        -14.73226786020276        0.9999931768762813      
   3.5908324050104822E-008
    1.679999999999999         2.982173694877646        4.1623605208042889E-002 
   0.6352298715261709        -14.74649921096246        0.9999933285532199      
   3.5749841702757559E-008
    1.679999999999999         3.189498332348288        3.9202714678058463E-002 
   0.6367909155937760        -14.76080080056412        0.9999934825609162      
   3.5523265924586756E-008
    1.679999999999999         3.398294467336542        3.6859675419803381E-002 
   0.6382078279060062        -14.77516409320799        0.9999936385609065      
   3.5262983754041912E-008
    1.679999999999999         3.608630946688375        3.4599899920936636E-002 
   0.6394904748662124        -14.78958268835104        0.9999937962280160      
   3.4992618315098472E-008
    1.679999999999999         3.820573874139177        3.2427527565792175E-002 
   0.6406487182572711        -14.80405212292720        0.9999939552517519      
   3.4727103252900182E-008
    1.679999999999999         4.034186532974921        3.0345516733298820E-002 
   0.6416922649652965        -14.81856966203317        0.9999941153374549      
   3.4474950234595178E-008
    1.679999999999999         4.249529318623878        2.8355750137757794E-002 
   0.6426305441165314        -14.83313408555786        0.9999942762072456      
   3.4240291856607283E-008
    1.679999999999999         4.466659681189796        2.6459147392328755E-002 
   0.6434726106792461        -14.84774547720235        0.9999944376007793      
   3.4024504169261008E-008
    1.679999999999999         4.685632077883227        2.4655779774560301E-002 
   0.6442270736106031        -14.86240502112646        0.9999945992758051      
   3.3827374737860395E-008
    1.679999999999999         4.906497935255945        2.2944983208145829E-002 
   0.6449020459980002        -14.87711481017768        0.9999947610084968      
   3.3647874697250891E-008
    1.679999999999999         5.129305621094297        2.1325466465081301E-002 
   0.6455051143068913        -14.89187766843722        0.9999949225935530      
   3.3484629274986006E-008
    1.679999999999999         5.354100425780786        1.9795412484426331E-002 
   0.6460433237445466        -14.90669698975849        0.9999950838440912      
   3.3336181131668780E-008
    1.679999999999999         5.580924552890115        1.8352571468340240E-002 
   0.6465231768228441        -14.92157659310509        0.9999952445913330      
   3.3201123323322134E-008
    1.679999999999999         5.809817118746128        1.6994345042517345E-002 
   0.6469506423991049        -14.93652059476987        0.9999954046841227      
   3.3078156710003673E-008
    1.679999999999999         6.040814160629681        1.5717861259184077E-002 
   0.6473311727459246        -14.95153329694715        0.9999955639883177      
   3.2966107166558550E-008
    1.679999999999999         6.273948653295052        1.4520040586527614E-002 
   0.6476697265103641        -14.96661909184671        0.9999957223861053      
   3.2863923480769291E-008
    1.679999999999999         6.509250533423568        1.3397653284831848E-002 
   0.6479707957409315        -14.98178238060859        0.9999958797752631      
   3.2770667291221825E-008
    1.679999999999999         6.746746731618209        1.2347368737717770E-002 
   0.6482384354697842        -14.99702750622504        0.9999960360682831      
   3.2685500717088867E-008
    1.679999999999999         6.986461211521710        1.1365797406374320E-002 
   0.6484762946265639        -15.01235869918914        0.9999961911913408      
   3.2607674205179628E-008
    1.679999999999999         7.228415015623348        1.0449526119633120E-002 
   0.6486876473199678        -15.02778003408167        0.9999963450831193      
   3.2536515543047735E-008
    1.679999999999999         7.472626317305855        9.5951474149101011E-003 
   0.6488754237472401        -15.04329539522868        0.9999964976936390      
   3.2471420262785641E-008
    1.679999999999999         7.719110478673879        8.7992836166639991E-003 
   0.6490422401791032        -15.05890844994161        0.9999966489831884      
   3.2411843366461352E-008
    1.679999999999999         7.967880113698818        8.0586062918145789E-003 
   0.6491904276214686        -15.07462262842602        0.9999967989214266      
   3.2357292209624300E-008
    1.679999999999999         8.218945156211536        7.3698516653555139E-003 
   0.6493220588810691        -15.09044110981453        0.9999969474866093      
   3.2307320367650352E-008
    1.679999999999999         8.472312932274409        6.7298325205439671E-003 
   0.6494389738650254        -15.10636681371247        0.9999970946648720      
   3.2261522327285842E-008
    1.679999999999999         8.727988236466917        6.1354470488044939E-003 
   0.6495428030264661        -15.12240239641554        0.9999972404495293      
   3.2219528870155010E-008
    1.679999999999999         8.985973411624599        5.5836850556052970E-003 
   0.6496349889307498        -15.13855025093527        0.9999973848403707      
   3.2181003038011311E-008
    1.679999999999999         9.246268431579237        5.0716318719881181E-003 
   0.6497168059626487        -15.15481251009726        0.9999975278429715      
   3.2145636588880465E-008
    1.679999999999999         9.508870986458517        4.5964702694230152E-003 
   0.6497893782279736        -15.17119105207296        0.9999976694680083      
   3.2113146868896441E-008
    1.679999999999999         9.773776570115773        4.1554806294141489E-003 
   0.6498536957259786        -15.18768750777702        0.9999978097306049      
   3.2083274037199382E-008
    1.679999999999999         10.04097856927476        3.7460395808581286E-003 
   0.6499106288829481        -15.20430326969231        0.9999979486497280      
   3.2055778591592382E-008
    1.679999999999999         10.31046835399012        3.3656172949071386E-003 
   0.6499609415449177        -15.22103950183733        0.9999980862476319      
   3.2030439151883232E-008
    1.679999999999999         10.58223536904130        3.0117736403943362E-003 
   0.6500053025313898        -15.23789715068224        0.9999982225493463      
   3.2007050468023151E-008
    1.679999999999999         10.85626722589636        2.6821535105080604E-003 
   0.6500442958544350        -15.25487695681865        0.9999983575822018      
   3.1985421635802382E-008
    1.679999999999999         11.13254979490064        2.3744819816101707E-003 
   0.6500784297121951        -15.27197946715170        0.9999984913753776      
   3.1965374534179603E-008
    1.679999999999999         11.41106729736590        2.0865609101342318E-003 
   0.6501081443818819        -15.28920504741563        0.9999986239595249      
   3.1946742567118885E-008
    1.679999999999999         11.69180239725550        1.8162708667664351E-003 
   0.6501338191860275        -15.30655389489770        0.9999987553664722      
   3.1929369940455966E-008
    1.679999999999999         11.97473629218198        1.5615873487461625E-003 
   0.6501557788283872        -15.32402605117518        0.9999988856290836      
   3.1913111995146453E-008
    1.679999999999999         12.25984880345458        1.3206300926819538E-003 
   0.6501742996645216        -15.34162141456970        0.9999990147812552      
   3.1897837616148458E-008
    1.679999999999999         12.54711846493471        1.0917809474866487E-003 
   0.6501896169785657        -15.35933975240340        0.9999991428580425      
   3.1883435406180950E-008
    1.679999999999999         12.83652261047853        8.7392787614196674E-004 
   0.6502019351212813        -15.37718071348598        0.9999992698961320      
   3.1869825782882709E-008
    1.679999999999999         13.12803745976597        6.6690974947598890E-004 
   0.6502114432495287        -15.39514384029324        0.9999993959354517      
   3.1856980327734331E-008
    1.679999999999999         13.42163820233561        4.7222277343146173E-004 
   0.6502183397549730        -15.41322857964187        0.9999995210230586      
   3.1844945449866561E-008
    1.679999999999999         13.71729907966468        2.9396781127862253E-004 
   0.6502228669805047        -15.43143429242513        0.9999996452209751      
   3.1833856958900006E-008
    1.679999999999999         14.01499346515192        1.3985291923163663E-004 
   0.6502253529092874        -15.44976026186050        0.9999997686211052      
   3.1823913981441177E-008
    1.679999999999999         14.31469394187969        2.1882507337351232E-005 
   0.6502262477549425        -15.46820569927512        0.9999998913711033      
   3.1815257800778387E-008
    1.679999999999999         14.61637237804932       -4.3660666966423475E-005 
   0.6502261332583725        -15.48676974863835         1.000000013716008      
   3.1807683022506861E-008
    1.679999999999999         14.92000000000000       -4.3660666966423475E-005 
   0.6502263622515125        -15.50533379800159         1.000000136060913      
   3.1800108244235334E-008
    1.920000000000000        -4.227026579539560         0.000000000000000      
   0.5000000000000000        -16.83943152636899         1.000000000000000      
    0.000000000000000     
    1.920000000000000        -4.014206434341432        1.7342427433672460E-002 
   0.5005464569250597        -16.83943152636899        0.9999979032999792      
   2.7474219495108598E-014
    1.920000000000000        -3.803070304910810        3.3203631327205912E-002 
   0.5021230197766695        -16.83548996797873        0.9999960770575227      
   7.8823343884772542E-014
    1.920000000000000        -3.593549933081869        4.7056795567888360E-002 
   0.5045930663952588        -16.83248605931950        0.9999946506162760      
   1.9156115024196000E-013
    1.920000000000000        -3.385574045583126        5.8627703684886422E-002 
   0.5078060194654292        -16.83039874934560        0.9999935722558309      
   4.4052123306983575E-013
    1.920000000000000        -3.179068445902549        6.7851651049062767E-002 
   0.5116107028301131        -16.82921098759508        0.9999927828230639      
   9.7487347732744174E-013
    1.920000000000000        -2.973956117362914        7.4849812973092816E-002 
   0.5158652673390487        -16.82890470314337        0.9999922227808288      
   2.0825172586221077E-012
    1.920000000000000        -2.770157337224366        7.9877146255881520E-002 
   0.5204447456902158        -16.82946057813418        0.9999918375602653      
   4.2975107537431522E-012
    1.920000000000000        -2.567589801560878        8.3259606172479517E-002 
   0.5252450926520624        -16.83085788939502        0.9999915807586243      
   8.5699121671793557E-012
    1.920000000000000        -2.366168760586374        8.5336985274099345E-002 
   0.5301838918015189        -16.83307457020873        0.9999914153728149      
   1.6518241043585708E-011
    1.920000000000000        -2.165807164036497        8.6421225318536174E-002 
   0.5351985392188350        -16.83608741791640        0.9999913135155050      
   3.0779058509107147E-011
    1.920000000000000        -1.966415816142869        8.6772991563585561E-002 
   0.5402429500464485        -16.83987218496288        0.9999912552342719      
   5.5451478616748340E-011
    1.920000000000000        -1.767903539669862        8.6594115564569876E-002 
   0.5452837464790830        -16.84440367464753        0.9999912269470392      
   9.6603014735460347E-011
    1.920000000000000        -1.570177348419479        8.6031022270774055E-002 
   0.5502966247816763        -16.84965591307859        0.9999912198208833      
   1.6275656751707883E-010
    1.920000000000000        -1.373142627548817        8.5184029212665158E-002 
   0.5552633001149548        -16.85560225470400        0.9999912283299141      
   2.6522260813257471E-010
    1.920000000000000        -1.176703320987477        8.4118488326695467E-002 
   0.5601691757611800        -16.86221537625658        0.9999912491253645      
   4.1809075325324348E-010
    1.920000000000000       -0.9807621251897585        8.2875235410528825E-002 
   0.5650017141937858        -16.86946723541920        0.9999912802286556      
   6.3767473553534264E-010
    1.920000000000000       -0.7852206884089804        8.1479139884201801E-002 
   0.5697494001505442        -16.87732905525751        0.9999913204880446      
   9.4124152731306688E-010
    1.920000000000000       -0.5899798146396622        7.9945468503162559E-002 
   0.5744011586694092        -16.88577134779720        0.9999913692265796      
   1.3449691247616265E-009
    1.920000000000000       -0.3949396713377247        7.8284284421139674E-002 
   0.5789460987350258        -16.89476396875447        0.9999914260219197      
   1.8612671301899465E-009
    1.920000000000000       -0.2000000000000011        7.6503301083987146E-002 
   0.5833734710878899        -16.90427619547625        0.9999914905745894      
   2.4958262872005878E-009
    1.920000000000000       -5.0612032226220773E-003   7.4609632431104231E-002 
   0.5876727460945541        -16.91427679601828        0.9999915626334686      
   3.2449673403073794E-009
    1.920000000000000        0.1899728225015762        7.2610812068626504E-002 
   0.5918337809140258        -16.92473407422439        0.9999916419592143      
   4.0939561829512668E-009
    1.920000000000000        0.3851971143511089        7.0515270184512924E-002 
   0.5958470649842661        -16.93561613416158        0.9999917283094114      
   5.0169146118498673E-009
    1.920000000000000        0.5807063267879043        6.8332512330407241E-002 
   0.5997039746717940        -16.94689116823779        0.9999918214300272      
   5.9786245872883760E-009
    1.920000000000000        0.7765945422431204        6.6073113529145217E-002 
   0.6033969926636893        -16.95852772220252        0.9999919210515894      
   6.9381115407316239E-009
    1.920000000000000        0.9729550842390562        6.3748592788363090E-002 
   0.6069198924667374        -16.97049497314595        0.9999920268879288      
   7.8534379046155304E-009
    1.920000000000000         1.169880333731538        6.1371214678216469E-002 
   0.6102678819707112        -16.98276301298973        0.9999921386359191      
   8.6867958291864903E-009
    1.920000000000000         1.367461549433629        5.8953749250524129E-002 
   0.6134376991847370        -16.99530312284017        0.9999922559761822      
   9.4088873267195043E-009
    1.920000000000000         1.565788692852865        5.6509212763164909E-002 
   0.6164276569288183        -17.00808802704052        0.9999923785749775      
   1.0001758369517479E-008
    1.920000000000000         1.764950258740411        5.4050606441817230E-002 
   0.6192376366433776        -17.02109211864676        0.9999925060870130      
   1.0459652494671796E-008
    1.920000000000000         1.965033111612069        5.1590666940627611E-002 
   0.6218690344928012        -17.03429164947850        0.9999926381586473      
   1.0787936055012811E-008
    1.920000000000000         2.166122328958343        4.9141639213562391E-002 
   0.6243246654318125        -17.04766487893694        0.9999927744310811      
   1.1000567803203950E-008
    1.920000000000000         2.368301051714338        4.6715079723324671E-002 
   0.6266086327355318        -17.06119217773270        0.9999929145433839      
   1.1116825064144999E-008
    1.920000000000000         2.571650342510284        4.4321695185367535E-002 
   0.6287261715947414        -17.07485608525930        0.9999930581353207      
   1.1158017993547998E-008
    1.920000000000000         2.776249052171010        4.1971219436184565E-002 
   0.6306834757562093        -17.08864132166980        0.9999932048499527      
   1.1144760193330747E-008
    1.920000000000000         2.982173694877646        3.9672328655047509E-002 
   0.6324875159171426        -17.10253475757996        0.9999933543360408      
   1.1095104801079125E-008
    1.920000000000000         3.189498332348288        3.7432593178029328E-002 
   0.6341458577842884        -17.11652534594211        0.9999935062502654      
   1.1023594592849452E-008
    1.920000000000000         3.398294467336542        3.5258462603908497E-002 
   0.6356664865346737        -17.13060402190145        0.9999936602592582      
   1.0941081533213219E-008
    1.920000000000000         3.608630946688375        3.3155279833681883E-002 
   0.6370576430275514        -17.14476357705829        0.9999938160413944      
   1.0855073879839950E-008
    1.920000000000000         3.820573874139177        3.1127319091407514E-002 
   0.6383276756624077        -17.15899851456322        0.9999939732883372      
   1.0770359048041032E-008
    1.920000000000000         4.034186532974921        2.9177842789551420E-002 
   0.6394849103749538        -17.17330489117330        0.9999941317063392      
   1.0689698217619346E-008
    1.920000000000000         4.249529318623878        2.7309172249556268E-002 
   0.6405375399997373        -17.18768015200391        0.9999942910173321      
   1.0614459982580186E-008
    1.920000000000000         4.466659681189796        2.5522767681236104E-002 
   0.6414935331611038        -17.20212296317277        0.9999944509598145      
   1.0545128598896941E-008
    1.920000000000000         4.685632077883227        2.3819313377584708E-002 
   0.6423605620107182        -17.21663304679648        0.9999946112895209      
   1.0481673137982035E-008
    1.920000000000000         4.906497935255945        2.2198804718853361E-002 
   0.6431459475111916        -17.23121102192936        0.9999947717798601      
   1.0423793624099985E-008
    1.920000000000000         5.129305621094297        2.0660634239196576E-002 
   0.6438566205546323        -17.24585825415446        0.9999949322221214      
   1.0371072440171832E-008
    1.920000000000000         5.354100425780786        1.9203674644114301E-002 
   0.6444990969741828        -17.26057671573347        0.9999950924254696      
   1.0323059997131713E-008
    1.920000000000000         5.580924552890115        1.7826357245607476E-002 
   0.6450794644227789        -17.27536885752046        0.9999952522167446      
   1.0279318641920558E-008
    1.920000000000000         5.809817118746128        1.6526744785807498E-002 
   0.6456033791224987        -17.29023749326279        0.9999954114400987      
   1.0239442124201748E-008
    1.920000000000000         6.040814160629681        1.5302598040471998E-002 
   0.6460760705976837        -17.30518569650049        0.9999955699565196      
   1.0203061909468886E-008
    1.920000000000000         6.273948653295052        1.4151435930893696E-002 
   0.6465023526673593        -17.32021671006150        0.9999957276432331      
   1.0169847074003196E-008
    1.920000000000000         6.509250533423568        1.3070589132904509E-002 
   0.6468866391651296        -17.33533386792854        0.9999958843929659      
   1.0139501481721979E-008
    1.920000000000000         6.746746731618209        1.2057247364506713E-002 
   0.6472329630608631        -17.35054052882173        0.9999960401130503      
   1.0111760108145975E-008
    1.920000000000000         6.986461211521710        1.1108500668308121E-002 
   0.6475449978640875        -17.36584002036412        0.9999961947243814      
   1.0086385359442617E-008
    1.920000000000000         7.228415015623348        1.0221375089871816E-002 
   0.6478260803828202        -17.38123559250186        0.9999963481603441      
   1.0063163715684375E-008
    1.920000000000000         7.472626317305855        9.3928631980014794E-003 
   0.6480792340869547        -17.39673037899783        0.9999965003657867      
   1.0041902785766842E-008
    1.920000000000000         7.719110478673879        8.6199499081202283E-003 
   0.6483071924798848        -17.41232736616077        0.9999966512961040      
   1.0022428761285719E-008
    1.920000000000000         7.967880113698818        7.8996340645919247E-003 
   0.6485124220162952        -17.42802936825860        0.9999968009164308      
   1.0004584222853219E-008
    1.920000000000000         8.218945156211536        7.2289462194960324E-003 
   0.6486971442197258        -17.44383900907797        0.9999969492008842      
   9.9882262465999849E-009
    1.920000000000000         8.472312932274409        6.6049630184273275E-003 
   0.6488633567515937        -17.45975870889395        0.9999970961318159      
   9.9732247631019444E-009
    1.920000000000000         8.727988236466917        6.0248185705510798E-003 
   0.6490128532637367        -17.47579067601164        0.9999972416990726      
   9.9594611281040964E-009
    1.920000000000000         8.985973411624599        5.4857131428321035E-003 
   0.6491472419303250        -17.49193690212910        0.9999973858992619      
   9.9468268713433723E-009
    1.920000000000000         9.246268431579237        4.9849194801944111E-003 
   0.6492679626050482        -17.50819916086675        0.9999975287350295      
   9.9352225956660723E-009
    1.920000000000000         9.508870986458517        4.5197870164162494E-003 
   0.6493763025882991        -17.52457900886089        0.9999976702143614      
   9.9245570034176611E-009
    1.920000000000000         9.773776570115773        4.0877442061080394E-003 
   0.6494734110178684        -17.54107778890604        0.9999978103499191      
   9.9147460309282267E-009
    1.920000000000000         10.04097856927476        3.6862991788987071E-003 
   0.6495603119168118        -17.55769663476755        0.9999979491584257      
   9.9057120750843757E-009
    1.920000000000000         10.31046835399012        3.3130389008562697E-003 
   0.6496379159460504        -17.57443647738434        0.9999980866600983      
   9.8973832988320861E-009
    1.920000000000000         10.58223536904130        2.9656270462583550E-003 
   0.6497070309194057        -17.59129805221160        0.9999982228781259      
   9.8896930056647240E-009
    1.920000000000000         10.85626722589636        2.6418008916869540E-003 
   0.6497683711473943        -17.60828190744529        0.9999983578381653      
   9.8825790781951052E-009
    1.920000000000000         11.13254979490064        2.3393678895077671E-003 
   0.6498225656878125        -17.62538841286939        0.9999984915678872      
   9.8759834861417452E-009
    1.920000000000000         11.41106729736590        2.0562035046274123E-003 
   0.6498701656088026        -17.64261776912405        0.9999986240965854      
   9.8698518916185602E-009
    1.920000000000000         11.69180239725550        1.7902541461206852E-003 
   0.6499116504422402        -17.65997001726263        0.9999987554548749      
   9.8641334279991466E-009
    1.920000000000000         11.97473629218198        1.5395539693011393E-003 
   0.6499474341790183        -17.67744504835868        0.9999988856745506      
   9.8587808236916327E-009
    1.920000000000000         12.25984880345458        1.3022740250311837E-003 
   0.6499778715358845        -17.69504261280841        0.9999990147885717      
   9.8537512043119025E-009
    1.920000000000000         12.54711846493471        1.0768385983702753E-003 
   0.6500032659488126        -17.71276232938715        0.9999991428311810      
   9.8490081235971289E-009
    1.920000000000000         12.83652261047853        8.6216540910248824E-004 
   0.6500238819233162        -17.73060369449371        0.9999992698383559      
   9.8445255218108924E-009
    1.920000000000000         13.12803745976597        6.5810345018131882E-004 
   0.6500399658573912        -17.74856609101500        0.9999993958494066      
   9.8402940305885304E-009
    1.920000000000000         13.42163820233561        4.6612928521956988E-004 
   0.6500517805221127        -17.76664879556859        0.9999995209108554      
   9.8363286396620779E-009
    1.920000000000000         13.71729907966468        2.9028338420619644E-004 
   0.6500596574014756        -17.78485098474047        0.9999996450842531      
   9.8326733194551469E-009
    1.920000000000000         14.01499346515192        1.3816681313591863E-004 
   0.6500640658619241        -17.80317173973564        0.9999997684610851      
   9.8293922984079114E-009
    1.920000000000000         14.31469394187969        2.1638808128806968E-005 
   0.6500656876864037        -17.82161004837408        0.9999998911886158      
   9.8265303861203081E-009
    1.920000000000000         14.61637237804932       -4.3170325442621875E-005 
   0.6500654726614312        -17.84016480561101         1.000000013511492      
   9.8240192954747781E-009
    1.920000000000000         14.92000000000000       -4.3170325442621875E-005 
   0.6500659027113762        -17.85871956284795         1.000000135834368      
   9.8215082048292481E-009
    2.160000000000000        -4.227026579539560         0.000000000000000      
   0.5000000000000000        -19.20690550675834         1.000000000000000      
    0.000000000000000     
    2.160000000000000        -4.014206434341432        1.6123705151462719E-002 
   0.5005324327877743        -19.20690550675834        0.9999979242178735      
   8.7423708832889946E-015
    2.160000000000000        -3.803070304910810        3.0885164281003241E-002 
   0.5020698720417942        -19.20304568664143        0.9999961153430541      
   2.5004982474781641E-014
    2.160000000000000        -3.593549933081869        4.3788199493721050E-002 
   0.5044811901983007        -19.20008108196446        0.9999947014620180      
   6.0536665955002371E-014
    2.160000000000000        -3.385574045583126        5.4571468250171243E-002 
   0.5076203376894772        -19.19799250688790        0.9999936318006285      
   1.3865923591499189E-013
    2.160000000000000        -3.179068445902549        6.3169876645058631E-002 
   0.5113395700815344        -19.19676453282436        0.9999928481229247      
   3.0565162349712586E-013
    2.160000000000000        -2.973956117362914        6.9692929961015296E-002 
   0.5154994769708653        -19.19638053484798        0.9999922916903661      
   6.5045499830535631E-013
    2.160000000000000        -2.770157337224366        7.4376240173100183E-002 
   0.5199767071639075        -19.19682248766364        0.9999919085737529      
   1.3373915832021720E-012
    2.160000000000000        -2.567589801560878        7.7522845370414040E-002 
   0.5246682168449313        -19.19807083415877        0.9999916528478344      
   2.6576529457950598E-012
    2.160000000000000        -2.366168760586374        7.9449644083914389E-002 
   0.5294921898993312        -19.20010458348966        0.9999914878447451      
   5.1054852923017059E-012
    2.160000000000000        -2.165807164036497        8.0448223582563622E-002 
   0.5343864164025871        -19.20290156251567        0.9999913858992903      
   9.4831959790974714E-012
    2.160000000000000        -1.966415816142869        8.0762747237260457E-002 
   0.5393051606423880        -19.20643855032023        0.9999913271991046      
   1.7034032721266872E-011
    2.160000000000000        -1.767903539669862        8.0582698782069390E-002 
   0.5442154716147911        -19.21069142146388        0.9999912982473335      
   2.9592580906025440E-011
    2.160000000000000        -1.570177348419479        8.0045932256567920E-002 
   0.5490936343425588        -19.21563536967363        0.9999912902612325      
   4.9728511299596758E-011
    2.160000000000000        -1.373142627548817        7.9247248807291670E-002 
   0.5539221650672672        -19.22124506171167        0.9999912977431821      
   8.0843137532196720E-011
    2.160000000000000        -1.176703320987477        7.8248726635729918E-002 
   0.5586875023321906        -19.22749467237927        0.9999913173597255      
   1.2716378281691528E-010
    2.160000000000000       -0.9807621251897585        7.7089425917513527E-002 
   0.5633783765819690        -19.23435787704516        0.9999913471408448      
   1.9357537768240449E-010
    2.160000000000000       -0.7852206884089804        7.5793333218280745E-002 
   0.5679847528578323        -19.24180786212360        0.9999913859406300      
   2.8523992979645633E-010
    2.160000000000000       -0.5899798146396622        7.4375273444523216E-002 
   0.5724972132088689        -19.24981736484394        0.9999914330875345      
   4.0698825095529736E-010
    2.160000000000000       -0.3949396713377247        7.2844994391410622E-002 
   0.5769066526252833        -19.25835873205823        0.9999914881653560      
   5.6252412342289900E-010
    2.160000000000000       -0.2000000000000011        7.1209815769396057E-002 
   0.5812041801574455        -19.26740398890193        0.9999915508820257      
   7.5354907697006325E-010
    2.160000000000000       -5.0612032226220773E-003   6.9476255810899390E-002 
   0.5853811344843611        -19.27692488692560        0.9999916209952984      
   9.7897564591115578E-010
    2.160000000000000        0.1899728225015762        6.7650984170941106E-002 
   0.5894291854318983        -19.28689291819829        0.9999916982761410      
   1.2344252500186399E-009
    2.160000000000000        0.3851971143511089        6.5741279739893771E-002 
   0.5933405130870777        -19.29727952602371        0.9999917824937067      
   1.5121964123623422E-009
    2.160000000000000        0.5807063267879043        6.3755220504727789E-002 
   0.5971080002733890        -19.30805633083018        0.9999918734066423      
   1.8017920447667090E-009
    2.160000000000000        0.7765945422431204        6.1701710424136524E-002 
   0.6007253980668354        -19.31919532817449        0.9999919707590920      
   2.0909742539291980E-009
    2.160000000000000        0.9729550842390562        5.9590402556432331E-002 
   0.6041874672103253        -19.33066909613357        0.9999920742791996      
   2.3671817534146101E-009
    2.160000000000000         1.169880333731538        5.7431559670684529E-002 
   0.6074900915346773        -19.34245100788013        0.9999921836785582      
   2.6190433700678441E-009
    2.160000000000000         1.367461549433629        5.5235878742808643E-002 
   0.6106303578791314        -19.35451543835655        0.9999922986526261      
   2.8376894019150449E-009
    2.160000000000000         1.565788692852865        5.3014297324130828E-002 
   0.6136065996485616        -19.36683795723929        0.9999924188823437      
   3.0176124102440254E-009
    2.160000000000000         1.764950258740411        5.0777794995849487E-002 
   0.6164184034909969        -19.37939550279675        0.9999925440367058      
   3.1569443718493603E-009
    2.160000000000000         1.965033111612069        4.8537200169449263E-002 
   0.6190665806650806        -19.39216653191335        0.9999926737757334      
   3.2571597877433723E-009
    2.160000000000000         2.166122328958343        4.6303010327549653E-002 
   0.6215531064331702        -19.40513114170331        0.9999928077534497      
   3.3223395038891127E-009
    2.160000000000000         2.368301051714338        4.4085231912238308E-002 
   0.6238810321818760        -19.41827115921894        0.9999929456207186      
   3.3582033458231127E-009
    2.160000000000000         2.571650342510284        4.1893244264777738E-002 
   0.6260543758893204        -19.43157019755530        0.9999930870279147      
   3.3711285459758371E-009
    2.160000000000000         2.776249052171010        3.9735690278699658E-002 
   0.6280779970206880        -19.44501367829582        0.9999932316274126      
   3.3673253379282245E-009
    2.160000000000000         2.982173694877646        3.7620394801356802E-002 
   0.6299574619679549        -19.45858882158676        0.9999933790759289      
   3.3522657547605728E-009
    2.160000000000000         3.189498332348288        3.5554310380342513E-002 
   0.6316989058127490        -19.47228460642203        0.9999935290367302      
   3.3303843583327160E-009
    2.160000000000000         3.398294467336542        3.3543488762926267E-002 
   0.6333088955650495        -19.48609170483496        0.9999936811816885      
   3.3050111306647883E-009
    2.160000000000000         3.608630946688375        3.1593075655692526E-002 
   0.6347942992095815        -19.50000239430841        0.9999938351931346      
   3.2784661591830541E-009
    2.160000000000000         3.820573874139177        2.9707325646457675E-002 
   0.6361621639684030        -19.51401045283920        0.9999939907654735      
   3.2522412337806321E-009
    2.160000000000000         4.034186532974921        2.7889633864542809E-002 
   0.6374196062426771        -19.52811104102058        0.9999941476065697      
   3.2272066311430484E-009
    2.160000000000000         4.249529318623878        2.6142580873126420E-002 
   0.6385737147948539        -19.54230057540914        0.9999943054389278      
   3.2038021550903900E-009
    2.160000000000000         4.466659681189796        2.4467987401983166E-002 
   0.6396314679241257        -19.55657659723716        0.9999944640006641      
   3.1821918939970965E-009
    2.160000000000000         4.685632077883227        2.2866975789518705E-002 
   0.6405996647047153        -19.57093764012508        0.9999946230462775      
   3.1623776235083924E-009
    2.160000000000000         4.906497935255945        2.1340035360150385E-002 
   0.6414848698122848        -19.58538309988483        0.9999947823471821      
   3.1442750735279675E-009
    2.160000000000000         5.129305621094297        1.9887089372550154E-002 
   0.6422933710583633        -19.59991310889525        0.9999949416920212      
   3.1277612699906227E-009
    2.160000000000000         5.354100425780786        1.8507561599524099E-002 
   0.6430311484763052        -19.61452841695756        0.9999951008867725      
   3.1127016055013821E-009
    2.160000000000000         5.580924552890115        1.7200441013336405E-002 
   0.6437038536390114        -19.62923028002617        0.9999952597546569      
   3.0989639104499342E-009
    2.160000000000000         5.809817118746128        1.5964343431442679E-002 
   0.6443167978192965        -19.64402035779040        0.9999954181358873      
   3.0864248418984893E-009
    2.160000000000000         6.040814160629681        1.4797569314704150E-002 
   0.6448749476083209        -19.65890062075370        0.9999955758872594      
   3.0749720922661119E-009
    2.160000000000000         6.273948653295052        1.3698157197639029E-002 
   0.6453829266671827        -19.67387326715049        0.9999957328815829      
   3.0645045285357009E-009
    2.160000000000000         6.509250533423568        1.2663932467515515E-002 
   0.6458450223850561        -19.68894064964852        0.9999958890069470      
   3.0549314335618706E-009
    2.160000000000000         6.746746731618209        1.1692551397902914E-002 
   0.6462651963394366        -19.70410521135472        0.9999960441658502      
   3.0461714471639307E-009
    2.160000000000000         6.986461211521710        1.0781540485897374E-002 
   0.6466470975871312        -19.71936943038394        0.9999961982742506      
   3.0381514831333960E-009
    2.160000000000000         7.228415015623348        9.9283312457988555E-003 
   0.6469940779488494        -19.73473577223573        0.9999963512606328      
   3.0308057324459288E-009
    2.160000000000000         7.472626317305855        9.1302906823247168E-003 
   0.6473092085793630        -19.75020664937499        0.9999965030651232      
   3.0240747846661937E-009
    2.160000000000000         7.719110478673879        8.3847477105465570E-003 
   0.6475952972357996        -19.76578438757157        0.9999966536386798      
   3.0179048664467701E-009
    2.160000000000000         7.967880113698818        7.6890158140074123E-003 
   0.6478549057670111        -19.78147119857518        0.9999968029423174      
   3.0122471843861435E-009
    2.160000000000000         8.218945156211536        7.0404122417479119E-003 
   0.6480903674460446        -19.79726915854727        0.9999969509463352      
   3.0070573571064498E-009
    2.160000000000000         8.472312932274409        6.4362740422813074E-003 
   0.6483038038540905        -19.81318019153054        0.9999970976295520      
   3.0022949224640610E-009
    2.160000000000000         8.727988236466917        5.8739712205242503E-003 
   0.6484971410972025        -19.82920605725585        0.9999972429785366      
   2.9979229078244454E-009
    2.160000000000000         8.985973411624599        5.3509172855929340E-003 
   0.6486721251976213        -19.84534834266496        0.9999973869868577      
   2.9939074533631820E-009
    2.160000000000000         9.246268431579237        4.8645774360633037E-003 
   0.6488303365514312        -19.86160845656180        0.9999975296543424      
   2.9902174801028797E-009
    2.160000000000000         9.508870986458517        4.4124746063491319E-003 
   0.6489732033844777        -19.87798762685058        0.9999976709863733      
   2.9868243958205951E-009
    2.160000000000000         9.773776570115773        3.9921935748608844E-003 
   0.6491020141696557        -19.89448689992927        0.9999978109932208      
   2.9837018331082507E-009
    2.160000000000000         10.04097856927476        3.6013833148859191E-003 
   0.6492179289921880        -19.91110714191351        0.9999979496894212      
   2.9808254148163761E-009
    2.160000000000000         10.31046835399012        3.2377577605898883E-003 
   0.6493219898674476        -19.92784904139721        0.9999980870932021      
   2.9781725429724814E-009
    2.160000000000000         10.58223536904130        2.8990951836192613E-003 
   0.6494151300302067        -19.94471311345043        0.9999982232259373      
   2.9757222082512730E-009
    2.160000000000000         10.85626722589636        2.5832364856079601E-003 
   0.6494981822271674        -19.96169970456758        0.9999983581116366      
   2.9734548186563165E-009
    2.160000000000000         11.13254979490064        2.2880830503299796E-003 
   0.6495718860621946        -19.97880899830996        0.9999984917764804      
   2.9713520493182517E-009
    2.160000000000000         11.41106729736590        2.0115957028973477E-003 
   0.6496368944818787        -19.99604102144680        0.9999986242484187      
   2.9693967224897776E-009
    2.160000000000000         11.69180239725550        1.7517985123670357E-003 
   0.6496937795834352        -20.01339565044522        0.9999987555568690      
   2.9675727421866173E-009
    2.160000000000000         11.97473629218198        1.5067959901848759E-003 
   0.6497430381496788        -20.03087261802759        0.9999988857325616      
   2.9658651380346537E-009
    2.160000000000000         12.25984880345458        1.2748216963418089E-003 
   0.6497850977995598        -20.04847151939431        0.9999990148075238      
   2.9642603240298370E-009
    2.160000000000000         12.54711846493471        1.0543522503180434E-003 
   0.6498203255801667        -20.06619181815011        0.9999991428151828      
   2.9627467458368928E-009
    2.160000000000000         12.83652261047853        8.4434214024852491E-004 
   0.6498490423823262        -20.08403285238078        0.9999992697907997      
   2.9613161354745205E-009
    2.160000000000000         13.12803745976597        6.4465168488343587E-004 
   0.6498715486325370        -20.10199384028603        0.9999993957730550      
   2.9599655005805690E-009
    2.160000000000000         13.42163820233561        4.5672841590597979E-004 
   0.6498881684908495        -20.12007388408096        0.9999995208079209      
   2.9586995276055507E-009
    2.160000000000000         13.71729907966468        2.8452563628694717E-004 
   0.6498993193057403        -20.13827197281771        0.9999996449564610      
   2.9575319950832989E-009
    2.160000000000000         14.01499346515192        1.3548526278789574E-004 
   0.6499056075579872        -20.15658698349708        0.9999997683097218      
   2.9564829414049596E-009
    2.160000000000000         14.31469394187969        2.1236563507595296E-005 
   0.6499079404806256        -20.17501767929743        0.9999998910145529      
   2.9555660760725116E-009
    2.160000000000000         14.61637237804932       -4.2364245945240874E-005 
   0.6499076270618039        -20.19356270605469         1.000000013315188      
   2.9547593763845432E-009
    2.160000000000000         14.92000000000000       -4.2364245945240874E-005 
   0.6499082538994474        -20.21210773281195         1.000000135615823      
   2.9539526766965749E-009
    2.399999999999999        -4.227026579539560         0.000000000000000      
   0.5000000000000000        -21.57327064699194         1.000000000000000      
    0.000000000000000     
    2.399999999999999        -4.014206434341432        1.4935971565928274E-002 
   0.5005190565578803        -21.57327064699194        0.9999979436997103      
   2.7116531653060347E-015
    2.399999999999999        -3.803070304910810        2.8622724911661342E-002 
   0.5020190784719487        -21.56949044724929        0.9999961510039461      
   7.7320370500172838E-015
    2.399999999999999        -3.593549933081869        4.0595355769064485E-002 
   0.5043740567197831        -21.56656643126035        0.9999947488270248      
   1.8647379579051934E-014
    2.399999999999999        -3.385574045583126        5.0606438464471409E-002 
   0.5074422861375287        -21.56448100461068        0.9999936872727404      
   4.2541377751158787E-014
    2.399999999999999        -3.179068445902549        5.8591536936691238E-002 
   0.5110794352389088        -21.56322016136059        0.9999929089568995      
   9.3407056202929258E-014
    2.399999999999999        -2.973956117362914        6.4649431019395714E-002 
   0.5151486306236259        -21.56276858756786        0.9999923558837137      
   1.9802299619024805E-013
    2.399999999999999        -2.770157337224366        6.8997156467095339E-002 
   0.5195283051611054        -21.56310947223301        0.9999919747198893      
   4.0566392686430718E-013
    2.399999999999999        -2.567589801560878        7.1915389875315372E-002 
   0.5241166118347541        -21.56422439497628        0.9999917199857841      
   8.0331103335419130E-013
    2.399999999999999        -2.366168760586374        7.3698475206074629E-002 
   0.5288325233157118        -21.56609345079952        0.9999915553269397      
   1.5380545703796067E-012
    2.399999999999999        -2.165807164036497        7.4617789865864648E-002 
   0.5336143796212454        -21.56869553372211        0.9999914532863701      
   2.8478277518566690E-012
    2.399999999999999        -1.966415816142869        7.4900980748249676E-002 
   0.5384168999866117        -21.57200850245734        0.9999913941834552      
   5.1001086831935562E-012
    2.399999999999999        -1.767903539669862        7.4725050689494935E-002 
   0.5432076048675591        -21.57600935760385        0.9999913646018375      
   8.8354825128352437E-012
    2.399999999999999        -1.570177348419479        7.4219070971431073E-002 
   0.5479633456948114        -21.58067450238237        0.9999913558064486      
   1.4808966586146447E-011
    2.399999999999999        -1.373142627548817        7.3472071236186806E-002 
   0.5526673485149860        -21.58597993053919        0.9999913623268165      
   2.4017317726610530E-011
    2.399999999999999        -1.176703320987477        7.2542587804963005E-002 
   0.5573069282022404        -21.59190128949362        0.9999913808444770      
   3.7696458012414818E-011
    2.399999999999999       -0.9807621251897585        7.1467649224124033E-002 
   0.5618718606790964        -21.59841389561739        0.9999914093980021      
   5.7271664656707210E-011
    2.399999999999999       -0.7852206884089804        7.0270135999149969E-002 
   0.5663533120153000        -21.60549276192854        0.9999914468473665      
   8.4246507449127872E-011
    2.399999999999999       -0.5899798146396622        6.8964257466821027E-002 
   0.5707431946311072        -21.61311264807905        0.9999914925263087      
   1.2002627593894817E-010
    2.399999999999999       -0.3949396713377247        6.7559334780256095E-002 
   0.5750338274420657        -21.62124812063723        0.9999915460243862      
   1.6568764007647580E-010
    2.399999999999999       -0.2000000000000011        6.6062254257657618E-002 
   0.5792177944010699        -21.62987361358588        0.9999916070562677      
   2.2172570068759240E-010
    2.399999999999999       -5.0612032226220773E-003   6.4478975663914709E-002 
   0.5832879134932845        -21.63896346030350        0.9999916753876221      
   2.8782658221881846E-010
    2.399999999999999        0.1899728225015762        6.2815420074491118E-002 
   0.5872372893141407        -21.64849188500619        0.9999917507985050      
   3.6272176829042585E-010
    2.399999999999999        0.3851971143511089        6.1077905201444294E-002 
   0.5910594426576495        -21.65843317254198        0.9999918330681853      
   4.4417755495775064E-010
    2.399999999999999        0.5807063267879043        5.9273338671735773E-002 
   0.5947484565510721        -21.66876184756370        0.9999919219663274      
   5.2914532247444526E-010
    2.399999999999999        0.7765945422431204        5.7409266208437656E-002 
   0.5982991013428500        -21.67945282268290        0.9999920172488523      
   6.1406414108495324E-010
    2.399999999999999        0.9729550842390562        5.5493828827474549E-002 
   0.6017069433062079        -21.69048155319341        0.9999921186562419      
   6.9526910027618831E-010
    2.399999999999999         1.169880333731538        5.3535665873497465E-002 
   0.6049684343287953        -21.70182419638732        0.9999922259127563      
   7.6942940079551957E-010
    2.399999999999999         1.367461549433629        5.1543786620650914E-002 
   0.6080809781854726        -21.71345776683961        0.9999923387266187      
   8.3393059357687298E-010
    2.399999999999999         1.565788692852865        4.9527425201250135E-002 
   0.6110429708778971        -21.72536028223508        0.9999924567914270      
   8.8712890728848119E-010
    2.399999999999999         1.764950258740411        4.7495889226109173E-002 
   0.6138538142013455        -21.73751089643857        0.9999925797885371      
   9.2843807980974699E-010
    2.399999999999999         1.965033111612069        4.5458409920572568E-002 
   0.6165139031690208        -21.74989001669908        0.9999927073898587      
   9.5824983443486200E-010
    2.399999999999999         2.166122328958343        4.3423999928131111E-002 
   0.6190245891839103        -21.76247940145822        0.9999928392606657      
   9.7772538144251199E-010
    2.399999999999999         2.368301051714338        4.1401323609441737E-002 
   0.6213881218585697        -21.77526223574080        0.9999929750622802      
   9.8851713012441236E-010
    2.399999999999999         2.571650342510284        3.9398583456476205E-002 
   0.6236075731154906        -21.78822318236008        0.9999931144546174      
   9.9248324547932444E-010
    2.399999999999999         2.776249052171010        3.7423425077605293E-002 
   0.6256867476472185        -21.80134840832505        0.9999932570985746      
   9.9144531585420651E-010
    2.399999999999999         2.982173694877646        3.5482862097248498E-002 
   0.6276300839833291        -21.81462558678026        0.9999934026583096      
   9.8701809402892559E-010
    2.399999999999999         3.189498332348288        3.3583221291804119E-002 
   0.6294425503241612        -21.82804387581710        0.9999935508034119      
   9.8051796330871878E-010
    2.399999999999999         3.398294467336542        3.1730107394241730E-002 
   0.6311295390007581        -21.84159387644176        0.9999937012109560      
   9.7293955507494394E-010
    2.399999999999999         3.608630946688375        2.9928386275423956E-002 
   0.6326967629607889        -21.85526757252649        0.9999938535673749      
   9.6498061754742435E-010
    2.399999999999999         3.820573874139177        2.8182184667930182E-002 
   0.6341501571169686        -21.86905825571796        0.9999940075701048      
   9.5709347549039229E-010
    2.399999999999999         4.034186532974921        2.6494904238900004E-002 
   0.6354957867790981        -21.88296043831236        0.9999941629290204      
   9.4954491900959991E-010
    2.399999999999999         4.249529318623878        2.4869247629656872E-002 
   0.6367397647694673        -21.89696975718019        0.9999943193676751      
   9.4247224984048364E-010
    2.399999999999999         4.466659681189796        2.3307254039249721E-002 
   0.6378881782330652        -21.91108287183283        0.9999944766243485      
   9.3592913704625134E-010
    2.399999999999999         4.685632077883227        2.1810342008544897E-002 
   0.6389470256278140        -21.92529735953895        0.9999946344528904      
   9.2991951641593369E-010
    2.399999999999999         4.906497935255945        2.0379357230948338E-002 
   0.6399221639333159        -21.93961161005810        0.9999947926233551      
   9.2442058402584999E-010
    2.399999999999999         5.129305621094297        1.9014623445989809E-002 
   0.6408192657567955        -21.95402472215713        0.9999949509224043      
   9.1939719671492198E-010
    2.399999999999999         5.354100425780786        1.7715994736546753E-002 
   0.6416437857420144        -21.96853640368426        0.9999951091535032      
   9.1481019058149648E-010
    2.399999999999999         5.580924552890115        1.6482907827420991E-002 
   0.6424009354956424        -21.98314687661340        0.9999952671369169      
   9.1062076267044743E-010
    2.399999999999999         5.809817118746128        1.5314433255094517E-002 
   0.6430956661268563        -21.99785678814514        0.9999954247095184      
   9.0679250389857026E-010
    2.399999999999999         6.040814160629681        1.4209324533446380E-002 
   0.6437326574388340        -22.01266712864230        0.9999955817244167      
   9.0329214022845427E-010
    2.399999999999999         6.273948653295052        1.3166064670042674E-002 
   0.6443163128036931        -22.02757915684144        0.9999957380504180      
   9.0008962554140576E-010
    2.399999999999999         6.509250533423568        1.2182909587698555E-002 
   0.6448507587836516        -22.04259433242811        0.9999958935713400      
   8.9715794701612048E-010
    2.399999999999999         6.746746731618209        1.1257928174212586E-002 
   0.6453398486194833        -22.05771425578590        0.9999960481852314      
   8.9447282920785328E-010
    2.399999999999999         6.986461211521710        1.0389038819735612E-002 
   0.6457871687827024        -22.07294061461729        0.9999962018035559      
   8.9201242415788480E-010
    2.399999999999999         7.228415015623348        9.5740424086145116E-003 
   0.6461960478726536        -22.08827513714198        0.9999963543503897      
   8.8975702331288803E-010
    2.399999999999999         7.472626317305855        8.8106518144282948E-003 
   0.6465695672282099        -22.10371955162341        0.9999965057616390      
   8.8768880237931482E-010
    2.399999999999999         7.719110478673879        8.0965180072958016E-003 
   0.6469105727120943        -22.11927555195777        0.9999966559842774      
   8.8579159962914266E-010
    2.399999999999999         7.967880113698818        7.4292529250367806E-003 
   0.6472216872109804        -22.13494476893697        0.9999968049755765      
   8.8405072430935649E-010
    2.399999999999999         8.218945156211536        6.8064492872044000E-003 
   0.6475053234737564        -22.15072874664944        0.9999969527023251      
   8.8245279089122125E-010
    2.399999999999999         8.472312932274409        6.2256975457233125E-003 
   0.6477636969815377        -22.16662892343865        0.9999970991400509      
   8.8098557511071152E-010
    2.399999999999999         8.727988236466917        5.6846001706922101E-003 
   0.6479988386054489        -22.18264661687945        0.9999972442722396      
   8.7963788830397150E-010
    2.399999999999999         8.985973411624599        5.1807834677590897E-003 
   0.6482126068623033        -22.19878301224988        0.9999973880895732      
   8.7839946712084982E-010
    2.399999999999999         9.246268431579237        4.7119071163501010E-003 
   0.6484066996244201        -22.21503915398391        0.9999975305891894      
   8.7726087620515014E-010
    2.399999999999999         9.508870986458517        4.2756716072850556E-003 
   0.6485826651780395        -22.23141593965598        0.9999976717739771      
   8.7621342184454975E-010
    2.399999999999999         9.773776570115773        3.8698237458917577E-003 
   0.6487419125555967        -22.24791411615735        0.9999978116519058      
   8.7524907492780447E-010
    2.399999999999999         10.04097856927476        3.4921603761132454E-003 
   0.6488857210916710        -22.26453427776980        0.9999979502354022      
   8.7436040182387430E-010
    2.399999999999999         10.31046835399012        3.1405304798279021E-003 
   0.6490152491721934        -22.28127686582056        0.9999980875407618      
   8.7354050205130392E-010
    2.399999999999999         10.58223536904130        2.8128358333339744E-003 
   0.6491315421629786        -22.29814216959147        0.9999982235875915      
   8.7278295190178229E-010
    2.399999999999999         10.85626722589636        2.5070305131432609E-003 
   0.6492355395194186        -22.31513032820310        0.9999983583982937      
   8.7208175366512861E-010
    2.399999999999999         11.13254979490064        2.2211198732975381E-003 
   0.6493280811013941        -22.33224133323989        0.9999984919975898      
   8.7143129110370504E-010
    2.399999999999999         11.41106729736590        1.9531604918559915E-003 
   0.6494099127651070        -22.34947503192602        0.9999986244121195      
   8.7082629404039927E-010
    2.399999999999999         11.69180239725550        1.7012647015144191E-003 
   0.6494816914186616        -22.36683113068320        0.9999987556701236      
   8.7026181966279837E-010
    2.399999999999999         11.97473629218198        1.4636179780524909E-003 
   0.6495439899975509        -22.38430919875181        0.9999988858012884      
   8.6973326739914164E-010
    2.399999999999999         12.25984880345458        1.2385266184330528E-003 
   0.6495973034013143        -22.40190867143480        0.9999990148367174      
   8.6923645986570168E-010
    2.399999999999999         12.54711846493471        1.0245286404860360E-003 
   0.6496420575742556        -22.41962885299159        0.9999991428090289      
   8.6876784299466005E-010
    2.399999999999999         12.83652261047853        8.2062164703140101E-004 
   0.6496786258370442        -22.43746891964367        0.9999992697527698      
   8.6832487173743015E-010
    2.399999999999999         13.12803745976597        6.2667806731993617E-004 
   0.6497073592134051        -22.45542792207842        0.9999993957059877      
   8.6790661853712581E-010
    2.399999999999999         13.42163820233561        4.4410696646920137E-004 
   0.6497286399614585        -22.47350478611671        0.9999995207140979      
   8.6751450302842012E-010
    2.399999999999999         13.71729907966468        2.7674820554714251E-004 
   0.6497429675394522        -22.49169831222076        0.9999996448376651      
   8.6715270881852059E-010
    2.399999999999999         14.01499346515192        1.3183360609275821E-004 
   0.6497510804565928        -22.51000717315297        0.9999997681672816      
   8.6682728971899798E-010
    2.399999999999999         14.31469394187969        2.0679696331180159E-005 
   0.6497541038806957        -22.52842990850425        0.9999998908493698      
   8.6654229517443903E-010
    2.399999999999999         14.61637237804932       -4.1250257050713194E-005 
   0.6497536948623531        -22.54696491717291         1.000000013127735      
   8.6629082787009584E-010
    2.399999999999999         14.92000000000000       -4.1250257050713194E-005 
   0.6497545128990382        -22.56549992584156         1.000000135406101      
   8.6603936056575264E-010
    2.640000000000000        -4.227026579539560         0.000000000000000      
   0.5000000000000000        -23.93857772844306         1.000000000000000      
    0.000000000000000     
    2.640000000000000        -4.014206434341432        1.3777634841989022E-002 
   0.5005064405375084        -23.93857772844306        0.9999979617664916      
   8.2055439289821441E-016
    2.640000000000000        -3.803070304910810        2.6413641562345491E-002 
   0.5019710911772054        -23.93487393136973        0.9999961840777772      
   2.3325218034772259E-015
    2.640000000000000        -3.593549933081869        3.7474833878565261E-002 
   0.5042726718350039        -23.93199064609787        0.9999947927602155      
   5.6037126136788631E-015
    2.640000000000000        -3.385574045583126        4.6728554274953121E-002 
   0.5072735910802436        -23.92991163254414        0.9999937387291372      
   1.2732899441854475E-014
    2.640000000000000        -3.179068445902549        5.4111920350689430E-002 
   0.5108328411895191        -23.92862412693603        0.9999929653882079      
   2.7847171484845187E-014
    2.640000000000000        -2.973956117362914        5.9713826718217164E-002 
   0.5148161015333828        -23.92811399409817        0.9999924154295071      
   5.8811094170045174E-014
    2.640000000000000        -2.770157337224366        6.3733443716740071E-002 
   0.5191036719108140        -23.92836554740953        0.9999920360723842      
   1.2003766209330075E-013
    2.640000000000000        -2.567589801560878        6.6429625634257639E-002 
   0.5235950171746304        -23.92936144925475        0.9999917822510640      
   2.3687078898709614E-013
    2.640000000000000        -2.366168760586374        6.8074518249113508E-002 
   0.5282100169181803        -23.93108285479320        0.9999916179026400      
   4.5201025811519626E-013
    2.640000000000000        -2.165807164036497        6.8919475663945448E-002 
   0.5328876600087453        -23.93350971881859        0.9999915157642655      
   8.3428469266873866E-013
    2.640000000000000        -1.966415816142869        6.9175672907304336E-002 
   0.5375831846416086        -23.93662098336618        0.9999914562785601      
   1.4896443959107543E-012
    2.640000000000000        -1.767903539669862        6.9007568856298621E-002 
   0.5422646018825540        -23.94039477871959        0.9999914261047452      
   2.5734649472100687E-012
    2.640000000000000        -1.570177348419479        6.8535315813064546E-002 
   0.5469092984618769        -23.94480871015574        0.9999914165527263      
   4.3021288796265247E-012
    2.640000000000000        -1.373142627548817        6.7841993769623590E-002 
   0.5515011270289144        -23.94984006922163        0.9999914221778761      
   6.9605464601421340E-012
    2.640000000000000        -1.176703320987477        6.6982403637495136E-002 
   0.5560281444886784        -23.95546591562078        0.9999914396762393      
   1.0901153291925025E-011
    2.640000000000000       -0.9807621251897585        6.5991355135114199E-002 
   0.5604809902218966        -23.96166310735243        0.9999914670948743      
   1.6529536917093808E-011
    2.640000000000000       -0.7852206884089804        6.4890459177607121E-002 
   0.5648518070903739        -23.96840833947613        0.9999915032995986      
   2.4272813047309845E-011
    2.640000000000000       -0.5899798146396622        6.3693183180042884E-002 
   0.5691335788836698        -23.97567820025852        0.9999915476292710      
   3.4529625611070571E-011
    2.640000000000000       -0.3949396713377247        6.2408342571135381E-002 
   0.5733197638803755        -23.98344923132177        0.9999915996788208      
   4.7605121355480983E-011
    2.640000000000000       -0.2000000000000011        6.1042365348248681E-002 
   0.5774041214719132        -23.99169798106804        0.9999916591690180      
   6.3639655593643267E-011
    2.640000000000000       -5.0612032226220773E-003   5.9600685814593615E-002 
   0.5813806462493551        -24.00040102420899        0.9999917258725745      
   8.2544703043184916E-011
    2.640000000000000        0.1899728225015762        5.8088568184529801E-002 
   0.5852435838806553        -24.00953493668005        0.9999917995775400      
   1.0396167807820718E-010
    2.640000000000000        0.3851971143511089        5.6511516831524680E-002 
   0.5889875234345014        -24.01907643402633        0.9999918800720137      
   1.2725862002186997E-010
    2.640000000000000        0.5807063267879043        5.4875467390959366E-002 
   0.5926075083962445        -24.02900251523128        0.9999919671352280      
   1.5157199193778489E-010
    2.640000000000000        0.7765945422431204        5.3186848019298703E-002 
   0.5960991311240048        -24.03929057350340        0.9999920605332886      
   1.7589136481844030E-010
    2.640000000000000        0.9729550842390562        5.1452560279142245E-002 
   0.5994586162429643        -24.04991851142224        0.9999921600173204      
   1.9917413305486839E-010
    2.640000000000000         1.169880333731538        4.9679912741739454E-002 
   0.6026828915553837        -24.06086485998023        0.9999922653225068      
   2.2046914681098943E-010
    2.640000000000000         1.367461549433629        4.7876527142474125E-002 
   0.6057696427003048        -24.07210889462550        0.9999923761680924      
   2.3902530164902410E-010
    2.640000000000000         1.565788692852865        4.6050229452017560E-002 
   0.6087173493567903        -24.08363074457812        0.9999924922586358      
   2.5436472038967659E-010
    2.640000000000000         1.764950258740411        4.4208934160828509E-002 
   0.6115253020227142        -24.09541149365322        0.9999926132862454      
   2.6630907571878692E-010
    2.640000000000000         1.965033111612069        4.2360527834672430E-002 
   0.6141935994582017        -24.10743327070932        0.9999927389332364      
   2.7495893181839165E-010
    2.640000000000000         2.166122328958343        4.0512756649263862E-002 
   0.6167231277900886        -24.11967932705141        0.9999928688748049      
   2.8063620400743458E-010
    2.640000000000000         2.368301051714338        3.8673121647557013E-002 
   0.6191155230182640        -24.13213409824664        0.9999930027815858      
   2.8380613827187132E-010
    2.640000000000000         2.571650342510284        3.6848784639425577E-002 
   0.6213731192340716        -24.14478324869733        0.9999931403220823      
   2.8499642485208377E-010
    2.640000000000000         2.776249052171010        3.5046486884005620E-002 
   0.6234988852512517        -24.15761369812317        0.9999932811649688      
   2.8472780209306802E-010
    2.640000000000000         2.982173694877646        3.3272481939982966E-002 
   0.6254963525610799        -24.17061362974919        0.9999934249812960      
   2.8346464064467589E-010
    2.640000000000000         3.189498332348288        3.1532483353451150E-002 
   0.6273695375624373        -24.18377248077594        0.9999935714466206      
   2.8158772834269254E-010
    2.640000000000000         3.398294467336542        2.9831627202596848E-002 
   0.6291228609045318        -24.19708091649159        0.9999937202430402      
   2.7938653969795407E-010
    2.640000000000000         3.608630946688375        2.8174448958082784E-002 
   0.6307610665446794        -24.21053078983427        0.9999938710610552      
   2.7706551372322132E-010
    2.640000000000000         3.820573874139177        2.6564873664955767E-002 
   0.6322891427981522        -24.22411508832802        0.9999940236012358      
   2.7475823975064781E-010
    2.640000000000000         4.034186532974921        2.5006218114243205E-002 
   0.6337122472727392        -24.23782787039015        0.9999941775756827      
   2.7254434843488258E-010
    2.640000000000000         4.249529318623878        2.3501203449114300E-002 
   0.6350356371679078        -24.25166419317292        0.9999943327093146      
   2.7046552783095029E-010
    2.640000000000000         4.466659681189796        2.2051976533150157E-002 
   0.6362646060059984        -24.26562003423913        0.9999944887409663      
   2.6853875907330216E-010
    2.640000000000000         4.685632077883227        2.0660138383212748E-002 
   0.6374044274744262        -24.27969220933246        0.9999946454243107      
   2.6676618736717586E-010
    2.640000000000000         4.906497935255945        1.9326778019764193E-002 
   0.6384603067097809        -24.29387828831096        0.9999948025285502      
   2.6514187409181323E-010
    2.640000000000000         5.129305621094297        1.8052510195286052E-002 
   0.6394373390567448        -24.30817651105443        0.9999949598388993      
   2.6365606259429051E-010
    2.640000000000000         5.354100425780786        1.6837515609111800E-002 
   0.6403404760914942        -24.32258570489206        0.9999951171568429      
   2.6229766671409029E-010
    2.640000000000000         5.580924552890115        1.5681582388612399E-002 
   0.6411744985113152        -24.33710520483175        0.9999952743001804      
   2.6105559818715916E-010
    2.640000000000000         5.809817118746128        1.4584147798710680E-002 
   0.6419439953568131        -24.35173477761654        0.9999954311028856      
   2.5991939478603935E-010
    2.640000000000000         6.040814160629681        1.3544339323302500E-002 
   0.6426533489453716        -24.36647455036977        0.9999955874147739      
   2.5887945988703222E-010
    2.640000000000000         6.273948653295052        1.2561014435093649E-002 
   0.6433067248479323        -24.38132494432787        0.9999957431010283      
   2.5792710447919254E-010
    2.640000000000000         6.509250533423568        1.1632798528732582E-002 
   0.6439080662283685        -24.39628661392007        0.9999958980416083      
   2.5705449980306152E-010
    2.640000000000000         6.746746731618209        1.0758120632349256E-002 
   0.6444610918781573        -24.41136039129465        0.9999960521305844      
   2.5625459707495937E-010
    2.640000000000000         6.986461211521710        9.9352466332381598E-003 
   0.6449692973117329        -24.42654723631379        0.9999962052754419      
   2.5552104115566850E-010
    2.640000000000000         7.228415015623348        9.1623098546869605E-003 
   0.6454359583340346        -24.44184819199709        0.9999963573963703      
   2.5484808942301746E-010
    2.640000000000000         7.472626317305855        8.4373389040215893E-003 
   0.6458641365465817        -24.45726434533636        0.9999965084255393      
   2.5423053955433467E-010
    2.640000000000000         7.719110478673879        7.7582827783988602E-003 
   0.6462566863179632        -24.47279679329314        0.9999966583063554      
   2.5366366661904761E-010
    2.640000000000000         7.967880113698818        7.1230332663539744E-003 
   0.6466162628054476        -24.48844661365505        0.9999968069926956      
   2.5314316864003522E-010
    2.640000000000000         8.218945156211536        6.5294447211176505E-003 
   0.6469453306735016        -24.50421484034418        0.9999969544481256      
   2.5266511945597468E-010
    2.640000000000000         8.472312932274409        5.9753513081892279E-003 
   0.6472461732102763        -24.52010244276156        0.9999971006451195      
   2.5222592775004395E-010
    2.640000000000000         8.727988236466917        5.4585818469082758E-003 
   0.6475209015937650        -24.53611030875087        0.9999972455642757      
   2.5182230125643320E-010
    2.640000000000000         8.985973411624599        4.9769723757407038E-003 
   0.6477714641048191        -24.55223923074194        0.9999973891935600      
   2.5145121531699942E-010
    2.640000000000000         9.246268431579237        4.5283765749761333E-003 
   0.6479996551240131        -24.56848989465740        0.9999975315275630      
   2.5110988510307930E-010
    2.640000000000000         9.508870986458517        4.1106741799388294E-003 
   0.6482071237832879        -24.58486287124176        0.9999976725668059      
   2.5079574093517509E-010
    2.640000000000000         9.773776570115773        3.7217775146552818E-003 
   0.6483953821717595        -24.60135860954234        0.9999978123170684      
   2.5050640622854804E-010
    2.640000000000000         10.04097856927476        3.3596362734259217E-003 
   0.6485658130186727        -24.61797743225728        0.9999979507887574      
   2.5023967767191715E-010
    2.640000000000000         10.31046835399012        3.0222406829081617E-003 
   0.6487196767960846        -24.63471953262035        0.9999980879963090      
   2.4999350731954015E-010
    2.640000000000000         10.58223536904130        2.7076232090107802E-003 
   0.6488581182007935        -24.65158497249980        0.9999982239576267      
   2.4976598636350132E-010
    2.640000000000000         10.85626722589636        2.4138590826454148E-003 
   0.6489821719922271        -24.66857368146587        0.9999983586935585      
   2.4955533049692084E-010
    2.640000000000000         11.13254979490064        2.1390662381639350E-003 
   0.6490927681888008        -24.68568545661963        0.9999984922274171      
   2.4935986707906400E-010
    2.640000000000000         11.41106729736590        1.8814061004259861E-003 
   0.6491907366811657        -24.70291996299509        0.9999986245845699      
   2.4917802497874735E-010
    2.640000000000000         11.69180239725550        1.6390886894645739E-003 
   0.6492768114550260        -24.72027673434531        0.9999987557921202      
   2.4900832939198488E-010
    2.640000000000000         11.97473629218198        1.4103899847507828E-003 
   0.6493516349295343        -24.73775517396523        0.9999988858787330      
   2.4884940669153742E-010
    2.640000000000000         12.25984880345458        1.1936982904814329E-003 
   0.6494157635989497        -24.75535455508337        0.9999990148746117      
   2.4870000901130020E-010
    2.640000000000000         12.54711846493471        9.8762125714348093E-004 
   0.6494696775022402        -24.77307402084540        0.9999991428115782      
   2.4855907433379213E-010
    2.640000000000000         12.83652261047853        7.9120529380511057E-004 
   0.6495137983217834        -24.79091258436836        0.9999992697234713      
   2.4842584161393987E-010
    2.640000000000000         13.12803745976597        6.0433533957260387E-004 
   0.6495485240945100        -24.80886912823840        0.9999993956477138      
   2.4830003141645792E-010
    2.640000000000000         13.42163820233561        4.2837259881650793E-004 
   0.6495742916485805        -24.82694240207513        0.9999995206291611      
   2.4818206077367453E-010
    2.640000000000000         13.71729907966468        2.6701789524095112E-004 
   0.6495916783863354        -24.84513101885119        0.9999996447278784      
   2.4807316180550182E-010
    2.640000000000000         14.01499346515192        1.2724355440439839E-004 
   0.6496015490208844        -24.86343344921888        0.9999997680339958      
   2.4797510734333843E-010
    2.640000000000000         14.31469394187969        1.9973160484230655E-005 
   0.6496052378409218        -24.88184801244749        0.9999998906935021      
   2.4788905281630774E-010
    2.640000000000000         14.61637237804932       -3.9838236851474462E-005 
   0.6496047366497500        -24.90037286499571         1.000000012949764      
   2.4781289815278543E-010
    2.640000000000000         14.92000000000000       -3.9838236851474462E-005 
   0.6496057390320936        -24.91889771754392         1.000000135206026      
   2.4773674348926312E-010
    2.880000000000000        -4.227026579539560         0.000000000000000      
   0.5000000000000000        -26.30287294525597         1.000000000000000      
    0.000000000000000     
    2.880000000000000        -4.014206434341432        1.2646890220692399E-002 
   0.5004946604163096        -26.30287294525597        0.9999979784385769      
   2.4243732169922955E-016
    2.880000000000000        -3.803070304910810        2.4254802542731289E-002 
   0.5019262195691006        -26.29924151908770        0.9999962146015116      
   6.8702693762200839E-016
    2.880000000000000        -3.593549933081869        3.4422562769828718E-002 
   0.5041777337754283        -26.29639819818514        0.9999948333105109      
   1.6441674120321561E-015
    2.880000000000000        -3.385574045583126        4.2932973262107349E-002 
   0.5071154629087145        -26.29432789378867        0.9999937862274160      
   3.7209260695265567E-015
    2.880000000000000        -3.179068445902549        4.9725470488932860E-002 
   0.5106015816254703        -26.29301892424046        0.9999930174810504      
   8.1056414053156180E-015
    2.880000000000000        -2.973956117362914        5.4879809494517956E-002 
   0.5145042743625392        -26.29245820846702        0.9999924703973062      
   1.7053207625532121E-014
    2.880000000000000        -2.770157337224366        5.8577948659297330E-002 
   0.5187057241097315        -26.29263108993091        0.9999920927053941      
   3.4679383050401782E-014
    2.880000000000000        -2.567589801560878        6.1057435890382011E-002 
   0.5231067593909207        -26.29352124477555        0.9999918397219082      
   6.8193405617925599E-014
    2.880000000000000        -2.366168760586374        6.2568580273954316E-002 
   0.5276282295456292        -26.29511083873642        0.9999916756537340      
   1.2969668811014602E-013
    2.880000000000000        -2.165807164036497        6.3342925976754172E-002 
   0.5322098267955269        -26.29738085053327        0.9999915734180665      
   2.3862726172829673E-013
    2.880000000000000        -1.966415816142869        6.3575262861865670E-002 
   0.5368073404728116        -26.30031127465742        0.9999915135721472      
   4.2480745399930060E-013
    2.880000000000000        -1.767903539669862        6.3417494566824203E-002 
   0.5413892729024259        -26.30388133874300        0.9999914828457031      
   7.3183540118526986E-013
    2.880000000000000        -1.570177348419479        6.2980775056848196E-002 
   0.5459335100289462        -26.30806980815377        0.9999914725907644      
   1.2202521566082855E-012
    2.880000000000000        -1.373142627548817        6.2342114693939958E-002 
   0.5504244562558194        -26.31285521286682        0.9999914773870974      
   1.9695606206491858E-012
    2.880000000000000        -1.176703320987477        6.1552441718645740E-002 
   0.5548507973971462        -26.31821594141616        0.9999914939446425      
   3.0778710929270091E-012
    2.880000000000000       -0.9807621251897585        6.0644211366931593E-002 
   0.5592038874403699        -26.32413028036024        0.9999915203187278      
   4.6578517968411756E-012
    2.880000000000000       -0.7852206884089804        5.9637645683169545E-002 
   0.5634766657381536        -26.33057645981014        0.9999915553808881      
   6.8279369311157982E-012
    2.880000000000000       -0.5899798146396622        5.8545378440727991E-002 
   0.5676629814772768        -26.33753271293143        0.9999915984748894      
   9.6985034586015490E-012
    2.880000000000000       -0.3949396713377247        5.7375663278826358E-002 
   0.5717572077092912        -26.34497733497757        0.9999916492006615      
   1.3353950556443127E-011
    2.880000000000000       -0.2000000000000011        5.6134454811956142E-002 
   0.5757540441093414        -26.35288873065032        0.9999917072845100      
   1.7833085138087087E-011
    2.880000000000000       -5.0612032226220773E-003   5.4826690674187939E-002 
   0.5796484248543269        -26.36124542402350        0.9999917725054184      
   2.3111494546569181E-011
    2.880000000000000        0.1899728225015762        5.3457051436990699E-002 
   0.5834355068464667        -26.37002602143281        0.9999918446584792      
   2.9090190010648593E-011
    2.880000000000000        0.3851971143511089        5.2030343838928877E-002 
   0.5871107338008852        -26.37920932555333        0.9999919235395106      
   3.5594610343237150E-011
    2.880000000000000        0.5807063267879043        5.0551685626965395E-002 
   0.5906699206427251        -26.38877445227614        0.9999920089360590      
   4.2385978761630581E-011
    2.880000000000000        0.7765945422431204        4.9026573945331151E-002 
   0.5941093245644673        -26.39870091328944        0.9999921006230468      
   4.9184441156028846E-011
    2.880000000000000        0.9729550842390562        4.7460882431047915E-002 
   0.5974257089082396        -26.40896870128625        0.9999921983607964      
   5.5700524005401655E-011
    2.880000000000000         1.169880333731538        4.5860816830720880E-002 
   0.6006163991530775        -26.41955837836732        0.9999923018939288      
   6.1669182879901368E-011
    2.880000000000000         1.367461549433629        4.4232846607241125E-002 
   0.6036793277877559        -26.43045116196585        0.9999924109512259      
   6.6879898612147308E-011
    2.880000000000000         1.565788692852865        4.2583623049416479E-002 
   0.6066130661290661        -26.44162900578173        0.9999925252467605      
   7.1197207600516446E-011
    2.880000000000000         1.764950258740411        4.0919890647485677E-002 
   0.6094168420930881        -26.45307467508179        0.9999926444820176      
   7.4568440280454926E-011
    2.880000000000000         1.965033111612069        3.9248396492990320E-002 
   0.6120905437055825        -26.46477181541495        0.9999927683484353      
   7.7018516688171688E-011
    2.880000000000000         2.166122328958343        3.7575801333560192E-002 
   0.6146347087990167        -26.47670501275993        0.9999928965299639      
   7.8634458693795301E-011
    2.880000000000000         2.368301051714338        3.5908595183034062E-002 
   0.6170505018922756        -26.48885984300362        0.9999930287055214      
   7.9544052331808824E-011
    2.880000000000000         2.571650342510284        3.4253019813563990E-002 
   0.6193396796841895        -26.50122290928522        0.9999931645513173      
   7.9893490871705205E-011
    2.880000000000000         2.776249052171010        3.2614999932340211E-002 
   0.6215045469150835        -26.51378186630485        0.9999933037430755      
   7.9827995242180062E-011
    2.880000000000000         2.982173694877646        3.1000084336315785E-002 
   0.6235479045598558        -26.52652543112277        0.9999934459581709      
   7.9477834042511510E-011
    2.880000000000000         3.189498332348288        2.9413397843447729E-002 
   0.6254729924113206        -26.53944338057512        0.9999935908777120      
   7.8950447950649147E-011
    2.880000000000000         3.398294467336542        2.7859604332297228E-002 
   0.6272834281021298        -26.55252653607958        0.9999937381885450      
   7.8328005058550863E-011
    2.880000000000000         3.608630946688375        2.6342880800369135E-002 
   0.6289831445134018        -26.56576673695232        0.9999938875851050      
   7.7668919425728553E-011
    2.880000000000000         3.820573874139177        2.4866901989879453E-002 
   0.6305763273458360        -26.57915680342414        0.9999940387710845      
   7.7011658404592004E-011
    2.880000000000000         4.034186532974921        2.3434834837357241E-002 
   0.6320673544021027        -26.59269049061282        0.9999941914609114      
   7.6379386207961135E-011
    2.880000000000000         4.249529318623878        2.2049341784680095E-002 
   0.6334607378667569        -26.60636243491616        0.9999943453810599      
   7.5784426301875278E-011
    2.880000000000000         4.466659681189796        2.0712591842773700E-002 
   0.6347610705919450        -26.62016809449397        0.9999945002711998      
   7.5231986427857328E-011
    2.880000000000000         4.685632077883227        1.9426278220049574E-002 
   0.6359729771217573        -26.63410368555309        0.9999946558851527      
   7.4722961140180759E-011
    2.880000000000000         4.906497935255945        1.8191641307469600E-002 
   0.6371010699287771        -26.64816611604701        0.9999948119916392      
   7.4255864934013161E-011
    2.880000000000000         5.129305621094297        1.7009495840810795E-002 
   0.6381499111024936        -26.66235291823651        0.9999949683748054      
   7.3828064062944191E-011
    2.880000000000000         5.354100425780786        1.5880261127433702E-002 
   0.6391239795268709        -26.67666218137633        0.9999951248345265      
   7.3436502039386196E-011
    2.880000000000000         5.580924552890115        1.4803993318932441E-002 
   0.6400276434168419        -26.69109248560780        0.9999952811865017      
   7.3078091285823625E-011
    2.880000000000000         5.809817118746128        1.3780418822626787E-002 
   0.6408651379516184        -26.70564283795316        0.9999954372621602      
   7.2749901865427708E-011
    2.880000000000000         6.040814160629681        1.2808968065334662E-002 
   0.6416405476451755        -26.72031261112708        0.9999955929084011      
   7.2449236311348589E-011
    2.880000000000000         6.273948653295052        1.1888808945053553E-002 
   0.6423577930282531        -26.73510148571482        0.9999957479872085      
   7.2173645827229531E-011
    2.880000000000000         6.509250533423568        1.1018879424544638E-002 
   0.6430206211777703        -26.75000939611802        0.9999959023751570      
   7.1920919475578630E-011
    2.880000000000000         6.746746731618209        1.0197918831438422E-002 
   0.6436325996142087        -26.76503648055512        0.9999960559628566      
   7.1689063032221408E-011
    2.880000000000000         6.986461211521710        9.4244975299719834E-003 
   0.6441971130907183        -26.78018303531241        0.9999962086543365      
   7.1476275549481421E-011
    2.880000000000000         7.228415015623348        8.6970447185503175E-003 
   0.6447173628152901        -26.79544947335375        0.9999963603663908      
   7.1280927070851933E-011
    2.880000000000000         7.472626317305855        8.0138741845114658E-003 
   0.6451963676755198        -26.81083628729100        0.9999965110278891      
   7.1101538685702085E-011
    2.880000000000000         7.719110478673879        7.3732079127687240E-003 
   0.6456369670708100        -26.82634401659809        0.9999966605790463      
   7.0936765110241568E-011
    2.880000000000000         7.967880113698818        6.7731974987392495E-003 
   0.6460418249961473        -26.84197321885604        0.9999968089706648      
   7.0785379594005103E-011
    2.880000000000000         8.218945156211536        6.2119433589446970E-003 
   0.6464134350621903        -26.85772444476840        0.9999969561633610      
   7.0646260840878138E-011
    2.880000000000000         8.472312932274409        5.6875117661628217E-003 
   0.6467541261765607        -26.87359821665776        0.9999971021267873      
   7.0518381634419026E-011
    2.880000000000000         8.727988236466917        5.1979497613997873E-003 
   0.6470660686497036        -26.88959501011808        0.9999972468388597      
   7.0400798894464820E-011
    2.880000000000000         8.985973411624599        4.7412980132701728E-003 
   0.6473512805243817        -26.90571523848083        0.9999973902850032      
   7.0292644935518537E-011
    2.880000000000000         9.246268431579237        4.3156017075741786E-003 
   0.6476116339600098        -26.92195923979025        0.9999975324574243      
   7.0193119736726839E-011
    2.880000000000000         9.508870986458517        3.9189195573395199E-003 
   0.6478488615314026        -26.93832726603997        0.9999976733544175      
   7.0101484065926966E-011
    2.880000000000000         9.773776570115773        3.5493310280556630E-003 
   0.6480645623261627        -26.95481947443895        0.9999978129796920      
   7.0017053326788008E-011
    2.880000000000000         10.04097856927476        3.2049418770569039E-003 
   0.6482602077459342        -26.97143592042841        0.9999979513417370      
   6.9939192020202793E-011
    2.880000000000000         10.31046835399012        2.8838881164702400E-003 
   0.6484371469345899        -26.98817655212614        0.9999980884532202      
   6.9867308731676003E-011
    2.880000000000000         10.58223536904130        2.5843385439337590E-003 
   0.6485966117724433        -27.00504120591131        0.9999982243304154      
   6.9800851581219660E-011
    2.880000000000000         10.85626722589636        2.3044960935786679E-003 
   0.6487397213931410        -27.02202960294611        0.9999983589926861      
   6.9739304114054941E-011
    2.880000000000000         11.13254979490064        2.0425985672017344E-003 
   0.6488674862082485        -27.03914134645109        0.9999984924619957      
   6.9682181698156306E-011
    2.880000000000000         11.41106729736590        1.7969201092221710E-003 
   0.6489808114875231        -27.05637591954154        0.9999986247624939      
   6.9629028689108947E-011
    2.880000000000000         11.69180239725550        1.5657767255048813E-003 
   0.6490805006946194        -27.07373268341997        0.9999987559201874      
   6.9579417036395714E-011
    2.880000000000000         11.97473629218198        1.3475434062381569E-003 
   0.6491672591325489        -27.09121087555910        0.9999988859627588      
   6.9532947806676065E-011
    2.880000000000000         12.25984880345458        1.1406987988816638E-003 
   0.6492416992263416        -27.10880960738916        0.9999990149195381      
   6.9489258440074609E-011
    2.880000000000000         12.54711846493471        9.4392760787978265E-004 
   0.6493043502929396        -27.12652786151342        0.9999991428215714      
   6.9448040288434270E-011
    2.880000000000000         12.83652261047853        7.5633010503226494E-004 
   0.6493556782604007        -27.14436448895368        0.9999992697020085      
   6.9409072013581921E-011
    2.880000000000000         13.12803745976597        5.7780379259384060E-004 
   0.6493961245002000        -27.16231820578581        0.9999993955976546      
   6.9372271687941702E-011
    2.880000000000000         13.42163820233561        4.0965274677856280E-004 
   0.6494261767016433        -27.18038758775456        0.9999995205528157      
   6.9337758204450808E-011
    2.880000000000000         13.71729907966468        2.5541401312821757E-004 
   0.6494464856958919        -27.19857106356011        0.9999996446270583      
   6.9305883864789891E-011
    2.880000000000000         14.01499346515192        1.2175288557108736E-004 
   0.6494580359122621        -27.21686690600830        0.9999997679100547      
   6.9277152367070382E-011
    2.880000000000000         14.31469394187969        1.9122893857895539E-005 
   0.6494623607474117        -27.23527321951043        0.9999998905473559      
   6.9251882278049584E-011
    2.880000000000000         14.61637237804932       -3.8140020094998173E-005 
   0.6494617714111512        -27.25378792488891         1.000000012781892      
   6.9229451337197413E-011
    2.880000000000000         14.92000000000000       -3.8140020094998173E-005 
   0.6494629500836722        -27.27230263026738         1.000000135016428      
   6.9207020396345243E-011
    3.120000000000000        -4.227026579539560         0.000000000000000      
   0.5000000000000000        -28.66619808533342         1.000000000000000      
    0.000000000000000     
    3.120000000000000        -4.014206434341432        1.1541793260021201E-002 
   0.5004837638458632        -28.66619808533342        0.9999979937356186      
   6.9991445700465297E-017
    3.120000000000000        -3.803070304910810        2.2142796480019357E-002 
   0.5018846635061658        -28.66263440944842        0.9999962426111052      
   1.9773054382117649E-016
    3.120000000000000        -3.593549933081869        3.1434025281557587E-002 
   0.5040897041327338        -28.65982957075581        0.9999948705257790      
   4.7137377162200089E-016
    3.120000000000000        -3.385574045583126        3.9214301798252804E-002 
   0.5069687149236192        -28.65776945975408        0.9999938298240426      
   1.0624810475544613E-015
    3.120000000000000        -3.179068445902549        4.5426034531037579E-002 
   0.5103868738217157        -28.65644333756821        0.9999930652983015      
   2.3053579332471132E-015
    3.120000000000000        -2.973956117362914        5.0140499368756503E-002 
   0.5142147743340950        -28.65583906310786        0.9999925208550194      
   4.8316690300858857E-015
    3.120000000000000        -2.770157337224366        5.3523040070086216E-002 
   0.5183364470335341        -28.65594291655331        0.9999921446910071      
   9.7897197961293862E-015
    3.120000000000000        -2.567589801560878        5.5790385699498984E-002 
   0.5226540861717122        -28.65673951110853        0.9999918924740229      
   1.9183152909405905E-014
    3.120000000000000        -2.366168760586374        5.7171365631260462E-002 
   0.5270895301557645        -28.65821195865607        0.9999917286591020      
   3.6362893810069013E-014
    3.120000000000000        -2.165807164036497        5.7877941802083888E-002 
   0.5315831944263130        -28.66034220481248        0.9999916263293706      
   6.6692539369314909E-014
    3.120000000000000        -1.966415816142869        5.8088633612750504E-002 
   0.5360914272726405        -28.66311124208910        0.9999915661479692      
   1.1837377105633231E-013
    3.120000000000000        -1.767903539669862        5.7942815123368033E-002 
   0.5405832094251731        -28.66649933831971        0.9999915349099349      
   2.0335954037052535E-013
    3.120000000000000        -1.570177348419479        5.7542604455729694E-002 
   0.5450368873270879        -28.67048635328677        0.9999915240064524      
   3.3819985286726991E-013
    3.120000000000000        -1.373142627548817        5.6958865773743400E-002 
   0.5494373501933464        -28.67505197577015        0.9999915280401281      
   5.4457047042849743E-013
    3.120000000000000        -1.176703320987477        5.6238559567220930E-002 
   0.5537738174732973        -28.68017582492497        0.9999915437340806      
   8.4915589865202735E-013
    3.120000000000000       -0.9807621251897585        5.5411689510085821E-002 
   0.5580382358655065        -28.68583749525353        0.9999915691515959      
   1.2825347040954363E-012
    3.120000000000000       -0.7852206884089804        5.4497002408060144E-002 
   0.5622241958809187        -28.69201660589450        0.9999916031697303      
   1.8767910192247004E-012
    3.120000000000000       -0.5899798146396622        5.3506232157527256E-002 
   0.5663262477268671        -28.69869286154137        0.9999916451369224      
   2.6617803477444766E-012
    3.120000000000000       -0.3949396713377247        5.2447031153878845E-002 
   0.5703395011717736        -28.70584610978219        0.9999916946577484      
   3.6603041134116686E-012
    3.120000000000000       -0.2000000000000011        5.1324872243046091E-002 
   0.5742594105254816        -28.71345638329716        0.9999917514635513      
   4.8828376585902837E-012
    3.120000000000000       -5.0612032226220773E-003   5.0144221324302511E-002 
   0.5780816628290461        -28.72150390236034        0.9999918153389289      
   6.3227944014728117E-012
    3.120000000000000        0.1899728225015762        4.8909234067355228E-002 
   0.5818021451683013        -28.72996902898883        0.9999918860851947      
   7.9534676701684234E-012
    3.120000000000000        0.3851971143511089        4.7624110700538902E-002 
   0.5854169872449522        -28.73883236202584        0.9999919635049269      
   9.7277424708384944E-012
    3.120000000000000        0.5807063267879043        4.6293271605396071E-002 
   0.5889226254074132        -28.74807483329013        0.9999920473929049      
   1.1581111904083207E-011
    3.120000000000000        0.7765945422431204        4.4921428511139269E-002 
   0.5923158557166843        -28.75767776872476        0.9999921375316959      
   1.3437854846069603E-011
    3.120000000000000        0.9729550842390562        4.3513592371170418E-002 
   0.5955938826378784        -28.76762295082466        0.9999922336895825      
   1.5219463693181936E-011
    3.120000000000000         1.169880333731538        4.2075044772026435E-002 
   0.5987543631328932        -28.77789268360742        0.9999923356193496      
   1.6853803437952782E-011
    3.120000000000000         1.367461549433629        4.0611288330867031E-002 
   0.6017954433447914        -28.78846985531649        0.9999924430580454      
   1.8283256964448194E-011
    3.120000000000000         1.565788692852865        3.9127985117793959E-002 
   0.6047157861565979        -28.79933799721742        0.9999925557280067      
   1.9470345923256669E-011
    3.120000000000000         1.764950258740411        3.7630888695480605E-002 
   0.6075145886605071        -28.81048133867160        0.9999926733388954      
   2.0399941190664695E-011
    3.120000000000000         1.965033111612069        3.6125773563451181E-002 
   0.6101915891627372        -28.82188485823887        0.9999927955901383      
   2.1077991799975389E-011
    3.120000000000000         2.166122328958343        3.4618364828125733E-002 
   0.6127470638388195        -28.83353432937207        0.9999929221733980      
   2.1527455618733328E-011
    3.120000000000000         2.368301051714338        3.3114270347045192E-002 
   0.6151818135592523        -28.84541635898157        0.9999930527749301      
   2.1782601657912285E-011
    3.120000000000000         2.571650342510284        3.1618917186217087E-002 
   0.6174971417340669        -28.85751841761901        0.9999931870778266      
   2.1882977161444995E-011
    3.120000000000000         2.776249052171010        3.0137493875297360E-002 
   0.6196948242831900        -28.86982886042554        0.9999933247641556      
   2.1868125056981743E-011
    3.120000000000000         2.982173694877646        2.8674899604016157E-002 
   0.6217770730266569        -28.88233693825929        0.9999934655170393      
   2.1773725134985011E-011
    3.120000000000000         3.189498332348288        2.7235701165311571E-002 
   0.6237464939016003        -28.89503279888057        0.9999936090226894      
   2.1629373324731034E-011
    3.120000000000000         3.398294467336542        2.5824098121428322E-002 
   0.6256060414542126        -28.90790747860637        0.9999937549723764      
   2.1457838135642794E-011
    3.120000000000000         3.608630946688375        2.4443896359432685E-002 
   0.6273589710327339        -28.92095288510828        0.9999939030642638      
   2.1275410842299005E-011
    3.120000000000000         3.820573874139177        2.3098489923154226E-002 
   0.6290087900307606        -28.93416177203143        0.9999940530050655      
   2.1092901071744747E-011
    3.120000000000000         4.034186532974921        2.1790850768291556E-002 
   0.6305592094075422        -28.94752770616142        0.9999942045115336      
   2.0916882216006847E-011
    3.120000000000000         4.249529318623878        2.0523525891992848E-002 
   0.6320140965545581        -28.96104502807930        0.9999943573117817      
   2.0750904741661948E-011
    3.120000000000000         4.466659681189796        1.9298641140032824E-002 
   0.6333774303990422        -28.97470880747687        0.9999945111464565      
   2.0596519330262987E-011
    3.120000000000000         4.685632077883227        1.8117910893200837E-002 
   0.6346532594482953        -28.98851479439366        0.9999946657697266      
   2.0454053412846139E-011
    3.120000000000000         4.906497935255945        1.6982652776627954E-002 
   0.6358456632938917        -29.00245936758575        0.9999948209500618      
   2.0323151266646418E-011
    3.120000000000000         5.129305621094297        1.5893806516635991E-002 
   0.6369587179199072        -29.01653948112895        0.9999949764707965      
   2.0203121090152962E-011
    3.120000000000000         5.354100425780786        1.4851956083256609E-002 
   0.6379964649999369        -29.03075261024294        0.9999951321304781      
   2.0093141328356371E-011
    3.120000000000000         5.580924552890115        1.3857354296233387E-002 
   0.6389628852281515        -29.04509669720562        0.9999952877430129      
   1.9992373336256428E-011
    3.120000000000000         5.809817118746128        1.2909949131486895E-002 
   0.6398618756123970        -29.05957009811641        0.9999954431376413      
   1.9900016591024496E-011
    3.120000000000000         6.040814160629681        1.2009411037462957E-002 
   0.6406972305631853        -29.07417153116916        0.9999955981587506      
   1.9815331337860240E-011
    3.120000000000000         6.273948653295052        1.1155160650918117E-002 
   0.6414726265408774        -29.08890002699866        0.9999957526655819      
   1.9737644273663068E-011
    3.120000000000000         6.509250533423568        1.0346396384938250E-002 
   0.6421916099729280        -29.10375488156643        0.9999959065318204      
   1.9666346281947787E-011
    3.120000000000000         6.746746731618209        9.5821214446214428E-003 
   0.6428575881213991        -29.11873561194714        0.9999960596451145      
   1.9600887024221555E-011
    3.120000000000000         6.986461211521710        8.8611699051631236E-003 
   0.6434738225653882        -29.13384191527809        0.9999962119065140      
   1.9540768735113247E-011
    3.120000000000000         7.228415015623348        8.1822315610356779E-003 
   0.6440434249607162        -29.14907363103218        0.9999963632298571      
   1.9485540245547737E-011
    3.120000000000000         7.472626317305855        7.5438753221511905E-003 
   0.6445693547474793        -29.16443070667296        0.9999965135410969      
   1.9434791602322214E-011
    3.120000000000000         7.719110478673879        6.9445709925054343E-003 
   0.6450544184922049        -29.17991316666015        0.9999966627775962      
   1.9388149356374551E-011
    3.120000000000000         7.967880113698818        6.3827093184276257E-003 
   0.6455012705728491        -29.19552108470572        0.9999968108873785      
   1.9345272474865637E-011
    3.120000000000000         8.218945156211536        5.8566202374070488E-003 
   0.6459124149396922        -29.21125455913331        0.9999969578283722      
   1.9305848796569004E-011
    3.120000000000000         8.472312932274409        5.3645892950116040E-003 
   0.6462902077116576        -29.22711369114169        0.9999971035676414      
   1.9269591947768813E-011
    3.120000000000000         8.727988236466917        4.9048722271637004E-003 
   0.6466368603943042        -29.24309856573768        0.9999972480806263      
   1.9236238644977044E-011
    3.120000000000000         8.985973411624599        4.4757077284718816E-003 
   0.6469544435315123        -29.25920923510526        0.9999973913504010      
   1.9205546322239838E-011
    3.120000000000000         9.246268431579237        4.0753284452427372E-003 
   0.6472448906269969        -29.27544570420436        0.9999975333669578      
   1.9177291031378756E-011
    3.120000000000000         9.508870986458517        3.7019702452402497E-003 
   0.6475100021939195        -29.29180791841135        0.9999976741265150      
   1.9151265572376239E-011
    3.120000000000000         9.773776570115773        3.3538798265103950E-003 
   0.6477514498106955        -29.30829575299313        0.9999978136308449      
   1.9127277818348422E-011
    3.120000000000000         10.04097856927476        3.0293207369560234E-003 
   0.6479707800783074        -29.32490900415343        0.9999979518866323      
   1.9105149205601593E-011
    3.120000000000000         10.31046835399012        2.7265778909109353E-003 
   0.6481694183893749        -29.34164738136201        0.9999980889048713      
   1.9084713364947001E-011
    3.120000000000000         10.58223536904130        2.4439607058755457E-003 
   0.6483486724334078        -29.35851050073044        0.9999982247003020      
   1.9065814877377628E-011
    3.120000000000000         10.85626722589636        2.1798050882596755E-003 
   0.6485097353797526        -29.37549787926956        0.9999983592908813      
   1.9048308149056435E-011
    3.120000000000000         11.13254979490064        1.9324747898583565E-003 
   0.6486536887097334        -29.39260892986146        0.9999984926972948      
   1.9032056425555912E-011
    3.120000000000000         11.41106729736590        1.7003634169316952E-003 
   0.6487815047383747        -29.40984295674611        0.9999986249425387      
   1.9016931020628267E-011
    3.120000000000000         11.69180239725550        1.4819002019460089E-003 
   0.6488940490337126        -29.42719915131148        0.9999987560515743      
   1.9002810952139727E-011
    3.120000000000000         11.97473629218198        1.2755666692727951E-003 
   0.6489920833347125        -29.44467658780960        0.9999988860511457      
   1.8989583404158314E-011
    3.120000000000000         12.25984880345458        1.0799392462281091E-003 
   0.6490762704279360        -29.46227421850420        0.9999990149697457      
   1.8977145810439658E-011
    3.120000000000000         12.54711846493471        8.9378632632311278E-004 
   0.6491471841407532        -29.47999086828020        0.9999991428376727      
   1.8965410835658532E-011
    3.120000000000000         12.83652261047853        7.1626649341105292E-004 
   0.6492053305379110        -29.49782522923920        0.9999992696874095      
   1.8954315801927092E-011
    3.120000000000000         13.12803745976597        5.4728956438117034E-004 
   0.6492511906012854        -29.51577585463873        0.9999993955551633      
   1.8943837302508108E-011
    3.120000000000000         13.42163820233561        3.8809343284739004E-004 
   0.6492852990398599        -29.53384115073272        0.9999995204847050      
   1.8934008254437186E-011
    3.120000000000000         13.71729907966468        2.4202764797419887E-004 
   0.6493083753041500        -29.55201936721312        0.9999996445351107      
   1.8924926538912855E-011
    3.120000000000000         14.01499346515192        1.1540510552652694E-004 
   0.6493215164620838        -29.57030858537929        0.9999997677956045      
   1.8916731112634762E-011
    3.120000000000000         14.31469394187969        1.8135766147776831E-005 
   0.6493264439092632        -29.58870670240032        0.9999998904113058      
   1.8909506847437094E-011
    3.120000000000000         14.61637237804932       -3.6169294828675259E-005 
   0.6493257710227089        -29.60721141253437         1.000000012624714      
   1.8903074142613122E-011
    3.120000000000000         14.92000000000000       -3.6169294828675259E-005 
   0.6493271167958173        -29.62571612266842         1.000000134838122      
   1.8896641437789149E-011
    3.359999999999999        -4.227026579539560         0.000000000000000      
   0.5000000000000000        -31.02859074456908         1.000000000000000      
    0.000000000000000     
    3.359999999999999        -4.014206434341432        1.0460315853851359E-002 
   0.5004737770615639        -31.02859074456908        0.9999980076769099      
   1.9758912156608421E-017
    3.359999999999999        -3.803070304910810        2.0074020002133840E-002 
   0.5018465391518236        -31.02508978501050        0.9999962681417323      
   5.5647532743483979E-017
    3.359999999999999        -3.593549933081869        2.8504407290298871E-002 
   0.5040088638492806        -31.02232138480780        0.9999949044525394      
   1.3214642860807822E-016
    3.359999999999999        -3.385574045583126        3.5566771934031904E-002 
   0.5068338577991007        -31.02027227069572        0.9999938695734633      
   2.9666098778753501E-016
    3.359999999999999        -3.179068445902549        4.1207052455773073E-002 
   0.5101894967699261        -31.01893252882116        0.9999931089000872      
   6.4114741061400204E-016
    3.359999999999999        -2.973956117362914        4.5488629768200665E-002 
   0.5139486508504907        -31.01829085725410        0.9999925668671018      
   1.3386208391085121E-015
    3.359999999999999        -2.770157337224366        4.8560776089318844E-002 
   0.5179971221514070        -31.01833438461700        0.9999921920972290      
   2.7023424940748768E-015
    3.359999999999999        -2.567589801560878        5.0619856985309547E-002 
   0.5222384334689140        -31.01904858209166        0.9999919405784899      
   5.2768120570412370E-015
    3.359999999999999        -2.366168760586374        5.1873566802117049E-002 
   0.5265953972729046        -31.02041743471498        0.9999917769925522      
   9.9693161227311319E-015
    3.359999999999999        -2.165807164036497        5.2514517044454270E-002 
   0.5310091449945060        -31.02242378487537        0.9999916745743533      
   1.8227009632026980E-014
    3.359999999999999        -1.966415816142869        5.2705087820412777E-002 
   0.5354365730316477        -31.02504955277567        0.9999916140841192      
   3.2255470603429388E-014
    3.359999999999999        -1.767903539669862        5.2572174195744031E-002 
   0.5398471178200228        -31.02827597244373        0.9999915823768840      
   5.5259067741368399E-014
    3.359999999999999        -1.570177348419479        5.2208850818115604E-002 
   0.5442195464558220        -31.03208391652308        0.9999915708799144      
   9.1661716492565145E-014
    3.359999999999999        -1.373142627548817        5.1679790940423256E-002 
   0.5485391732002418        -31.03645413984777        0.9999915742169923      
   1.4724204491030570E-013
    3.359999999999999        -1.176703320987477        5.1027923577025097E-002 
   0.5527956707406029        -31.04136738512653        0.9999915891235897      
   2.2909678821648615E-013
    3.359999999999999       -0.9807621251897585        5.0280732555080296E-002 
   0.5569814783945777        -31.04680443080517        0.9999916136705526      
   3.4534078788374236E-013
    3.359999999999999       -0.7852206884089804        4.9455427597295508E-002 
   0.5610907202881470        -31.05274614208354        0.9999916467402113      
   5.0447245303868864E-013
    3.359999999999999       -0.5899798146396622        4.8562795338876620E-002 
   0.5651185159227327        -31.05917353196042        0.9999916876854220      
   7.1438731872965594E-013
    3.359999999999999       -0.3949396713377247        4.7609859561027354E-002 
   0.5690605699254456        -31.06606781654824        0.9999917361150795      
   9.8110750365184712E-013
    3.359999999999999       -0.2000000000000011        4.6601607506602166E-002 
   0.5729129438538687        -31.07341045285130        0.9999917917651233      
   1.3073962121315988E-012
    3.359999999999999       -5.0612032226220773E-003   4.5542054885712585E-002 
   0.5766719296094160        -31.08118313549222        0.9999918544251936      
   1.6915138336634215E-012
    3.359999999999999        0.1899728225015762        4.4434879849234520E-002 
   0.5803340009087965        -31.08936774449688        0.9999919239021200      
   2.1264130799812313E-012
    3.359999999999999        0.3851971143511089        4.3283748313865722E-002 
   0.5838958393924336        -31.09794642538936        0.9999920000044101      
   2.5996583597368400E-012
    3.359999999999999        0.5807063267879043        4.2092478132357142E-002 
   0.5873543829966745        -31.10690166926008        0.9999920825331512      
   3.0942095434127348E-012
    3.359999999999999        0.7765945422431204        4.0865109937673859E-002 
   0.5907068651179681        -31.11621635752388        0.9999921712775472      
   3.5900349464039828E-012
    3.359999999999999        0.9729550842390562        3.9605921833271544E-002 
   0.5939508514273535        -31.12587380692213        0.9999922660127764      
   4.0663189394087881E-012
    3.359999999999999         1.169880333731538        3.8319412034478327E-002 
   0.5970842744642184        -31.13585781649007        0.9999923664986964      
   4.5038705206746360E-012
    3.359999999999999         1.367461549433629        3.7010263148155892E-002 
   0.6001054635106025        -31.14615271228426        0.9999924724795189      
   4.8872778531930328E-012
    3.359999999999999         1.565788692852865        3.5683295906087091E-002 
   0.6030131682130329        -31.15674338886140        0.9999925836847604      
   5.2064115278497094E-012
    3.359999999999999         1.764950258740411        3.4343417026426487E-002 
   0.6058065750407260        -31.16761534830504        0.9999926998311996      
   5.4570390620955630E-012
    3.359999999999999         1.965033111612069        3.2995564251357017E-002 
   0.6084853161286568        -31.17875473708253        0.9999928206252471      
   5.6405241998063580E-012
    3.359999999999999         2.166122328958343        3.1644650768850383E-002 
   0.6110494704230549        -31.19014837972112        0.9999929457653334      
   5.7627823842378157E-012
    3.359999999999999         2.368301051714338        3.0295510763565167E-002 
   0.6134995573475827        -31.20178380789953        0.9999930749441894      
   5.8327940338222711E-012
    3.359999999999999         2.571650342510284        2.8952847541952077E-002 
   0.6158365234544838        -31.21364928391378        0.9999932078510099      
   5.8610138223186376E-012
    3.359999999999999         2.776249052171010        2.7621185435440513E-002 
   0.6180617227265979        -31.22573381775813        0.9999933441735314      
   5.8579639356131138E-012
    3.359999999999999         2.982173694877646        2.6304826458413498E-002 
   0.6201768913540777        -31.23802717721708        0.9999934836000477      
   5.8331938987305560E-012
    3.359999999999999         3.189498332348288        2.5007812469969422E-002 
   0.6221841179201569        -31.25051989072587        0.9999936258214032      
   5.7946697715660593E-012
    3.359999999999999         3.398294467336542        2.3733893360076089E-002 
   0.6240858099935881        -31.26320324320056        0.9999937705329252      
   5.7485557545229633E-012
    3.359999999999999         3.608630946688375        2.2486501557538587E-002 
   0.6258846581454949        -31.27606926522375        0.9999939174362350      
   5.6992904988526960E-012
    3.359999999999999         3.820573874139177        2.1268732946846107E-002 
   0.6275835983891054        -31.28911071592076        0.9999940662408912      
   5.6498409190189105E-012
    3.359999999999999         4.034186532974921        2.0083334090528898E-002 
   0.6291857739854319        -31.30232105987589        0.9999942166658748      
   5.6020283253575512E-012
    3.359999999999999         4.249529318623878        1.8932695488706717E-002 
   0.6306944974722246        -31.31569443864106        0.9999943684409159      
   5.5568506307233491E-012
    3.359999999999999         4.466659681189796        1.7818850471692280E-002 
   0.6321132136661953        -31.32922563762648        0.9999945213076812      
   5.5147568468154605E-012
    3.359999999999999         4.685632077883227        1.6743479216517622E-002 
   0.6334454642686834        -31.34291004927006        0.9999946750207825      
   5.4758572503970714E-012
    3.359999999999999         4.906497935255945        1.5707917303940357E-002 
   0.6346948545799064        -31.35674363335919        0.9999948293485859      
   5.4400707669062703E-012
    3.359999999999999         5.129305621094297        1.4713168187220255E-002 
   0.6358650227024107        -31.37072287531107        0.9999949840738122      
   5.4072204728150835E-012
    3.359999999999999         5.354100425780786        1.3759918924897360E-002 
   0.6369596114951477        -31.38484474314927        0.9999951389939303      
   5.3770908859018852E-012
    3.359999999999999         5.580924552890115        1.2848558533365083E-002 
   0.6379822434298364        -31.39910664385376        0.9999952939213623      
   5.3494595936281440E-012
    3.359999999999999         5.809817118746128        1.1979198337202719E-002 
   0.6389364984038711        -31.41350637970965        0.9999954486835207      
   5.3241129980682248E-012
    3.359999999999999         6.040814160629681        1.1151693731879611E-002 
   0.6398258944808279        -31.42804210523839        0.9999956031226992      
   5.3008529703775856E-012
    3.359999999999999         6.273948653295052        1.0365666820649828E-002 
   0.6406538714615120        -31.44271228524082        0.9999957570958402      
   5.2794987164005527E-012
    3.359999999999999         6.509250533423568        9.6205294416384333E-003 
   0.6414237771354061        -31.45751565440919        0.9999959104742006      
   5.2598863623109780E-012
    3.359999999999999         6.746746731618209        8.9155061591388828E-003 
   0.6421388560234903        -31.47245117887180        0.9999960631429107      
   5.2418676117138153E-012
    3.359999999999999         6.986461211521710        8.2496568523605721E-003 
   0.6428022403972740        -31.48751801994261        0.9999962150004604      
   5.2253081425853519E-012
    3.359999999999999         7.228415015623348        7.6218985930959554E-003 
   0.6434169433438476        -31.50271550026322        0.9999963659581079      
   5.2100860409606311E-012
    3.359999999999999         7.472626317305855        7.0310265592981678E-003 
   0.6439858536411077        -31.51804307244427        0.9999965159392363      
   5.1960903820060887E-012
    3.359999999999999         7.719110478673879        6.4757337831432994E-003 
   0.6445117322091990        -31.53350029025147        0.9999966648786628      
   5.1832199838310975E-012
    3.359999999999999         7.967880113698818        5.9546295790156023E-003 
   0.6449972099119066        -31.54908678231906        0.9999968127219145      
   5.1713823248714460E-012
    3.359999999999999         8.218945156211536        5.4662565386172151E-003 
   0.6454447864935968        -31.56480222832204        0.9999969594244827      
   5.1604926045950730E-012
    3.359999999999999         8.472312932274409        5.0091060168963673E-003 
   0.6458568304519201        -31.58064633748770        0.9999971049510750      
   5.1504729259547866E-012
    3.359999999999999         8.727988236466917        4.5816320636618739E-003 
   0.6462355796625372        -31.59661882930597        0.9999972492748674      
   5.1412515801404766E-012
    3.359999999999999         8.985973411624599        4.1822637818019932E-003 
   0.6465831425886270        -31.61271941629880        0.9999973923767821      
   5.1327624171211105E-012
    3.359999999999999         9.246268431579237        3.8094161144536821E-003 
   0.6469014999242493        -31.62894778871058        0.9999975342447729      
   5.1249442882458599E-012
    3.359999999999999         9.508870986458517        3.4614990808412103E-003 
   0.6471925065362922        -31.64530360096697        0.9999976748731401      
   5.1177405495252479E-012
    3.359999999999999         9.773776570115773        3.1369254947050669E-003 
   0.6474578935841375        -31.66178645972104        0.9999978142618555      
   5.1110986161422640E-012
    3.359999999999999         10.04097856927476        2.8341172122362734E-003 
   0.6476992707088886        -31.67839591326143        0.9999979524159234      
   5.1049695603641061E-012
    3.359999999999999         10.31046835399012        2.5515099739290220E-003 
   0.6479181281953920        -31.69513144204478        0.9999980893447779      
   5.0993077465586903E-012
    3.359999999999999         10.58223536904130        2.2875569427776065E-003 
   0.6481158390219961        -31.71199245016548        0.9999982250617246      
   5.0940704989165479E-012
    3.359999999999999         10.85626722589636        2.0407311430699869E-003 
   0.6482936607289046        -31.72897825762801        0.9999983595834068      
   5.0892178007585888E-012
    3.359999999999999         11.13254979490064        1.8095272800678643E-003 
   0.6484527370667799        -31.74608809326190        0.9999984929293169      
   5.0847120312543518E-012
    3.359999999999999         11.41106729736590        1.5924641325727265E-003 
   0.6485940994609838        -31.76332108807840        0.9999986251213613      
   5.0805177607310070E-012
    3.359999999999999         11.69180239725550        1.3880904190453009E-003 
   0.6487186685087080        -31.78067626885601        0.9999987561835215      
   5.0766016581988750E-012
    3.359999999999999         11.97473629218198        1.1950007958214416E-003 
   0.6488272561548571        -31.79815255157548        0.9999988861416528      
   5.0729326269951982E-012
    3.359999999999999         12.25984880345458        1.0118760510616791E-003 
   0.6489205701319571        -31.81574873420553        0.9999990150234516      
   5.0694823872704797E-012
    3.359999999999999         12.54711846493471        8.3757415161911407E-004 
   0.6489992241109311        -31.83346348888116        0.9999991428585056      
   5.0662268539251931E-012
    3.359999999999999         12.83652261047853        6.7131587070981492E-004 
   0.6490637602357054        -31.85129535402340        0.9999992696786605      
   5.0631487274331073E-012
    3.359999999999999         13.12803745976597        5.1302283810910384E-004 
   0.6491146953682623        -31.86924272576211        0.9999993955195493      
   5.0602414835442897E-012
    3.359999999999999         13.42163820233561        3.6385800831695086E-004 
   0.6491526073024564        -31.88730384720008        0.9999995204244259      
   5.0575139774503943E-012
    3.359999999999999         13.71729907966468        2.2696089654858218E-004 
   0.6491782790529967        -31.90547679622997        0.9999996444518973      
   5.0549926531749708E-012
    3.359999999999999         14.01499346515192        1.0824908659765189E-004 
   0.6491929127300577        -31.92375947096811        0.9999997676907491      
   5.0527147572409780E-012
    3.359999999999999         14.31469394187969        1.7019523319926700E-005 
   0.6491984056306394        -31.94214957103522        0.9999998902856850      
   5.0507021297206926E-012
    3.359999999999999         14.61637237804932       -3.3941492245364078E-005 
   0.6491976543201030        -31.96064457541349         1.000000012478786      
   5.0489042311533477E-012
    3.359999999999999         14.92000000000000       -3.3941492245364078E-005 
   0.6491991569411757        -31.97913957979176         1.000000134671887      
   5.0471063325860029E-012
    3.600000000000000        -4.227026579539560         0.000000000000000      
   0.5000000000000000        -33.39008456333814         1.000000000000000      
    0.000000000000000     
    3.600000000000000        -4.014206434341432        9.4003891110827180E-003 
   0.5004647098384072        -33.39008456333814        0.9999980202815271      
   5.4583108563352016E-018
    3.600000000000000        -3.803070304910810        1.8044759734663719E-002 
   0.5018118987469622        -33.38664100677090        0.9999962912278362      
   1.5324831470442266E-017
    3.600000000000000        -3.593549933081869        2.5628710475744859E-002 
   0.5039353569543434        -33.38390655753649        0.9999949351358071      
   3.6251222108280516E-017
    3.600000000000000        -3.385574045583126        3.1984374208927663E-002 
   0.5067111745214024        -33.38186866592624        0.9999939055277485      
   8.1054370865934349E-017
    3.600000000000000        -3.179068445902549        3.7061698162309108E-002 
   0.5100099017614597        -33.38051814998976        0.9999931483432566      
   1.7448363013955232E-016
    3.600000000000000        -2.973956117362914        4.0916685031021624E-002 
   0.5137065250381823        -33.37984446293710        0.9999926084938523      
   3.6290841272592040E-016
    3.600000000000000        -2.770157337224366        4.3683026568581300E-002 
   0.5176885099718871        -33.37983550216009        0.9999922349870822      
   7.2994897301743087E-016
    3.600000000000000        -2.567589801560878        4.5537145077463106E-002 
   0.5218606394157030        -33.38047751888072        0.9999919841006473      
   1.4203947081571029E-015
    3.600000000000000        -2.366168760586374        4.6665925824493290E-002 
   0.5261466576608931        -33.38175529349358        0.9999918207214712      
   2.6746221035798730E-015
    3.600000000000000        -2.165807164036497        4.7242857273408420E-002 
   0.5304883837253580        -33.38365248617828        0.9999917182222099      
   4.8747048736073324E-015
    3.600000000000000        -1.966415816142869        4.7414318408146659E-002 
   0.5348432370674046        -33.38615186344400        0.9999916574513170      
   8.6010329197808792E-015
    3.600000000000000        -1.767903539669862        4.7294791093358018E-002 
   0.5391810801017609        -33.38923553993410        0.9999916253184339      
   1.4694209974281157E-014
    3.600000000000000        -1.570177348419479        4.6968319242932079E-002 
   0.5434810606580134        -33.39288530901666        0.9999916132837259      
   2.4311411629027681E-014
    3.600000000000000        -1.373142627548817        4.6493363329410287E-002 
   0.5477288647064014        -33.39708289057255        0.9999916159903690      
   3.8960145223180019E-014
    3.600000000000000        -1.176703320987477        4.5908780223086927E-002 
   0.5519145501252751        -33.40181003894907        0.9999916301852466      
   6.0487299274158412E-014
    3.600000000000000       -0.9807621251897585        4.5239487038575485E-002 
   0.5560309663542287        -33.40704859194450        0.9999916539462692      
   9.1000146953783564E-014
    3.600000000000000       -0.7852206884089804        4.4501112866990308E-002 
   0.5600726756518428        -33.41278052218427        0.9999916861607355      
   1.3270137866339299E-013
    3.600000000000000       -0.5899798146396622        4.3703463706085799E-002 
   0.5640352607225507        -33.41898799746513        0.9999917261856464      
   1.8763409403769050E-013
    3.600000000000000       -0.3949396713377247        4.2852916203769922E-002 
   0.5679149073950658        -33.42565343386715        0.9999917736338971      
   2.5735443583844966E-013
    3.600000000000000       -0.2000000000000011        4.1953971279363220E-002 
   0.5717081667399803        -33.43275952966928        0.9999918282456169      
   3.4257529934588396E-013
    3.600000000000000       -5.0612032226220773E-003   4.1010213083714664E-002 
   0.5754118174293464        -33.44028925748876        0.9999918898149797      
   4.4284666527825943E-013
    3.600000000000000        0.1899728225015762        4.0024880677433705E-002 
   0.5790228052071595        -33.44822580739680        0.9999919581537113      
   5.5634839558589024E-013
    3.600000000000000        0.3851971143511089        3.9001163179238185E-002 
   0.5825382563754837        -33.45655265507892        0.9999920330755321      
   6.7986835311887265E-013
    3.600000000000000        0.5807063267879043        3.7942350929873497E-002 
   0.5859555140917974        -33.46525362932627        0.9999921143870341      
   8.0900176399857288E-013
    3.600000000000000        0.7765945422431204        3.6851903678382869E-002 
   0.5892721667587477        -33.47431294418048        0.9999922018831879      
   9.3856338106085042E-013
    3.600000000000000        0.9729550842390562        3.5733469174239134E-002 
   0.5924860755289296        -33.48371523054135        0.9999922953451512      
   1.0631533320034780E-012
    3.600000000000000         1.169880333731538        3.4590873680834133E-002 
   0.5955954013087039        -33.49344556924660        0.9999923945389060      
   1.1777768000041428E-012
    3.600000000000000         1.367461549433629        3.3428096498487367E-002 
   0.5985986290004398        -33.50348952184093        0.9999924992148691      
   1.2784014781156450E-012
    3.600000000000000         1.565788692852865        3.2249235269351258E-002 
   0.6014945876016238        -33.51383315848185        0.9999926091087825      
   1.3623506379805579E-012
    3.600000000000000         1.764950258740411        3.1058465997004486E-002 
   0.6042824653113419        -33.52446308422987        0.9999927239436082      
   1.4284696208478331E-012
    3.600000000000000         1.965033111612069        2.9860000254822883E-002 
   0.6069618191649440        -33.53536646440711        0.9999928434318379      
   1.4770570266761408E-012
    3.600000000000000         2.166122328958343        2.8658041321622408E-002 
   0.6095325790019538        -33.54653104834180        0.9999929672778164      
   1.5096025903123978E-012
    3.600000000000000         2.368301051714338        2.7456740600549173E-002 
   0.6119950457970433        -33.55794519035648        0.9999930951799483      
   1.5284077909879378E-012
    3.600000000000000         2.571650342510284        2.6260155451671027E-002 
   0.6143498845667863        -33.56959786715118        0.9999932268328063      
   1.5361756812745328E-012
    3.600000000000000         2.776249052171010        2.5072209403002699E-002 
   0.6165981122192525        -33.58147869093447        0.9999933619291413      
   1.5356446033765052E-012
    3.600000000000000         2.982173694877646        2.3896655554685967E-002 
   0.6187410808417770        -33.59357791773077        0.9999935001618502      
   1.5293141374017239E-012
    3.600000000000000         3.189498332348288        2.2737043839951281E-002 
   0.6207804570210163        -33.60588645057699        0.9999936412259244      
   1.5192810683617611E-012
    3.600000000000000         3.398294467336542        2.1596692650795460E-002 
   0.6227181978580079        -33.61839583769485        0.9999937848203483      
   1.5071772515324430E-012
    3.600000000000000         3.608630946688375        2.0478665178589948E-002 
   0.6245565243814938        -33.63109826584710        0.9999939306498833      
   1.4941850733610508E-012
    3.600000000000000         3.820573874139177        1.9385750664968466E-002 
   0.6262978930762376        -33.64398654898708        0.9999940784266982      
   1.4811005711623220E-012
    3.600000000000000         4.034186532974921        1.8320450611615829E-002 
   0.6279449662294583        -33.65705411228695        0.9999942278718403      
   1.4684168831973337E-012
    3.600000000000000         4.249529318623878        1.7284969863710482E-002 
   0.6295005817601858        -33.67029497181674        0.9999943787165685      
   1.4564078863326721E-012
    3.600000000000000         4.466659681189796        1.6281212364514679E-002 
   0.6309677231387874        -33.68370371037521        0.9999945307035497      
   1.4452001878028604E-012
    3.600000000000000         4.685632077883227        1.5310781280493683E-002 
   0.6323494899332616        -33.69727545008509        0.9999946835878865      
   1.4348287298145611E-012
    3.600000000000000         4.906497935255945        1.4374983118728589E-002 
   0.6336490694399842        -33.71100582235692        0.9999948371379535      
   1.4252761037649535E-012
    3.600000000000000         5.129305621094297        1.3474835401453876E-002 
   0.6348697097732361        -33.72489093578405        0.9999949911360344      
   1.4164982352432120E-012
    3.600000000000000         5.354100425780786        1.2611077425519812E-002 
   0.6360146947036682        -33.73892734249460        0.9999951453787624      
   1.4084399291630814E-012
    3.600000000000000         5.580924552890115        1.1784183615904227E-002 
   0.6370873204542691        -33.75311200346457        0.9999952996773745      
   1.4010435428812936E-012
    3.600000000000000         5.809817118746128        1.0994378979982570E-002 
   0.6380908745862237        -33.76744225328487        0.9999954538578061      
   1.3942533677153402E-012
    3.600000000000000         6.040814160629681        1.0241656180673452E-002 
   0.6390286170384474        -33.78191576486576        0.9999956077606390      
   1.3880175310360817E-012
    3.600000000000000         6.273948653295052        9.5257937692333067E-003 
   0.6399037633250060        -33.79653051453760        0.9999957612409202      
   1.3822885778046303E-012
    3.600000000000000         6.509250533423568        8.8463751498385271E-003 
   0.6407194698448871        -33.81128474795348        0.9999959141678708      
   1.3770234139708217E-012
    3.600000000000000         6.746746731618209        8.2028078856705468E-003 
   0.6414788212186329        -33.82617694712430        0.9999960664244887      
   1.3721829830626213E-012
    3.600000000000000         6.986461211521710        7.5943429977909770E-003 
   0.6421848195357139        -33.84120579884758        0.9999962179070594      
   1.3677318618168810E-012
    3.600000000000000         7.228415015623348        7.0200939516284928E-003 
   0.6428403753743888        -33.85637016472750        0.9999963685245982      
   1.3636378587967566E-012
    3.600000000000000         7.472626317305855        6.4790550697142197E-003 
   0.6434483004412823        -33.87166905293056        0.9999965181982251      
   1.3598716482735859E-012
    3.600000000000000         7.719110478673879        5.9701191520320964E-003 
   0.6440113016699751        -33.88710159176853        0.9999966668604987      
   1.3564064476704763E-012
    3.600000000000000         7.967880113698818        5.4920941259834592E-003 
   0.6445319766153357        -33.90266700515053        0.9999968144547138      
   1.3532177369551160E-012
    3.600000000000000         8.218945156211536        5.0437185857155568E-003 
   0.6450128099820285        -33.91836458989585        0.9999969609341736      
   1.3502830150378302E-012
    3.600000000000000         8.472312932274409        4.6236761148749006E-003 
   0.6454561711304134        -33.93419369486362        0.9999971062614591      
   1.3475815876845056E-012
    3.600000000000000         8.727988236466917        4.2306083173882219E-003 
   0.6458643124099595        -33.95015370183794        0.9999972504077019      
   1.3450943819238852E-012
    3.600000000000000         8.985973411624599        3.8631265075898709E-003 
   0.6462393681785608        -33.96624400809385        0.9999973933518692      
   1.3428037826617443E-012
    3.600000000000000         9.246268431579237        3.5198220340037366E-003 
   0.6465833543751991        -33.98246401054666        0.9999975350800562      
   1.3406934879277188E-012
    3.600000000000000         9.508870986458517        3.1992752305528846E-003 
   0.6468981685226540        -33.99881309136504        0.9999976755848056      
   1.3387483797910285E-012
    3.600000000000000         9.773776570115773        2.9000630054749517E-003 
   0.6471855900457735        -34.01529060490373        0.9999978148644355      
   1.3369544084847595E-012
    3.600000000000000         10.04097856927476        2.6207650935206354E-003 
   0.6474472807987781        -34.03189586578153        0.9999979529224005      
   1.3352984877034874E-012
    3.600000000000000         10.31046835399012        2.3599690163356212E-003 
   0.6476847857026157        -34.04862813792113        0.9999980897667010      
   1.3337683994445292E-012
    3.600000000000000         10.58223536904130        2.1162738339901895E-003 
   0.6478995334022413        -34.06548662440198        0.9999982254093172      
   1.3323527072712371E-012
    3.600000000000000         10.85626722589636        1.8882928672711091E-003 
   0.6480928368679426        -34.08247045801223        0.9999983598656803      
   1.3310406777642089E-012
    3.600000000000000         11.13254979490064        1.6746558272860757E-003 
   0.6482658938956873        -34.09957869234465        0.9999984931541765      
   1.3298222118102652E-012
    3.600000000000000         11.41106729736590        1.4740114475068572E-003 
   0.6484197875390881        -34.11681029324185        0.9999986252957049      
   1.3286877915364285E-012
    3.600000000000000         11.69180239725550        1.2850332919977802E-003 
   0.6485554867001522        -34.13416413038076        0.9999987563133278      
   1.3276284574453790E-012
    3.600000000000000         11.97473629218198        1.1064348850683690E-003 
   0.6486738475672335        -34.15163896862001        0.9999988862320726      
   1.3266358470130271E-012
    3.600000000000000         12.25984880345458        9.3700715155784809E-004 
   0.6487756176023363        -34.16923345861140        0.9999990150788882      
   1.3257023533877764E-012
    3.600000000000000         12.54711846493471        7.7570280738201700E-004 
   0.6488614457937856        -34.18694612673064        0.9999991428826935      
   1.3248214969526344E-012
    3.600000000000000         12.83652261047853        6.2180816200565884E-004 
   0.6489319063927088        -34.20477536490274        0.9999992696747322      
   1.3239886193015515E-012
    3.600000000000000         13.12803745976597        4.7525595575623701E-004 
   0.6489875484337931        -34.22271941969659        0.9999993954900942      
   1.3232019442740064E-012
    3.600000000000000         13.42163820233561        3.3712582855233543E-004 
   0.6490289887964051        -34.24077637922716        0.9999995203715443      
   1.3224637874832340E-012
    3.600000000000000         13.71729907966468        2.1032605026918914E-004 
   0.6490570687981184        -34.25894415860263        0.9999996443772404      
   1.3217811004072874E-012
    3.600000000000000         14.01499346515192        1.0033868897353407E-004 
   0.6490730875439010        -34.27722048292874        0.9999997675955524      
   1.3211635887251147E-012
    3.600000000000000         14.31469394187969        1.5782730568767472E-005 
   0.6490791052596516        -34.29560286594686        0.9999998901707855      
   1.3206166756733504E-012
    3.600000000000000         14.61637237804932       -3.1473673344242263E-005 
   0.6490782811470173        -34.31408858481648         1.000000012344620      
   1.3201264839165087E-012
    3.600000000000000         14.92000000000000       -3.1473673344242263E-005 
   0.6490799293722859        -34.33257430368610         1.000000134518455      
   1.3196362921596670E-012
    3.840000000000000        -4.227026579539560         0.000000000000000      
   0.5000000000000000        -35.75070947999395         1.000000000000000      
    0.000000000000000     
    3.840000000000000        -4.014206434341432        8.3599365563474561E-003 
   0.5004565590716512        -35.75070947999395        0.9999980315680775      
   1.4764588798249052E-018
    3.840000000000000        -3.803070304910810        1.6051254069859470E-002 
   0.5017807456215899        -35.74731783008503        0.9999963119027242      
   4.1325165922733380E-018
    3.840000000000000        -3.593549933081869        2.2801835305893622E-002 
   0.5038692252113277        -35.74461448061793        0.9999949626186594      
   9.7377695806459739E-018
    3.840000000000000        -3.385574045583126        2.8460953903495262E-002 
   0.5066007812778792        -35.74258753035088        0.9999939377362231      
   2.1685157009762274E-017
    3.840000000000000        -3.179068445902549        3.2982980893470945E-002 
   0.5098483032229928        -35.74122846759836        0.9999931836810777      
   4.6496799595549301E-017
    3.840000000000000        -2.973956117362914        3.6416998691297782E-002 
   0.5134887110650068        -35.74052743808087        0.9999926457911422      
   9.6340913135687770E-017
    3.840000000000000        -2.770157337224366        3.8881559783177908E-002 
   0.5174109996402516        -35.74047303949754        0.9999922734183438      
   1.9307351634065787E-016
    3.840000000000000        -2.567589801560878        4.0533525667521185E-002 
   0.5215211179341001        -35.74105222797764        0.9999920230998116      
   3.7439431304952831E-016
    3.840000000000000        -2.366168760586374        4.1539274085179087E-002 
   0.5257436782117269        -35.74225049812500        0.9999918599064755      
   7.0266368177016708E-016
    3.840000000000000        -2.165807164036497        4.2053386228395842E-002 
   0.5300211424105515        -35.74405224182601        0.9999917573346602      
   1.2766585099317219E-015
    3.840000000000000        -1.966415816142869        4.2206377336627784E-002 
   0.5343114175864860        -35.74644098180747        0.9999916963122035      
   2.2459332605687600E-015
    3.840000000000000        -1.767903539669862        4.2100389300491516E-002 
   0.5385847577753395        -35.74939961913451        0.9999916637979316      
   3.8264250851851759E-015
    3.840000000000000        -1.570177348419479        4.1810460966448464E-002 
   0.5428206524273453        -35.75291076844837        0.9999916512816609      
   6.3145371576001344E-015
    3.840000000000000        -1.373142627548817        4.1388834066427738E-002 
   0.5470051116693033        -35.75695700853361        0.9999916534240852      
   1.0095382027996731E-014
    3.840000000000000        -1.176703320987477        4.0870269418814796E-002 
   0.5511285207739947        -35.76152099123414        0.9999916669824509      
   1.5639629956240185E-014
    3.840000000000000       -0.9807621251897585        4.0277086450803606E-002 
   0.5551840709682221        -35.76658549036632        0.9999916900411395      
   2.3483143540630268E-014
    3.840000000000000       -0.7852206884089804        3.9623303753070466E-002 
   0.5591666846271137        -35.77213345246314        0.9999917214920351      
   3.4184978366820390E-014
    3.840000000000000       -0.5899798146396622        3.8917723769611764E-002 
   0.5630723216577878        -35.77814805581718        0.9999917606959735      
   4.8262825035489770E-014
    3.840000000000000       -0.3949396713377247        3.8166064017475479E-002 
   0.5668975573901761        -35.78461276127040        0.9999918072695142      
   6.6110408411811454E-014
    3.840000000000000       -0.2000000000000011        3.7372340496131258E-002 
   0.5706393376658917        -35.79151134265694        0.9999918609565844      
   8.7907767491791684E-014
    3.840000000000000       -5.0612032226220773E-003   3.6539721932846880E-002 
   0.5742948329876416        -35.79882787517189        0.9999919215554129      
   1.1354081721993293E-013
    3.840000000000000        0.1899728225015762        3.5671039611593680E-002 
   0.5778613689272643        -35.80654667499350        0.9999919888820645      
   1.4254912824514961E-013
    3.840000000000000        0.3851971143511089        3.4769051866877350E-002 
   0.5813364299384307        -35.81465235786251        0.9999920627548382      
   1.7412015074667132E-013
    3.840000000000000        0.5807063267879043        3.3836581102103601E-002 
   0.5847176863364270        -35.82312989667218        0.9999921429851284      
   2.0713889098021511E-013
    3.840000000000000        0.7765945422431204        3.2876577632554527E-002 
   0.5880030143292785        -35.83196464385396        0.9999922293729112      
   2.4029105747352340E-013
    3.840000000000000        0.9729550842390562        3.1892140037322200E-002 
   0.5911905162205198        -35.84114235264511        0.9999923217045205      
   2.7220508525562863E-013
    3.840000000000000         1.169880333731538        3.0886511059182335E-002 
   0.5942785413542597        -35.85064919942386        0.9999924197512318      
   3.0160823590531236E-013
    3.840000000000000         1.367461549433629        2.9863059661918885E-002 
   0.5972657057265889        -35.86047180362103        0.9999925232688216      
   3.2746778920296869E-013
    3.840000000000000         1.565788692852865        2.8825255099508281E-002 
   0.6001509090060989        -35.87059724498179        0.9999926319984110      
   3.4909161131627562E-013
    3.840000000000000         1.764950258740411        2.7776636313298589E-002 
   0.6029333481762624        -35.88101307975596        0.9999927456683106      
   3.6617217391454500E-013
    3.840000000000000         1.965033111612069        2.6720778675667082E-002 
   0.6056125273205388        -35.89170735680096        0.9999928639962811      
   3.7877135768181504E-013
    3.840000000000000         2.166122328958343        2.5661259454941642E-002 
   0.6081882632953463        -35.90266863317002        0.9999929866917966      
   3.8725609665077693E-013
    3.840000000000000         2.368301051714338        2.4601623055852694E-002 
   0.6106606872055671        -35.91388598825495        0.9999931134582009      
   3.9220362538939235E-013
    3.840000000000000         2.571650342510284        2.3545346916254296E-002 
   0.6130302417323513        -35.92534903580189        0.9999932439947588      
   3.9429797117457491E-013
    3.840000000000000         2.776249052171010        2.2495808825742827E-002 
   0.6152976744791641        -35.93704793326599        0.9999933779986120      
   3.9423663049459611E-013
    3.840000000000000         2.982173694877646        2.1456256333656026E-002 
   0.6174640276032753        -35.94897338799064        0.9999935151667039      
   3.9265993943859569E-013
    3.840000000000000         3.189498332348288        2.0429778815475679E-002 
   0.6195306240834806        -35.96111665992222        0.9999936551976866      
   3.9010802312569351E-013
    3.840000000000000         3.398294467336542        1.9419282662590489E-002 
   0.6214990510399977        -35.97346956089466        0.9999937977937866      
   3.8700363029177355E-013
    3.840000000000000         3.608630946688375        1.8427469951068115E-002 
   0.6233711405705720        -35.98602445058830        0.9999939426625685      
   3.8365494888304477E-013
    3.840000000000000         3.820573874139177        1.7456820833382285E-002 
   0.6251489485973726        -35.99877422912779        0.9999940895185438      
   3.8027092550004369E-013
    3.840000000000000         4.034186532974921        1.6509579786621719E-002 
   0.6268347322304346        -36.01171232622693        0.9999942380846363      
   3.7698214494298195E-013
    3.840000000000000         4.249529318623878        1.5587745745264992E-002 
   0.6284309261454564        -36.02483268695263        0.9999943880935175      
   3.7386206751192900E-013
    3.840000000000000         4.466659681189796        1.4693066049445515E-002 
   0.6299401184500049        -36.03812975439796        0.9999945392888101      
   3.7094550060668551E-013
    3.840000000000000         4.685632077883227        1.3827034053400923E-002 
   0.6313650264766493        -36.05159844966160        0.9999946914261336      
   3.6824299127127920E-013
    3.840000000000000         4.906497935255945        1.2990890165441495E-002 
   0.6327084728972073        -36.06523414952830        0.9999948442739689      
   3.6575108529046594E-013
    3.840000000000000         5.129305621094297        1.2185626031385038E-002 
   0.6339733625013707        -36.07903266221479        0.9999949976143268      
   3.6345908429429493E-013
    3.840000000000000         5.354100425780786        1.1411991528440829E-002 
   0.6351626599278932        -36.09299020152942        0.9999951512432248      
   3.6135317093475902E-013
    3.840000000000000         5.580924552890115        1.0670504205696225E-002 
   0.6362793685798631        -36.10710335979463        0.9999953049709858      
   3.5941873402027984E-013
    3.840000000000000         5.809817118746128        9.9614607898973299E-003 
   0.6373265108997332        -36.12136907989272        0.9999954586223750      
   3.5764155952004259E-013
    3.840000000000000         6.040814160629681        9.2849503699168213E-003 
   0.6383071101267399        -36.13578462681087        0.9999956120365899      
   3.5600836024839092E-013
    3.840000000000000         6.273948653295052        8.6408688786630584E-003 
   0.6392241736107578        -36.15034755905501        0.9999957650671212      
   3.5450694957052254E-013
    3.840000000000000         6.509250533423568        8.0289345055196120E-003 
   0.6400806777135983        -36.16505570027083        0.9999959175814899      
   3.5312624065241180E-013
    3.840000000000000         6.746746731618209        7.4487036939618282E-003 
   0.6408795542917325        -36.17990711135617        0.9999960694608836      
   3.5185617101569408E-013
    3.840000000000000         6.986461211521710        6.8995874059979527E-003 
   0.6416236787234815        -36.19490006330137        0.9999962205996977      
   3.5068760290589177E-013
    3.840000000000000         7.228415015623348        6.3808673658742737E-003 
   0.6423158594186942        -36.21003301095386        0.9999963709049980      
   3.4961222264750327E-013
    3.840000000000000         7.472626317305855        5.8917120285518444E-003 
   0.6429588287295446        -36.22530456786543        0.9999965202959258      
   3.4862244814961801E-013
    3.840000000000000         7.719110478673879        5.4311920524729509E-003 
   0.6435552351668662        -36.24071348234457        0.9999966687030505      
   3.4771134713789062E-013
    3.840000000000000         7.967880113698818        4.9982950899814943E-003 
   0.6441076368167340        -36.25625861479354        0.9999968160676883      
   3.4687256591366355E-013
    3.840000000000000         8.218945156211536        4.5919397414837700E-003 
   0.6446184958460452        -36.27193891637505        0.9999969623411981      
   3.4610026747023761E-013
    3.840000000000000         8.472312932274409        4.2109885503131793E-003 
   0.6450901739829036        -36.28775340902357        0.9999971074842660      
   3.4538907760163315E-013
    3.840000000000000         8.727988236466917        3.8542599437815161E-003 
   0.6455249288570246        -36.30370116679281        0.9999972514661943      
   3.4473403773557138E-013
    3.840000000000000         8.985973411624599        3.5205390517537710E-003 
   0.6459249110865811        -36.31978129850378        0.9999973942641917      
   3.4413056340026845E-013
    3.840000000000000         9.246268431579237        3.2085873570374202E-003 
   0.6462921620004094        -36.33599293162899        0.9999975358626778      
   3.4357440741353595E-013
    3.840000000000000         9.508870986458517        2.9171511519104128E-003 
   0.6466286118877453        -36.35233519733006        0.9999976762526011      
   3.4306162703773559E-013
    3.840000000000000         9.773776570115773        2.6449687925773867E-003 
   0.6469360786710927        -36.36880721655148        0.9999978154307771      
   3.4258855447280774E-013
    3.840000000000000         10.04097856927476        2.3907767598090705E-003 
   0.6472162669011212        -36.38540808705066        0.9999979533992559      
   3.4215177016883000E-013
    3.840000000000000         10.31046835399012        2.1533145541310986E-003 
   0.6474707669761635        -36.40213687122392        0.9999980901647327      
   3.4174807854463597E-013
    3.840000000000000         10.58223536904130        1.9313284910155042E-003 
   0.6477010544946993        -36.41899258460785        0.9999982257379856      
   3.4137448583231599E-013
    3.840000000000000         10.85626722589636        1.7235745516681169E-003 
   0.6479084896613683        -36.43597418495502        0.9999983601333398      
   3.4102818000225926E-013
    3.840000000000000         11.13254979490064        1.5288206807315533E-003 
   0.6480943166974408        -36.45308056173970        0.9999984933681689      
   3.4070651322277115E-013
    3.840000000000000         11.41106729736590        1.3458495232640925E-003 
   0.6482596632872755        -36.47031052590614        0.9999986254624473      
   3.4040698840743242E-013
    3.840000000000000         11.69180239725550        1.1734640321587058E-003 
   0.6484055402980360        -36.48766279965980        0.9999987564383951      
   3.4012725370629761E-013
    3.840000000000000         11.97473629218198        1.0105015408469402E-003 
   0.6485328425007117        -36.50513600592568        0.9999988863202729      
   3.3986511316866521E-013
    3.840000000000000         12.25984880345458        8.5586813609776096E-004 
   0.6486423521022789        -36.52272865697861        0.9999990151343373      
   3.3961856891376919E-013
    3.840000000000000         12.54711846493471        7.0861579755145338E-004 
   0.6487347490528794        -36.54043914231286        0.9999991429088870      
   3.3938591887372267E-013
    3.840000000000000         12.83652261047853        5.6809923486723446E-004 
   0.6488106358493338        -36.55826571635400        0.9999992696746048      
   3.3916593809663601E-013
    3.840000000000000         13.12803745976597        4.3426145338106318E-004 
   0.6488705900337711        -36.57620648541086        0.9999993954660757      
   3.3895815381591083E-013
    3.840000000000000         13.42163820233561        3.0809086614031026E-004 
   0.6489152635240203        -36.59425939243635        0.9999995203256059      
   3.3876315479300316E-013
    3.840000000000000         13.71729907966468        1.9224474383904884E-004 
   0.6489455504996720        -36.61242220038989        0.9999996443109336      
   3.3858272004672497E-013
    3.840000000000000         14.01499346515192        9.1732368804322499E-005 
   0.6489628386219894        -36.63069247319881        0.9999997675100383      
   3.3841930925401008E-013
    3.840000000000000         14.31469394187969        1.4434715597727898E-005 
   0.6489693373181413        -36.64906755222581        0.9999998900668509      
   3.3827421968597253E-013
    3.840000000000000         14.61637237804932       -2.8784416033838965E-005 
   0.6489684464856585        -36.66754452838687         1.000000012222678      
   3.3814373017725079E-013
    3.840000000000000         14.92000000000000       -2.8784416033838965E-005 
   0.6489702281506242        -36.68602150454793         1.000000134378505      
   3.3801324066852906E-013
    4.080000000000000        -4.227026579539560         0.000000000000000      
   0.5000000000000000        -38.11049200880183         1.000000000000000      
    0.000000000000000     
    4.080000000000000        -4.014206434341432        7.3369003442716185E-003 
   0.5004493113755295        -38.11049200880183        0.9999980415540584      
   3.9131795486467818E-019
    4.080000000000000        -3.803070304910810        1.4089738066207370E-002 
   0.5017530463375252        -38.10714664182874        0.9999963301976003      
   1.0918946893494385E-018
    4.080000000000000        -3.593549933081869        2.0018637855972753E-002 
   0.5038104381864251        -38.10447121119388        0.9999949869412830      
   2.5629782852785819E-018
    4.080000000000000        -3.385574045583126        2.4990275252304760E-002 
   0.5065026817157137        -38.10245444536228        0.9999939662446813      
   5.6845834557901049E-018
    4.080000000000000        -3.179068445902549        2.8963812964109863E-002 
   0.5097047595827295        -38.10108848566382        0.9999932149626916      
   1.2140697653638708E-017
    4.080000000000000        -2.973956117362914        3.1981819984135240E-002 
   0.5132953224774892        -38.10036413464153        0.9999926788100769      
   2.5059948848416836E-017
    4.080000000000000        -2.770157337224366        3.4148101758140897E-002 
   0.5171647372394188        -38.10027063338590        0.9999923074433730      
   5.0039530025421067E-017
    4.080000000000000        -2.567589801560878        3.5600300329019119E-002 
   0.5212200042429485        -38.10079556904366        0.9999920576292870      
   9.6697494451484188E-017
    4.080000000000000        -2.366168760586374        3.6484557605902579E-002 
   0.5253865233516232        -38.10192506455940        0.9999918946016271      
   1.8088576331959529E-016
    4.080000000000000        -2.165807164036497        3.6936745419352213E-002 
   0.5296073431600608        -38.10364414970807        0.9999917919663199      
   3.2762667285197526E-016
    4.080000000000000        -1.966415816142869        3.7071645564263386E-002 
   0.5338408160817849        -38.10593700483876        0.9999917307217250      
   5.7468183738749785E-016
    4.080000000000000        -1.767903539669862        3.6979134601526770E-002 
   0.5380575510673575        -38.10878721563854        0.9999916978704511      
   9.7640650996480168E-016
    4.080000000000000        -1.570177348419479        3.6725279286245013E-002 
   0.5422373417231734        -38.11217811291139        0.9999916849287253      
   1.6071967486793452E-015
    4.080000000000000        -1.373142627548817        3.6356107395277608E-002 
   0.5463664800229973        -38.11609302499864        0.9999916865728491      
   2.5634584191947982E-015
    4.080000000000000        -1.176703320987477        3.5902271887280013E-002 
   0.5504356292979767        -38.12051538662497        0.9999916995693238      
   3.9627307265394923E-015
    4.080000000000000       -0.9807621251897585        3.5383475334820655E-002 
   0.5544382655213342        -38.12542878678346        0.9999917220083354      
   5.9385428185851621E-015
    4.080000000000000       -0.7852206884089804        3.4812106235125720E-002 
   0.5583696068726715        -38.13081701799866        0.9999917527859011      
   8.6299358579754223E-015
    4.080000000000000       -0.5899798146396622        3.4195948413205647E-002 
   0.5622259200921578        -38.13666413348098        0.9999917912663119      
   1.2165447143160960E-014
    4.080000000000000       -0.3949396713377247        3.3540053076762000E-002 
   0.5660040953174771        -38.14295449541012        0.9999918370694247      
   1.6642686302003452E-014
    4.080000000000000       -0.2000000000000011        3.2847954126174028E-002 
   0.5697013961921855        -38.14967280214078        0.9999918899425541      
   2.2106195927921631E-014
    4.080000000000000       -5.0612032226220773E-003   3.2122418846039516E-002 
   0.5733153079983979        -38.15680407334695        0.9999919496875189      
   2.8527618540113043E-014
    4.080000000000000        0.1899728225015762        3.1365896331522009E-002 
   0.5768434612716256        -38.16433358694212        0.9999920161242004      
   3.5792803081596501E-014
    4.080000000000000        0.3851971143511089        3.0580751032094525E-002 
   0.5802836282265210        -38.17224692991217        0.9999920890748987      
   4.3700318434753001E-014
    4.080000000000000        0.5807063267879043        2.9769384817564182E-002 
   0.5836337425606657        -38.18053004807348        0.9999921683551802      
   5.1973586869104653E-014
    4.080000000000000        0.7765945422431204        2.8934295253370219E-002 
   0.5868919130096404        -38.18916926088013        0.9999922537693489      
   6.0286181326573837E-014
    4.080000000000000        0.9729550842390562        2.8078096137575993E-002 
   0.5900564378302486        -38.19815127469043        0.9999923451081965      
   6.8296756486028753E-014
    4.080000000000000         1.169880333731538        2.7203516945502326E-002 
   0.5931258209217376        -38.20746319678106        0.9999924421475489      
   7.5687576538781798E-014
    4.080000000000000         1.367461549433629        2.6313390399611884E-002 
   0.5960987876541723        -38.21709254681777        0.9999925446477873      
   8.2199547619286777E-014
    4.080000000000000         1.565788692852865        2.5410633190406373E-002 
   0.5989742992489688        -38.22702726578312        0.9999926523546492      
   8.7657414656299230E-014
    4.080000000000000         1.764950258740411        2.4498222637136295E-002 
   0.6017515649829209        -38.23725572417933        0.9999927650010385      
   9.1981131471596354E-014
    4.080000000000000         1.965033111612069        2.3579170936841580E-002 
   0.6044300517514216        -38.24776673071443        0.9999928823092412      
   9.5182633842265050E-014
    4.080000000000000         2.166122328958343        2.2656498090728151E-002 
   0.6070094907081236        -38.25854954123999        0.9999930039931461      
   9.7350371109897651E-014
    4.080000000000000         2.368301051714338        2.1733204326941501E-002 
   0.6094898808276299        -38.26959386718004        0.9999931297603524      
   9.8626129347433769E-014
    4.080000000000000         2.571650342510284        2.0812242702810187E-002 
   0.6118714893369477        -38.28088988291077        0.9999932593141736      
   9.9179449496382083E-014
    4.080000000000000         2.776249052171010        1.9896492488713689E-002 
   0.6141548490474666        -38.29242823166086        0.9999933923555525      
   9.9184343491732956E-014
    4.080000000000000         2.982173694877646        1.8988733872168991E-002 
   0.6163407526972851        -38.30420002948243        0.9999935285849439      
   9.8801474591240487E-014
    4.080000000000000         3.189498332348288        1.8091624457962016E-002 
   0.6184302444818137        -38.31619686702828        0.9999936677041873      
   9.8167106006482143E-014
    4.080000000000000         3.398294467336542        1.7207677972150611E-002 
   0.6204246090082579        -38.32841080915258        0.9999938094183448      
   9.7388486951624301E-014
    4.080000000000000         3.608630946688375        1.6339245503564685E-002 
   0.6223253579579637        -38.34083439238770        0.9999939534374440      
   9.6544274409691918E-014
    4.080000000000000         3.820573874139177        1.5488499537448693E-002 
   0.6241342147786744        -38.35346062017212        0.9999940994780702      
   9.5688163195845729E-014
    4.080000000000000         4.034186532974921        1.4657420954527486E-002 
   0.6258530977535997        -38.36628295562268        0.9999942472648280      
   9.4853997681239718E-014
    4.080000000000000         4.249529318623878        1.3847789087753675E-002 
   0.6274841018049282        -38.37929531178402        0.9999943965316749      
   9.4061050576107990E-014
    4.080000000000000         4.466659681189796        1.3061174850980094E-002 
   0.6290294793879184        -38.39249203949521        0.9999945470231379      
   9.3318662886136405E-014
    4.080000000000000         4.685632077883227        1.2298936881196043E-002 
   0.6304916208206151        -38.40586791310928        0.9999946984953679      
   9.2629891103436937E-014
    4.080000000000000         4.906497935255945        1.1562220570778299E-002 
   0.6318730343751554        -38.41941811429952        0.9999948507170309      
   9.1994128076453290E-014
    4.080000000000000         5.129305621094297        1.0851959809929637E-002 
   0.6331763264305234        -38.43313821415794        0.9999950034700008      
   9.1408843129792849E-014
    4.080000000000000         5.354100425780786        1.0168881213138461E-002 
   0.6344041819548539        -38.44702415378549        0.9999951565498648      
   9.0870653472129337E-014
    4.080000000000000         5.580924552890115        9.5135105675697336E-003 
   0.6355593455497730        -38.46107222358620        0.9999953097662595      
   9.0375934073009824E-014
    4.080000000000000         5.809817118746128        8.8861812158503705E-003 
   0.6366446032515554        -38.47527904150329        0.9999954629430335      
   8.9921134183047645E-014
    4.080000000000000         6.040814160629681        8.2870440703455492E-003 
   0.6376627652457887        -38.48964153046641        0.9999956159182692      
   8.9502921232295134E-014
    4.080000000000000         6.273948653295052        7.7160789500627675E-003 
   0.6386166496152466        -38.50415689533117        0.9999957685441777      
   8.9118230847296395E-014
    4.080000000000000         6.509250533423568        7.1731069337486481E-003 
   0.6395090672059232        -38.51882259957691        0.9999959206868647      
   8.8764270241624681E-014
    4.080000000000000         6.746746731618209        6.6578034324450332E-003 
   0.6403428076643682        -38.53363634199632        0.9999960722259867      
   8.8438501205281258E-014
    4.080000000000000         6.986461211521710        6.1697117004534856E-003 
   0.6411206266709220        -38.54859603358128        0.9999962230543221      
   8.8138616119658802E-014
    4.080000000000000         7.228415015623348        5.7082565240289679E-003 
   0.6418452343684447        -38.56369977478635        0.9999963730772586      
   8.7862513250041795E-014
    4.080000000000000         7.472626317305855        5.2727578509298746E-003 
   0.6425192849647962        -38.57894583333162        0.9999965222122192      
   8.7608273851209360E-014
    4.080000000000000         7.719110478673879        4.8624441499954176E-003 
   0.6431453674695861        -38.59433262268124        0.9999966703880410      
   8.7374141852081017E-014
    4.080000000000000         7.967880113698818        4.4764653171162185E-003 
   0.6437259975113611        -38.60985868130682        0.9999968175443087      
   8.7158506126498701E-014
    4.080000000000000         8.218945156211536        4.1139049713617478E-003 
   0.6442636101700181        -38.62552265281569        0.9999969636306747      
   8.6959885082351769E-014
    4.080000000000000         8.472312932274409        3.7737920118329606E-003 
   0.6447605537504648        -38.64132326699703        0.9999971086061579      
   8.6776913237725144E-014
    4.080000000000000         8.727988236466917        3.4551113313981228E-003 
   0.6452190844170052        -38.65725932180792        0.9999972524384402      
   8.6608329470445418E-014
    4.080000000000000         8.985973411624599        3.1568136073236910E-003 
   0.6456413616032357        -38.67332966629209        0.9999973951031691      
   8.6452966669344612E-014
    4.080000000000000         9.246268431579237        2.8778241105408883E-003 
   0.6460294441090214        -38.68953318440032        0.9999975365832682      
   8.6309742559406546E-014
    4.080000000000000         9.508870986458517        2.6170504947215754E-003 
   0.6463852867939964        -38.70586877967099        0.9999976768682625      
   8.6177651511517169E-014
    4.080000000000000         9.773776570115773        2.3733895437123322E-003 
   0.6467107377755554        -38.72233536072345        0.9999978159536250      
   8.6055757179756348E-014
    4.080000000000000         10.04097856927476        2.1457328725239728E-003 
   0.6470075360382451        -38.73893182748758        0.9999979538401500      
   8.5943185836677966E-014
    4.080000000000000         10.31046835399012        1.9329715970295830E-003 
   0.6472773093614124        -38.75565705806209        0.9999980905333669      
   8.5839120303710802E-014
    4.080000000000000         10.58223536904130        1.7340000226449030E-003 
   0.6475215724746870        -38.77250989609916        0.9999982260429741      
   8.5742794408062838E-014
    4.080000000000000         10.85626722589636        1.5477184846742890E-003 
   0.6477417253607265        -38.78948913862869        0.9999983603823046      
   8.5653487958319388E-014
    4.080000000000000         11.13254979490064        1.3730356855919555E-003 
   0.6479390516541204        -38.80659352419075        0.9999984935678204      
   8.5570522360336139E-014
    4.080000000000000         11.41106729736590        1.2088714140769965E-003 
   0.6481147171681778        -38.82382172110088        0.9999986256186595      
   8.5493257279001672E-014
    4.080000000000000         11.69180239725550        1.0541618206391379E-003 
   0.6482697687965795        -38.84117231565462        0.9999987565562760      
   8.5421089343562824E-014
    4.080000000000000         11.97473629218198        9.0787226089344909E-004 
   0.6484051345538266        -38.85864379990069        0.9999988864042347      
   8.5353455011294709E-014
    4.080000000000000         12.25984880345458        7.6902831402904208E-004 
   0.6485216266614773        -38.87623455848561        0.9999990151881640      
   8.5289841505167760E-014
    4.080000000000000         12.54711846493471        6.3678512759329656E-004 
   0.6486199518686325        -38.89394285464592        0.9999991429357930      
   8.5229811915922538E-014
    4.080000000000000         12.83652261047853        5.1056824523783620E-004 
   0.6487007371857775        -38.91176681597710        0.9999992696772927      
   8.5173051432308162E-014
    4.080000000000000         13.12803745976597        3.9033001250639347E-004 
   0.6487645850514798        -38.92970441941196        0.9999993954467846      
   8.5119436901327752E-014
    4.080000000000000         13.42163820233561        2.7696025147856478E-004 
   0.6488121783317886        -38.94775347404251        0.9999995202861537      
   8.5069113888159068E-014
    4.080000000000000         13.71729907966468        1.7284705657372623E-004 
   0.6488444584554617        -38.96591160269494        0.9999996442527528      
   8.5022525818914859E-014
    4.080000000000000         14.01499346515192        8.2492770497804023E-005 
   0.6488628928526294        -38.98417622133301        0.9999997674342005      
   8.4980279085807734E-014
    4.080000000000000         14.31469394187969        1.2985514022072962E-005 
   0.6488698257908707        -39.00254451405095        0.9999998899740828      
   8.4942671761361726E-014
    4.080000000000000         14.61637237804932       -2.5893706260947340E-005 
   0.6488688747478141        -39.02101340321119         1.000000012113359      
   8.4908728691382464E-014
    4.080000000000000         14.92000000000000       -2.5893706260947340E-005 
   0.6488707768339275        -39.03948229237142         1.000000134252636      
   8.4874785621403202E-014
    4.319999999999999        -4.227026579539560         0.000000000000000      
   0.5000000000000000        -40.46945556618124         1.000000000000000      
    0.000000000000000     
    4.319999999999999        -4.014206434341432        6.3292618676822291E-003 
   0.5004429454490833        -40.46945556618124        0.9999980502552326      
   1.0168302307566855E-019
    4.319999999999999        -3.803070304910810        1.2156471234212266E-002 
   0.5017287434920008        -40.46615072714554        0.9999963461405710      
   2.8285225745764016E-019
    4.319999999999999        -3.593549933081869        1.7273959649255523E-002 
   0.5037589266247087        -40.46349966893411        0.9999950081399435      
   6.6137102220343109E-019
    4.319999999999999        -3.385574045583126        2.1566054736774677E-002 
   0.5064168263185158        -40.46149182883910        0.9999939910945022      
   1.4610046856197278E-018
    4.319999999999999        -3.179068445902549        2.4997048173005153E-002 
   0.5095792578901881        -40.46012004961963        0.9999932422325087      
   3.1080220582569314E-018
    4.319999999999999        -2.973956117362914        2.7603355850799843E-002 
   0.5131263773551282        -40.45937578616438        0.9999927075967336      
   6.3910712278164891E-018
    4.319999999999999        -2.770157337224366        2.9474377041977747E-002 
   0.5169497455404783        -40.45924887255430        0.9999923371090864      
   1.2715489934354191E-017
    4.319999999999999        -2.567589801560878        3.0728829460704616E-002 
   0.5209572836732409        -40.45972744647135        0.9999920877364769      
   2.4487064153684047E-017
    4.319999999999999        -2.366168760586374        3.1492855466652765E-002 
   0.5250750882711273        -40.46079816242288        0.9999919248547111      
   4.5656593278099279E-017
    4.319999999999999        -2.165807164036497        3.1883792437955479E-002 
   0.5292467320874510        -40.46244658309519        0.9999918221652239      
   8.2439050700902520E-017
    4.319999999999999        -1.966415816142869        3.2000807352452323E-002 
   0.5334309678242612        -40.46465743794659        0.9999917607279202      
   1.4418308943737875E-016
    4.319999999999999        -1.767903539669862        3.1921583350122448E-002 
   0.5375987225882245        -40.46741488774273        0.9999917275837555      
   2.4430432627495961E-016
    4.319999999999999        -1.570177348419479        3.1703251544489108E-002 
   0.5417300590543046        -40.47070286939940        0.9999917142721610      
   4.0111235369728584E-016
    4.319999999999999        -1.373142627548817        3.1385637710645946E-002 
   0.5458115133606265        -40.47450534950096        0.9999917154831744      
   6.3827107955231376E-016
    4.319999999999999        -1.176703320987477        3.0995283934436610E-002 
   0.5498339843129978        -40.47880643188481        0.9999917279914463      
   9.8456244216721737E-016
    4.319999999999999       -0.9807621251897585        3.0549265612928856E-002 
   0.5537911843170962        -40.48359040334237        0.9999917498922759      
   1.4726130686644493E-015
    4.319999999999999       -0.7852206884089804        3.0058329318983733E-002 
   0.5576785735256612        -40.48884178042391        0.9999917800853118      
   2.1363311607709545E-015
    4.319999999999999       -0.5899798146396622        2.9529231091035994E-002 
   0.5614926670723851        -40.49454536399288        0.9999918179378765      
   3.0070103632097913E-015
    4.319999999999999       -0.3949396713377247        2.8966352177190943E-002 
   0.5652306082044609        -40.50068628466938        0.9999918630727092      
   4.1083778410593829E-015
    4.319999999999999       -0.2000000000000011        2.8372748065952483E-002 
   0.5688899150107859        -40.50725002687676        0.9999919152400777      
   5.4512373330084397E-015
    4.319999999999999       -5.0612032226220773E-003   2.7750796658399898E-002 
   0.5724683242434709        -40.51422241110806        0.9999919742449234      
   7.0286743191488458E-015
    4.319999999999999        0.1899728225015762        2.7102585743848554E-002 
   0.5759637099022574        -40.52158952866887        0.9999920399104336      
   8.8129349459011333E-015
    4.319999999999999        0.3851971143511089        2.6430115441036267E-002 
   0.5793740740571275        -40.52933778621905        0.9999921120623654      
   1.0755052443314427E-014
    4.319999999999999        0.5807063267879043        2.5735404756941884E-002 
   0.5826975611496981        -40.53745394932971        0.9999921905198729      
   1.2787753836908139E-014
    4.319999999999999        0.7765945422431204        2.5020543414353731E-002 
   0.5859324665476864        -40.54592515141169        0.9999922750909670      
   1.4831544232112184E-014
    4.319999999999999        0.9729550842390562        2.4287711420591232E-002 
   0.5890772465625078        -40.55473890080475        0.9999923655702433      
   1.6803131117776926E-014
    4.319999999999999         1.169880333731538        2.3539180693473473E-002 
   0.5921305307462629        -40.56388308836920        0.9999924617374025      
   1.8624747736745116E-014
    4.319999999999999         1.367461549433629        2.2777306634134437E-002 
   0.5950911346527954        -40.57334599242111        0.9999925633567389      
   2.0232674131613254E-014
    4.319999999999999         1.565788692852865        2.2004513908699480E-002 
   0.5979580719919545        -40.58311628116793        0.9999926701779136      
   2.1583423583512643E-014
    4.319999999999999         1.764950258740411        2.1223278765006532E-002 
   0.6007305655011688        -40.59318301463225        0.9999927819377292      
   2.2656614742279977E-014
    4.319999999999999         1.965033111612069        2.0436109225353397E-002 
   0.6034080560915729        -40.60353564743733        0.9999928983623168      
   2.3454316714167020E-014
    4.319999999999999         2.166122328958343        1.9645524016156858E-002 
   0.6059902099768155        -40.61416403237477        0.9999930191693163      
   2.3997407000029309E-014
    4.319999999999999         2.368301051714338        1.8854030868822241E-002 
   0.6084769235927663        -40.62505842412870        0.9999931440699477      
   2.4320015498877837E-014
    4.319999999999999         2.571650342510284        1.8064104718353905E-002 
   0.6108683261886442        -40.63620948273075        0.9999932727709746      
   2.4463328119793708E-014
    4.319999999999999         2.776249052171010        1.7278166268632763E-002 
   0.6131647800326967        -40.64760827640838        0.9999934049765863      
   2.4469894150668453E-014
    4.319999999999999         2.982173694877646        1.6498561352547320E-002 
   0.6153668782345021        -40.65924628343954        0.9999935403902416      
   2.4379221886195074E-014
    4.319999999999999         3.189498332348288        1.5727541476200271E-002 
   0.6174754402399107        -40.67111539278547        0.9999936787165177      
   2.4225001535897988E-014
    4.319999999999999         3.398294467336542        1.4967245893134629E-002 
   0.6194915051034933        -40.68320790352573        0.9999938196629230      
   2.4033896518020239E-014
    4.319999999999999         3.608630946688375        1.4219685505298361E-002 
   0.6214163226883858        -40.69551652312620        0.9999939629416186      
   2.3825577786841679E-014
    4.319999999999999         3.820573874139177        1.3486728832741109E-002 
   0.6232513429833861        -40.70803436436483        0.9999941082710041      
   2.3613563874955445E-014
    4.319999999999999         4.034186532974921        1.2770090235280408E-002 
   0.6249982037587294        -40.72075494063499        0.9999942553771682      
   2.3406446177367831E-014
    4.319999999999999         4.249529318623878        1.2071320508486003E-002 
   0.6266587168035432        -40.73367215946762        0.9999944039952285      
   2.3209174223610976E-014
    4.319999999999999         4.466659681189796        1.1391799915337199E-002 
   0.6282348530006586        -40.74678031430405        0.9999945538705480      
   2.3024197520351650E-014
    4.319999999999999         4.685632077883227        1.0732733655818855E-002 
   0.6297287264999218        -40.76007407463815        0.9999947047598102      
   2.2852371016539180E-014
    4.319999999999999         4.906497935255945        1.0095149721346189E-002 
   0.6311425782500635        -40.77354847463702        0.9999948564319173      
   2.2693611036480130E-014
    4.319999999999999         5.129305621094297        9.4798990308066957E-003 
   0.6324787591415779        -40.78719890032141        0.9999950086687086      
   2.2547334254702237E-014
    4.319999999999999         5.354100425780786        8.8876577013842772E-003 
   0.6337397129994713        -40.80102107538128        0.9999951612654879      
   2.2412730243667051E-014
    4.319999999999999         5.580924552890115        8.3189312710729088E-003 
   0.6349279596462150        -40.81501104572283        0.9999953140313775      
   2.2288918106815305E-014
    4.319999999999999         5.809817118746128        7.7740606613856279E-003 
   0.6360460782330069        -40.82916516287677        0.9999954667895135      
   2.2175028788930463E-014
    4.319999999999999         6.040814160629681        7.2532296483720478E-003 
   0.6370966910127479        -40.84348006644114        0.9999956193770849      
   2.2070243258639951E-014
    4.319999999999999         6.273948653295052        6.7564735975016686E-003 
   0.6380824477022389        -40.85795266575641        0.9999957716452582      
   2.1973806450144227E-014
    4.319999999999999         6.509250533423568        6.2836892128049979E-003 
   0.6390060105550032        -40.87258012101109        0.9999959234589595      
   2.1885029011644212E-014
    4.319999999999999         6.746746731618209        5.8346450522087610E-003 
   0.6398700402405453        -40.88735982395944        0.9999960746965629      
   2.1803283611268968E-014
    4.319999999999999         6.986461211521710        5.4089925684120566E-003 
   0.6406771826012511        -40.90228937841928        0.9999962252494772      
   2.1727999294381956E-014
    4.319999999999999         7.228415015623348        5.0062774469902000E-003 
   0.6414300563349744        -40.91736658071155        0.9999963750216617      
   2.1658655542124360E-014
    4.319999999999999         7.472626317305855        4.6259510296602271E-003 
   0.6421312416300410        -40.93258940019594        0.9999965239290693      
   2.1594776715894507E-014
    4.319999999999999         7.719110478673879        4.2673816298341273E-003 
   0.6427832697601787        -40.94795596004399        0.9999966718990477      
   2.1535927107292669E-014
    4.319999999999999         7.967880113698818        3.9298655687181163E-003 
   0.6433886136298190        -40.96346451837497        0.9999968188696924      
   2.1481706610227092E-014
    4.319999999999999         8.218945156211536        3.6126377824452936E-003 
   0.6439496792452446        -40.97911344985232        0.9999969647891787      
   2.1431746956098734E-014
    4.319999999999999         8.472312932274409        3.3148818732364623E-003 
   0.6444687980740798        -40.99490122781373        0.9999971096150758      
   2.1385708433493346E-014
    4.319999999999999         8.727988236466917        3.0357394997058678E-003 
   0.6449482202444841        -41.01082640697761        0.9999972533136526      
   2.1343277016440701E-014
    4.319999999999999         8.985973411624599        2.7743190225426777E-003 
   0.6453901085259246        -41.02688760674506        0.9999973958591889      
   2.1304161834899105E-014
    4.319999999999999         9.246268431579237        2.5297033414876120E-003 
   0.6457965330254136        -41.04308349509987        0.9999975372332959      
   2.1268092931628236E-014
    4.319999999999999         9.508870986458517        2.3009568775099157E-003 
   0.6461694665263530        -41.05941277310752        0.9999976774242507      
   2.1234819258999969E-014
    4.319999999999999         9.773776570115773        2.0871316705565017E-003 
   0.6465107803913476        -41.07587416000451        0.9999978164263484      
   2.1204106877202721E-014
    4.319999999999999         10.04097856927476        1.8872725792234996E-003 
   0.6468222409453925        -41.09246637883567        0.9999979542392822      
   2.1175737322086832E-014
    4.319999999999999         10.31046835399012        1.7004215876815780E-003 
   0.6471055062523237        -41.10918814255234        0.9999980908675558      
   2.1149506117543188E-014
    4.319999999999999         10.58223536904130        1.5256212574210424E-003 
   0.6473621231971372        -41.12603814048656        0.9999982263199180      
   2.1125221415932730E-014
    4.319999999999999         10.85626722589636        1.3619174350365266E-003 
   0.6475935247942843        -41.14301502513012        0.9999983606088261      
   2.1102702765498953E-014
    4.319999999999999         11.13254979490064        1.2083615150337255E-003 
   0.6478010276703356        -41.16011739910132        0.9999984937499341      
   2.1081780036507108E-014
    4.319999999999999         11.41106729736590        1.0640130312148273E-003 
   0.6479858297537257        -41.17734380213636        0.9999986257616359      
   2.1062292609598652E-014
    4.319999999999999         11.69180239725550        9.2794448345919671E-004 
   0.6481490084273571        -41.19469269791708        0.9999987566647058      
   2.1044089078668305E-014
    4.319999999999999         11.97473629218198        7.9925279783127161E-004 
   0.6482915199391959        -41.21216246036427        0.9999988864820882      
   2.1027027999467347E-014
    4.319999999999999         12.25984880345458        6.7708673517548660E-004 
   0.6484142020627708        -41.22975135889496        0.9999990152388469      
   2.1010980660552307E-014
    4.319999999999999         12.54711846493471        5.6070795500046144E-004 
   0.6485177843943968        -41.24745754271758        0.9999991429622026      
   2.0995837381243305E-014
    4.319999999999999         12.83652261047853        4.4961489509475578E-004 
   0.6486029148748128        -41.26527902480940        0.9999992696818679      
   2.0981519024606437E-014
    4.319999999999999         13.12803745976597        3.4376831024954941E-004 
   0.6486702172944079        -41.28321366505020        0.9999993954315466      
   2.0967994166153345E-014
    4.319999999999999         13.42163820233561        2.4395271227224951E-004 
   0.6487204013297669        -41.30125915124489        0.9999995202527456      
   2.0955297797870360E-014
    4.319999999999999         13.71729907966468        1.5227053699938718E-004 
   0.6487544498547457        -41.31941297917253        0.9999996442024688      
   2.0943537598165442E-014
    4.319999999999999         14.01499346515192        7.2686288360725667E-005 
   0.6487739009346762        -41.33767243100434        0.9999997673680092      
   2.0932859007636062E-014
    4.319999999999999         14.31469394187969        1.1445818419100104E-005 
   0.6487812187898139        -41.35603454989084        0.9999998898926424      
   2.0923327500537503E-014
    4.319999999999999         14.61637237804932       -2.2822836279250147E-005 
   0.6487802144418151        -41.37449610943934         1.000000012017013      
   2.0914693160979645E-014
    4.319999999999999         14.92000000000000       -2.2822836279250147E-005 
   0.6487822231378126        -41.39295766898785         1.000000134141384      
   2.0906058821421788E-014
    4.560000000000000        -4.227026579539560         0.000000000000000      
   0.5000000000000000        -42.82762089410711         1.000000000000000      
    0.000000000000000     
    4.560000000000000        -4.014206434341432        5.3350552044800882E-003 
   0.5004374360340639        -42.82762089410711        0.9999980576856036      
   2.5919727520001201E-020
    4.560000000000000        -3.803070304910810        1.0247740788014813E-002 
   0.5017077770589743        -42.82435057614153        0.9999963597566089      
   7.1879462830353233E-020
    4.560000000000000        -3.593549933081869        1.4562622879871080E-002 
   0.5037146348237510        -42.82171982003005        0.9999950262468889      
   1.6742269817487730E-019
    4.560000000000000        -3.385574045583126        1.8181961565722757E-002 
   0.5063431972173774        -42.81971903407378        0.9999940123225162      
   3.6836318358219156E-019
    4.560000000000000        -3.179068445902549        2.1075496143471300E-002 
   0.5094718223540828        -42.81834190338854        0.9999932655300702      
   7.8054830455408703E-019
    4.560000000000000        -2.973956117362914        2.3273798686727982E-002 
   0.5129819190917932        -42.81758055415457        0.9999927321921669      
   1.5989952660984142E-018
    4.560000000000000        -2.770157337224366        2.4852143012710153E-002 
   0.5167660477867548        -42.81742535132938        0.9999923624571961      
   3.1698515881955831E-018
    4.560000000000000        -2.567589801560878        2.5910564008631502E-002 
   0.5207329128594422        -42.81786487818764        0.9999921134631788      
   6.0834639571297137E-018
    4.560000000000000        -2.366168760586374        2.6555400472894723E-002 
   0.5248092148260999        -42.81888619978148        0.9999919507074256      
   1.1305835697281736E-017
    4.560000000000000        -2.165807164036497        2.6885604209296327E-002 
   0.5289389887509741        -42.82047528830826        0.9999918479729616      
   2.0351403725880332E-017
    4.560000000000000        -1.966415816142869        2.6984832204659324E-002 
   0.5330813440499925        -42.82261730133893        0.9999917863721824      
   3.5490855881389425E-017
    4.560000000000000        -1.767903539669862        2.6918641449476553E-002 
   0.5372074911721941        -42.82529685734896        0.9999917529788190      
   5.9972808326488058E-017
    4.560000000000000        -1.570177348419479        2.6735265340990556E-002 
   0.5412977293411801        -42.82849838535899        0.9999917393522549      
   9.8218397899781618E-017
    4.560000000000000        -1.373142627548817        2.6468344615051289E-002 
   0.5453388047050725        -42.83220637828734        0.9999917401944090      
   1.5592667987561676E-016
    4.560000000000000        -1.176703320987477        2.6140314031192977E-002 
   0.5493218137346341        -42.83640549753485        0.9999917522870070      
   2.4001272047859696E-016
    4.560000000000000       -0.9807621251897585        2.5765618172338543E-002 
   0.5532406631147688        -42.84108061481137        0.9999917737297787      
   3.5829840302801820E-016
    4.560000000000000       -0.7852206884089804        2.5353355684993334E-002 
   0.5570910086665877        -42.84621685511874        0.9999918034254998      
   5.1889728061541614E-016
    4.560000000000000       -0.5899798146396622        2.4909249992573667E-002 
   0.5608695642066420        -42.85179964775584        0.9999918407440817      
   7.2928462023724188E-016
    4.560000000000000       -0.3949396713377247        2.4437011191323962E-002 
   0.5645736740516047        -42.85781476842640        0.9999918853107116      
   9.9511935267403140E-016
    4.560000000000000       -0.2000000000000011        2.3939220406971187E-002 
   0.5682010576197644        -42.86424836006713        0.9999919368781618      
   1.3189722708098988E-015
    4.560000000000000       -5.0612032226220773E-003   2.3417876395433017E-002 
   0.5717496502593510        -42.87108691244834        0.9999919952540209      
   1.6991886802249215E-015
    4.560000000000000        0.1899728225015762        2.2874722528300820E-002 
   0.5752175181623465        -42.87831719508992        0.9999920602642794      
   2.1291472054899477E-015
    4.560000000000000        0.3851971143511089        2.2311418090404742E-002 
   0.5786028449706409        -42.88592629670791        0.9999921317376190      
   2.5971679619471824E-015
    4.560000000000000        0.5807063267879043        2.1729628966363344E-002 
   0.5819039418814138        -42.89390166389998        0.9999922094962269      
   3.0871959196967564E-015
    4.560000000000000        0.7765945422431204        2.1131072397256288E-002 
   0.5851192523575259        -42.90223110556469        0.9999922933512362      
   3.5802368024839815E-015
    4.560000000000000        0.9729550842390562        2.0517534741392715E-002 
   0.5882473586743511        -42.91090279527830        0.9999923831004377      
   4.0563505140486689E-015
    4.560000000000000         1.169880333731538        1.9890874274616235E-002 
   0.5912869912027199        -42.91990527398472        0.9999924785267806      
   4.4968646254218736E-015
    4.560000000000000         1.367461549433629        1.9253015640098188E-002 
   0.5942370387052653        -42.92922744992577        0.9999925793978335      
   4.8864074833877996E-015
    4.560000000000000         1.565788692852865        1.8605939494064583E-002 
   0.5970965586439951        -42.93885859607362        0.9999926854665370      
   5.2143977132717660E-015
    4.560000000000000         1.764950258740411        1.7951669258569208E-002 
   0.5998647868687546        -42.94878834717399        0.9999927964729528      
   5.4757543947863196E-015
    4.560000000000000         1.965033111612069        1.7292256060570214E-002 
   0.6025411462667785        -42.95900669789563        0.9999929121464242      
   5.6707713319308635E-015
    4.560000000000000         2.166122328958343        1.6629762532757206E-002 
   0.6051252540823662        -42.96950400212240        0.9999930322077265      
   5.8042765464388235E-015
    4.560000000000000         2.368301051714338        1.5966245963697147E-002 
   0.6076169276946188        -42.98027097286935        0.9999931563711092      
   5.8843261392099312E-015
    4.560000000000000         2.571650342510284        1.5303741199277965E-002 
   0.6100161886936677        -42.99129868248872        0.9999932843462290      
   5.9207324076210083E-015
    4.560000000000000         2.776249052171010        1.4644243655925454E-002 
   0.6123232651406010        -43.00257856290692        0.9999934158399969      
   5.9236991027565606E-015
    4.560000000000000         2.982173694877646        1.3989692780199341E-002 
   0.6145385919400083        -43.01410240556380        0.9999935505584036      
   5.9027542546211085E-015
    4.560000000000000         3.189498332348288        1.3341956265913887E-002 
   0.6166628092958819        -43.02586236086655        0.9999936882083350      
   5.8660665316305164E-015
    4.560000000000000         3.398294467336542        1.2702815313231967E-002 
   0.6186967592618562        -43.03785093720074        0.9999938284993730      
   5.8201361943152804E-015
    4.560000000000000         3.608630946688375        1.2073951182344504E-002 
   0.6206414804369436        -43.05006099952589        0.9999939711454991      
   5.7697867802827278E-015
    4.560000000000000         3.820573874139177        1.1456933257245196E-002 
   0.6224982008967863        -43.06248576735535        0.9999941158666709      
   5.7183549827384606E-015
    4.560000000000000         4.034186532974921        1.0853208793559225E-002 
   0.6242683294845476        -43.07511881179566        0.9999942623902663      
   5.6679783783172632E-015
    4.560000000000000         4.249529318623878        1.0264094479627837E-002 
   0.6259534456129381        -43.08795405142681        0.9999944104524261      
   5.6199021573057001E-015
    4.560000000000000         4.466659681189796        9.6907698935689898E-003 
   0.6275552877501993        -43.10098574697998        0.9999945597992718      
   5.5747545852305747E-015
    4.560000000000000         4.685632077883227        9.1342728924139801E-003 
   0.6290757407792269        -43.11420849484625        0.9999947101879912      
   5.5327673765722233E-015
    4.560000000000000         4.906497935255945        8.5954969241604055E-003 
   0.6305168224304348        -43.12761721943159        0.9999948613877492      
   5.4939366245212436E-015
    4.560000000000000         5.129305621094297        8.0751902111033357E-003 
   0.6318806689948235        -43.14120716434176        0.9999950131804149      
   5.4581313511508889E-015
    4.560000000000000         5.354100425780786        7.5739567143101368E-003 
   0.6331695205238735        -43.15497388237424        0.9999951653611128      
   5.4251614590594693E-015
    4.560000000000000         5.580924552890115        7.0922587555813585E-003 
   0.6343857057178366        -43.16891322431680        0.9999953177385874      
   5.3948171479506901E-015
    4.560000000000000         5.809817118746128        6.6304211453780100E-003 
   0.6355316266944149        -43.18302132659243        0.9999954701354219      
   5.3668898756825374E-015
    4.560000000000000         6.040814160629681        6.1886366434593700E-003 
   0.6366097438165705        -43.19729459784102        0.9999956223880961      
   5.3411822643823362E-015
    4.560000000000000         6.273948653295052        5.7669725634910771E-003 
   0.6376225607422066        -43.21172970456268        0.9999957743469258      
   5.3175118741519717E-015
    4.560000000000000         6.509250533423568        5.3653783235619590E-003 
   0.6385726098405418        -43.22632355595901        0.9999959258758724      
   5.2957118543742565E-015
    4.560000000000000         6.746746731618209        4.9836937410748265E-003 
   0.6394624381007679        -43.24107328810638        0.9999960768522489      
   5.2756301753808597E-015
    4.560000000000000         6.986461211521710        4.6216578723132194E-003 
   0.6402945936385245        -43.25597624759138        0.9999962271663243      
   5.2571283310893378E-015
    4.560000000000000         7.228415015623348        4.2789182035014427E-003 
   0.6410716128853913        -43.27102997474830        0.9999963767208643      
   5.2400799388242333E-015
    4.560000000000000         7.472626317305855        3.9550400106189310E-003 
   0.6417960085265259        -43.28623218663752        0.9999965254305859      
   5.2243694169774891E-015
    4.560000000000000         7.719110478673879        3.6495157187998728E-003 
   0.6424702582322319        -43.30158075990665        0.9999966732215818      
   5.2098908014197317E-015
    4.560000000000000         7.967880113698818        3.3617741080517374E-003 
   0.6430967942108867        -43.31707371365768        0.9999968200306878      
   5.1965467085341996E-015
    4.560000000000000         8.218945156211536        3.0911892294784122E-003 
   0.6436779935934731        -43.33270919242955        0.9999969658048232      
   5.1842474323741087E-015
    4.560000000000000         8.472312932274409        2.8370889144653392E-003 
   0.6442161696440544        -43.34848544937714        0.9999971105003199      
   5.1729101577458353E-015
    4.560000000000000         8.727988236466917        2.5987627777023683E-003 
   0.6447135637759678        -43.36440082970892        0.9999972540822372      
   5.1624582712079711E-015
    4.560000000000000         8.985973411624599        2.3754696329066557E-003 
   0.6451723383402874        -43.38045375442680        0.9999973965236818      
   5.1528207541033308E-015
    4.560000000000000         9.246268431579237        2.1664442572201618E-003 
   0.6455945701412560        -43.39664270440297        0.9999975378051403      
   5.1439316442010484E-015
    4.560000000000000         9.508870986458517        1.9709034562141593E-003 
   0.6459822446228338        -43.41296620482674        0.9999976779138200      
   5.1357295547648686E-015
    4.560000000000000         9.773776570115773        1.7880513963251530E-003 
   0.6463372506611039        -43.42942281004333        0.9999978168430065      
   5.1281572417654326E-015
    4.560000000000000         10.04097856927476        1.6170841861605544E-003 
   0.6466613758889217        -43.44601108876306        0.9999979545914492      
   5.1211612115990900E-015
    4.560000000000000         10.31046835399012        1.4571937053932302E-003 
   0.6469563024725851        -43.46272960957246        0.9999980911627686      
   5.1146913632989067E-015
    4.560000000000000         10.58223536904130        1.3075707085623118E-003 
   0.6472236032572832        -43.47957692667911        0.9999982265648965      
   5.1087006613528707E-015
    4.560000000000000         10.85626722589636        1.1674072951446133E-003 
   0.6474647382033374        -43.49655156583464        0.9999983608095321      
   5.1031448390724434E-015
    4.560000000000000         11.13254979490064        1.0358989987944440E-003 
   0.6476810510622852        -43.51365201033549        0.9999984939116294      
   5.0979821405987285E-015
    4.560000000000000         11.41106729736590        9.1224715533893240E-004 
   0.6478737663270220        -43.53087668694522        0.9999986258889380      
   5.0931731273708024E-015
    4.560000000000000         11.69180239725550        7.9566317878914500E-004 
   0.6480439867193125        -43.54822395155689        0.9999987567616393      
   5.0886806114659153E-015
    4.560000000000000         11.97473629218198        6.8537850538003832E-004 
   0.6481926920356059        -43.56569207421965        0.9999988865521370      
   5.0844698462940904E-015
    4.560000000000000         12.25984880345458        5.8066817210654029E-004 
   0.6483207414138876        -43.58327922301209        0.9999990152850027      
   5.0805092127417858E-015
    4.560000000000000         12.54711846493471        4.8090317882778046E-004 
   0.6484288835764219        -43.60098344681963        0.9999991429870144      
   5.0767717638229433E-015
    4.560000000000000         12.83652261047853        3.8565659925494510E-004 
   0.6485177839882614        -43.61880265764891        0.9999992696874808      
   5.0732380265358790E-015
    4.560000000000000         13.12803745976597        2.9489674329217716E-004 
   0.6485880843405194        -43.63673461197519        0.9999993954197400      
   5.0699001398539146E-015
    4.560000000000000         13.42163820233561        2.0929686010693016E-004 
   0.6486405169369198        -43.65477688997937        0.9999995202249659      
   5.0667662791186073E-015
    4.560000000000000         13.71729907966468        1.3065908542259937E-004 
   0.6486761000526284        -43.67292687417156        0.9999996441598570      
   5.0638619225892733E-015
    4.560000000000000         14.01499346515192        6.2382554310584209E-005 
   0.6486964328328304        -43.69118172737989        0.9999997673114200      
   5.0612210024139858E-015
    4.560000000000000         14.31469394187969        9.8269309061860465E-006 
   0.6487040840734258        -43.70953836855615        0.9999998898226555      
   5.0588571576712692E-015
    4.560000000000000         14.61637237804932       -1.9594309969422399E-005 
   0.6487030336935491        -43.72799344438050         1.000000011933933      
   5.0567077085530939E-015
    4.560000000000000         14.92000000000000       -1.9594309969422399E-005 
   0.6487051344533026        -43.74644852020486         1.000000134045210      
   5.0545582594349186E-015
    4.800000000000000        -4.227026579539560         0.000000000000000      
   0.5000000000000000        -45.18500668727997         1.000000000000000      
    0.000000000000000     
    4.800000000000000        -4.014206434341432        4.3523637951639856E-003 
   0.5004327647618587        -45.18500668727997        0.9999980638576277      
   6.4851212954235209E-021
    4.800000000000000        -3.803070304910810        8.3598175697134017E-003 
   0.5016901341205282        -45.18176423759551        0.9999963710679319      
   1.7929122290226347E-020
    4.800000000000000        -3.593549933081869        1.1879374083401607E-002 
   0.5036776256223570        -45.17914879759149        0.9999950412906924      
   4.1600225826755425E-020
    4.800000000000000        -3.385574045583126        1.4831584683540787E-002 
   0.5062819544618369        -45.17715234848689        0.9999940299612213      
   9.1162499167294101E-020
    4.800000000000000        -3.179068445902549        1.7191925639834630E-002 
   0.5093826752264157        -45.17576965596436        0.9999932848900819      
   1.9241325281445466E-019
    4.800000000000000        -2.973956117362914        1.8985359071678375E-002 
   0.5128621702401343        -45.17499350946818        0.9999927526322405      
   3.9268608751673288E-019
    4.800000000000000        -2.770157337224366        2.0273236747786326E-002 
   0.5166138036552381        -45.17481468144194        0.9999923835241176      
   7.7566823184848452E-019
    4.800000000000000        -2.567589801560878        2.1137091307400858E-002 
   0.5205469357617618        -45.17522203881269        0.9999921348457960      
   1.4835551465544865E-018
    4.800000000000000        -2.366168760586374        2.1663612648588279E-002 
   0.5245887902059113        -45.17620289285374        0.9999919721957170      
   2.7481993190752259E-018
    4.800000000000000        -2.165807164036497        2.1933491298582977E-002 
   0.5286838113184514        -45.17774347356214        0.9999918694248994      
   4.9318548867413081E-018
    4.800000000000000        -1.966415816142869        2.2014966894671278E-002 
   0.5327914268034719        -45.17982923008712        0.9999918076893334      
   8.5759319702375250E-018
    4.800000000000000        -1.767903539669862        2.1961533693791647E-002 
   0.5368830981564201        -45.18244511437708        0.9999917740898931      
   1.4452677841776768E-017
    4.800000000000000        -1.570177348419479        2.1812566530214336E-002 
   0.5409393299345484        -45.18557593205434        0.9999917602025450      
   2.3610109691310755E-017
    4.800000000000000        -1.373142627548817        2.1595541989914965E-002 
   0.5449470454405778        -45.18920659247132        0.9999917607391730      
   3.7395658429900010E-017
    4.800000000000000        -1.176703320987477        2.1328796020169884E-002 
   0.5488975031010355        -45.19332220745300        0.9999917724874842      
   5.7440372608301084E-017
    4.800000000000000       -0.9807621251897585        2.1024143654220402E-002 
   0.5527847650463393        -45.19790812679130        0.9999917935509596      
   8.5585238066791515E-017
    4.800000000000000       -0.7852206884089804        2.0689033737745062E-002 
   0.5566046411075645        -45.20294997554340        0.9999918228350054      
   1.2373624853143985E-016
    4.800000000000000       -0.5899798146396622        2.0328155159851768E-002 
   0.5603539999377642        -45.20843370027129        0.9999918597116861      
   1.7364648980266167E-016
    4.800000000000000       -0.3949396713377247        1.9944547100078758E-002 
   0.5640303417204839        -45.21434560719791        0.9999919038082090      
   2.3664099447739292E-016
    4.800000000000000       -0.2000000000000011        1.9540320174994300E-002 
   0.5676315415787356        -45.22067237970956        0.9999919548794066      
   3.1332030584006417E-016
    4.800000000000000       -5.0612032226220773E-003   1.9117102358825952E-002 
   0.5711556883784863        -45.22740105546659        0.9999920127350429      
   4.0329561794213373E-016
    4.800000000000000        0.1899728225015762        1.8676305942119005E-002 
   0.5746009969800377        -45.23451895777311        0.9999920772034127      
   5.0501598063313543E-016
    4.800000000000000        0.3851971143511089        1.8219267721646129E-002 
   0.5779657916801406        -45.24201373097769        0.9999921481156059      
   6.1574619418629746E-016
    4.800000000000000        0.5807063267879043        1.7747323585381267E-002 
   0.5812485131270972        -45.24987337543457        0.9999922252963032      
   7.3172455953288267E-016
    4.800000000000000        0.7765945422431204        1.7261845762277468E-002 
   0.5844477200862537        -45.25808624857692        0.9999923085592037      
   8.4849558983704755E-016
    4.800000000000000        0.9729550842390562        1.6764258166121784E-002 
   0.5875620933025444        -45.26664106380679        0.9999923977047187      
   9.6137310335323049E-016
    4.800000000000000         1.169880333731538        1.6256039627591128E-002 
   0.5905904424257649        -45.27552688954071        0.9999924925184521      
   1.0659561039662865E-015
    4.800000000000000         1.367461549433629        1.5738720382724239E-002 
   0.5935317143492153        -45.28473314539280        0.9999925927706484      
   1.1586049294866360E-015
    4.800000000000000         1.565788692852865        1.5213874685302149E-002 
   0.5963850020137860        -45.29424959583067        0.9999926982169255      
   1.2367931598053075E-015
    4.800000000000000         1.764950258740411        1.4683111074389887E-002 
   0.5991495530839768        -45.30406634350152        0.9999928086000036      
   1.2992796536967086E-015
    4.800000000000000         1.965033111612069        1.4148061148113240E-002 
   0.6018247780965745        -45.31417382381294        0.9999929236518480      
   1.3460861511165778E-015
    4.800000000000000         2.166122328958343        1.3610367364956542E-002 
   0.6044102577959858        -45.32456280089429        0.9999930430957932      
   1.3783070527830203E-015
    4.800000000000000         2.368301051714338        1.3071670241683719E-002 
   0.6069057494341109        -45.33522436450235        0.9999931666485654      
   1.3978081231760718E-015
    4.800000000000000         2.571650342510284        1.2533595249644012E-002 
   0.6093111918508972        -45.34614992761182        0.9999932940221854      
   1.4068834053295599E-015
    4.800000000000000         2.776249052171010        1.1997739681122348E-002 
   0.6116267091832971        -45.35733122449515        0.9999934249257979      
   1.4079341948882096E-015
    4.800000000000000         2.982173694877646        1.1465659741058842E-002 
   0.6138526130823638        -45.36876030901511        0.9999935590674696      
   1.4032153902083007E-015
    4.800000000000000         3.189498332348288        1.0938858105808694E-002 
   0.6159894033502272        -45.38042955298094        0.9999936961559930      
   1.3946705105515735E-015
    4.800000000000000         3.398294467336542        1.0418772174729243E-002 
   0.6180377669413701        -45.39233164463473        0.9999938359026620      
   1.3838544765024639E-015
    4.800000000000000         3.608630946688375        9.9067632203766604E-003 
   0.6199985753077437        -45.40445958730117        0.9999939780229733      
   1.3719277462894121E-015
    4.800000000000000         3.820573874139177        9.4041066185696839E-003 
   0.6218728801036872        -45.41680669799037        0.9999941222381868      
   1.3596982386301063E-015
    4.800000000000000         4.034186532974921        8.9119833108852325E-003 
   0.6236619073009231        -45.42936660560375        0.9999942682767726      
   1.3476875601300887E-015
    4.800000000000000         4.249529318623878        8.4314726200903582E-003 
   0.6253670497939827        -45.44213324848620        0.9999944158757447      
   1.3362027974095553E-015
    4.800000000000000         4.466659681189796        7.9635465046050836E-003 
   0.6269898586027309        -45.45510087122926        0.9999945647818869      
   1.3254017014626283E-015
    4.800000000000000         4.685632077883227        7.5090653025176183E-003 
   0.6285320328019663        -45.46826402069872        0.9999947147528430      
   1.3153453003965403E-015
    4.800000000000000         4.906497935255945        7.0687749801219592E-003 
   0.6299954083279555        -45.48161754123213        0.9999948655580336      
   1.3060366293605527E-015
    4.800000000000000         5.129305621094297        6.6433058655855325E-003 
   0.6313819458271562        -45.49515656891520        0.9999950169793965      
   1.2974470590164898E-015
    4.800000000000000         5.354100425780786        6.2331728162706426E-003 
   0.6326937177226902        -45.50887652483830        0.9999951688119448      
   1.2895329107654557E-015
    4.800000000000000         5.580924552890115        5.8387767393305867E-003 
   0.6339328946793511        -45.52277310725647        0.9999953208641511      
   1.2822451824062870E-015
    4.800000000000000         5.809817118746128        5.4604073602496361E-003 
   0.6351017316483374        -45.53684228261880        0.9999954729581736      
   1.2755347792633228E-015
    4.800000000000000         6.040814160629681        5.0982471135154151E-003 
   0.6362025536689940        -45.55108027549030        0.9999956249299383      
   1.2693550294783078E-015
    4.800000000000000         6.273948653295052        4.7523760139330344E-003 
   0.6372377415972234        -45.56548355742955        0.9999957766290841      
   1.2636626783270487E-015
    4.800000000000000         6.509250533423568        4.4227773563091152E-003 
   0.6382097179195159        -45.58004883490590        0.9999959279188005      
   1.2584180990155493E-015
    4.800000000000000         6.746746731618209        4.1093440852478652E-003 
   0.6391209327982139        -45.59477303634667        0.9999960786755419      
   1.2535851410649642E-015
    4.800000000000000         6.986461211521710        3.8118856753555667E-003 
   0.6399738504780852        -45.60965329841084        0.9999962287886541      
   1.2491308388192816E-015
    4.800000000000000         7.228415015623348        3.5301353647800762E-003 
   0.6407709361671013        -45.62468695160390        0.9999963781599253      
   1.2450250879425868E-015
    4.800000000000000         7.472626317305855        3.2637575912537646E-003 
   0.6415146434861123        -45.63987150535683        0.9999965267030645      
   1.2412403365264699E-015
    4.800000000000000         7.719110478673879        3.0123554889857390E-003 
   0.6422074025634316        -45.65520463269998        0.9999966743431318      
   1.2377513072214621E-015
    4.800000000000000         7.967880113698818        2.7754783162942630E-003 
   0.6428516088316409        -45.67068415465372        0.9999968210159195      
   1.2345347532263221E-015
    4.800000000000000         8.218945156211536        2.5526286970713272E-003 
   0.6434496125655065        -45.68630802444388        0.9999969666673083      
   1.2315692456216089E-015
    4.800000000000000         8.472312932274409        2.3432695734450326E-003 
   0.6440037091820580        -45.70207431163504        0.9999971112525988      
   1.2288349879325594E-015
    4.800000000000000         8.727988236466917        2.1468307817281672E-003 
   0.6445161303068583        -45.71798118625704        0.9999972547358452      
   1.2263136537367946E-015
    4.800000000000000         8.985973411624599        1.9627151784314140E-003 
   0.6449890355944612        -45.73402690299200        0.9999973970891782      
   1.2239882435874084E-015
    4.800000000000000         9.246268431579237        1.7903042573435644E-003 
   0.6454245052762098        -45.75020978547921        0.9999975382921495      
   1.2218429580852102E-015
    4.800000000000000         9.508870986458517        1.6289632121945516E-003 
   0.6458245333949488        -45.76652821079560        0.9999976783310770      
   1.2198630844571459E-015
    4.800000000000000         9.773776570115773        1.4780454122064923E-003 
   0.6461910216738483        -45.78298059415173        0.9999978171984066      
   1.2180348944466061E-015
    4.800000000000000         10.04097856927476        1.3368962705426724E-003 
   0.6465257739553560        -45.79956537379997        0.9999979548920989      
   1.2163455517120902E-015
    4.800000000000000         10.31046835399012        1.2048565006231226E-003 
   0.6468304911370588        -45.81628099610133        0.9999980914150393      
   1.2147830273197901E-015
    4.800000000000000         10.58223536904130        1.0812647796722386E-003 
   0.6471067665258703        -45.83312590070004        0.9999982267744737      
   1.2133360224312622E-015
    4.800000000000000         10.85626722589636        9.6545989257884428E-004 
   0.6473560815353099        -45.85009850576670        0.9999983609814651      
   1.2119938982191764E-015
    4.800000000000000         11.13254979490064        8.5678256335433405E-004 
   0.6475798016764909        -45.86719719322129        0.9999984940503779      
   1.2107466150243354E-015
    4.800000000000000         11.41106729736590        7.5457751792608872E-004 
   0.6477791728790757        -45.88442029379139        0.9999986259984210      
   1.2095846870608612E-015
    4.800000000000000         11.69180239725550        6.5819712265711126E-004 
   0.6479553184119460        -45.90176607172412        0.9999987568452754      
   1.2084991677790956E-015
    4.800000000000000         11.97473629218198        5.6700970088964953E-004 
   0.6481092372448640        -45.91923270876985        0.9999988866128862      
   1.2074816972484393E-015
    4.800000000000000         12.25984880345458        4.8041909922556325E-004 
   0.6482418059693486        -45.93681828689219        0.9999990153254124      
   1.2065246683301630E-015
    4.800000000000000         12.54711846493471        3.9790799989675944E-004 
   0.6483537889668092        -45.95452076971623        0.9999991430092520      
   1.2056215972354827E-015
    4.800000000000000         12.83652261047853        3.1912557807489103E-004 
   0.6484458660485970        -45.97233798329300        0.9999992696933736      
   1.2047677902282972E-015
    4.800000000000000         13.12803745976597        2.4404700631164750E-004 
   0.6485186935173517        -45.99026759563522        0.9999993954108053      
   1.2039613179487685E-015
    4.800000000000000         13.42163820233561        1.7322924665511623E-004 
   0.6485730221215107        -46.00830709396271        0.9999995202024370      
   1.2032040354348384E-015
    4.800000000000000         13.71729907966468        1.0816156488598022E-004 
   0.6486098992000274        -46.02645376160286        0.9999996441247071      
   1.2025018167518335E-015
    4.800000000000000         14.01499346515192        5.1653739370355876E-005 
   0.6486309747942036        -46.04470465571714        0.9999997672643788      
   1.2018623593356160E-015
    4.800000000000000         14.31469394187969        8.1407104516989832E-006 
   0.6486389062375189        -46.06305658649796        0.9999998897642184      
   1.2012883188298307E-015
    4.800000000000000         14.61637237804932       -1.6231737824247033E-005 
   0.6486378174290481        -46.08150609695584         1.000000011864359      
   1.2007643014224375E-015
    4.800000000000000         14.92000000000000       -1.6231737824247033E-005 
   0.6486399950459897        -46.09995560741373         1.000000133964501      
   1.2002402840150443E-015
    5.039999999999999        -4.227026579539560         0.000000000000000      
   0.5000000000000000        -47.54163065818918         1.000000000000000      
    0.000000000000000     
    5.039999999999999        -4.014206434341432        3.3792645834609149E-003 
   0.5004289557151081        -47.54163065818918        0.9999980687820222      
   1.5935105912273938E-021
    5.039999999999999        -3.803070304910810        6.4888089265987756E-003 
   0.5016759822712771        -47.53840767732829        0.9999963800935883      
   4.3920352020965341E-021
    5.039999999999999        -3.593549933081869        9.2187540875792000E-003 
   0.5036483129960205        -47.53580081930749        0.9999950532957785      
   1.0151561819212300E-020
    5.039999999999999        -3.385574045583126        1.1508383780541420E-002 
   0.5062337052866069        -47.53380477837367        0.9999940440382806      
   2.2157226910959808E-020
    5.039999999999999        -3.179068445902549        1.3339093839561163E-002 
   0.5093124830261599        -47.53241559527639        0.9999933003420216      
   4.6583662073846412E-020
    5.039999999999999        -2.973956117362914        1.4730341126221002E-002 
   0.5127677272119829        -47.53162652603122        0.9999927689472270      
   9.4713699632584450E-020
    5.039999999999999        -2.770157337224366        1.5729663454703811E-002 
   0.5164934503598275        -47.53142846251057        0.9999924003404305      
   1.8641835562969974E-019
    5.039999999999999        -2.567589801560878        1.6400213496831472E-002 
   0.5203995821320770        -47.53181028651915        0.9999921519149868      
   3.5533629501545390E-019
    5.039999999999999        -2.366168760586374        1.6809155131665632E-002 
   0.5244138165909080        -47.53275932982790        0.9999919893499624      
   6.5612263798922839E-019
    5.039999999999999        -2.165807164036497        1.7019026566684664E-002 
   0.5284809690047370        -47.53426189531724        0.9999918865507794      
   1.1738858547690172E-018
    5.039999999999999        -1.966415816142869        1.7082736902326295E-002 
   0.5325607519150093        -47.53630357210113        0.9999918247083462      
   2.0354213379828139E-018
    5.039999999999999        -1.767903539669862        1.7041780466592250E-002 
   0.5366248450213909        -47.53886951796941        0.9999917909451776      
   3.4210445249216043E-018
    5.039999999999999        -1.570177348419479        1.6926714708906325E-002 
   0.5406539242604190        -47.54194480285663        0.9999917768504272      
   5.5747786309184309E-018
    5.039999999999999        -1.373142627548817        1.6758876079042240E-002 
   0.5446350544786810        -47.54551464913978        0.9999917771439496      
   8.8095538280503944E-018
    5.039999999999999        -1.176703320987477        1.6552513537760150E-002 
   0.5485596187751501        -47.54956451989077        0.9999917886182894      
   1.3503275323936808E-017
    5.039999999999999       -0.9807621251897585        1.6316816785872414E-002 
   0.5524217959930677        -47.55408014461877        0.9999918093799787      
   2.0081582852513903E-017
    5.039999999999999       -0.7852206884089804        1.6057585250277985E-002 
   0.5562175101358560        -47.55904754852778        0.9999918383365530      
   2.8984312113716020E-017
    5.039999999999999       -0.5899798146396622        1.5778472707787965E-002 
   0.5599437441763601        -47.56445309260861        0.9999918748618002      
   4.0615334421329514E-017
    5.039999999999999       -0.3949396713377247        1.5481847935287656E-002 
   0.5635981134672763        -47.57028350726299        0.9999919185845297      
   5.5279429037862105E-017
    5.039999999999999       -0.2000000000000011        1.5169354015686431E-002 
   0.5671786085171888        -47.57652590649948        0.9999919692612020      
   7.3114408605821816E-017
    5.039999999999999       -5.0612032226220773E-003   1.4842254416344618E-002 
   0.5706834323669248        -47.58316776286660        0.9999920267032973      
   9.4030529252610326E-017
    5.039999999999999        0.1899728225015762        1.4501640356646927E-002 
   0.5741109108443025        -47.59019683761427        0.9999920907409290      
   1.1767091993862073E-016
    5.039999999999999        0.3851971143511089        1.4148539953200725E-002 
   0.5774594735941492        -47.59760121305511        0.9999921612070913      
   1.4340636496635270E-016
    5.039999999999999        0.5807063267879043        1.3783976555559786E-002 
   0.5807276585538255        -47.60536932488373        0.9999922379284347      
   1.7037107954686597E-016
    5.039999999999999        0.7765945422431204        1.3408998180447166E-002 
   0.5839141114609001        -47.61348996097108        0.9999923207206872      
   1.9753844317526315E-016
    5.039999999999999        0.9729550842390562        1.3024689992818321E-002 
   0.5870175876490029        -47.62195225785037        0.9999924093863273      
   2.2382667887833681E-016
    5.039999999999999         1.169880333731538        1.2632177419199850E-002 
   0.5900369571484352        -47.63074569719477        0.9999925037130524      
   2.4821695223732818E-016
    5.039999999999999         1.367461549433629        1.2232624051090664E-002 
   0.5929712114967183        -47.63986009931298        0.9999926034732142      
   2.6986289322682127E-016
    5.039999999999999         1.565788692852865        1.1827226555049742E-002 
   0.5958194713497085        -47.64928561405974        0.9999927084245350      
   2.8817223168946992E-016
    5.039999999999999         1.764950258740411        1.1417207766384101E-002 
   0.5985809943256494        -47.65901271142761        0.9999928183118292      
   3.0284765961930254E-016
    5.039999999999999         1.965033111612069        1.1003808613046416E-002 
   0.6012551826979223        -47.66903217347349        0.9999929328691228      
   3.1388327941755050E-016
    5.039999999999999         2.166122328958343        1.0588279259004248E-002 
   0.6038415906553739        -47.67933508777212        0.9999930518217671      
   3.2152236476698850E-016
    5.039999999999999         2.368301051714338        1.0171869737982371E-002 
   0.6063399309030642        -47.68991284202638        0.9999931748884368      
   3.2618912201506954E-016
    5.039999999999999         2.571650342510284        9.7558202970005250E-003 
   0.6087500804048245        -47.70075711963246        0.9999933017830200      
   3.2841016941467903E-016
    5.039999999999999         2.776249052171010        9.3413516474624633E-003 
   0.6110720850913209        -47.71185989605608        0.9999934322164242      
   3.2874039818559455E-016
    5.039999999999999         2.982173694877646        8.9296553112827824E-003 
   0.6133061633807630        -47.72321343578603        0.9999935658983607      
   3.2770379518655568E-016
    5.039999999999999         3.189498332348288        8.5218842418788333E-003 
   0.6154527083839085        -47.73481028975133        0.9999937025391319      
   3.2575438457144670E-016
    5.039999999999999         3.398294467336542        8.1191438907815723E-003 
   0.6175122886915629        -47.74664329329016        0.9999938418513997      
   3.2325735112128505E-016
    5.039999999999999         3.608630946688375        7.7224838784940783E-003 
   0.6194856476733801        -47.75870556471544        0.9999939835518685      
   3.2048677899980902E-016
    5.039999999999999         3.820573874139177        7.3328904125355629E-003 
   0.6213737012504499        -47.77099050426402        0.9999941273628477      
   3.1763469177666143E-016
    5.039999999999999         4.034186532974921        6.9512795764480780E-003 
   0.6231775341375663        -47.78349179306606        0.9999942730136889      
   3.1482600199103849E-016
    5.039999999999999         4.249529318623878        6.5784915913910469E-003 
   0.6248983945821019        -47.79620339185466        0.9999944202421209      
   3.1213500065010944E-016
    5.039999999999999         4.466659681189796        6.2152861274795499E-003 
   0.6265376876554076        -47.80911953928600        0.9999945687954784      
   3.0960049676734144E-016
    5.039999999999999         4.685632077883227        5.8623387160627038E-003 
   0.6280969671802117        -47.82223474980127        0.9999947184317888      
   3.0723814637344912E-016
    5.039999999999999         4.906497935255945        5.5202382875770596E-003 
   0.6295779264029292        -47.83554381092566        0.9999948689207027      
   3.0504960115847672E-016
    5.039999999999999         5.129305621094297        5.1894858333490180E-003 
   0.6309823875417323        -47.84904177985959        0.9999950200442367      
   3.0302877597313017E-016
    5.039999999999999         5.354100425780786        4.8704941646194773E-003 
   0.6323122903587661        -47.86272397920592        0.9999951715973422      
   3.0116583573624100E-016
    5.039999999999999         5.580924552890115        4.5635887189108652E-003 
   0.6335696799176656        -47.87658599169772        0.9999953233882969      
   2.9944954987935940E-016
    5.039999999999999         5.809817118746128        4.2690093433196685E-003 
   0.6347566936955058        -47.89062365383809        0.9999954752389457      
   2.9786857264452357E-016
    5.039999999999999         6.040814160629681        3.9869129669071381E-003 
   0.6358755482216575        -47.90483304841928        0.9999956269847913      
   2.9641206870200998E-016
    5.039999999999999         6.273948653295052        3.7173770604498248E-003 
   0.6369285254151100        -47.91921049593721        0.9999957784749582      
   2.9506996868143673E-016
    5.039999999999999         6.509250533423568        3.4604037715770873E-003 
   0.6379179587870636        -47.93375254494136        0.9999959295720349      
   2.9383303189919040E-016
    5.039999999999999         6.746746731618209        3.2159246167968521E-003 
   0.6388462196672793        -47.94845596137324        0.9999960801518067      
   2.9269281845951071E-016
    5.039999999999999         6.986461211521710        2.9838056089778525E-003 
   0.6397157036011856        -47.96331771696140        0.9999962301028985      
   2.9164162527034973E-016
    5.039999999999999         7.228415015623348        2.7638526992455267E-003 
   0.6405288170505649        -47.97833497676158        0.9999963793263305      
   2.9067241273740637E-016
    5.039999999999999         7.472626317305855        2.5558174156279233E-003 
   0.6412879645144290        -47.99350508595052        0.9999965277350128      
   2.8977873391508875E-016
    5.039999999999999         7.719110478673879        2.3594025867002032E-003 
   0.6419955361690612        -48.00882555599063        0.9999966752531871      
   2.8895467042076824E-016
    5.039999999999999         7.967880113698818        2.1742680464616141E-003 
   0.6426538961076680        -48.02429405028270        0.9999968218158144      
   2.8819477601164768E-016
    5.039999999999999         8.218945156211536        2.0000362262141227E-003 
   0.6432653712410932        -48.03990836941626        0.9999969673679467      
   2.8749402735114656E-016
    5.039999999999999         8.472312932274409        1.8362975498047583E-003 
   0.6438322409020090        -48.05566643611686        0.9999971118640637      
   2.8684778105677840E-016
    5.039999999999999         8.727988236466917        1.6826155597734337E-003 
   0.6443567271762913        -48.07156627997875        0.9999972552674152      
   2.8625173607680756E-016
    5.039999999999999         8.985973411624599        1.5385317132986919E-003 
   0.6448409859672519        -48.08760602206581        0.9999973975493553      
   2.8570190053650843E-016
    5.039999999999999         9.246268431579237        1.4035697979991693E-003 
   0.6452870987813260        -48.10378385945427        0.9999975386886905      
   2.8519456232089078E-016
    5.039999999999999         9.508870986458517        1.2772399284158970E-003 
   0.6456970652079332        -48.12009804978907        0.9999976786710294      
   2.8472626278060796E-016
    5.039999999999999         9.773776570115773        1.1590420943033400E-003 
   0.6460727960515282        -48.13654689590852        0.9999978174881462      
   2.8429377305164249E-016
    5.039999999999999         10.04097856927476        1.0484692421965341E-003 
   0.6464161070604511        -48.15312873054625        0.9999979551373723      
   2.8389407257049352E-016
    5.039999999999999         10.31046835399012        9.4500988391231500E-004 
   0.6467287131858682        -48.16984190107335        0.9999980916210032      
   2.8352432945814868E-016
    5.039999999999999         10.58223536904130        8.4815024533385337E-004 
   0.6470122232969209        -48.18668475424393        0.9999982269457324      
   2.8318188256865772E-016
    5.039999999999999         10.85626722589636        7.5737601162613184E-004 
   0.6472681352801049        -48.20365562091888        0.9999983611221117      
   2.8286422522055570E-016
    5.039999999999999         11.13254979490064        6.7217383101073384E-004 
   0.6474978314759634        -48.22075280069372        0.9999984941640317      
   2.8256899110132694E-016
    5.039999999999999         11.41106729736590        5.9203300363819440E-004 
   0.6477025744922749        -48.23797454629324        0.9999986260882623      
   2.8229394385342738E-016
    5.039999999999999         11.69180239725550        5.1644840969270302E-004 
   0.6478835036697367        -48.25531904755785        0.9999987569140806      
   2.8203697392454484E-016
    5.039999999999999         11.97473629218198        4.4492710664673085E-004 
   0.6480416330576692        -48.27278441462534        0.9999988866630630      
   2.8179611006252420E-016
    5.039999999999999         12.25984880345458        3.7700373811323595E-004 
   0.6481778530589899        -48.29036865972793        0.9999990153590326      
   2.8156955870025733E-016
    5.039999999999999         12.54711846493471        3.1227452548862313E-004 
   0.6482929405284302        -48.30806967753976        0.9999991430280806      
   2.8135579095604653E-016
    5.039999999999999         12.83652261047853        2.5046594014803587E-004 
   0.6483875867537174        -48.32588522452708        0.9999992696988975      
   2.8115369782324159E-016
    5.039999999999999         13.12803745976597        1.9155954264889086E-004 
   0.6484624596669455        -48.34381289658761        0.9999993954042603      
   2.8096281437121383E-016
    5.039999999999999         13.42163820233561        1.3599210012624140E-004 
   0.6485183244527956        -48.36185010380673        0.9999995201848307      
   2.8078354891173680E-016
    5.039999999999999         13.71729907966468        8.4929902806397402E-005 
   0.6485562509276841        -48.37999404456560        0.9999996440968331      
   2.8061722075306523E-016
    5.039999999999999         14.01499346515192        4.0573383399048870E-005 
   0.6485779288622537        -48.39824168182913        0.9999997672268321      
   2.8046552637293216E-016
    5.039999999999999         14.31469394187969        6.3994605534702852E-006 
   0.6485860867165787        -48.41658972733103        0.9999998897174039      
   2.8032893513252716E-016
    5.039999999999999         14.61637237804932       -1.2759613572467664E-005 
   0.6485849673094507        -48.43503464203383         1.000000011808490      
   2.8020374262758244E-016
    5.039999999999999         14.92000000000000       -1.2759613572467664E-005 
   0.6485872061237068        -48.45347955673662         1.000000133899575      
   2.8007855012263772E-016
    5.279999999999999        -4.227026579539560         0.000000000000000      
   0.5000000000000000        -49.89751153777521         1.000000000000000      
    0.000000000000000     
    5.279999999999999        -4.014206434341432        2.4135869322844629E-003 
   0.5004262034654949        -49.89751153777521        0.9999980724677299      
   3.8494427591637524E-022
    5.279999999999999        -3.803070304910810        4.6302947127276678E-003 
   0.5016660534797459        -49.89429480306162        0.9999963868493112      
   1.0577400825280732E-021
    5.279999999999999        -3.593549933081869        6.5749084278180926E-003 
   0.5036279885811619        -49.89168650010283        0.9999950622821997      
   2.4354313160293715E-021
    5.279999999999999        -3.385574045583126        8.2057103790534117E-003 
   0.5061999852437227        -49.88968540222064        0.9999940545762525      
   5.2944393949272446E-021
    5.279999999999999        -3.179068445902549        9.5098915294588582E-003 
   0.5092627008028228        -49.88828827998465        0.9999933119098391      
   1.1087619715407357E-020
    5.279999999999999        -2.973956117362914        1.0501324320558104E-002 
   0.5126997659698893        -49.88748808567522        0.9999927811617489      
   2.2458889437415763E-020
    5.279999999999999        -2.770157337224366        1.1213761490205467E-002 
   0.5164058064034383        -49.88727523192514        0.9999924129308596      
   4.4046668567360704E-020
    5.279999999999999        -2.567589801560878        1.1692072394713671E-002 
   0.5202913099682591        -49.88763819966580        0.9999921646953660      
   8.3674251044468139E-020
    5.279999999999999        -2.366168760586374        1.1984013757140359E-002 
   0.5242844235114685        -49.88856405311241        0.9999920021945952      
   1.5400814404028177E-019
    5.279999999999999        -2.165807164036497        1.2134083183663444E-002 
   0.5283303040465674        -49.89003896067856        0.9999918993746456      
   2.7470674832856956E-019
    5.279999999999999        -1.966415816142869        1.2179949845079696E-002 
   0.5323889109823825        -49.89204849597066        0.9999918374526418      
   4.7496485886757463E-019
    5.279999999999999        -1.767903539669862        1.2151173986230435E-002 
   0.5364320994071599        -49.89457790107703        0.9999918035673514      
   7.9617700126169857E-019
    5.279999999999999        -1.570177348419479        1.2069538858529568E-002 
   0.5404406720509444        -49.89761240936755        0.9999917893177851      
   1.2942076395711589E-018
    5.279999999999999        -1.373142627548817        1.1950265957713625E-002 
   0.5444017908581398        -49.90113746614576        0.9999917894297603      
   2.0405126567021144E-018
    5.279999999999999        -1.176703320987477        1.1803529669067697E-002 
   0.5483069202497667        -49.90513879959970        0.9999918006994697      
   3.1211826798923686E-018
    5.279999999999999       -0.9807621251897585        1.1635898755185264E-002 
   0.5521503138553908        -49.90960243235232        0.9999918212357718      
   4.6329781329351357E-018
    5.279999999999999       -0.7852206884089804        1.1451523432036956E-002 
   0.5559279693477603        -49.91451470002018        0.9999918499478270      
   6.6756988409076005E-018
    5.279999999999999       -0.5899798146396622        1.1253021216332759E-002 
   0.5596369448378049        -49.91986228388878        0.9999918862107205      
   9.3408318037902819E-018
    5.279999999999999       -0.3949396713377247        1.1042089923669824E-002 
   0.5632749329309368        -49.92563223976535        0.9999919296544556      
   1.2697310195737422E-017
    5.279999999999999       -0.2000000000000011        1.0819906381628022E-002 
   0.5668400029272189        -49.93181200933664        0.9999919800366973      
   1.6776232324170317E-017
    5.279999999999999       -5.0612032226220773E-003   1.0587373401531052E-002 
   0.5703304369389721        -49.93838939367392        0.9999920371701968      
   2.1557232897026719E-017
    5.279999999999999        0.1899728225015762        1.0345267890105446E-002 
   0.5737446384616416        -49.94535248269263        0.9999921008864140      
   2.6959573001249967E-017
    5.279999999999999        0.3851971143511089        1.0094318961933881E-002 
   0.5770811114678187        -49.95268968546632        0.9999921710197516      
   3.2840930877092723E-017
    5.279999999999999        0.5807063267879043        9.8352499039478687E-003 
   0.5803384629777286        -49.96038976105802        0.9999922473983262      
   3.9005379601295016E-017
    5.279999999999999        0.7765945422431204        9.5687995581873325E-003 
   0.5835154008223726        -49.96844181613940        0.9999923298393698      
   4.5220337267580900E-017
    5.279999999999999        0.9729550842390562        9.2957315971375978E-003 
   0.5866107338579524        -49.97683530008563        0.9999924181468942      
   5.1240278821904284E-017
    5.279999999999999         1.169880333731538        9.0168371009901830E-003 
   0.5896233756834972        -49.98555999982953        0.9999925121101497      
   5.6833317316079124E-017
    5.279999999999999         1.367461549433629        8.7329334115621472E-003 
   0.5925523502979042        -49.99460603157554        0.9999926115030479      
   6.1805969665859177E-017
    5.279999999999999         1.565788692852865        8.4448608481915953E-003 
   0.5953967988055959        -50.00396382984314        0.9999927160848715      
   6.6021769891440377E-017
    5.279999999999999         1.764950258740411        8.1534781242397075E-003 
   0.5981559866153723        -50.01362413616729        0.9999928256019822      
   6.9410796736996138E-017
    5.279999999999999         1.965033111612069        7.8596569212036563E-003 
   0.6008293107556200        -50.02357798916265        0.9999929397899365      
   7.1969228729826033E-017
    5.279999999999999         2.166122328958343        7.5642758919660172E-003 
   0.6034163070271268        -50.03381671619594        0.9999930583755785      
   7.3750134284490023E-017
    5.279999999999999         2.368301051714338        7.2682142794120138E-003 
   0.6059166567631540        -50.04433192634616        0.9999931810790288      
   7.4848284178458398E-017
    5.279999999999999         2.571650342510284        6.9723452998600999E-003 
   0.6083301929890192        -50.05511550449558        0.9999933076155605      
   7.5382490026490972E-017
    5.279999999999999         2.776249052171010        6.6775294258282492E-003 
   0.6106569057897513        -50.06615960644785        0.9999934376973916      
   7.5478777949320670E-017
    5.279999999999999         2.982173694877646        6.3846076963485297E-003 
   0.6128969467119894        -50.07745665487167        0.9999935710354572      
   7.5256823160377509E-017
    5.279999999999999         3.189498332348288        6.0943951789174527E-003 
   0.6150506320454969        -50.08899933598575        0.9999937073411870      
   7.4820869053386332E-017
    5.279999999999999         3.398294467336542        5.8076747022660150E-003 
   0.6171184448516569        -50.10078059709156        0.9999938463282634      
   7.4255205869184027E-017
    5.279999999999999         3.608630946688375        5.5251909721575369E-003 
   0.6191010356333531        -50.11279364501025        0.9999939877143003      
   7.3623450003727216E-017
    5.279999999999999         3.820573874139177        5.2476451729212116E-003 
   0.6209992215718856        -50.12503194521079        0.9999941312223949      
   7.2970447662042740E-017
    5.279999999999999         4.034186532974921        4.9756901453726528E-003 
   0.6228139842887542        -50.13748922126113        0.9999942765825662      
   7.2325586997907908E-017
    5.279999999999999         4.249529318623878        4.7099262174110767E-003 
   0.6245464661212465        -50.15015945430716        0.9999944235330891      
   7.1706518160608167E-017
    5.279999999999999         4.466659681189796        4.4508977473411999E-003 
   0.6261979649310532        -50.16303688242915        0.9999945718217191      
   7.1122607803462732E-017
    5.279999999999999         4.685632077883227        4.1990904223851797E-003 
   0.6277699274951632        -50.17611599977808        0.9999947212067865      
   7.0577777660554615E-017
    5.279999999999999         4.906497935255945        3.9549293365229278E-003 
   0.6292639415571822        -50.18939155535332        0.9999948714581257      
   7.0072627813943830E-017
    5.279999999999999         5.129305621094297        3.7187778533797258E-003 
   0.6306817266434539        -50.20285855123905        0.9999950223578279      
   6.9605902528881859E-017
    5.279999999999999         5.354100425780786        3.4909372419631591E-003 
   0.6320251237707799        -50.21651224010257        0.9999951737008108      
   6.9175430083999826E-017
    5.279999999999999         5.580924552890115        3.2716470562522103E-003 
   0.6332960841905608        -50.23034812177830        0.9999953252952216      
   6.8778682610963648E-017
    5.279999999999999         5.809817118746128        3.0610862144575604E-003 
   0.6344966573275410        -50.24436193880648        0.9999954769626850      
   6.8413083751386236E-017
    5.279999999999999         6.040814160629681        2.8593747206267020E-003 
   0.6356289780799691        -50.25854967085646        0.9999956285384003      
   6.8076161290753050E-017
    5.279999999999999         6.273948653295052        2.6665759604789082E-003 
   0.6366952536520774        -50.27290752801173        0.9999957798711188      
   6.7765611351017143E-017
    5.279999999999999         6.509250533423568        2.4826994951099740E-003 
   0.6376977500895413        -50.28743194292591        0.9999959308229894      
   6.7479316003801394E-017
    5.279999999999999         6.746746731618209        2.3077042705774544E-003 
   0.6386387786842165        -50.30211956187134        0.9999960812693099      
   6.7215338654422771E-017
    5.279999999999999         6.986461211521710        2.1415021583340503E-003 
   0.6395206824062026        -50.31696723472631        0.9999962310981693      
   6.6971910323559135E-017
    5.279999999999999         7.228415015623348        1.9839617408748183E-003 
   0.6403458225096358        -50.33197200396807        0.9999963802100186      
   6.6747413344560165E-017
    5.279999999999999         7.472626317305855        1.8349122585711495E-003 
   0.6411165654441742        -50.34713109276642        0.9999965285171744      
   6.6540365394103914E-017
    5.279999999999999         7.719110478673879        1.6941476372205346E-003 
   0.6418352701875801        -50.36244189228449        0.9999966759432649      
   6.6349404959103471E-017
    5.279999999999999         7.967880113698818        1.5614305209710239E-003 
   0.6425042760966685        -50.37790194830077        0.9999968224226320      
   6.6173278504098497E-017
    5.279999999999999         8.218945156211536        1.4364962416755903E-003 
   0.6431258913547162        -50.39350894726149        0.9999969678997046      
   6.6010829258403595E-017
    5.279999999999999         8.472312932274409        1.3190566629903010E-003 
   0.6437023820737110        -50.40926070186880        0.9999971123283509      
   6.5860987427590279E-017
    5.279999999999999         8.727988236466917        1.2088038453450338E-003 
   0.6442359620900436        -50.42515513630124        0.9999972556712178      
   6.5722761616634773E-017
    5.279999999999999         8.985973411624599        1.1054134859620234E-003 
   0.6447287834728508        -50.44119027115838        0.9999973978990808      
   6.5595231270395313E-017
    5.279999999999999         9.246268431579237        1.0085480961131866E-003 
   0.6451829277455927        -50.45736420821319        0.9999975389901893      
   6.5477539964648399E-017
    5.279999999999999         9.508870986458517        9.1785988561469099E-004 
   0.6456003978039009        -50.47367511505331        0.9999976789296209      
   6.5368889407845252E-017
    5.279999999999999         9.773776570115773        8.3299333210815388E-004 
   0.6459831104963591        -50.49012120967546        0.9999978177086509      
   6.5268534037359426E-017
    5.279999999999999         10.04097856927476        7.5358742030662057E-004 
   0.6463328898198420        -50.50670074505398        0.9999979553241357      
   6.5175776114879617E-017
    5.279999999999999         10.31046835399012        6.7927754544554902E-004 
   0.6466514606682321        -50.52341199365762        0.9999980917779263      
   6.5089961246768119E-017
    5.279999999999999         10.58223536904130        6.0969708972388281E-004 
   0.6469404430649525        -50.54025323189075        0.9999982270763039      
   6.5010474283809487E-017
    5.279999999999999         10.85626722589636        5.4447871185657470E-004 
   0.6472013468108500        -50.55722272444745        0.9999983612294316      
   6.4936735606897254E-017
    5.279999999999999         11.13254979490064        4.8325546679234364E-004 
   0.6474355665039062        -50.57431870851615        0.9999984942508432      
   6.4868197915562211E-017
    5.279999999999999         11.41106729736590        4.2566206359856364E-004 
   0.6476443769744157        -50.59153937771170        0.9999986261569775      
   6.4804343873111205E-017
    5.279999999999999         11.69180239725550        3.7133702112299405E-004 
   0.6478289294194222        -50.60888286556635        0.9999987569668077      
   6.4744685441213984E-017
    5.279999999999999         11.97473629218198        3.1992746859073849E-004 
   0.6479902491094141        -50.62634722817668        0.9999988867016311      
   6.4688766606049655E-017
    5.279999999999999         12.25984880345458        2.7110028138152195E-004 
   0.6481292368581064        -50.64393042538846        0.9999990153850135      
   6.4636172522575868E-017
    5.279999999999999         12.54711846493471        2.2456655148957367E-004 
   0.6482466791024409        -50.66163030035549        0.9999991430428179      
   6.4586549523218235E-017
    5.279999999999999         12.83652261047853        1.8013090365942276E-004 
   0.6483432761434755        -50.67944455771782        0.9999992697035222      
   6.4539640484345312E-017
    5.279999999999999         13.12803745976597        1.3778098617129076E-004 
   0.6484197051150598        -50.69737073931898        0.9999993953997123      
   6.4495335276850244E-017
    5.279999999999999         13.42163820233561        9.7830705019070498E-005 
   0.6484767422320450        -50.71540619575888        0.9999995201718748      
   6.4453720937111992E-017
    5.279999999999999         13.71729907966468        6.1116297702503439E-005 
   0.6485154733889822        -50.73354805555150        0.9999996440760760      
   6.4415086075786310E-017
    5.279999999999999         14.01499346515192        2.9214030024928939E-005 
   0.6485376156829119        -50.75179319558735        0.9999997671987284      
   6.4379793565738398E-017
    5.279999999999999         14.31469394187969        4.6154554536931459E-006 
   0.6485459480423361        -50.77013822628994        0.9999998896822627      
   6.4347913378358106E-017
    5.279999999999999         14.61637237804932       -9.2023726817866400E-006 
   0.6485448056030901        -50.78857953218210         1.000000011766474      
   6.4318571128334760E-017
    5.279999999999999         14.92000000000000       -9.2023726817866400E-006 
   0.6485470904815822        -50.80702083807427         1.000000133850684      
   6.4289228878311415E-017
    5.520000000000000        -4.227026579539560         0.000000000000000      
   0.5000000000000000        -52.25267302885713         1.000000000000000      
    0.000000000000000     
    5.520000000000000        -4.014206434341432        1.4519552638222668E-003 
   0.5004253776762364        -52.25267302885713        0.9999980749219112      
   9.2405635189161734E-023
    5.520000000000000        -3.803070304910810        2.7786382131476319E-003 
   0.5016628103834566        -52.24943552669474        0.9999963913475288      
   2.5311325224805970E-022
    5.520000000000000        -3.593549933081869        3.9415811862312392E-003 
   0.5036199706367980        -52.24681056638239        0.9999950682655329      
   5.8049346014012581E-022
    5.520000000000000        -3.385574045583126        4.9171653742996150E-003 
   0.5061840024705091        -52.24479801805521        0.9999940615925107      
   1.2567745599255101E-021
    5.520000000000000        -3.179068445902549        5.6977710835821689E-003 
   0.5092359202336301        -52.24339193469201        0.9999933196117904      
   2.6213974313413840E-021
    5.520000000000000        -2.973956117362914        6.2915246529313086E-003 
   0.5126601333950488        -52.24258308627746        0.9999927892944971      
   5.2894977066525493E-021
    5.520000000000000        -2.770157337224366        6.7184597602174510E-003 
   0.5163520338680256        -52.24236047148458        0.9999924213142192      
   1.0336007292206162E-020
    5.520000000000000        -2.567589801560878        7.0053097461786167E-003 
   0.5202227211013224        -52.24271167373260        0.9999921732055754      
   1.9567152509138067E-020
    5.520000000000000        -2.366168760586374        7.1805801494930549E-003 
   0.5242007808108723        -52.24362319342578        0.9999920107479534      
   3.5896920949989014E-020
    5.520000000000000        -2.165807164036497        7.2708613340567120E-003 
   0.5282316615440226        -52.24508087004109        0.9999919079144624      
   6.3832480015918841E-020
    5.520000000000000        -1.966415816142869        7.2986831375565740E-003 
   0.5322755037202003        -52.24707012640054        0.9999918459396947      
   1.1004596393136532E-019
    5.520000000000000        -1.767903539669862        7.2817400242123432E-003 
   0.5363042685124597        -52.24957619068881        0.9999918119732959      
   1.8396906322022986E-019
    5.520000000000000        -1.570177348419479        7.2330824224836280E-003 
   0.5402988192207736        -52.25258438315165        0.9999917976208577      
   2.9829459373857180E-019
    5.520000000000000        -1.373142627548817        7.1618382857147125E-003 
   0.5442463546326863        -52.25608030493262        0.9999917976121561      
   4.6921564166946202E-019
    5.520000000000000        -1.176703320987477        7.0741155748838920E-003 
   0.5481383668581536        -52.26004988301641        0.9999918087458194      
   7.1619545287887696E-019
    5.520000000000000       -0.9807621251897585        6.9738625477182865E-003 
   0.5519691367214177        -52.26447936231109        0.9999918291322806      
   1.0610626970490050E-018
    5.520000000000000       -0.7852206884089804        6.8635770380856987E-003 
   0.5557346929140572        -52.26935531098759        0.9999918576818038      
   1.5262889193376461E-018
    5.520000000000000       -0.5899798146396622        6.7448363071618295E-003 
   0.5594321298241963        -52.27466464515201        0.9999918937703502      
   2.1324393054490199E-018
    5.520000000000000       -0.3949396713377247        6.6186640990784692E-003 
   0.5630591813067263        -52.28039465354756        0.9999919370287149      
   2.8949851376569533E-018
    5.520000000000000       -0.2000000000000011        6.4857697175973034E-003 
   0.5666139617063563        -52.28653300752485        0.9999919872153583      
   3.8208904157538194E-018
    5.520000000000000       -5.0612032226220773E-003   6.3466963878281643E-003 
   0.5700948004195161        -52.29306773501492        0.9999920441438692      
   4.9055703128515872E-018
    5.520000000000000        0.1899728225015762        6.2019102300028047E-003 
   0.5735001487646707        -52.29998714990355        0.9999921076465927      
   6.1309005934413022E-018
    5.520000000000000        0.3851971143511089        6.0518472088572804E-003 
   0.5768285573768352        -52.30727988092298        0.9999921775588614      
   7.4649396385067812E-018
    5.520000000000000        0.5807063267879043        5.8969385769156463E-003 
   0.5800786772233841        -52.31493490254483        0.9999922537097570      
   8.8636930129315445E-018
    5.520000000000000        0.7765945422431204        5.7376239798116327E-003 
   0.5832492560005259        -52.32294153280632        0.9999923359175080      
   1.0274876837424891E-017
    5.520000000000000        0.9729550842390562        5.5743572254166223E-003 
   0.5863391371683613        -52.33128942795809        0.9999924239871424      
   1.1643195826113398E-017
    5.520000000000000         1.169880333731538        5.4076079957331557E-003 
   0.5893472626811009        -52.33996857648631        0.9999925177089338      
   1.2916278666256681E-017
    5.520000000000000         1.367461549433629        5.2378613104142289E-003 
   0.5922726778407927        -52.34896928980787        0.9999926168578243      
   1.4050233932677136E-017
    5.520000000000000         1.565788692852865        5.0656157011047566E-003 
   0.5951145373769369        -52.35828219019604        0.9999927211941263      
   1.5013860315830698E-017
    5.520000000000000         1.764950258740411        4.8913806020081906E-003 
   0.5978721121946345        -52.36789819831947        0.9999928304652281      
   1.5790849101974108E-017
    5.520000000000000         1.965033111612069        4.7156732305960319E-003 
   0.6005447964144438        -52.37780852214141        0.9999929444076936      
   1.6379765804007564E-017
    5.520000000000000         2.166122328958343        4.5390151198058948E-003 
   0.6031321144246142        -52.38800464746190        0.9999930627493565      
   1.6792062229645251E-017
    5.520000000000000         2.368301051714338        4.3619284112185915E-003 
   0.6056337277126630        -52.39847832981743        0.9999931852112942      
   1.7048725695229275E-017
    5.520000000000000         2.571650342510284        4.1849319963773784E-003 
   0.6080494412629096        -52.40922158761697        0.9999933115096956      
   1.7176339638618171E-017
    5.520000000000000         2.776249052171010        4.0085375844954368E-003 
   0.6103792093195270        -52.42022669643539        0.9999934413576480      
   1.7203296071980310E-017
    5.520000000000000         2.982173694877646        3.8332457713028878E-003 
   0.6126231403288172        -52.43148618428752        0.9999935744668986      
   1.7156711257201094E-017
    5.520000000000000         3.189498332348288        3.6595421817538949E-003 
   0.6147815008902636        -52.44299282781736        0.9999937105496245      
   1.7060331937426038E-017
    5.520000000000000         3.398294467336542        3.4878937569408578E-003 
   0.6168547185649539        -52.45473964952373        0.9999938493201884      
   1.6933462847447747E-017
    5.520000000000000         3.608630946688375        3.3187452519921083E-003 
   0.6188433834145524        -52.46671991608649        0.9999939904968086      
   1.6790756270577739E-017
    5.520000000000000         3.820573874139177        3.1525160066900970E-003 
   0.6207482481734645        -52.47892713758173        0.9999941338031114      
   1.6642605843123390E-017
    5.520000000000000         4.034186532974921        2.9895970439373014E-003 
   0.6225702269879660        -52.49135506721655        0.9999942789695638      
   1.6495872897115785E-017
    5.520000000000000         4.249529318623878        2.8303485431651998E-003 
   0.6243103926868954        -52.50399770127862        0.9999944257348066      
   1.6354718218442347E-017
    5.520000000000000         4.466659681189796        2.6750977265294204E-003 
   0.6259699725793457        -52.51684927913971        0.9999945738468807      
   1.6221383658686705E-017
    5.520000000000000         4.685632077883227        2.5241371855797925E-003 
   0.6275503428060987        -52.52990428319632        0.9999947230643245      
   1.6096840371113050E-017
    5.520000000000000         4.906497935255945        2.3777236653801173E-003 
   0.6290530213024170        -52.54315743858962        0.9999948731571026      
   1.5981277690810977E-017
    5.520000000000000         5.129305621094297        2.2360773121592307E-003 
   0.6304796594585945        -52.55660371249667        0.9999950239073606      
   1.5874443302395451E-017
    5.520000000000000         5.354100425780786        2.0993813798633309E-003 
   0.6318320325900650        -52.57023831277152        0.9999951751100014      
   1.5775863090853921E-017
    5.520000000000000         5.580924552890115        1.9677823808251756E-003 
   0.6331120293502015        -52.58405668573269        0.9999953265730928      
   1.5684973248249053E-017
    5.520000000000000         5.809817118746128        1.8413906564772177E-003 
   0.6343216402357250        -52.59805451294022        0.9999954781181190      
   1.5601193635294852E-017
    5.520000000000000         6.040814160629681        1.7202813358937045E-003 
   0.6354629453467290        -52.61222770686471        0.9999956295800860      
   1.5523964715172201E-017
    5.520000000000000         6.273948653295052        1.6044956431533045E-003 
   0.6365381015707035        -52.62657240540295        0.9999957808074995      
   1.5452763511920006E-017
    5.520000000000000         6.509250533423568        1.4940425092083668E-003 
   0.6375493293627683        -52.64108496522528        0.9999959316622254      
   1.5387108401478185E-017
    5.520000000000000         6.746746731618209        1.3889004401985349E-003 
   0.6384988992926447        -52.65576195395742        0.9999960820192376      
   1.5326558494230234E-017
    5.520000000000000         6.986461211521710        1.2890195919418083E-003 
   0.6393891185229377        -52.67060014122504        0.9999962317662724      
   1.5270710744599952E-017
    5.520000000000000         7.228415015623348        1.1943239996293348E-003 
   0.6402223173734529        -52.68559648861515        0.9999963808034045      
   1.5219196363009277E-017
    5.520000000000000         7.472626317305855        1.1047139123859095E-003 
   0.6410008361131804        -52.70074813863805        0.9999965290425540      
   1.5171677246999614E-017
    5.520000000000000         7.719110478673879        1.0200681842163042E-003 
   0.6417270121058630        -52.71605240279130        0.9999966764069422      
   1.5127842710871535E-017
    5.520000000000000         7.967880113698818        9.4024667570002723E-004 
   0.6424031674173529        -52.73150674883521        0.9999968228304972      
   1.5087406588348467E-017
    5.520000000000000         8.218945156211536        8.6509262445131697E-004 
   0.6430315969737928        -52.74710878739160        0.9999969682572368      
   1.5050104696825118E-017
    5.520000000000000         8.472312932274409        7.9443494659287321E-004 
   0.6436145573396110        -52.76285625797233        0.9999971126406183      
   1.5015692621949774E-017
    5.520000000000000         8.727988236466917        7.2809043609811978E-004 
   0.6441542561639353        -52.77874701453984        0.9999972559428916      
   1.4983943775615094E-017
    5.520000000000000         8.985973411624599        6.6586583365220648E-004 
   0.6446528423238090        -52.79477901069540        0.9999973981344467      
   1.4954647683818109E-017
    5.520000000000000         9.246268431579237        6.0755974150887408E-004 
   0.6451123967729975        -52.81095028458521        0.9999975391931628      
   1.4927608466783274E-017
    5.520000000000000         9.508870986458517        5.5296436553515019E-004 
   0.6455349240865638        -52.82725894360970        0.9999976791037666      
   1.4902643479727898E-017
    5.520000000000000         9.773776570115773        5.0186707025037379E-004 
   0.6459223446739371        -52.84370314900927        0.9999978178571990      
   1.4879582087967810E-017
    5.520000000000000         10.04097856927476        4.5405173735062074E-004 
   0.6462764876171245        -52.86028110035343        0.9999979554500008      
   1.4858264554803659E-017
    5.520000000000000         10.31046835399012        4.0929992381383577E-004 
   0.6465990840770380        -52.87699101991713        0.9999980918837269      
   1.4838541025484176E-017
    5.520000000000000         10.58223536904130        3.6739182469349026E-004 
   0.6468917612019083        -52.89383113692968        0.9999982271643809      
   1.4820270597163536E-017
    5.520000000000000         10.85626722589636        3.2810706496464142E-004 
   0.6471560364727708        -52.91079967169567        0.9999983613018667      
   1.4803320476879595E-017
    5.520000000000000         11.13254979490064        2.9122539179142270E-004 
   0.6473933124467368        -52.92789481954117        0.9999984943094796      
   1.4787565255146037E-017
    5.520000000000000         11.41106729736590        2.5652745457542054E-004 
   0.6476048719482748        -52.94511473447761        0.9999986262034356      
   1.4772886377305453E-017
    5.520000000000000         11.69180239725550        2.2379613333838922E-004 
   0.6477918740037087        -52.96245751243186        0.9999987570025051      
   1.4759172004273502E-017
    5.520000000000000         11.97473629218198        1.9281947134308487E-004 
   0.6479553514117866        -52.97992117365051        0.9999988867277975      
   1.4746317650972477E-017
    5.520000000000000         12.25984880345458        1.6339743557998603E-004 
   0.6480962121736256        -52.99750364364189        0.9999990154027083      
   1.4734228285847094E-017
    5.520000000000000         12.54711846493471        1.3535671081346502E-004 
   0.6482152496766225        -53.01520273239721        0.9999991430529435      
   1.4722822879987170E-017
    5.520000000000000         12.83652261047853        1.0858042187068012E-004 
   0.6483131712398953        -53.03301611187562        0.9999992697068402      
   1.4712042367859270E-017
    5.520000000000000         13.12803745976597        8.3061922580838626E-005 
   0.6483906616302200        -53.05094129009926        0.9999993953968562      
   1.4701860841088299E-017
    5.520000000000000         13.42163820233561        5.8990637690191033E-005 
   0.6484485060773830        -53.06897557903831        0.9999995201633607      
   1.4692296321968783E-017
    5.520000000000000         13.71729907966468        3.6869095398733999E-005 
   0.6484878017547024        -53.08711605601686        0.9999996440623122      
   1.4683410693643349E-017
    5.520000000000000         14.01499346515192        1.7641911851631999E-005 
   0.6485102805518634        -53.10535951897638        0.9999997671800237      
   1.4675279610426143E-017
    5.520000000000000         14.31469394187969        2.7984160885240043E-006 
   0.6485187446784137        -53.12370244831591        0.9999998896588276      
   1.4667909454593770E-017
    5.520000000000000         14.61637237804932       -5.5793770081796124E-006 
   0.6485175838379350        -53.14214107309321         1.000000011738416      
   1.4661095742825902E-017
    5.520000000000000         14.92000000000000       -5.5793770081796124E-006 
   0.6485199055188926        -53.16057969787052         1.000000133818005      
   1.4654282031058033E-017
    5.760000000000000        -4.227026579539560         0.000000000000000      
   0.5000000000000000        -54.60715113079253         1.000000000000000      
    0.000000000000000     
    5.760000000000000        -4.014206434341432        4.8580294920914967E-004 
   0.5004301936144295        -54.60715113079253        0.9999980761492641      
   2.6204036555944003E-023
    5.760000000000000        -3.803070304910810        9.2685831585843936E-004 
   0.5016741383741683        -54.60382470659901        0.9999963935962680      
   7.1526821670846437E-023
    5.760000000000000        -3.593549933081869        1.3133730818329430E-003 
   0.5036317219979030        -54.60116627383368        0.9999950712558602      
   1.6332247232707697E-022
    5.760000000000000        -3.385574045583126        1.6378300876930907E-003 
   0.5061913064517956        -54.59913931959812        0.9999940650984066      
   3.5198406091274869E-022
    5.760000000000000        -3.179068445902549        1.8976086962704582E-003 
   0.5092358079014633        -54.59772608989656        0.9999933234599664      
   7.3090715545538145E-022
    5.760000000000000        -2.973956117362914        2.0953177526885497E-003 
   0.5126510319710766        -54.59691294095885        0.9999927933578654      
   1.4685600345525298E-021
    5.760000000000000        -2.770157337224366        2.2375607161235806E-003 
   0.5163332925792049        -54.59668682513513        0.9999924255029344      
   2.8580546494010371E-021
    5.760000000000000        -2.567589801560878        2.3331949101581618E-003 
   0.5201942678091460        -54.59703415649307        0.9999921774578974      
   5.3898740605560239E-021
    5.760000000000000        -2.366168760586374        2.3916834905025166E-003 
   0.5241628782420586        -54.59794069350765        0.9999920150220710      
   9.8521962583620448E-021
    5.760000000000000        -2.165807164036497        2.4218633370074859E-003 
   0.5281847380864824        -54.59939181805175        0.9999919121819566      
   1.7459555966099890E-020
    5.760000000000000        -1.966415816142869        2.4312277964810536E-003 
   0.5322200433852257        -54.60137271553914        0.9999918501808731      
   3.0003501536826545E-020
    5.760000000000000        -1.767903539669862        2.4256662160745922E-003 
   0.5362407474001569        -54.60386854632990        0.9999918161739695      
   5.0008114686693144E-020
    5.760000000000000        -1.570177348419479        2.4095254572877724E-003 
   0.5402276761282702        -54.60686468215786        0.9999918017701617      
   8.0859653799199634E-020
    5.760000000000000        -1.373142627548817        2.3858483362676928E-003 
   0.5441679842274727        -54.61034684857214        0.9999918017011937      
   1.2686580347219694E-019
    5.760000000000000        -1.176703320987477        2.3566727880606781E-003 
   0.5480531257354611        -54.61430113303995        0.9999918127669021      
   1.9319062185959025E-019
    5.760000000000000       -0.9807621251897585        2.3233174682194351E-003 
   0.5518773552136378        -54.61871395183832        0.9999918330785175      
   2.8561212414819970E-019
    5.760000000000000       -0.7852206884089804        2.2866174777518805E-003 
   0.5556366880554822        -54.62357204069406        0.9999918615468754      
   4.1006606216800959E-019
    5.760000000000000       -0.5899798146396622        2.2471006298641744E-003 
   0.5593282169444089        -54.62886247258481        0.9999918975483812      
   5.7197464548546362E-019
    5.760000000000000       -0.3949396713377247        2.2051096837399763E-003 
   0.5629496831767951        -54.63457268038577        0.9999919407142258      
   7.7541017087617657E-019
    5.760000000000000       -0.2000000000000011        2.1608820669517773E-003 
   0.5664992150900444        -54.64069046840196        0.9999919908032641      
   1.0222013928244590E-018
    5.760000000000000       -5.0612032226220773E-003   2.1145994449643553E-003 
   0.5699751604472370        -54.64720399241716        0.9999920476294962      
   1.3111380207598262E-018
    5.760000000000000        0.1899728225015762        2.0664174205249292E-003 
   0.5733759915226999        -54.65410168878584        0.9999921110257056      
   1.6374494563816337E-018
    5.760000000000000        0.3851971143511089        2.0164811896477824E-003 
   0.5767002807893659        -54.66137229994315        0.9999921808276817      
   1.9927297070314690E-018
    5.760000000000000        0.5807063267879043        1.9649341108540987E-003 
   0.5799467004543370        -54.66900490898566        0.9999922568649872      
   2.3653942618049073E-018
    5.760000000000000        0.7765945422431204        1.9119221585720883E-003 
   0.5831140178090508        -54.67698893995042        0.9999923389563464      
   2.7416586676381205E-018
    5.760000000000000        0.9729550842390562        1.8575958942819110E-003 
   0.5862010935284666        -54.68531415248546        0.9999924269072914      
   3.1069148458094004E-018
    5.760000000000000         1.169880333731538        1.8021110693218563E-003 
   0.5892068838379401        -54.69397063551629        0.9999925205086074      
   3.4472841955242512E-018
    5.760000000000000         1.367461549433629        1.7456284733775404E-003 
   0.5921304449232752        -54.70294879753552        0.9999926195357449      
   3.7510788761409988E-018
    5.760000000000000         1.565788692852865        1.6883133511674882E-003 
   0.5949709386685702        -54.71223935405499        0.9999927237495296      
   4.0099191177995818E-018
    5.760000000000000         1.764950258740411        1.6303345566022094E-003 
   0.5977276391569140        -54.72183331462637        0.9999928328978583      
   4.2193313289814735E-018
    5.760000000000000         1.965033111612069        1.5718635359196981E-003 
   0.6003999395533012        -54.73172197120210        0.9999929467177985      
   4.3787669456780105E-018
    5.760000000000000         2.166122328958343        1.5130731934898589E-003 
   0.6029873590880030        -54.74189688814155        0.9999930649376760      
   4.4911024785228946E-018
    5.760000000000000         2.368301051714338        1.4541366765254665E-003 
   0.6054895499050164        -54.75234989360130        0.9999931872790437      
   4.5617749244630583E-018
    5.760000000000000         2.571650342510284        1.3952261074071091E-003 
   0.6079063035591430        -54.76307307220915        0.9999933134585488      
   4.5977526922069737E-018
    5.760000000000000         2.776249052171010        1.3365112893307517E-003 
   0.6102375569569923        -54.77405875895708        0.9999934431897097      
   4.6065361029151098E-018
    5.760000000000000         2.982173694877646        1.2781584098486073E-003 
   0.6124833975498671        -54.78529953414990        0.9999935761846785      
   4.5953344644602830E-018
    5.760000000000000         3.189498332348288        1.2203287662575859E-003 
   0.6146440676007937        -54.79678821935200        0.9999937121560074      
   4.5704989578794277E-018
    5.760000000000000         3.398294467336542        1.1631775360833017E-003 
   0.6167199673655406        -54.80851787446403        0.9999938508183964      
   4.5372234556939078E-018
    5.760000000000000         3.608630946688375        1.1068526148116692E-003 
   0.6187116570508016        -54.82048179599454        0.9999939918903679      
   4.4994746615901322E-018
    5.760000000000000         3.820573874139177        1.0514935414495529E-003 
   0.6206198574411979        -54.83267351631870        0.9999941350958119      
   4.4600856307988311E-018
    5.760000000000000         4.034186532974921        9.9723053039170841E-004 
   0.6224454491172434        -54.84508680355005        0.9999942801654204      
   4.4209416031095197E-018
    5.760000000000000         4.249529318623878        9.4418362549566928E-004 
   0.6241894702169868        -54.85771566172027        0.9999944268380175      
   4.3831976991543184E-018
    5.760000000000000         4.466659681189796        8.9246198926075675E-004 
   0.6258531127249993        -54.87055433109808        0.9999945748617907      
   4.3474862827937555E-018
    5.760000000000000         4.685632077883227        8.4216333669238897E-004 
   0.6274377173041916        -54.88359728852392        0.9999947239953820      
   4.3140907437752707E-018
    5.760000000000000         4.906497935255945        7.9337351991010194E-004 
   0.6289447667176602        -54.89683924759051        0.9999948740088241      
   4.2830777662353464E-018
    5.760000000000000         5.129305621094297        7.4616626595761155E-004 
   0.6303758779176996        -54.91027515845121        0.9999950246842909      
   4.2543901676966187E-018
    5.760000000000000         5.354100425780786        7.0060306671134104E-004 
   0.6317327929059047        -54.92390020702123        0.9999951758166803      
   4.2279074318334821E-018
    5.760000000000000         5.580924552890115        6.5673321639504896E-004 
   0.6330173684911931        -54.93770981335620        0.9999953272140238      
   4.2034824297606201E-018
    5.760000000000000         5.809817118746128        6.1459398907890751E-004 
   0.6342315650910357        -54.95169962903759        0.9999954786977364      
   4.1809620429255337E-018
    5.760000000000000         6.040814160629681        5.7421094579430845E-004 
   0.6353774347349653        -54.96586553345495        0.9999956301027292      
   4.1601977069219873E-018
    5.760000000000000         6.273948653295052        5.3559835857848871E-004 
   0.6364571084384740        -54.98020362892772        0.9999957812773894      
   4.1410500925708351E-018
    5.760000000000000         6.509250533423568        4.9875973693368496E-004 
   0.6374727831197788        -54.99471023463986        0.9999959320834404      
   4.1233906289927988E-018
    5.760000000000000         6.746746731618209        4.6368844088206726E-004 
   0.6384267082316584        -55.00938187938106        0.9999960823956965      
   4.1071014732937345E-018
    5.760000000000000         6.986461211521710        4.3036836399314789E-004 
   0.6393211722757974        -55.02421529311309        0.9999962321017184      
   4.0920748101025362E-018
    5.760000000000000         7.228415015623348        3.9877466947308912E-004 
   0.6401584893582086        -55.03920739740977        0.9999963811013939      
   4.0782119303408002E-018
    5.760000000000000         7.472626317305855        3.6887456255839672E-004 
   0.6409409859319470        -55.05435529484868        0.9999965293064446      
   4.0654222972350538E-018
    5.760000000000000         7.719110478673879        3.4062808302876723E-004 
   0.6416709878581248        -55.06965625745293        0.9999966766398879      
   4.0536226831386301E-018
    5.760000000000000         7.967880113698818        3.1398890256379011E-004 
   0.6423508078987960        -55.08510771429191        0.9999968230354459      
   4.0427364016274905E-018
    5.760000000000000         8.218945156211536        2.8890511284936245E-004 
   0.6429827337361824        -55.10070723835250        0.9999969684369289      
   4.0326926340272844E-018
    5.760000000000000         8.472312932274409        2.6531999173342148E-004 
   0.6435690165925649        -55.11645253278872        0.9999971127975922      
   4.0234258403853474E-018
    5.760000000000000         8.727988236466917        2.4317273624756633E-004 
   0.6441118605045189        -55.13234141665383        0.9999972560794860      
   4.0148752428256231E-018
    5.760000000000000         8.985973411624599        2.2239915290498655E-004 
   0.6446134122845784        -55.14837181021212        0.9999973982528091      
   4.0069843698760450E-018
    5.760000000000000         9.246268431579237        2.0293229729449606E-004 
   0.6450757521833654        -55.16454171992381        0.9999975392952567      
   3.9997006518328058E-018
    5.760000000000000         9.508870986458517        1.8470305656836239E-004 
   0.6455008852460975        -55.18084922319109        0.9999976791913781      
   3.9929750587784429E-018
    5.760000000000000         9.773776570115773        1.6764066997231153E-004 
   0.6458907333394132        -55.19729245294136        0.9999978179319488      
   3.9867617742729104E-018
    5.760000000000000         10.04097856927476        1.5167318414933197E-004 
   0.6462471278079172        -55.21386958207972        0.9999979555133518      
   3.9810178990004299E-018
    5.760000000000000         10.31046835399012        1.3672784185019809E-004 
   0.6465718027058177        -55.23057880779867        0.9999980919369937      
   3.9757031799625822E-018
    5.760000000000000         10.58223536904130        1.2273140575626301E-004 
   0.6468663885399684        -55.24741833573614        0.9999982272087377      
   3.9707797626092513E-018
    5.760000000000000         10.85626722589636        1.0961042564941139E-004 
   0.6471324064621718        -55.26438636399097        0.9999983613383595      
   3.9662119666038671E-018
    5.760000000000000         11.13254979490064        9.7291473059892529E-005 
   0.6473712628760496        -55.28148106696203        0.9999984943390348      
   3.9619660928717791E-018
    5.760000000000000         11.41106729736590        8.5701406576966049E-005 
   0.6475842445172498        -55.29870057892625        0.9999986262268675      
   3.9580102843106092E-018
    5.760000000000000         11.69180239725550        7.4767822696161803E-005 
   0.6477725143185049        -55.31604297723537        0.9999987570205251      
   3.9543144918281125E-018
    5.760000000000000         11.97473629218198        6.4420046295962137E-005 
   0.6479371089818107        -55.33350626478295        0.9999988867410244      
   3.9508506493410435E-018
    5.760000000000000         12.25984880345458        5.4591404476674382E-005 
   0.6480789405284231        -55.35108835114018        0.9999990154116744      
   3.9475932378708841E-018
    5.760000000000000         12.54711846493471        4.5224186751265744E-005 
   0.6481988067837963        -55.36878703207000        0.9999991430581024      
   3.9445204943042957E-018
    5.760000000000000         12.83652261047853        3.6279584719975498E-005 
   0.6482974204557800        -55.38659996717586        0.9999992697085741      
   3.9416165013802519E-018
    5.760000000000000         13.12803745976597        2.7755636441242258E-005 
   0.6483754733726638        -55.40452465337894        0.9999993953954833      
   3.9388740740997481E-018
    5.760000000000000         13.42163820233561        1.9715782909726361E-005 
   0.6484337600866318        -55.42255838992111        0.9999995201591423      
   3.9362974201590111E-018
    5.760000000000000         13.71729907966468        1.2327622280923753E-005 
   0.6484733887964615        -55.44069823123315        0.9999996440554543      
   3.9339017779682536E-018
    5.760000000000000         14.01499346515192        5.9051573501769319E-006 
   0.6484960997974527        -55.45894091772891        0.9999997671706835      
   3.9317050536988152E-018
    5.760000000000000         14.31469394187969        9.4128003387278803E-007 
   0.6485046873447063        -55.47728275336926        0.9999998896471121      
   3.9297058903099320E-018
    5.760000000000000         14.61637237804932       -1.8766393613054370E-006 
   0.6485034946420704        -55.49571930250190         1.000000011724380      
   3.9278481124725867E-018
    5.760000000000000         14.92000000000000       -1.8766393613054370E-006 
   0.6485058800473423        -55.51415585163453         1.000000133801648      
   3.9259903346352413E-018
    6.000000000000000        -4.227026579539560         0.000000000000000      
   0.5000000000000000        -54.60715113079253         1.000000000000000      
    0.000000000000000     
    6.000000000000000        -4.014206434341432         0.000000000000000      
   0.5004301936144295        -54.60715113079253        0.9999980761492641      
   2.6204036555944003E-023
    6.000000000000000        -3.803070304910810         0.000000000000000      
   0.5016741383741683        -54.60382470659901        0.9999963935962680      
   7.1526821670846437E-023
    6.000000000000000        -3.593549933081869         0.000000000000000      
   0.5036317219979030        -54.60116627383368        0.9999950712558602      
   1.6332247232707697E-022
    6.000000000000000        -3.385574045583126         0.000000000000000      
   0.5061913064517956        -54.59913931959812        0.9999940650984066      
   3.5198406091274869E-022
    6.000000000000000        -3.179068445902549         0.000000000000000      
   0.5092358079014633        -54.59772608989656        0.9999933234599664      
   7.3090715545538145E-022
    6.000000000000000        -2.973956117362914         0.000000000000000      
   0.5126510319710766        -54.59691294095885        0.9999927933578654      
   1.4685600345525298E-021
    6.000000000000000        -2.770157337224366         0.000000000000000      
   0.5163332925792049        -54.59668682513513        0.9999924255029344      
   2.8580546494010371E-021
    6.000000000000000        -2.567589801560878         0.000000000000000      
   0.5201942678091460        -54.59703415649307        0.9999921774578974      
   5.3898740605560239E-021
    6.000000000000000        -2.366168760586374         0.000000000000000      
   0.5241628782420586        -54.59794069350765        0.9999920150220710      
   9.8521962583620448E-021
    6.000000000000000        -2.165807164036497         0.000000000000000      
   0.5281847380864824        -54.59939181805175        0.9999919121819566      
   1.7459555966099890E-020
    6.000000000000000        -1.966415816142869         0.000000000000000      
   0.5322200433852257        -54.60137271553914        0.9999918501808731      
   3.0003501536826545E-020
    6.000000000000000        -1.767903539669862         0.000000000000000      
   0.5362407474001569        -54.60386854632990        0.9999918161739695      
   5.0008114686693144E-020
    6.000000000000000        -1.570177348419479         0.000000000000000      
   0.5402276761282702        -54.60686468215786        0.9999918017701617      
   8.0859653799199634E-020
    6.000000000000000        -1.373142627548817         0.000000000000000      
   0.5441679842274727        -54.61034684857214        0.9999918017011937      
   1.2686580347219694E-019
    6.000000000000000        -1.176703320987477         0.000000000000000      
   0.5480531257354611        -54.61430113303995        0.9999918127669021      
   1.9319062185959025E-019
    6.000000000000000       -0.9807621251897585         0.000000000000000      
   0.5518773552136378        -54.61871395183832        0.9999918330785175      
   2.8561212414819970E-019
    6.000000000000000       -0.7852206884089804         0.000000000000000      
   0.5556366880554822        -54.62357204069406        0.9999918615468754      
   4.1006606216800959E-019
    6.000000000000000       -0.5899798146396622         0.000000000000000      
   0.5593282169444089        -54.62886247258481        0.9999918975483812      
   5.7197464548546362E-019
    6.000000000000000       -0.3949396713377247         0.000000000000000      
   0.5629496831767951        -54.63457268038577        0.9999919407142258      
   7.7541017087617657E-019
    6.000000000000000       -0.2000000000000011         0.000000000000000      
   0.5664992150900444        -54.64069046840196        0.9999919908032641      
   1.0222013928244590E-018
    6.000000000000000       -5.0612032226220773E-003    0.000000000000000      
   0.5699751604472370        -54.64720399241716        0.9999920476294962      
   1.3111380207598262E-018
    6.000000000000000        0.1899728225015762         0.000000000000000      
   0.5733759915226999        -54.65410168878584        0.9999921110257056      
   1.6374494563816337E-018
    6.000000000000000        0.3851971143511089         0.000000000000000      
   0.5767002807893659        -54.66137229994315        0.9999921808276817      
   1.9927297070314690E-018
    6.000000000000000        0.5807063267879043         0.000000000000000      
   0.5799467004543370        -54.66900490898566        0.9999922568649872      
   2.3653942618049073E-018
    6.000000000000000        0.7765945422431204         0.000000000000000      
   0.5831140178090508        -54.67698893995042        0.9999923389563464      
   2.7416586676381205E-018
    6.000000000000000        0.9729550842390562         0.000000000000000      
   0.5862010935284666        -54.68531415248546        0.9999924269072914      
   3.1069148458094004E-018
    6.000000000000000         1.169880333731538         0.000000000000000      
   0.5892068838379401        -54.69397063551629        0.9999925205086074      
   3.4472841955242512E-018
    6.000000000000000         1.367461549433629         0.000000000000000      
   0.5921304449232752        -54.70294879753552        0.9999926195357449      
   3.7510788761409988E-018
    6.000000000000000         1.565788692852865         0.000000000000000      
   0.5949709386685702        -54.71223935405499        0.9999927237495296      
   4.0099191177995818E-018
    6.000000000000000         1.764950258740411         0.000000000000000      
   0.5977276391569140        -54.72183331462637        0.9999928328978583      
   4.2193313289814735E-018
    6.000000000000000         1.965033111612069         0.000000000000000      
   0.6003999395533012        -54.73172197120210        0.9999929467177985      
   4.3787669456780105E-018
    6.000000000000000         2.166122328958343         0.000000000000000      
   0.6029873590880030        -54.74189688814155        0.9999930649376760      
   4.4911024785228946E-018
    6.000000000000000         2.368301051714338         0.000000000000000      
   0.6054895499050164        -54.75234989360130        0.9999931872790437      
   4.5617749244630583E-018
    6.000000000000000         2.571650342510284         0.000000000000000      
   0.6079063035591430        -54.76307307220915        0.9999933134585488      
   4.5977526922069737E-018
    6.000000000000000         2.776249052171010         0.000000000000000      
   0.6102375569569923        -54.77405875895708        0.9999934431897097      
   4.6065361029151098E-018
    6.000000000000000         2.982173694877646         0.000000000000000      
   0.6124833975498671        -54.78529953414990        0.9999935761846785      
   4.5953344644602830E-018
    6.000000000000000         3.189498332348288         0.000000000000000      
   0.6146440676007937        -54.79678821935200        0.9999937121560074      
   4.5704989578794277E-018
    6.000000000000000         3.398294467336542         0.000000000000000      
   0.6167199673655406        -54.80851787446403        0.9999938508183964      
   4.5372234556939078E-018
    6.000000000000000         3.608630946688375         0.000000000000000      
   0.6187116570508016        -54.82048179599454        0.9999939918903679      
   4.4994746615901322E-018
    6.000000000000000         3.820573874139177         0.000000000000000      
   0.6206198574411979        -54.83267351631870        0.9999941350958119      
   4.4600856307988311E-018
    6.000000000000000         4.034186532974921         0.000000000000000      
   0.6224454491172434        -54.84508680355005        0.9999942801654204      
   4.4209416031095197E-018
    6.000000000000000         4.249529318623878         0.000000000000000      
   0.6241894702169868        -54.85771566172027        0.9999944268380175      
   4.3831976991543184E-018
    6.000000000000000         4.466659681189796         0.000000000000000      
   0.6258531127249993        -54.87055433109808        0.9999945748617907      
   4.3474862827937555E-018
    6.000000000000000         4.685632077883227         0.000000000000000      
   0.6274377173041916        -54.88359728852392        0.9999947239953820      
   4.3140907437752707E-018
    6.000000000000000         4.906497935255945         0.000000000000000      
   0.6289447667176602        -54.89683924759051        0.9999948740088241      
   4.2830777662353464E-018
    6.000000000000000         5.129305621094297         0.000000000000000      
   0.6303758779176996        -54.91027515845121        0.9999950246842909      
   4.2543901676966187E-018
    6.000000000000000         5.354100425780786         0.000000000000000      
   0.6317327929059047        -54.92390020702123        0.9999951758166803      
   4.2279074318334821E-018
    6.000000000000000         5.580924552890115         0.000000000000000      
   0.6330173684911931        -54.93770981335620        0.9999953272140238      
   4.2034824297606201E-018
    6.000000000000000         5.809817118746128         0.000000000000000      
   0.6342315650910357        -54.95169962903759        0.9999954786977364      
   4.1809620429255337E-018
    6.000000000000000         6.040814160629681         0.000000000000000      
   0.6353774347349653        -54.96586553345495        0.9999956301027292      
   4.1601977069219873E-018
    6.000000000000000         6.273948653295052         0.000000000000000      
   0.6364571084384740        -54.98020362892772        0.9999957812773894      
   4.1410500925708351E-018
    6.000000000000000         6.509250533423568         0.000000000000000      
   0.6374727831197788        -54.99471023463986        0.9999959320834404      
   4.1233906289927988E-018
    6.000000000000000         6.746746731618209         0.000000000000000      
   0.6384267082316584        -55.00938187938106        0.9999960823956965      
   4.1071014732937345E-018
    6.000000000000000         6.986461211521710         0.000000000000000      
   0.6393211722757974        -55.02421529311309        0.9999962321017184      
   4.0920748101025362E-018
    6.000000000000000         7.228415015623348         0.000000000000000      
   0.6401584893582086        -55.03920739740977        0.9999963811013939      
   4.0782119303408002E-018
    6.000000000000000         7.472626317305855         0.000000000000000      
   0.6409409859319470        -55.05435529484868        0.9999965293064446      
   4.0654222972350538E-018
    6.000000000000000         7.719110478673879         0.000000000000000      
   0.6416709878581248        -55.06965625745293        0.9999966766398879      
   4.0536226831386301E-018
    6.000000000000000         7.967880113698818         0.000000000000000      
   0.6423508078987960        -55.08510771429191        0.9999968230354459      
   4.0427364016274905E-018
    6.000000000000000         8.218945156211536         0.000000000000000      
   0.6429827337361824        -55.10070723835250        0.9999969684369289      
   4.0326926340272844E-018
    6.000000000000000         8.472312932274409         0.000000000000000      
   0.6435690165925649        -55.11645253278872        0.9999971127975922      
   4.0234258403853474E-018
    6.000000000000000         8.727988236466917         0.000000000000000      
   0.6441118605045189        -55.13234141665383        0.9999972560794860      
   4.0148752428256231E-018
    6.000000000000000         8.985973411624599         0.000000000000000      
   0.6446134122845784        -55.14837181021212        0.9999973982528091      
   4.0069843698760450E-018
    6.000000000000000         9.246268431579237         0.000000000000000      
   0.6450757521833654        -55.16454171992381        0.9999975392952567      
   3.9997006518328058E-018
    6.000000000000000         9.508870986458517         0.000000000000000      
   0.6455008852460975        -55.18084922319109        0.9999976791913781      
   3.9929750587784429E-018
    6.000000000000000         9.773776570115773         0.000000000000000      
   0.6458907333394132        -55.19729245294136        0.9999978179319488      
   3.9867617742729104E-018
    6.000000000000000         10.04097856927476         0.000000000000000      
   0.6462471278079172        -55.21386958207972        0.9999979555133518      
   3.9810178990004299E-018
    6.000000000000000         10.31046835399012         0.000000000000000      
   0.6465718027058177        -55.23057880779867        0.9999980919369937      
   3.9757031799625822E-018
    6.000000000000000         10.58223536904130         0.000000000000000      
   0.6468663885399684        -55.24741833573614        0.9999982272087377      
   3.9707797626092513E-018
    6.000000000000000         10.85626722589636         0.000000000000000      
   0.6471324064621718        -55.26438636399097        0.9999983613383595      
   3.9662119666038671E-018
    6.000000000000000         11.13254979490064         0.000000000000000      
   0.6473712628760496        -55.28148106696203        0.9999984943390348      
   3.9619660928717791E-018
    6.000000000000000         11.41106729736590         0.000000000000000      
   0.6475842445172498        -55.29870057892625        0.9999986262268675      
   3.9580102843106092E-018
    6.000000000000000         11.69180239725550         0.000000000000000      
   0.6477725143185049        -55.31604297723537        0.9999987570205251      
   3.9543144918281125E-018
    6.000000000000000         11.97473629218198         0.000000000000000      
   0.6479371089818107        -55.33350626478295        0.9999988867410244      
   3.9508506493410435E-018
    6.000000000000000         12.25984880345458         0.000000000000000      
   0.6480789405284231        -55.35108835114018        0.9999990154116744      
   3.9475932378708841E-018
    6.000000000000000         12.54711846493471         0.000000000000000      
   0.6481988067837963        -55.36878703207000        0.9999991430581024      
   3.9445204943042957E-018
    6.000000000000000         12.83652261047853         0.000000000000000      
   0.6482974204557800        -55.38659996717586        0.9999992697085741      
   3.9416165013802519E-018
    6.000000000000000         13.12803745976597         0.000000000000000      
   0.6483754733726638        -55.40452465337894        0.9999993953954833      
   3.9388740740997481E-018
    6.000000000000000         13.42163820233561         0.000000000000000      
   0.6484337600866318        -55.42255838992111        0.9999995201591423      
   3.9362974201590111E-018
    6.000000000000000         13.71729907966468         0.000000000000000      
   0.6484733887964615        -55.44069823123315        0.9999996440554543      
   3.9339017779682536E-018
    6.000000000000000         14.01499346515192         0.000000000000000      
   0.6484960997974527        -55.45894091772891        0.9999997671706835      
   3.9317050536988152E-018
    6.000000000000000         14.31469394187969         0.000000000000000      
   0.6485046873447063        -55.47728275336926        0.9999998896471121      
   3.9297058903099320E-018
    6.000000000000000         14.61637237804932         0.000000000000000      
   0.6485034946420704        -55.49571930250190         1.000000011724380      
   3.9278481124725867E-018
    6.000000000000000         14.92000000000000         0.000000000000000      
   0.6485058800473423        -55.51415585163453         1.000000133801648      
   3.9259903346352413E-018
