-6.000000 -4.227027 0.000000 0.500000 115.827792 1.000000 0.000000
-6.000000 -4.014206 0.000000 0.497924 115.827792 0.999999 0.000292
-6.000000 -3.803070 0.000000 0.491935 115.812647 0.999998 0.000676
-6.000000 -3.593550 0.000000 0.482455 115.801345 0.999998 0.001237
-6.000000 -3.385574 0.000000 0.469823 115.793439 0.999997 0.002084
-6.000000 -3.179068 0.000000 0.454325 115.788597 0.999997 0.003366
-6.000000 -2.973956 0.000000 0.436200 115.786557 0.999997 0.005281
-6.000000 -2.770157 0.000000 0.415659 115.787111 0.999996 0.008081
-6.000000 -2.567590 0.000000 0.392890 115.790094 0.999996 0.012085
-6.000000 -2.366169 0.000000 0.368065 115.795382 0.999996 0.017679
-6.000000 -2.165807 0.000000 0.341354 115.802892 0.999996 0.025309
-6.000000 -1.966416 0.000000 0.312942 115.812576 0.999996 0.035470
-6.000000 -1.767904 0.000000 0.283043 115.824424 0.999997 0.048681
-6.000000 -1.570177 0.000000 0.251925 115.838462 0.999997 0.065452
-6.000000 -1.373143 0.000000 0.219934 115.854748 0.999997 0.086240
-6.000000 -1.176703 0.000000 0.187521 115.873373 0.999997 0.111397
-6.000000 -0.980762 0.000000 0.155266 115.894450 0.999997 0.141130
-6.000000 -0.785221 0.000000 0.123892 115.918102 0.999997 0.175447
-6.000000 -0.589980 0.000000 0.094279 115.944436 0.999997 0.214137
-6.000000 -0.394940 0.000000 0.067439 115.973504 0.999997 0.256760
-6.000000 -0.200000 0.000000 0.044472 116.005239 0.999998 0.302662
-6.000000 -0.005061 0.000000 0.026482 116.039398 0.999998 0.351012
-6.000000 0.189973 0.000000 0.014455 116.075505 0.999999 0.400868
-6.000000 0.385197 0.000000 0.009128 115.917314 0.999999 0.451238
-6.000000 0.580706 0.000000 0.007865 115.763737 1.000000 0.501238
-6.000000 0.776595 0.000000 0.007231 115.617931 1.000001 0.549926
-6.000000 0.972955 0.000000 0.006647 115.482036 1.000001 0.596430
-6.000000 1.169880 0.000000 0.006048 115.357255 1.000002 0.639984
-6.000000 1.367462 0.000000 0.005450 115.243972 1.000002 0.679971
-6.000000 1.565789 0.000000 0.004877 115.141950 1.000002 0.715950
-6.000000 1.764950 0.000000 0.004347 115.050521 1.000003 0.747667
-6.000000 1.965033 0.000000 0.003868 114.968773 1.000003 0.775053
-6.000000 2.166122 0.000000 0.003444 114.895682 1.000003 0.798206
-6.000000 2.368301 0.000000 0.003073 114.830209 1.000003 0.817368
-6.000000 2.571650 0.000000 0.002752 114.771360 1.000003 0.832886
-6.000000 2.776249 0.000000 0.002475 114.718220 1.000003 0.845178
-6.000000 2.982174 0.000000 0.002239 114.669969 1.000003 0.854697
-6.000000 3.189498 0.000000 0.002038 114.625885 1.000003 0.861901
-6.000000 3.398294 0.000000 0.001867 114.585340 1.000003 0.867225
-6.000000 3.608631 0.000000 0.001721 114.547792 1.000003 0.871066
-6.000000 3.820574 0.000000 0.001598 114.512781 1.000003 0.873767
-6.000000 4.034187 0.000000 0.001492 114.479913 1.000003 0.875618
-6.000000 4.249529 0.000000 0.001402 114.448856 1.000003 0.876850
-6.000000 4.466660 0.000000 0.001325 114.419329 1.000003 0.877646
-6.000000 4.685632 0.000000 0.001259 114.391097 1.000003 0.878143
-6.000000 4.906498 0.000000 0.001202 114.363965 1.000003 0.878440
-6.000000 5.129306 0.000000 0.001152 114.337769 1.000003 0.878608
-6.000000 5.354100 0.000000 0.001108 114.312376 1.000003 0.878696
-6.000000 5.580925 0.000000 0.001069 114.287676 1.000003 0.878736
-6.000000 5.809817 0.000000 0.001034 114.263582 1.000003 0.878748
-6.000000 6.040814 0.000000 0.001003 114.240026 1.000003 0.878744
-6.000000 6.273949 0.000000 0.000973 114.216954 1.000003 0.878733
-6.000000 6.509251 0.000000 0.000945 114.194329 1.000003 0.878718
-6.000000 6.746747 0.000000 0.000919 114.172125 1.000003 0.878702
-6.000000 6.986461 0.000000 0.000893 114.150329 1.000003 0.878687
-6.000000 7.228415 0.000000 0.000868 114.128937 1.000003 0.878673
-6.000000 7.472626 0.000000 0.000843 114.107953 1.000003 0.878659
-6.000000 7.719110 0.000000 0.000817 114.087393 1.000003 0.878647
-6.000000 7.967880 0.000000 0.000791 114.067277 1.000003 0.878636
-6.000000 8.218945 0.000000 0.000765 114.047634 1.000003 0.878625
-6.000000 8.472313 0.000000 0.000737 114.028498 1.000003 0.878616
-6.000000 8.727988 0.000000 0.000708 114.009911 1.000003 0.878607
-6.000000 8.985973 0.000000 0.000678 113.991918 1.000003 0.878599
-6.000000 9.246268 0.000000 0.000646 113.974571 1.000003 0.878592
-6.000000 9.508871 0.000000 0.000613 113.957923 1.000003 0.878585
-6.000000 9.773777 0.000000 0.000578 113.942034 1.000003 0.878579
-6.000000 10.040979 0.000000 0.000541 113.926964 1.000003 0.878573
-6.000000 10.310468 0.000000 0.000503 113.912775 1.000003 0.878567
-6.000000 10.582235 0.000000 0.000463 113.899527 1.000002 0.878562
-6.000000 10.856267 0.000000 0.000423 113.887280 1.000002 0.878556
-6.000000 11.132550 0.000000 0.000381 113.876086 1.000002 0.878549
-6.000000 11.411067 0.000000 0.000338 113.865992 1.000002 0.878542
-6.000000 11.691802 0.000000 0.000295 113.857031 1.000002 0.878534
-6.000000 11.974736 0.000000 0.000252 113.849222 1.000002 0.878523
-6.000000 12.259849 0.000000 0.000211 113.842565 1.000002 0.878509
-6.000000 12.547118 0.000000 0.000172 113.837034 1.000002 0.878492
-6.000000 12.836523 0.000000 0.000135 113.832579 1.000002 0.878470
-6.000000 13.128037 0.000000 0.000102 113.829125 1.000001 0.878444
-6.000000 13.421638 0.000000 0.000072 113.826576 1.000001 0.878411
-6.000000 13.717299 0.000000 0.000047 113.824822 1.000001 0.878374
-6.000000 14.014993 0.000000 0.000025 113.823760 1.000000 0.878331
-6.000000 14.314694 0.000000 0.000008 113.823313 1.000000 0.878284
-6.000000 14.616372 0.000000 0.000015 109.202889 1.000000 0.878233
-6.000000 14.920000 0.000000 0.000000 104.582464 0.999999 0.878182
-5.760000 -4.227027 0.000000 0.500000 115.827792 1.000000 0.000000
-5.760000 -4.014206 0.002350 0.497924 115.827792 0.999999 0.000292
-5.760000 -3.803070 0.004466 0.491935 115.812647 0.999998 0.000676
-5.760000 -3.593550 0.006400 0.482455 115.801345 0.999998 0.001237
-5.760000 -3.385574 0.008182 0.469823 115.793439 0.999997 0.002084
-5.760000 -3.179068 0.009835 0.454325 115.788597 0.999997 0.003366
-5.760000 -2.973956 0.011376 0.436200 115.786557 0.999997 0.005281
-5.760000 -2.770157 0.012816 0.415659 115.787111 0.999996 0.008081
-5.760000 -2.567590 0.014163 0.392890 115.790094 0.999996 0.012085
-5.760000 -2.366169 0.015418 0.368065 115.795382 0.999996 0.017679
-5.760000 -2.165807 0.016576 0.341354 115.802892 0.999996 0.025309
-5.760000 -1.966416 0.017621 0.312942 115.812576 0.999996 0.035470
-5.760000 -1.767904 0.018525 0.283043 115.824424 0.999997 0.048681
-5.760000 -1.570177 0.019243 0.251925 115.838462 0.999997 0.065452
-5.760000 -1.373143 0.019719 0.219934 115.854748 0.999997 0.086240
-5.760000 -1.176703 0.019877 0.187521 115.873373 0.999997 0.111397
-5.760000 -0.980762 0.019627 0.155266 115.894450 0.999997 0.141130
-5.760000 -0.785221 0.018874 0.123892 115.918102 0.999997 0.175447
-5.760000 -0.589980 0.017523 0.094279 115.944436 0.999997 0.214137
-5.760000 -0.394940 0.015500 0.067439 115.973504 0.999997 0.256760
-5.760000 -0.200000 0.012772 0.044472 116.005239 0.999998 0.302662
-5.760000 -0.005061 0.009375 0.026482 116.039398 0.999998 0.351012
-5.760000 0.189973 0.005425 0.014455 116.075505 0.999999 0.400868
-5.760000 0.385197 0.001125 0.009128 115.917314 0.999999 0.451238
-5.760000 0.580706 0.000426 0.007865 115.763737 1.000000 0.501238
-5.760000 0.776595 0.000351 0.007231 115.617931 1.000001 0.549926
-5.760000 0.972955 0.000362 0.006647 115.482036 1.000001 0.596430
-5.760000 1.169880 0.000368 0.006048 115.357255 1.000002 0.639984
-5.760000 1.367462 0.000358 0.005450 115.243972 1.000002 0.679971
-5.760000 1.565789 0.000335 0.004877 115.141950 1.000002 0.715950
-5.760000 1.764950 0.000304 0.004347 115.050521 1.000003 0.747667
-5.760000 1.965033 0.000270 0.003868 114.968773 1.000003 0.775053
-5.760000 2.166122 0.000236 0.003444 114.895682 1.000003 0.798206
-5.760000 2.368301 0.000204 0.003073 114.830209 1.000003 0.817368
-5.760000 2.571650 0.000175 0.002752 114.771360 1.000003 0.832886
-5.760000 2.776249 0.000149 0.002475 114.718220 1.000003 0.845178
-5.760000 2.982174 0.000126 0.002239 114.669969 1.000003 0.854697
-5.760000 3.189498 0.000107 0.002038 114.625885 1.000003 0.861901
-5.760000 3.398294 0.000090 0.001867 114.585340 1.000003 0.867225
-5.760000 3.608631 0.000076 0.001721 114.547792 1.000003 0.871066
-5.760000 3.820574 0.000064 0.001598 114.512781 1.000003 0.873767
-5.760000 4.034187 0.000054 0.001492 114.479913 1.000003 0.875618
-5.760000 4.249529 0.000046 0.001402 114.448856 1.000003 0.876850
-5.760000 4.466660 0.000039 0.001325 114.419329 1.000003 0.877646
-5.760000 4.685632 0.000033 0.001259 114.391097 1.000003 0.878143
-5.760000 4.906498 0.000029 0.001202 114.363965 1.000003 0.878440
-5.760000 5.129306 0.000025 0.001152 114.337769 1.000003 0.878608
-5.760000 5.354100 0.000022 0.001108 114.312376 1.000003 0.878696
-5.760000 5.580925 0.000019 0.001069 114.287676 1.000003 0.878736
-5.760000 5.809817 0.000017 0.001034 114.263582 1.000003 0.878748
-5.760000 6.040814 0.000016 0.001003 114.240026 1.000003 0.878744
-5.760000 6.273949 0.000014 0.000973 114.216954 1.000003 0.878733
-5.760000 6.509251 0.000014 0.000945 114.194329 1.000003 0.878718
-5.760000 6.746747 0.000013 0.000919 114.172125 1.000003 0.878702
-5.760000 6.986461 0.000013 0.000893 114.150329 1.000003 0.878687
-5.760000 7.228415 0.000012 0.000868 114.128937 1.000003 0.878673
-5.760000 7.472626 0.000012 0.000843 114.107953 1.000003 0.878659
-5.760000 7.719110 0.000012 0.000817 114.087393 1.000003 0.878647
-5.760000 7.967880 0.000013 0.000791 114.067277 1.000003 0.878636
-5.760000 8.218945 0.000013 0.000765 114.047634 1.000003 0.878625
-5.760000 8.472313 0.000013 0.000737 114.028498 1.000003 0.878616
-5.760000 8.727988 0.000014 0.000708 114.009911 1.000003 0.878607
-5.760000 8.985973 0.000014 0.000678 113.991918 1.000003 0.878599
-5.760000 9.246268 0.000015 0.000646 113.974571 1.000003 0.878592
-5.760000 9.508871 0.000016 0.000613 113.957923 1.000003 0.878585
-5.760000 9.773777 0.000016 0.000578 113.942034 1.000003 0.878579
-5.760000 10.040979 0.000017 0.000541 113.926964 1.000003 0.878573
-5.760000 10.310468 0.000017 0.000503 113.912775 1.000003 0.878567
-5.760000 10.582235 0.000018 0.000463 113.899527 1.000002 0.878562
-5.760000 10.856267 0.000018 0.000423 113.887280 1.000002 0.878556
-5.760000 11.132550 0.000018 0.000381 113.876086 1.000002 0.878549
-5.760000 11.411067 0.000019 0.000338 113.865992 1.000002 0.878542
-5.760000 11.691802 0.000018 0.000295 113.857031 1.000002 0.878534
-5.760000 11.974736 0.000018 0.000252 113.849222 1.000002 0.878523
-5.760000 12.259849 0.000017 0.000211 113.842565 1.000002 0.878509
-5.760000 12.547118 0.000016 0.000172 113.837034 1.000002 0.878492
-5.760000 12.836523 0.000015 0.000135 113.832579 1.000002 0.878470
-5.760000 13.128037 0.000013 0.000102 113.829125 1.000001 0.878444
-5.760000 13.421638 0.000011 0.000072 113.826576 1.000001 0.878411
-5.760000 13.717299 0.000010 0.000047 113.824822 1.000001 0.878374
-5.760000 14.014993 0.000008 0.000025 113.823760 1.000000 0.878331
-5.760000 14.314694 0.000006 0.000008 113.823313 1.000000 0.878284
-5.760000 14.616372 -0.000010 0.000015 109.202889 1.000000 0.878233
-5.760000 14.920000 -0.000010 0.000000 104.582464 0.999999 0.878182
-5.520000 -4.227027 0.000000 0.500000 113.468689 1.000000 0.000000
-5.520000 -4.014206 0.006982 0.497985 113.468689 0.999999 0.000288
-5.520000 -3.803070 0.013311 0.492132 113.454201 0.999998 0.000667
-5.520000 -3.593550 0.019095 0.482820 113.443198 0.999998 0.001220
-5.520000 -3.385574 0.024425 0.470383 113.435419 0.999997 0.002056
-5.520000 -3.179068 0.029368 0.455106 113.430598 0.999997 0.003321
-5.520000 -2.973956 0.033974 0.437230 113.428500 0.999997 0.005209
-5.520000 -2.770157 0.038279 0.416962 113.428927 0.999996 0.007972
-5.520000 -2.567590 0.042309 0.394485 113.431725 0.999996 0.011923
-5.520000 -2.366169 0.046068 0.369967 113.436777 0.999996 0.017443
-5.520000 -2.165807 0.049540 0.343570 113.444005 0.999996 0.024972
-5.520000 -1.966416 0.052682 0.315465 113.453371 0.999996 0.034999
-5.520000 -1.767904 0.055409 0.285853 113.464878 0.999997 0.048039
-5.520000 -1.570177 0.057598 0.254979 113.478568 0.999997 0.064594
-5.520000 -1.373143 0.059075 0.223165 113.494526 0.999997 0.085117
-5.520000 -1.176703 0.059616 0.190831 113.512879 0.999997 0.109959
-5.520000 -0.980762 0.058954 0.158528 113.533791 0.999997 0.139322
-5.520000 -0.785221 0.056794 0.126955 113.557451 0.999997 0.173218
-5.520000 -0.589980 0.052840 0.096981 113.584047 0.999997 0.211436
-5.520000 -0.394940 0.046850 0.069635 113.613707 0.999998 0.253539
-5.520000 -0.200000 0.038700 0.046073 113.646423 0.999998 0.298879
-5.520000 -0.005061 0.028469 0.027492 113.681949 0.999998 0.346631
-5.520000 0.189973 0.016506 0.014998 113.719699 0.999999 0.395864
-5.520000 0.385197 0.003442 0.009429 113.556042 1.000000 0.445600
-5.520000 0.580706 0.001328 0.008071 113.397956 1.000000 0.494976
-5.520000 0.776595 0.001099 0.007359 113.248972 1.000001 0.543064
-5.520000 0.972955 0.001127 0.006705 113.111324 1.000001 0.588998
-5.520000 1.169880 0.001135 0.006049 112.986046 1.000002 0.632021
-5.520000 1.367462 0.001093 0.005410 112.873229 1.000002 0.671522
-5.520000 1.565789 0.001015 0.004812 112.772313 1.000002 0.707064
-5.520000 1.764950 0.000916 0.004270 112.682356 1.000003 0.738395
-5.520000 1.965033 0.000810 0.003787 112.602231 1.000003 0.765448
-5.520000 2.166122 0.000706 0.003365 112.530768 1.000003 0.788320
-5.520000 2.368301 0.000608 0.003000 112.466836 1.000003 0.807249
-5.520000 2.571650 0.000520 0.002686 112.409392 1.000003 0.822577
-5.520000 2.776249 0.000442 0.002418 112.357500 1.000003 0.834719
-5.520000 2.982174 0.000374 0.002190 112.310339 1.000003 0.844121
-5.520000 3.189498 0.000316 0.001996 112.267192 1.000003 0.851235
-5.520000 3.398294 0.000266 0.001832 112.227445 1.000003 0.856492
-5.520000 3.608631 0.000224 0.001692 112.190573 1.000003 0.860284
-5.520000 3.820574 0.000189 0.001573 112.156130 1.000003 0.862949
-5.520000 4.034187 0.000160 0.001472 112.123738 1.000003 0.864774
-5.520000 4.249529 0.000136 0.001385 112.093076 1.000003 0.865988
-5.520000 4.466660 0.000115 0.001311 112.063878 1.000003 0.866771
-5.520000 4.685632 0.000098 0.001248 112.035919 1.000003 0.867258
-5.520000 4.906498 0.000085 0.001193 112.009010 1.000003 0.867549
-5.520000 5.129306 0.000073 0.001145 111.982997 1.000003 0.867712
-5.520000 5.354100 0.000064 0.001102 111.957752 1.000003 0.867797
-5.520000 5.580925 0.000057 0.001065 111.933172 1.000003 0.867833
-5.520000 5.809817 0.000051 0.001031 111.909173 1.000003 0.867843
-5.520000 6.040814 0.000046 0.001000 111.885691 1.000003 0.867837
-5.520000 6.273949 0.000043 0.000971 111.862675 1.000003 0.867824
-5.520000 6.509251 0.000040 0.000944 111.840092 1.000003 0.867808
-5.520000 6.746747 0.000038 0.000918 111.817917 1.000003 0.867791
-5.520000 6.986461 0.000037 0.000893 111.796139 1.000003 0.867775
-5.520000 7.228415 0.000037 0.000868 111.774756 1.000003 0.867760
-5.520000 7.472626 0.000037 0.000843 111.753774 1.000003 0.867745
-5.520000 7.719110 0.000037 0.000818 111.733208 1.000003 0.867732
-5.520000 7.967880 0.000038 0.000792 111.713081 1.000003 0.867720
-5.520000 8.218945 0.000039 0.000765 111.693421 1.000003 0.867709
-5.520000 8.472313 0.000040 0.000738 111.674265 1.000003 0.867699
-5.520000 8.727988 0.000041 0.000709 111.655654 1.000003 0.867690
-5.520000 8.985973 0.000043 0.000679 111.637635 1.000003 0.867682
-5.520000 9.246268 0.000045 0.000647 111.620259 1.000003 0.867674
-5.520000 9.508871 0.000047 0.000614 111.603582 1.000003 0.867667
-5.520000 9.773777 0.000048 0.000579 111.587662 1.000003 0.867660
-5.520000 10.040979 0.000050 0.000542 111.572563 1.000003 0.867654
-5.520000 10.310468 0.000052 0.000504 111.558346 1.000003 0.867648
-5.520000 10.582235 0.000053 0.000464 111.545073 1.000003 0.867642
-5.520000 10.856267 0.000055 0.000423 111.532806 1.000002 0.867636
-5.520000 11.132550 0.000055 0.000381 111.521599 1.000002 0.867629
-5.520000 11.411067 0.000056 0.000338 111.511501 1.000002 0.867622
-5.520000 11.691802 0.000055 0.000294 111.502548 1.000002 0.867612
-5.520000 11.974736 0.000054 0.000251 111.494760 1.000002 0.867601
-5.520000 12.259849 0.000052 0.000209 111.488139 1.000002 0.867586
-5.520000 12.547118 0.000048 0.000169 111.482661 1.000002 0.867568
-5.520000 12.836523 0.000044 0.000132 111.478275 1.000002 0.867545
-5.520000 13.128037 0.000039 0.000099 111.474901 1.000001 0.867516
-5.520000 13.421638 0.000034 0.000070 111.472436 1.000001 0.867482
-5.520000 13.717299 0.000029 0.000045 111.470760 1.000001 0.867441
-5.520000 14.014993 0.000024 0.000024 111.469759 1.000000 0.867396
-5.520000 14.314694 0.000018 0.000007 111.469340 1.000000 0.867345
-5.520000 14.616372 -0.000029 0.000014 106.849865 1.000000 0.867291
-5.520000 14.920000 -0.000029 0.000000 102.230391 0.999999 0.867236
-5.280000 -4.227027 0.000000 0.500000 111.105117 1.000000 0.000000
-5.280000 -4.014206 0.011465 0.498056 111.105117 0.999999 0.000280
-5.280000 -3.803070 0.021918 0.492406 111.091208 0.999998 0.000649
-5.280000 -3.593550 0.031483 0.483400 111.080584 0.999998 0.001187
-5.280000 -3.385574 0.040301 0.471353 111.072997 0.999997 0.002001
-5.280000 -3.179068 0.048478 0.456535 111.068204 0.999997 0.003231
-5.280000 -2.973956 0.056098 0.439177 111.065993 0.999997 0.005069
-5.280000 -2.770157 0.063224 0.419481 111.066181 0.999996 0.007757
-5.280000 -2.567590 0.069898 0.397619 111.068623 0.999996 0.011602
-5.280000 -2.366169 0.076135 0.373749 111.073214 0.999996 0.016975
-5.280000 -2.165807 0.081914 0.348017 111.079887 0.999996 0.024304
-5.280000 -1.966416 0.087166 0.320575 111.088620 0.999997 0.034067
-5.280000 -1.767904 0.091765 0.291591 111.099438 0.999997 0.046766
-5.280000 -1.570177 0.095513 0.261272 111.112415 0.999997 0.062893
-5.280000 -1.373143 0.098134 0.229886 111.127684 0.999997 0.082891
-5.280000 -1.176703 0.099262 0.197792 111.145445 0.999997 0.107106
-5.280000 -0.980762 0.098452 0.165474 111.165962 0.999997 0.135736
-5.280000 -0.785221 0.095195 0.133570 111.189559 0.999997 0.168794
-5.280000 -0.589980 0.088960 0.102912 111.216591 0.999997 0.206074
-5.280000 -0.394940 0.079275 0.074545 111.247375 0.999998 0.247146
-5.280000 -0.200000 0.065838 0.049721 111.282062 0.999998 0.291370
-5.280000 -0.005061 0.048686 0.029834 111.320457 0.999998 0.337939
-5.280000 0.189973 0.028363 0.016263 111.361804 0.999999 0.385936
-5.280000 0.385197 0.006002 0.010110 111.185953 1.000000 0.434417
-5.280000 0.580706 0.002400 0.008511 111.018041 1.000000 0.482557
-5.280000 0.776595 0.001999 0.007613 110.862519 1.000001 0.529453
-5.280000 0.972955 0.002016 0.006803 110.721615 1.000001 0.574257
-5.280000 1.169880 0.001992 0.006027 110.595799 1.000002 0.616225
-5.280000 1.367462 0.001886 0.005308 110.484396 1.000002 0.654760
-5.280000 1.565789 0.001725 0.004664 110.386113 1.000002 0.689433
-5.280000 1.764950 0.001539 0.004101 110.299415 1.000003 0.720000
-5.280000 1.965033 0.001348 0.003617 110.222749 1.000003 0.746392
-5.280000 2.166122 0.001165 0.003203 110.154670 1.000003 0.768706
-5.280000 2.368301 0.000998 0.002852 110.093887 1.000003 0.787172
-5.280000 2.571650 0.000850 0.002556 110.039280 1.000003 0.802126
-5.280000 2.776249 0.000720 0.002305 109.989886 1.000003 0.813969
-5.280000 2.982174 0.000608 0.002093 109.944887 1.000003 0.823139
-5.280000 3.189498 0.000513 0.001914 109.903593 1.000003 0.830077
-5.280000 3.398294 0.000432 0.001762 109.865420 1.000004 0.835201
-5.280000 3.608631 0.000364 0.001634 109.829876 1.000004 0.838895
-5.280000 3.820574 0.000307 0.001525 109.796547 1.000004 0.841490
-5.280000 4.034187 0.000260 0.001432 109.765086 1.000004 0.843264
-5.280000 4.249529 0.000220 0.001353 109.735201 1.000003 0.844442
-5.280000 4.466660 0.000187 0.001285 109.706646 1.000003 0.845199
-5.280000 4.685632 0.000160 0.001226 109.679218 1.000003 0.845668
-5.280000 4.906498 0.000138 0.001175 109.652746 1.000003 0.845946
-5.280000 5.129306 0.000119 0.001130 109.627090 1.000003 0.846100
-5.280000 5.354100 0.000105 0.001091 109.602135 1.000003 0.846177
-5.280000 5.580925 0.000093 0.001055 109.577787 1.000003 0.846208
-5.280000 5.809817 0.000083 0.001023 109.553974 1.000003 0.846213
-5.280000 6.040814 0.000076 0.000994 109.530635 1.000003 0.846204
-5.280000 6.273949 0.000070 0.000967 109.507730 1.000003 0.846188
-5.280000 6.509251 0.000066 0.000941 109.485227 1.000003 0.846169
-5.280000 6.746747 0.000063 0.000916 109.463109 1.000003 0.846150
-5.280000 6.986461 0.000062 0.000892 109.441365 1.000003 0.846131
-5.280000 7.228415 0.000061 0.000867 109.419998 1.000003 0.846114
-5.280000 7.472626 0.000061 0.000843 109.399017 1.000003 0.846098
-5.280000 7.719110 0.000061 0.000818 109.378439 1.000003 0.846083
-5.280000 7.967880 0.000062 0.000793 109.358289 1.000003 0.846070
-5.280000 8.218945 0.000064 0.000767 109.338596 1.000003 0.846058
-5.280000 8.472313 0.000066 0.000739 109.319398 1.000003 0.846047
-5.280000 8.727988 0.000069 0.000711 109.300739 1.000003 0.846036
-5.280000 8.985973 0.000071 0.000681 109.282666 1.000003 0.846027
-5.280000 9.246268 0.000074 0.000649 109.265232 1.000003 0.846019
-5.280000 9.508871 0.000078 0.000616 109.248494 1.000003 0.846011
-5.280000 9.773777 0.000081 0.000581 109.232514 1.000003 0.846003
-5.280000 10.040979 0.000084 0.000544 109.217354 1.000003 0.845997
-5.280000 10.310468 0.000087 0.000506 109.203080 1.000003 0.845990
-5.280000 10.582235 0.000089 0.000466 109.189757 1.000003 0.845983
-5.280000 10.856267 0.000091 0.000424 109.177449 1.000003 0.845977
-5.280000 11.132550 0.000093 0.000381 109.166215 1.000002 0.845969
-5.280000 11.411067 0.000093 0.000338 109.156107 1.000002 0.845961
-5.280000 11.691802 0.000093 0.000293 109.147167 1.000002 0.845951
-5.280000 11.974736 0.000091 0.000249 109.139421 1.000002 0.845938
-5.280000 12.259849 0.000087 0.000206 109.132873 1.000002 0.845921
-5.280000 12.547118 0.000081 0.000165 109.127501 1.000002 0.845900
-5.280000 12.836523 0.000074 0.000127 109.123254 1.000002 0.845874
-5.280000 13.128037 0.000065 0.000093 109.120045 1.000001 0.845842
-5.280000 13.421638 0.000056 0.000064 109.117756 1.000001 0.845803
-5.280000 13.717299 0.000047 0.000040 109.116246 1.000001 0.845757
-5.280000 14.014993 0.000039 0.000021 109.115371 1.000000 0.845706
-5.280000 14.314694 0.000029 0.000006 109.115014 1.000000 0.845649
-5.280000 14.616372 -0.000046 0.000012 104.497372 1.000000 0.845588
-5.280000 14.920000 -0.000046 0.000000 99.879731 0.999999 0.845527
-5.040000 -4.227027 0.000000 0.500000 108.737152 1.000000 0.000000
-5.040000 -4.014206 0.015757 0.498154 108.737152 0.999999 0.000269
-5.040000 -3.803070 0.030167 0.492785 108.723922 0.999998 0.000623
-5.040000 -3.593550 0.043377 0.484217 108.713750 0.999998 0.001139
-5.040000 -3.385574 0.055566 0.472737 108.706387 0.999997 0.001919
-5.040000 -3.179068 0.066876 0.458597 108.701608 0.999997 0.003100
-5.040000 -2.973956 0.077420 0.442014 108.699213 0.999997 0.004863
-5.040000 -2.770157 0.087286 0.423176 108.699032 0.999996 0.007442
-5.040000 -2.567590 0.096537 0.402246 108.700934 0.999996 0.011132
-5.040000 -2.366169 0.105200 0.379368 108.704822 0.999996 0.016288
-5.040000 -2.165807 0.113256 0.354668 108.710643 0.999996 0.023323
-5.040000 -1.966416 0.120626 0.328271 108.718392 0.999997 0.032697
-5.040000 -1.767904 0.127153 0.300305 108.728115 0.999997 0.044893
-5.040000 -1.570177 0.132587 0.270922 108.739929 0.999997 0.060387
-5.040000 -1.373143 0.136564 0.240316 108.754027 0.999997 0.079609
-5.040000 -1.176703 0.138597 0.208753 108.770703 0.999997 0.102893
-5.040000 -0.980762 0.138071 0.176604 108.790366 0.999997 0.130436
-5.040000 -0.785221 0.134255 0.144395 108.813551 0.999997 0.162252
-5.040000 -0.589980 0.126338 0.112862 108.840904 0.999997 0.198141
-5.040000 -0.394940 0.113517 0.083018 108.873107 0.999998 0.237687
-5.040000 -0.200000 0.095155 0.056209 108.910704 0.999998 0.280264
-5.040000 -0.005061 0.071050 0.034115 108.953776 0.999999 0.325084
-5.040000 0.189973 0.041791 0.018600 109.001466 0.999999 0.371260
-5.040000 0.385197 0.009091 0.011321 108.803523 1.000000 0.417889
-5.040000 0.580706 0.003839 0.009231 108.619025 1.000000 0.464204
-5.040000 0.776595 0.003201 0.007974 108.453632 1.000001 0.509339
-5.040000 0.972955 0.003131 0.006889 108.308851 1.000001 0.552471
-5.040000 1.169880 0.002998 0.005925 108.183627 1.000002 0.592878
-5.040000 1.367462 0.002763 0.005094 108.075695 1.000002 0.629982
-5.040000 1.565789 0.002472 0.004395 107.982454 1.000003 0.663369
-5.040000 1.764950 0.002167 0.003817 107.901428 1.000003 0.692804
-5.040000 1.965033 0.001872 0.003341 107.830457 1.000003 0.718220
-5.040000 2.166122 0.001602 0.002950 107.767746 1.000003 0.739709
-5.040000 2.368301 0.001361 0.002627 107.711828 1.000003 0.757494
-5.040000 2.571650 0.001152 0.002359 107.661517 1.000003 0.771895
-5.040000 2.776249 0.000972 0.002136 107.615852 1.000004 0.783300
-5.040000 2.982174 0.000819 0.001950 107.574052 1.000004 0.792128
-5.040000 3.189498 0.000689 0.001794 107.535477 1.000004 0.798805
-5.040000 3.398294 0.000580 0.001662 107.499601 1.000004 0.803735
-5.040000 3.608631 0.000489 0.001550 107.465988 1.000004 0.807286
-5.040000 3.820574 0.000412 0.001455 107.434275 1.000004 0.809776
-5.040000 4.034187 0.000349 0.001375 107.404163 1.000004 0.811476
-5.040000 4.249529 0.000296 0.001305 107.375399 1.000004 0.812602
-5.040000 4.466660 0.000252 0.001246 107.347773 1.000004 0.813322
-5.040000 4.685632 0.000215 0.001194 107.321112 1.000004 0.813765
-5.040000 4.906498 0.000186 0.001149 107.295270 1.000004 0.814024
-5.040000 5.129306 0.000161 0.001109 107.270129 1.000004 0.814164
-5.040000 5.354100 0.000142 0.001074 107.245591 1.000004 0.814231
-5.040000 5.580925 0.000126 0.001042 107.221578 1.000004 0.814254
-5.040000 5.809817 0.000113 0.001013 107.198030 1.000004 0.814252
-5.040000 6.040814 0.000104 0.000986 107.174898 1.000004 0.814238
-5.040000 6.273949 0.000096 0.000961 107.152150 1.000004 0.814217
-5.040000 6.509251 0.000091 0.000937 107.129761 1.000004 0.814195
-5.040000 6.746747 0.000087 0.000914 107.107721 1.000003 0.814172
-5.040000 6.986461 0.000085 0.000890 107.086025 1.000003 0.814150
-5.040000 7.228415 0.000084 0.000867 107.064679 1.000003 0.814130
-5.040000 7.472626 0.000084 0.000844 107.043697 1.000003 0.814112
-5.040000 7.719110 0.000085 0.000820 107.023098 1.000003 0.814095
-5.040000 7.967880 0.000087 0.000795 107.002909 1.000003 0.814080
-5.040000 8.218945 0.000089 0.000769 106.983164 1.000003 0.814066
-5.040000 8.472313 0.000092 0.000742 106.963903 1.000003 0.814053
-5.040000 8.727988 0.000096 0.000714 106.945170 1.000003 0.814041
-5.040000 8.985973 0.000100 0.000684 106.927014 1.000003 0.814030
-5.040000 9.246268 0.000104 0.000653 106.909492 1.000003 0.814021
-5.040000 9.508871 0.000109 0.000619 106.892662 1.000003 0.814012
-5.040000 9.773777 0.000113 0.000584 106.876588 1.000003 0.814003
-5.040000 10.040979 0.000118 0.000548 106.861335 1.000003 0.813996
-5.040000 10.310468 0.000122 0.000509 106.846974 1.000003 0.813988
-5.040000 10.582235 0.000126 0.000469 106.833572 1.000003 0.813981
-5.040000 10.856267 0.000129 0.000426 106.821198 1.000003 0.813973
-5.040000 11.132550 0.000131 0.000383 106.809919 1.000003 0.813965
-5.040000 11.411067 0.000132 0.000338 106.799793 1.000003 0.813955
-5.040000 11.691802 0.000131 0.000292 106.790870 1.000002 0.813943
-5.040000 11.974736 0.000129 0.000247 106.783182 1.000002 0.813928
-5.040000 12.259849 0.000123 0.000202 106.776742 1.000002 0.813909
-5.040000 12.547118 0.000116 0.000159 106.771533 1.000002 0.813885
-5.040000 12.836523 0.000105 0.000119 106.767501 1.000002 0.813854
-5.040000 13.128037 0.000092 0.000084 106.764552 1.000002 0.813815
-5.040000 13.421638 0.000077 0.000054 106.762545 1.000001 0.813770
-5.040000 13.717299 0.000063 0.000032 106.761306 1.000001 0.813716
-5.040000 14.014993 0.000052 0.000015 106.760641 1.000000 0.813657
-5.040000 14.314694 0.000037 0.000004 106.760386 1.000000 0.813591
-5.040000 14.616372 -0.000059 0.000009 102.145320 1.000000 0.813520
-5.040000 14.920000 -0.000059 0.000000 97.530253 0.999999 0.813450
-4.800000 -4.227027 0.000000 0.500000 106.365044 1.000000 0.000000
-4.800000 -4.014206 0.019795 0.498280 106.365044 0.999999 0.000254
-4.800000 -3.803070 0.037939 0.493271 106.352641 0.999998 0.000589
-4.800000 -3.593550 0.054604 0.485262 106.343004 0.999998 0.001077
-4.800000 -3.385574 0.069999 0.474514 106.335898 0.999997 0.001814
-4.800000 -3.179068 0.084295 0.461254 106.331111 0.999997 0.002931
-4.800000 -2.973956 0.097630 0.445683 106.328458 0.999997 0.004597
-4.800000 -2.770157 0.110116 0.427976 106.327782 0.999997 0.007036
-4.800000 -2.567590 0.121837 0.408285 106.328959 0.999996 0.010524
-4.800000 -2.366169 0.132835 0.386740 106.331900 0.999997 0.015399
-4.800000 -2.165807 0.143105 0.363449 106.336559 0.999997 0.022053
-4.800000 -1.966416 0.152568 0.338509 106.342942 0.999997 0.030922
-4.800000 -1.767904 0.161058 0.312008 106.351113 0.999997 0.042464
-4.800000 -1.570177 0.168295 0.284037 106.361218 0.999997 0.057135
-4.800000 -1.373143 0.173860 0.254703 106.373505 0.999997 0.075343
-4.800000 -1.176703 0.177178 0.224155 106.388362 0.999997 0.097413
-4.800000 -0.980762 0.177496 0.192611 106.406363 0.999997 0.123533
-4.800000 -0.785221 0.173874 0.160412 106.428311 0.999997 0.153722
-4.800000 -0.589980 0.165194 0.128098 106.455278 0.999998 0.187792
-4.800000 -0.394940 0.150222 0.096528 106.488582 0.999998 0.225343
-4.800000 -0.200000 0.127758 0.067033 106.529616 0.999998 0.265772
-4.800000 -0.005061 0.096981 0.041578 106.579370 0.999999 0.308318
-4.800000 0.189973 0.058101 0.022766 106.637418 0.999999 0.352128
-4.800000 0.385197 0.013289 0.013368 106.400574 1.000000 0.396351
-4.800000 0.580706 0.006006 0.010275 106.190766 1.000001 0.440293
-4.800000 0.776595 0.004920 0.008361 106.013306 1.000001 0.483132
-4.800000 0.972955 0.004585 0.006849 105.866366 1.000002 0.524081
-4.800000 1.169880 0.004197 0.005636 105.745273 1.000002 0.562449
-4.800000 1.367462 0.003729 0.004685 105.644839 1.000002 0.597684
-4.800000 1.565789 0.003241 0.003950 105.560449 1.000003 0.629394
-4.800000 1.764950 0.002777 0.003384 105.488398 1.000003 0.657353
-4.800000 1.965033 0.002359 0.002944 105.425865 1.000003 0.681498
-4.800000 2.166122 0.001994 0.002599 105.370748 1.000003 0.701916
-4.800000 2.368301 0.001679 0.002324 105.321490 1.000004 0.718815
-4.800000 2.571650 0.001412 0.002101 105.276922 1.000004 0.732499
-4.800000 2.776249 0.001187 0.001918 105.236158 1.000004 0.743336
-4.800000 2.982174 0.000997 0.001767 105.198508 1.000004 0.751723
-4.800000 3.189498 0.000838 0.001641 105.163430 1.000004 0.758064
-4.800000 3.398294 0.000705 0.001535 105.130489 1.000004 0.762742
-4.800000 3.608631 0.000593 0.001446 105.099332 1.000004 0.766108
-4.800000 3.820574 0.000501 0.001369 105.069670 1.000004 0.768465
-4.800000 4.034187 0.000424 0.001304 105.041265 1.000004 0.770070
-4.800000 4.249529 0.000360 0.001248 105.013918 1.000004 0.771128
-4.800000 4.466660 0.000307 0.001199 104.987465 1.000004 0.771801
-4.800000 4.685632 0.000263 0.001156 104.961771 1.000004 0.772210
-4.800000 4.906498 0.000227 0.001119 104.936724 1.000004 0.772445
-4.800000 5.129306 0.000198 0.001085 104.912230 1.000004 0.772568
-4.800000 5.354100 0.000174 0.001055 104.888217 1.000004 0.772622
-4.800000 5.580925 0.000155 0.001028 104.864625 1.000004 0.772635
-4.800000 5.809817 0.000140 0.001002 104.841409 1.000004 0.772625
-4.800000 6.040814 0.000129 0.000978 104.818535 1.000004 0.772604
-4.800000 6.273949 0.000120 0.000956 104.795980 1.000004 0.772578
-4.800000 6.509251 0.000114 0.000934 104.773732 1.000004 0.772550
-4.800000 6.746747 0.000109 0.000912 104.751786 1.000004 0.772523
-4.800000 6.986461 0.000107 0.000890 104.730145 1.000004 0.772498
-4.800000 7.228415 0.000106 0.000868 104.708820 1.000004 0.772474
-4.800000 7.472626 0.000106 0.000846 104.687830 1.000004 0.772452
-4.800000 7.719110 0.000108 0.000823 104.667198 1.000004 0.772433
-4.800000 7.967880 0.000111 0.000799 104.646955 1.000004 0.772415
-4.800000 8.218945 0.000114 0.000773 104.627138 1.000004 0.772398
-4.800000 8.472313 0.000118 0.000747 104.607788 1.000003 0.772383
-4.800000 8.727988 0.000123 0.000719 104.588952 1.000003 0.772370
-4.800000 8.985973 0.000128 0.000689 104.570684 1.000003 0.772357
-4.800000 9.246268 0.000134 0.000658 104.553041 1.000003 0.772346
-4.800000 9.508871 0.000140 0.000625 104.536085 1.000003 0.772336
-4.800000 9.773777 0.000146 0.000590 104.519882 1.000003 0.772326
-4.800000 10.040979 0.000151 0.000553 104.504502 1.000003 0.772317
-4.800000 10.310468 0.000157 0.000514 104.490018 1.000003 0.772308
-4.800000 10.582235 0.000162 0.000473 104.476505 1.000003 0.772300
-4.800000 10.856267 0.000167 0.000430 104.464039 1.000003 0.772291
-4.800000 11.132550 0.000170 0.000385 104.452692 1.000003 0.772282
-4.800000 11.411067 0.000172 0.000339 104.442534 1.000003 0.772270
-4.800000 11.691802 0.000171 0.000291 104.433624 1.000003 0.772257
-4.800000 11.974736 0.000168 0.000243 104.426008 1.000003 0.772239
-4.800000 12.259849 0.000162 0.000196 104.419709 1.000002 0.772216
-4.800000 12.547118 0.000152 0.000150 104.414718 1.000002 0.772187
-4.800000 12.836523 0.000137 0.000108 104.410985 1.000002 0.772150
-4.800000 13.128037 0.000119 0.000071 104.408406 1.000002 0.772104
-4.800000 13.421638 0.000099 0.000041 104.406812 1.000001 0.772049
-4.800000 13.717299 0.000078 0.000020 104.405978 1.000001 0.771985
-4.800000 14.014993 0.000060 0.000007 104.405638 1.000000 0.771914
-4.800000 14.314694 0.000042 0.000002 104.405545 1.000000 0.771836
-4.800000 14.616372 -0.000064 0.000003 99.793554 0.999999 0.771754
-4.800000 14.920000 -0.000064 0.000000 95.181564 0.999999 0.771671
-4.560000 -4.227027 0.000000 0.500000 103.989179 1.000000 0.000000
-4.560000 -4.014206 0.023520 0.498431 103.989179 0.999999 0.000236
-4.560000 -3.803070 0.045126 0.493853 103.977749 0.999998 0.000548
-4.560000 -3.593550 0.065008 0.486514 103.968730 0.999998 0.001002
-4.560000 -3.385574 0.083400 0.476643 103.961910 0.999997 0.001689
-4.560000 -3.179068 0.100492 0.464442 103.957096 0.999997 0.002728
-4.560000 -2.973956 0.116444 0.450096 103.954118 0.999997 0.004280
-4.560000 -2.770157 0.131386 0.433768 103.952827 0.999997 0.006549
-4.560000 -2.567590 0.145423 0.415601 103.953104 0.999997 0.009797
-4.560000 -2.366169 0.158617 0.395715 103.954862 0.999997 0.014336
-4.560000 -2.165807 0.170982 0.374209 103.958055 0.999997 0.020532
-4.560000 -1.966416 0.182455 0.351157 103.962681 0.999997 0.028792
-4.560000 -1.767904 0.192879 0.326615 103.968805 0.999997 0.039547
-4.560000 -1.570177 0.201972 0.300622 103.976576 0.999997 0.053223
-4.560000 -1.373143 0.209303 0.273205 103.986260 0.999997 0.070205
-4.560000 -1.176703 0.214255 0.244391 103.998302 0.999997 0.090800
-4.560000 -0.980762 0.215998 0.214224 104.013394 0.999997 0.115191
-4.560000 -0.785221 0.213449 0.182803 104.032592 0.999998 0.143400
-4.560000 -0.589980 0.205228 0.150347 104.057461 0.999998 0.175255
-4.560000 -0.394940 0.189640 0.117342 104.090232 0.999998 0.210381
-4.560000 -0.200000 0.164710 0.084797 104.133866 0.999999 0.248208
-4.560000 -0.005061 0.128440 0.054680 104.191703 0.999999 0.288009
-4.560000 0.189973 0.079639 0.030422 104.265839 1.000000 0.328971
-4.560000 0.385197 0.019972 0.016869 103.956890 1.000000 0.370297
-4.560000 0.580706 0.009568 0.011618 103.713278 1.000001 0.411373
-4.560000 0.776595 0.007446 0.008563 103.526662 1.000001 0.451435
-4.560000 0.972955 0.006467 0.006468 103.384786 1.000002 0.489736
-4.560000 1.169880 0.005581 0.005001 103.275777 1.000002 0.525631
-4.560000 1.367462 0.004735 0.003985 103.189884 1.000003 0.558603
-4.560000 1.565789 0.003974 0.003282 103.119971 1.000003 0.588283
-4.560000 1.764950 0.003320 0.002788 103.061164 1.000003 0.614460
-4.560000 1.965033 0.002770 0.002432 103.010234 1.000003 0.637074
-4.560000 2.166122 0.002311 0.002168 102.965056 1.000004 0.656202
-4.560000 2.368301 0.001930 0.001965 102.924208 1.000004 0.672037
-4.560000 2.571650 0.001613 0.001804 102.886710 1.000004 0.684862
-4.560000 2.776249 0.001351 0.001675 102.851869 1.000004 0.695017
-4.560000 2.982174 0.001132 0.001568 102.819172 1.000004 0.702876
-4.560000 3.189498 0.000951 0.001479 102.788230 1.000004 0.708815
-4.560000 3.398294 0.000799 0.001404 102.758739 1.000004 0.713193
-4.560000 3.608631 0.000673 0.001340 102.730458 1.000004 0.716339
-4.560000 3.820574 0.000569 0.001284 102.703189 1.000004 0.718537
-4.560000 4.034187 0.000482 0.001237 102.676772 1.000004 0.720028
-4.560000 4.249529 0.000410 0.001195 102.651073 1.000004 0.721007
-4.560000 4.466660 0.000350 0.001158 102.625984 1.000004 0.721624
-4.560000 4.685632 0.000301 0.001126 102.601413 1.000004 0.721994
-4.560000 4.906498 0.000261 0.001096 102.577286 1.000004 0.722201
-4.560000 5.129306 0.000228 0.001070 102.553543 1.000004 0.722304
-4.560000 5.354100 0.000201 0.001045 102.530136 1.000004 0.722342
-4.560000 5.580925 0.000180 0.001023 102.507029 1.000004 0.722344
-4.560000 5.809817 0.000164 0.001001 102.484195 1.000004 0.722325
-4.560000 6.040814 0.000151 0.000980 102.461615 1.000004 0.722296
-4.560000 6.273949 0.000141 0.000960 102.439281 1.000004 0.722263
-4.560000 6.509251 0.000134 0.000940 102.417189 1.000004 0.722229
-4.560000 6.746747 0.000130 0.000920 102.395345 1.000004 0.722197
-4.560000 6.986461 0.000128 0.000900 102.373760 1.000004 0.722167
-4.560000 7.228415 0.000127 0.000879 102.352451 1.000004 0.722139
-4.560000 7.472626 0.000128 0.000858 102.331442 1.000004 0.722113
-4.560000 7.719110 0.000130 0.000835 102.310761 1.000004 0.722090
-4.560000 7.967880 0.000134 0.000812 102.290444 1.000004 0.722069
-4.560000 8.218945 0.000138 0.000787 102.270530 1.000004 0.722050
-4.560000 8.472313 0.000144 0.000760 102.251064 1.000004 0.722032
-4.560000 8.727988 0.000150 0.000733 102.232096 1.000004 0.722016
-4.560000 8.985973 0.000156 0.000703 102.213683 1.000004 0.722002
-4.560000 9.246268 0.000163 0.000672 102.195883 1.000004 0.721989
-4.560000 9.508871 0.000171 0.000638 102.178764 1.000004 0.721976
-4.560000 9.773777 0.000178 0.000603 102.162393 1.000003 0.721965
-4.560000 10.040979 0.000186 0.000565 102.146847 1.000003 0.721955
-4.560000 10.310468 0.000193 0.000525 102.132203 1.000003 0.721945
-4.560000 10.582235 0.000200 0.000483 102.118543 1.000003 0.721935
-4.560000 10.856267 0.000206 0.000438 102.105949 1.000003 0.721925
-4.560000 11.132550 0.000211 0.000392 102.094506 1.000003 0.721914
-4.560000 11.411067 0.000214 0.000343 102.084294 1.000003 0.721901
-4.560000 11.691802 0.000214 0.000293 102.075389 1.000003 0.721885
-4.560000 11.974736 0.000211 0.000242 102.067851 1.000003 0.721864
-4.560000 12.259849 0.000203 0.000190 102.061720 1.000003 0.721837
-4.560000 12.547118 0.000191 0.000140 102.057004 1.000002 0.721801
-4.560000 12.836523 0.000173 0.000094 102.053661 1.000002 0.721757
-4.560000 13.128037 0.000149 0.000053 102.051579 1.000002 0.721701
-4.560000 13.421638 0.000120 0.000022 102.050564 1.000001 0.721634
-4.560000 13.717299 0.000091 0.000002 102.050319 1.000001 0.721557
-4.560000 14.014993 0.000064 -0.000005 102.050469 1.000000 0.721472
-4.560000 14.314694 0.000041 -0.000003 102.050629 1.000000 0.721380
-4.560000 14.616372 -0.000058 -0.000006 97.441836 0.999999 0.721282
-4.560000 14.920000 -0.000058 0.000000 92.833044 0.999998 0.721185
-4.320000 -4.227027 0.000000 0.500000 101.610040 1.000000 0.000000
-4.320000 -4.014206 0.026878 0.498603 101.610040 0.999999 0.000217
-4.320000 -3.803070 0.051630 0.494514 101.599709 0.999998 0.000502
-4.320000 -3.593550 0.074453 0.487937 101.591381 0.999998 0.000918
-4.320000 -3.385574 0.095596 0.479062 101.584874 0.999997 0.001547
-4.320000 -3.179068 0.115258 0.468070 101.580019 0.999997 0.002499
-4.320000 -2.973956 0.133613 0.455128 101.576659 0.999997 0.003920
-4.320000 -2.770157 0.150805 0.440391 101.574652 0.999997 0.005999
-4.320000 -2.567590 0.166955 0.423997 101.573880 0.999997 0.008973
-4.320000 -2.366169 0.182148 0.406064 101.574250 0.999997 0.013130
-4.320000 -2.165807 0.196421 0.386688 101.575699 0.999997 0.018806
-4.320000 -1.966416 0.209736 0.365939 101.578206 0.999997 0.026374
-4.320000 -1.767904 0.221961 0.343860 101.581802 0.999997 0.036230
-4.320000 -1.570177 0.232841 0.320460 101.586597 0.999997 0.048767
-4.320000 -1.373143 0.241965 0.295716 101.592814 0.999997 0.064343
-4.320000 -1.176703 0.248737 0.269568 101.600853 0.999998 0.083243
-4.320000 -0.980762 0.252331 0.241915 101.611391 0.999998 0.105641
-4.320000 -0.785221 0.251634 0.212617 101.625553 0.999998 0.131562
-4.320000 -0.589980 0.245164 0.181514 101.645200 0.999998 0.160854
-4.320000 -0.394940 0.230934 0.148498 101.673411 0.999998 0.193175
-4.320000 -0.200000 0.206267 0.113739 101.715265 0.999999 0.228001
-4.320000 -0.005061 0.167594 0.078292 101.778860 0.999999 0.264652
-4.320000 0.189973 0.110641 0.045535 101.875295 1.000000 0.302363
-4.320000 0.385197 0.032925 0.023338 101.415405 1.000000 0.340391
-4.320000 0.580706 0.015612 0.013117 101.149335 1.000001 0.378183
-4.320000 0.776595 0.011058 0.008292 100.972354 1.000001 0.415049
-4.320000 0.972955 0.008758 0.005559 100.853671 1.000002 0.450306
-4.320000 1.169880 0.007025 0.003963 100.771560 1.000002 0.483360
-4.320000 1.367462 0.005647 0.003039 100.711001 1.000003 0.513736
-4.320000 1.565789 0.004566 0.002499 100.662906 1.000003 0.541096
-4.320000 1.764950 0.003720 0.002169 100.622179 1.000003 0.565241
-4.320000 1.965033 0.003053 0.001956 100.586029 1.000004 0.586112
-4.320000 2.166122 0.002521 0.001807 100.552908 1.000004 0.603773
-4.320000 2.368301 0.002092 0.001697 100.521921 1.000004 0.618400
-4.320000 2.571650 0.001742 0.001610 100.492524 1.000004 0.630249
-4.320000 2.776249 0.001456 0.001540 100.464362 1.000004 0.639634
-4.320000 2.982174 0.001220 0.001480 100.437189 1.000004 0.646895
-4.320000 3.189498 0.001024 0.001429 100.410826 1.000005 0.652379
-4.320000 3.398294 0.000862 0.001385 100.385137 1.000005 0.656419
-4.320000 3.608631 0.000728 0.001345 100.360014 1.000005 0.659316
-4.320000 3.820574 0.000616 0.001310 100.335368 1.000005 0.661336
-4.320000 4.034187 0.000523 0.001278 100.311127 1.000005 0.662701
-4.320000 4.249529 0.000446 0.001249 100.287232 1.000005 0.663590
-4.320000 4.466660 0.000383 0.001222 100.263633 1.000005 0.664145
-4.320000 4.685632 0.000331 0.001197 100.240288 1.000005 0.664472
-4.320000 4.906498 0.000288 0.001174 100.217166 1.000005 0.664648
-4.320000 5.129306 0.000253 0.001152 100.194240 1.000005 0.664728
-4.320000 5.354100 0.000225 0.001130 100.171493 1.000005 0.664750
-4.320000 5.580925 0.000202 0.001110 100.148911 1.000005 0.664738
-4.320000 5.809817 0.000185 0.001089 100.126487 1.000005 0.664709
-4.320000 6.040814 0.000171 0.001069 100.104222 1.000005 0.664671
-4.320000 6.273949 0.000162 0.001049 100.082119 1.000005 0.664631
-4.320000 6.509251 0.000155 0.001029 100.060189 1.000005 0.664591
-4.320000 6.746747 0.000151 0.001008 100.038446 1.000005 0.664553
-4.320000 6.986461 0.000149 0.000986 100.016909 1.000004 0.664517
-4.320000 7.228415 0.000149 0.000964 99.995604 1.000004 0.664484
-4.320000 7.472626 0.000150 0.000940 99.974560 1.000004 0.664454
-4.320000 7.719110 0.000154 0.000916 99.953811 1.000004 0.664427
-4.320000 7.967880 0.000158 0.000890 99.933395 1.000004 0.664402
-4.320000 8.218945 0.000164 0.000862 99.913357 1.000004 0.664380
-4.320000 8.472313 0.000170 0.000834 99.893744 1.000004 0.664359
-4.320000 8.727988 0.000178 0.000803 99.874611 1.000004 0.664340
-4.320000 8.985973 0.000186 0.000771 99.856017 1.000004 0.664323
-4.320000 9.246268 0.000194 0.000736 99.838023 1.000004 0.664308
-4.320000 9.508871 0.000204 0.000700 99.820700 1.000004 0.664294
-4.320000 9.773777 0.000213 0.000661 99.804122 1.000004 0.664281
-4.320000 10.040979 0.000222 0.000619 99.788367 1.000004 0.664269
-4.320000 10.310468 0.000232 0.000575 99.773519 1.000004 0.664257
-4.320000 10.582235 0.000240 0.000529 99.759668 1.000004 0.664246
-4.320000 10.856267 0.000248 0.000480 99.746905 1.000003 0.664235
-4.320000 11.132550 0.000255 0.000428 99.735328 1.000003 0.664222
-4.320000 11.411067 0.000259 0.000373 99.725032 1.000003 0.664207
-4.320000 11.691802 0.000260 0.000316 99.716110 1.000003 0.664188
-4.320000 11.974736 0.000258 0.000258 99.708645 1.000003 0.664163
-4.320000 12.259849 0.000250 0.000198 99.702703 1.000003 0.664131
-4.320000 12.547118 0.000235 0.000140 99.698313 1.000003 0.664088
-4.320000 12.836523 0.000213 0.000084 99.695455 1.000002 0.664034
-4.320000 13.128037 0.000182 0.000036 99.694022 1.000002 0.663966
-4.320000 13.421638 0.000144 -0.000002 99.693794 1.000001 0.663885
-4.320000 13.717299 0.000101 -0.000023 99.694395 1.000001 0.663792
-4.320000 14.014993 0.000061 -0.000024 99.695289 1.000000 0.663689
-4.320000 14.314694 0.000032 -0.000009 99.695853 0.999999 0.663579
-4.320000 14.616372 -0.000035 -0.000019 95.089794 0.999999 0.663465
-4.320000 14.920000 -0.000035 0.000000 90.483735 0.999998 0.663351
-4.080000 -4.227027 0.000000 0.500000 99.228190 1.000000 0.000000
-4.080000 -4.014206 0.029831 0.498790 99.228190 0.999999 0.000195
-4.080000 -3.803070 0.057377 0.495234 99.219052 0.999999 0.000452
-4.080000 -3.593550 0.082835 0.489485 99.211472 0.999998 0.000827
-4.080000 -3.385574 0.106450 0.481697 99.205302 0.999997 0.001394
-4.080000 -3.179068 0.128426 0.472025 99.200398 0.999997 0.002251
-4.080000 -2.973956 0.148936 0.460622 99.196616 0.999997 0.003530
-4.080000 -2.770157 0.168132 0.447637 99.193822 0.999997 0.005402
-4.080000 -2.567590 0.186148 0.433208 99.191892 0.999997 0.008079
-4.080000 -2.366169 0.203087 0.417461 99.190719 0.999997 0.011822
-4.080000 -2.165807 0.219006 0.400502 99.190215 0.999997 0.016931
-4.080000 -1.966416 0.233899 0.382410 99.190316 0.999997 0.023745
-4.080000 -1.767904 0.247667 0.363240 99.190993 0.999997 0.032620
-4.080000 -1.570177 0.260092 0.343008 99.192268 0.999997 0.043912
-4.080000 -1.373143 0.270815 0.321690 99.194239 0.999998 0.057945
-4.080000 -1.176703 0.279295 0.299209 99.197131 0.999998 0.074981
-4.080000 -0.980762 0.284780 0.275417 99.201379 0.999998 0.095180
-4.080000 -0.785221 0.286248 0.250070 99.207780 0.999998 0.118568
-4.080000 -0.589980 0.282322 0.222780 99.217806 0.999998 0.145016
-4.080000 -0.394940 0.271108 0.192943 99.234260 0.999999 0.174219
-4.080000 -0.200000 0.249870 0.159646 99.262862 0.999999 0.205707
-4.080000 -0.005061 0.214319 0.121715 99.316487 1.000000 0.238870
-4.080000 0.189973 0.156961 0.078851 99.427729 1.000000 0.273011
-4.080000 0.385197 0.062919 0.038972 98.584104 1.000001 0.307440
-4.080000 0.580706 0.025614 0.016622 98.450402 1.000001 0.341612
-4.080000 0.776595 0.016195 0.009093 98.330075 1.000002 0.374958
-4.080000 0.972955 0.011390 0.005472 98.267584 1.000002 0.406865
-4.080000 1.169880 0.008323 0.003845 98.235062 1.000003 0.436803
-4.080000 1.367462 0.006299 0.003164 98.213493 1.000003 0.464344
-4.080000 1.565789 0.004916 0.002877 98.194831 1.000003 0.489176
-4.080000 1.764950 0.003930 0.002741 98.176330 1.000004 0.511111
-4.080000 1.965033 0.003194 0.002662 98.157247 1.000004 0.530087
-4.080000 2.166122 0.002625 0.002605 98.137498 1.000004 0.546159
-4.080000 2.368301 0.002176 0.002555 98.117173 1.000004 0.559477
-4.080000 2.571650 0.001814 0.002509 98.096394 1.000005 0.570271
-4.080000 2.776249 0.001519 0.002465 98.075268 1.000005 0.578822
-4.080000 2.982174 0.001276 0.002421 98.053878 1.000005 0.585437
-4.080000 3.189498 0.001076 0.002378 98.032292 1.000005 0.590431
-4.080000 3.398294 0.000911 0.002334 98.010561 1.000005 0.594106
-4.080000 3.608631 0.000773 0.002291 97.988720 1.000005 0.596737
-4.080000 3.820574 0.000659 0.002248 97.966799 1.000005 0.598565
-4.080000 4.034187 0.000564 0.002205 97.944819 1.000005 0.599794
-4.080000 4.249529 0.000485 0.002163 97.922796 1.000005 0.600588
-4.080000 4.466660 0.000420 0.002121 97.900744 1.000005 0.601076
-4.080000 4.685632 0.000366 0.002079 97.878672 1.000005 0.601356
-4.080000 4.906498 0.000322 0.002037 97.856591 1.000005 0.601500
-4.080000 5.129306 0.000286 0.001995 97.834511 1.000005 0.601556
-4.080000 5.354100 0.000257 0.001953 97.812443 1.000005 0.601560
-4.080000 5.580925 0.000235 0.001911 97.790399 1.000005 0.601535
-4.080000 5.809817 0.000217 0.001869 97.768395 1.000005 0.601494
-4.080000 6.040814 0.000203 0.001827 97.746446 1.000005 0.601447
-4.080000 6.273949 0.000194 0.001784 97.724572 1.000005 0.601399
-4.080000 6.509251 0.000187 0.001741 97.702796 1.000005 0.601352
-4.080000 6.746747 0.000183 0.001697 97.681141 1.000005 0.601307
-4.080000 6.986461 0.000182 0.001652 97.659638 1.000005 0.601266
-4.080000 7.228415 0.000183 0.001606 97.638318 1.000005 0.601228
-4.080000 7.472626 0.000185 0.001559 97.617217 1.000005 0.601193
-4.080000 7.719110 0.000189 0.001511 97.596373 1.000005 0.601161
-4.080000 7.967880 0.000195 0.001461 97.575831 1.000005 0.601132
-4.080000 8.218945 0.000202 0.001409 97.555637 1.000005 0.601105
-4.080000 8.472313 0.000210 0.001356 97.535845 1.000005 0.601081
-4.080000 8.727988 0.000219 0.001301 97.516511 1.000004 0.601059
-4.080000 8.985973 0.000228 0.001243 97.497696 1.000004 0.601039
-4.080000 9.246268 0.000239 0.001183 97.479468 1.000004 0.601021
-4.080000 9.508871 0.000250 0.001121 97.461898 1.000004 0.601005
-4.080000 9.773777 0.000261 0.001055 97.445066 1.000004 0.600990
-4.080000 10.040979 0.000273 0.000987 97.429054 1.000004 0.600976
-4.080000 10.310468 0.000284 0.000916 97.413954 1.000004 0.600963
-4.080000 10.582235 0.000295 0.000841 97.399862 1.000004 0.600950
-4.080000 10.856267 0.000306 0.000762 97.386882 1.000004 0.600937
-4.080000 11.132550 0.000314 0.000680 97.375122 1.000004 0.600922
-4.080000 11.411067 0.000321 0.000594 97.364698 1.000004 0.600905
-4.080000 11.691802 0.000324 0.000505 97.355724 1.000003 0.600883
-4.080000 11.974736 0.000322 0.000413 97.348312 1.000003 0.600854
-4.080000 12.259849 0.000314 0.000319 97.342560 1.000003 0.600816
-4.080000 12.547118 0.000298 0.000226 97.338538 1.000003 0.600765
-4.080000 12.836523 0.000271 0.000136 97.336259 1.000002 0.600700
-4.080000 13.128037 0.000231 0.000056 97.335645 1.000002 0.600618
-4.080000 13.421638 0.000178 -0.000008 97.336468 1.000002 0.600520
-4.080000 13.717299 0.000115 -0.000046 97.338277 1.000001 0.600406
-4.080000 14.014993 0.000050 -0.000048 97.340317 1.000000 0.600281
-4.080000 14.314694 0.000009 -0.000020 97.341561 0.999999 0.600150
-4.080000 14.616372 0.000015 -0.000039 92.736843 0.999998 0.600016
-4.080000 14.920000 0.000015 0.000000 88.132124 0.999997 0.599882
-3.840000 -4.227027 0.000000 0.500000 96.844246 1.000000 0.000000
-3.840000 -4.014206 0.032350 0.498986 96.844246 0.999999 0.000173
-3.840000 -3.803070 0.062317 0.495988 96.836357 0.999999 0.000400
-3.840000 -3.593550 0.090080 0.491107 96.829560 0.999998 0.000732
-3.840000 -3.385574 0.115871 0.484458 96.823747 0.999997 0.001233
-3.840000 -3.179068 0.139881 0.476174 96.818794 0.999997 0.001992
-3.840000 -2.973956 0.162273 0.466392 96.814575 0.999997 0.003123
-3.840000 -2.770157 0.183200 0.455258 96.810958 0.999997 0.004778
-3.840000 -2.567590 0.202798 0.442916 96.807815 0.999997 0.007146
-3.840000 -2.366169 0.221181 0.429503 96.805019 0.999997 0.010454
-3.840000 -2.165807 0.238425 0.415145 96.802449 0.999997 0.014971
-3.840000 -1.966416 0.254547 0.399949 96.799989 0.999997 0.020994
-3.840000 -1.767904 0.269478 0.383999 96.797528 0.999997 0.028840
-3.840000 -1.570177 0.283042 0.367351 96.794966 0.999998 0.038823
-3.840000 -1.373143 0.294926 0.350030 96.792222 0.999998 0.051231
-3.840000 -1.176703 0.304654 0.332017 96.789239 0.999998 0.066298
-3.840000 -0.980762 0.311555 0.313242 96.786007 0.999998 0.084166
-3.840000 -0.785221 0.314723 0.293571 96.782581 0.999998 0.104862
-3.840000 -0.589980 0.312956 0.272771 96.779106 0.999999 0.128275
-3.840000 -0.394940 0.304628 0.250468 96.775799 0.999999 0.154137
-3.840000 -0.200000 0.287434 0.226020 96.772740 0.999999 0.182037
-3.840000 -0.005061 0.257755 0.198152 96.768880 1.000000 0.211439
-3.840000 0.189973 0.208924 0.163479 96.757751 1.000000 0.241732
-3.840000 0.385197 0.125926 0.109820 96.709445 1.000001 0.272309
-3.840000 0.580706 0.055802 0.056263 95.733419 1.000001 0.302663
-3.840000 0.776595 0.027956 0.029564 95.601040 1.000002 0.332295
-3.840000 0.972955 0.015784 0.019974 95.636873 1.000002 0.360678
-3.840000 1.169880 0.010100 0.016540 95.682367 1.000003 0.387350
-3.840000 1.367462 0.007166 0.015045 95.711704 1.000003 0.411927
-3.840000 1.565789 0.005446 0.014178 95.726484 1.000004 0.434121
-3.840000 1.764950 0.004315 0.013553 95.731250 1.000004 0.453753
-3.840000 1.965033 0.003505 0.013051 95.729323 1.000004 0.470758
-3.840000 2.166122 0.002893 0.012622 95.722782 1.000004 0.485174
-3.840000 2.368301 0.002415 0.012244 95.712925 1.000005 0.497131
-3.840000 2.571650 0.002033 0.011900 95.700594 1.000005 0.506827
-3.840000 2.776249 0.001725 0.011581 95.686368 1.000005 0.514511
-3.840000 2.982174 0.001472 0.011279 95.670658 1.000005 0.520456
-3.840000 3.189498 0.001264 0.010991 95.653769 1.000005 0.524942
-3.840000 3.398294 0.001092 0.010712 95.635935 1.000005 0.528239
-3.840000 3.608631 0.000950 0.010440 95.617333 1.000005 0.530594
-3.840000 3.820574 0.000831 0.010174 95.598104 1.000006 0.532224
-3.840000 4.034187 0.000732 0.009912 95.578359 1.000006 0.533313
-3.840000 4.249529 0.000650 0.009655 95.558190 1.000006 0.534008
-3.840000 4.466660 0.000581 0.009401 95.537668 1.000006 0.534428
-3.840000 4.685632 0.000524 0.009150 95.516855 1.000006 0.534661
-3.840000 4.906498 0.000478 0.008902 95.495803 1.000006 0.534770
-3.840000 5.129306 0.000439 0.008656 95.474556 1.000006 0.534802
-3.840000 5.354100 0.000408 0.008413 95.453154 1.000006 0.534788
-3.840000 5.580925 0.000383 0.008171 95.431636 1.000006 0.534749
-3.840000 5.809817 0.000363 0.007932 95.410035 1.000006 0.534696
-3.840000 6.040814 0.000348 0.007693 95.388385 1.000006 0.534639
-3.840000 6.273949 0.000337 0.007456 95.366722 1.000006 0.534582
-3.840000 6.509251 0.000329 0.007219 95.345079 1.000006 0.534527
-3.840000 6.746747 0.000324 0.006983 95.323491 1.000005 0.534476
-3.840000 6.986461 0.000322 0.006747 95.301997 1.000005 0.534428
-3.840000 7.228415 0.000322 0.006510 95.280636 1.000005 0.534384
-3.840000 7.472626 0.000325 0.006273 95.259449 1.000005 0.534343
-3.840000 7.719110 0.000329 0.006034 95.238480 1.000005 0.534307
-3.840000 7.967880 0.000335 0.005794 95.217779 1.000005 0.534273
-3.840000 8.218945 0.000343 0.005551 95.197395 1.000005 0.534242
-3.840000 8.472313 0.000351 0.005306 95.177386 1.000005 0.534214
-3.840000 8.727988 0.000362 0.005057 95.157811 1.000005 0.534189
-3.840000 8.985973 0.000373 0.004805 95.138734 1.000005 0.534165
-3.840000 9.246268 0.000386 0.004548 95.120227 1.000005 0.534144
-3.840000 9.508871 0.000399 0.004286 95.102364 1.000005 0.534125
-3.840000 9.773777 0.000413 0.004019 95.085228 1.000004 0.534108
-3.840000 10.040979 0.000428 0.003746 95.068908 1.000004 0.534092
-3.840000 10.310468 0.000443 0.003466 95.053501 1.000004 0.534077
-3.840000 10.582235 0.000457 0.003178 95.039111 1.000004 0.534063
-3.840000 10.856267 0.000471 0.002883 95.025852 1.000004 0.534048
-3.840000 11.132550 0.000484 0.002580 95.013850 1.000004 0.534032
-3.840000 11.411067 0.000494 0.002269 95.003237 1.000004 0.534012
-3.840000 11.691802 0.000499 0.001952 94.994156 1.000004 0.533987
-3.840000 11.974736 0.000499 0.001630 94.986754 1.000003 0.533953
-3.840000 12.259849 0.000489 0.001307 94.981173 1.000003 0.533908
-3.840000 12.547118 0.000467 0.000989 94.977536 1.000003 0.533848
-3.840000 12.836523 0.000428 0.000686 94.975916 1.000003 0.533770
-3.840000 13.128037 0.000368 0.000410 94.976297 1.000002 0.533671
-3.840000 13.421638 0.000283 0.000179 94.978491 1.000002 0.533552
-3.840000 13.717299 0.000173 0.000017 94.982011 1.000001 0.533413
-3.840000 14.014993 0.000050 -0.000052 94.985861 1.000000 0.533262
-3.840000 14.314694 -0.000030 -0.000030 94.988316 0.999999 0.533103
-3.840000 14.616372 0.000098 -0.000060 90.382047 0.999997 0.532945
-3.840000 14.920000 0.000098 0.000000 85.775777 0.999996 0.532787
-3.600000 -4.227027 0.000000 0.500000 94.458852 1.000000 0.000000
-3.600000 -4.014206 0.034423 0.499184 94.458852 0.999999 0.000150
-3.600000 -3.803070 0.066426 0.496750 94.452228 0.999999 0.000348
-3.600000 -3.593550 0.096155 0.492747 94.446230 0.999998 0.000636
-3.600000 -3.385574 0.123814 0.487254 94.440784 0.999997 0.001071
-3.600000 -3.179068 0.149566 0.480375 94.435793 0.999997 0.001730
-3.600000 -2.973956 0.173558 0.472237 94.431144 0.999997 0.002712
-3.600000 -2.770157 0.195927 0.462983 94.426712 0.999997 0.004149
-3.600000 -2.567590 0.216804 0.452763 94.422362 0.999997 0.006203
-3.600000 -2.366169 0.236304 0.441730 94.417950 0.999997 0.009074
-3.600000 -2.165807 0.254512 0.430033 94.413322 0.999997 0.012992
-3.600000 -1.966416 0.271460 0.417812 94.408307 0.999997 0.018216
-3.600000 -1.767904 0.287102 0.405193 94.402716 0.999998 0.025020
-3.600000 -1.570177 0.301288 0.392285 94.396327 0.999998 0.033676
-3.600000 -1.373143 0.313737 0.379182 94.388877 0.999998 0.044436
-3.600000 -1.176703 0.324010 0.365953 94.380032 0.999998 0.057500
-3.600000 -0.980762 0.331482 0.352653 94.369340 0.999998 0.072994
-3.600000 -0.785221 0.335303 0.339318 94.356147 0.999999 0.090944
-3.600000 -0.589980 0.334346 0.325970 94.339396 0.999999 0.111251
-3.600000 -0.394940 0.327111 0.312614 94.317199 0.999999 0.133687
-3.600000 -0.200000 0.311561 0.299199 94.285838 1.000000 0.157896
-3.600000 -0.005061 0.284864 0.285447 94.237440 1.000000 0.183417
-3.600000 0.189973 0.243134 0.270281 94.154412 1.000001 0.209725
-3.600000 0.385197 0.182113 0.250389 93.996498 1.000001 0.236295
-3.600000 0.580706 0.104026 0.218886 93.673442 1.000002 0.262671
-3.600000 0.776595 0.057518 0.182105 93.509172 1.000002 0.288490
-3.600000 0.972955 0.033478 0.153040 93.446818 1.000003 0.313305
-3.600000 1.169880 0.021170 0.132878 93.426464 1.000003 0.336687
-3.600000 1.367462 0.014546 0.119187 93.419224 1.000004 0.358278
-3.600000 1.565789 0.010696 0.109620 93.414095 1.000004 0.377810
-3.600000 1.764950 0.008274 0.102604 93.407564 1.000004 0.395115
-3.600000 1.965033 0.006645 0.097189 93.398823 1.000005 0.410125
-3.600000 2.166122 0.005490 0.092811 93.387923 1.000005 0.422866
-3.600000 2.368301 0.004641 0.089127 93.375138 1.000005 0.433445
-3.600000 2.571650 0.003997 0.085920 93.360765 1.000005 0.442031
-3.600000 2.776249 0.003499 0.083052 93.345069 1.000005 0.448839
-3.600000 2.982174 0.003107 0.080428 93.328274 1.000006 0.454106
-3.600000 3.189498 0.002792 0.077984 93.310562 1.000006 0.458078
-3.600000 3.398294 0.002538 0.075675 93.292087 1.000006 0.460992
-3.600000 3.608631 0.002328 0.073471 93.272973 1.000006 0.463068
-3.600000 3.820574 0.002155 0.071350 93.253324 1.000006 0.464499
-3.600000 4.034187 0.002010 0.069295 93.233227 1.000006 0.465446
-3.600000 4.249529 0.001887 0.067296 93.212753 1.000006 0.466043
-3.600000 4.466660 0.001783 0.065343 93.191964 1.000006 0.466394
-3.600000 4.685632 0.001694 0.063430 93.170913 1.000006 0.466578
-3.600000 4.906498 0.001617 0.061552 93.149645 1.000006 0.466653
-3.600000 5.129306 0.001552 0.059706 93.128202 1.000006 0.466661
-3.600000 5.354100 0.001496 0.057887 93.106621 1.000006 0.466628
-3.600000 5.580925 0.001448 0.056093 93.084937 1.000006 0.466574
-3.600000 5.809817 0.001407 0.054320 93.063184 1.000006 0.466509
-3.600000 6.040814 0.001373 0.052567 93.041396 1.000006 0.466442
-3.600000 6.273949 0.001344 0.050829 93.019605 1.000006 0.466376
-3.600000 6.509251 0.001320 0.049105 92.997846 1.000006 0.466313
-3.600000 6.746747 0.001302 0.047392 92.976154 1.000006 0.466254
-3.600000 6.986461 0.001287 0.045688 92.954566 1.000006 0.466199
-3.600000 7.228415 0.001277 0.043989 92.933121 1.000006 0.466148
-3.600000 7.472626 0.001270 0.042293 92.911862 1.000006 0.466102
-3.600000 7.719110 0.001267 0.040597 92.890832 1.000006 0.466060
-3.600000 7.967880 0.001267 0.038899 92.870080 1.000006 0.466021
-3.600000 8.218945 0.001271 0.037194 92.849657 1.000005 0.465985
-3.600000 8.472313 0.001278 0.035480 92.829620 1.000005 0.465953
-3.600000 8.727988 0.001288 0.033754 92.810027 1.000005 0.465923
-3.600000 8.985973 0.001302 0.032012 92.790945 1.000005 0.465897
-3.600000 9.246268 0.001318 0.030251 92.772443 1.000005 0.465873
-3.600000 9.508871 0.001337 0.028466 92.754597 1.000005 0.465851
-3.600000 9.773777 0.001358 0.026655 92.737488 1.000005 0.465831
-3.600000 10.040979 0.001382 0.024813 92.721205 1.000005 0.465813
-3.600000 10.310468 0.001408 0.022938 92.705842 1.000005 0.465796
-3.600000 10.582235 0.001434 0.021028 92.691502 1.000004 0.465780
-3.600000 10.856267 0.001460 0.019079 92.678294 1.000004 0.465763
-3.600000 11.132550 0.001483 0.017094 92.666335 1.000004 0.465745
-3.600000 11.411067 0.001502 0.015075 92.655747 1.000004 0.465723
-3.600000 11.691802 0.001510 0.013032 92.646656 1.000004 0.465694
-3.600000 11.974736 0.001504 0.010978 92.639186 1.000004 0.465656
-3.600000 12.259849 0.001473 0.008938 92.633448 1.000004 0.465603
-3.600000 12.547118 0.001409 0.006951 92.629527 1.000003 0.465532
-3.600000 12.836523 0.001300 0.005069 92.627454 1.000003 0.465439
-3.600000 13.128037 0.001131 0.003362 92.627169 1.000002 0.465321
-3.600000 13.421638 0.000890 0.001918 92.628463 1.000002 0.465177
-3.600000 13.717299 0.000577 0.000836 92.630895 1.000001 0.465010
-3.600000 14.014993 0.000219 0.000197 92.633697 1.000000 0.464825
-3.600000 14.314694 -0.000056 -0.000002 92.635733 0.999998 0.464633
-3.600000 14.616372 0.000153 -0.000005 88.027531 0.999996 0.464442
-3.600000 14.920000 0.000153 0.000000 83.419329 0.999994 0.464252
-3.360000 -4.227027 0.000000 0.500000 92.072652 1.000000 0.000000
-3.360000 -4.014206 0.036052 0.499377 92.072652 0.999999 0.000128
-3.360000 -3.803070 0.069707 0.497496 92.067271 0.999999 0.000296
-3.360000 -3.593550 0.101065 0.494353 92.062064 0.999998 0.000542
-3.360000 -3.385574 0.130284 0.489990 92.056991 0.999998 0.000913
-3.360000 -3.179068 0.157491 0.484487 92.051980 0.999997 0.001474
-3.360000 -2.973956 0.182799 0.477958 92.046934 0.999997 0.002311
-3.360000 -2.770157 0.206322 0.470540 92.041735 0.999997 0.003534
-3.360000 -2.567590 0.228175 0.462390 92.036245 0.999997 0.005283
-3.360000 -2.366169 0.248465 0.453674 92.030309 0.999997 0.007725
-3.360000 -2.165807 0.267276 0.444562 92.023747 0.999997 0.011058
-3.360000 -1.966416 0.284645 0.435224 92.016350 0.999998 0.015500
-3.360000 -1.767904 0.300536 0.425824 92.007866 0.999998 0.021285
-3.360000 -1.570177 0.314814 0.416517 91.997986 0.999998 0.028644
-3.360000 -1.373143 0.327212 0.407451 91.986319 0.999998 0.037789
-3.360000 -1.176703 0.337308 0.398763 91.972351 0.999999 0.048891
-3.360000 -0.980762 0.344494 0.390580 91.955377 0.999999 0.062058
-3.360000 -0.785221 0.347935 0.383019 91.934394 0.999999 0.077312
-3.360000 -0.589980 0.346533 0.376174 91.907908 0.999999 0.094571
-3.360000 -0.394940 0.338858 0.370077 91.873601 1.000000 0.113643
-3.360000 -0.200000 0.323087 0.364586 91.827783 1.000000 0.134232
-3.360000 -0.005061 0.297006 0.359112 91.764613 1.000000 0.155953
-3.360000 0.189973 0.258323 0.352064 91.675471 1.000001 0.178369
-3.360000 0.385197 0.206107 0.340074 91.550704 1.000001 0.201044
-3.360000 0.580706 0.145298 0.318391 91.392743 1.000002 0.223588
-3.360000 0.776595 0.097277 0.289028 91.272754 1.000002 0.245670
-3.360000 0.972955 0.065063 0.259722 91.197581 1.000003 0.266931
-3.360000 1.169880 0.044731 0.234640 91.152716 1.000003 0.287012
-3.360000 1.367462 0.032010 0.214562 91.124458 1.000004 0.305600
-3.360000 1.565789 0.023900 0.198790 91.104203 1.000004 0.322453
-3.360000 1.764950 0.018566 0.186311 91.087331 1.000004 0.337415
-3.360000 1.965033 0.014939 0.176233 91.071550 1.000005 0.350415
-3.360000 2.166122 0.012392 0.167880 91.055785 1.000005 0.361468
-3.360000 2.368301 0.010554 0.160769 91.039565 1.000005 0.370655
-3.360000 2.571650 0.009196 0.154561 91.022712 1.000006 0.378119
-3.360000 2.776249 0.008171 0.149014 91.005184 1.000006 0.384039
-3.360000 2.982174 0.007381 0.143962 90.987005 1.000006 0.388619
-3.360000 3.189498 0.006762 0.139284 90.968229 1.000006 0.392069
-3.360000 3.398294 0.006268 0.134892 90.948915 1.000006 0.394596
-3.360000 3.608631 0.005866 0.130725 90.929127 1.000006 0.396388
-3.360000 3.820574 0.005534 0.126738 90.908926 1.000006 0.397614
-3.360000 4.034187 0.005254 0.122897 90.888365 1.000007 0.398417
-3.360000 4.249529 0.005016 0.119176 90.867496 1.000007 0.398913
-3.360000 4.466660 0.004810 0.115559 90.846364 1.000007 0.399194
-3.360000 4.685632 0.004630 0.112029 90.825009 1.000007 0.399329
-3.360000 4.906498 0.004472 0.108576 90.803470 1.000007 0.399369
-3.360000 5.129306 0.004331 0.105192 90.781782 1.000007 0.399351
-3.360000 5.354100 0.004207 0.101867 90.759978 1.000007 0.399299
-3.360000 5.580925 0.004096 0.098596 90.738090 1.000007 0.399230
-3.360000 5.809817 0.003997 0.095372 90.716149 1.000007 0.399153
-3.360000 6.040814 0.003910 0.092190 90.694187 1.000007 0.399075
-3.360000 6.273949 0.003832 0.089045 90.672235 1.000007 0.398999
-3.360000 6.509251 0.003765 0.085932 90.650328 1.000007 0.398927
-3.360000 6.746747 0.003706 0.082847 90.628499 1.000006 0.398860
-3.360000 6.986461 0.003656 0.079784 90.606785 1.000006 0.398798
-3.360000 7.228415 0.003614 0.076738 90.585224 1.000006 0.398741
-3.360000 7.472626 0.003580 0.073705 90.563859 1.000006 0.398688
-3.360000 7.719110 0.003554 0.070680 90.542733 1.000006 0.398640
-3.360000 7.967880 0.003535 0.067657 90.521894 1.000006 0.398596
-3.360000 8.218945 0.003525 0.064631 90.501394 1.000006 0.398555
-3.360000 8.472313 0.003521 0.061598 90.481289 1.000006 0.398518
-3.360000 8.727988 0.003526 0.058551 90.461638 1.000006 0.398485
-3.360000 8.985973 0.003538 0.055484 90.442505 1.000006 0.398455
-3.360000 9.246268 0.003557 0.052392 90.423962 1.000005 0.398427
-3.360000 9.508871 0.003584 0.049268 90.406083 1.000005 0.398403
-3.360000 9.773777 0.003617 0.046107 90.388949 1.000005 0.398381
-3.360000 10.040979 0.003656 0.042903 90.372647 1.000005 0.398361
-3.360000 10.310468 0.003700 0.039651 90.357270 1.000005 0.398342
-3.360000 10.582235 0.003747 0.036347 90.342919 1.000005 0.398325
-3.360000 10.856267 0.003794 0.032990 90.329697 1.000005 0.398307
-3.360000 11.132550 0.003836 0.029581 90.317715 1.000005 0.398287
-3.360000 11.411067 0.003866 0.026127 90.307087 1.000004 0.398262
-3.360000 11.691802 0.003873 0.022643 90.297924 1.000004 0.398230
-3.360000 11.974736 0.003843 0.019155 90.290335 1.000004 0.398186
-3.360000 12.259849 0.003757 0.015703 90.284411 1.000004 0.398125
-3.360000 12.547118 0.003590 0.012348 90.280214 1.000003 0.398042
-3.360000 12.836523 0.003315 0.009172 90.277757 1.000003 0.397933
-3.360000 13.128037 0.002901 0.006283 90.276974 1.000003 0.397792
-3.360000 13.421638 0.002325 0.003808 90.277685 1.000002 0.397619
-3.360000 13.717299 0.001584 0.001884 90.279548 1.000001 0.397417
-3.360000 14.014993 0.000740 0.000629 90.282041 1.000000 0.397194
-3.360000 14.314694 0.000015 0.000091 90.284493 0.999998 0.396960
-3.360000 14.616372 0.000017 0.000181 85.672116 0.999996 0.396729
-3.360000 14.920000 0.000017 0.000000 81.059739 0.999993 0.396497
-3.120000 -4.227027 0.000000 0.500000 89.686271 1.000000 0.000000
-3.120000 -4.014206 0.037256 0.499560 89.686271 0.999999 0.000107
-3.120000 -3.803070 0.072192 0.498202 89.682075 0.999999 0.000248
-3.120000 -3.593550 0.104851 0.495874 89.677629 0.999998 0.000453
-3.120000 -3.385574 0.135335 0.492582 89.672927 0.999998 0.000763
-3.120000 -3.179068 0.163720 0.488381 89.667920 0.999997 0.001231
-3.120000 -2.973956 0.190076 0.483370 89.662528 0.999997 0.001930
-3.120000 -2.770157 0.214483 0.477680 89.656644 0.999997 0.002951
-3.120000 -2.567590 0.237031 0.471467 89.650134 0.999997 0.004410
-3.120000 -2.366169 0.257811 0.464906 89.642838 0.999997 0.006447
-3.120000 -2.165807 0.276898 0.458181 89.634565 0.999998 0.009226
-3.120000 -1.966416 0.294326 0.451481 89.625087 0.999998 0.012929
-3.120000 -1.767904 0.310062 0.444994 89.614122 0.999998 0.017749
-3.120000 -1.570177 0.323979 0.438900 89.601323 0.999998 0.023879
-3.120000 -1.373143 0.335822 0.433371 89.586248 0.999998 0.031495
-3.120000 -1.176703 0.345187 0.428561 89.568329 0.999999 0.040741
-3.120000 -0.980762 0.351486 0.424601 89.546816 0.999999 0.051705
-3.120000 -0.785221 0.353929 0.421580 89.520711 0.999999 0.064408
-3.120000 -0.589980 0.351499 0.419508 89.488668 1.000000 0.078783
-3.120000 -0.394940 0.342950 0.418242 89.448877 1.000000 0.094678
-3.120000 -0.200000 0.326852 0.417350 89.398983 1.000000 0.111850
-3.120000 -0.005061 0.301781 0.415888 89.336190 1.000001 0.129988
-3.120000 0.189973 0.266852 0.412123 89.258004 1.000001 0.148740
-3.120000 0.385197 0.222911 0.403501 89.164521 1.000002 0.167745
-3.120000 0.580706 0.174563 0.387642 89.063414 1.000002 0.186669
-3.120000 0.776595 0.131273 0.365360 88.974899 1.000003 0.205214
-3.120000 0.972955 0.097298 0.340472 88.906554 1.000003 0.223080
-3.120000 1.169880 0.072473 0.316341 88.856294 1.000003 0.239976
-3.120000 1.367462 0.054919 0.294723 88.819014 1.000004 0.255644
-3.120000 1.565789 0.042616 0.276099 88.790006 1.000004 0.269876
-3.120000 1.764950 0.033953 0.260281 88.765876 1.000005 0.282535
-3.120000 1.965033 0.027780 0.246828 88.744438 1.000005 0.293554
-3.120000 2.166122 0.023314 0.235272 88.724364 1.000005 0.302935
-3.120000 2.368301 0.020032 0.225200 88.704875 1.000006 0.310742
-3.120000 2.571650 0.017580 0.216276 88.685529 1.000006 0.317089
-3.120000 2.776249 0.015719 0.208240 88.666082 1.000006 0.322124
-3.120000 2.982174 0.014284 0.200892 88.646407 1.000006 0.326017
-3.120000 3.189498 0.013157 0.194084 88.626446 1.000006 0.328944
-3.120000 3.398294 0.012257 0.187701 88.606182 1.000007 0.331081
-3.120000 3.608631 0.011525 0.181658 88.585619 1.000007 0.332588
-3.120000 3.820574 0.010919 0.175892 88.564774 1.000007 0.333610
-3.120000 4.034187 0.010407 0.170354 88.543671 1.000007 0.334267
-3.120000 4.249529 0.009968 0.165006 88.522337 1.000007 0.334662
-3.120000 4.466660 0.009586 0.159821 88.500801 1.000007 0.334871
-3.120000 4.685632 0.009250 0.154777 88.479090 1.000007 0.334957
-3.120000 4.906498 0.008951 0.149854 88.457232 1.000007 0.334962
-3.120000 5.129306 0.008683 0.145040 88.435257 1.000007 0.334919
-3.120000 5.354100 0.008442 0.140322 88.413191 1.000007 0.334848
-3.120000 5.580925 0.008224 0.135689 88.391063 1.000007 0.334764
-3.120000 5.809817 0.008027 0.131132 88.368900 1.000007 0.334675
-3.120000 6.040814 0.007849 0.126644 88.346732 1.000007 0.334587
-3.120000 6.273949 0.007688 0.122216 88.324588 1.000007 0.334502
-3.120000 6.509251 0.007545 0.117842 88.302501 1.000007 0.334422
-3.120000 6.746747 0.007417 0.113514 88.280504 1.000007 0.334347
-3.120000 6.986461 0.007304 0.109226 88.258632 1.000007 0.334278
-3.120000 7.228415 0.007207 0.104970 88.236924 1.000007 0.334214
-3.120000 7.472626 0.007124 0.100740 88.215420 1.000007 0.334155
-3.120000 7.719110 0.007055 0.096530 88.194163 1.000007 0.334101
-3.120000 7.967880 0.007000 0.092332 88.173202 1.000006 0.334052
-3.120000 8.218945 0.006960 0.088139 88.152587 1.000006 0.334007
-3.120000 8.472313 0.006933 0.083944 88.132374 1.000006 0.333966
-3.120000 8.727988 0.006921 0.079739 88.112622 1.000006 0.333928
-3.120000 8.985973 0.006923 0.075517 88.093396 1.000006 0.333895
-3.120000 9.246268 0.006939 0.071269 88.074765 1.000006 0.333864
-3.120000 9.508871 0.006969 0.066989 88.056805 1.000006 0.333837
-3.120000 9.773777 0.007011 0.062667 88.039594 1.000006 0.333813
-3.120000 10.040979 0.007064 0.058298 88.023220 1.000005 0.333791
-3.120000 10.310468 0.007127 0.053874 88.007773 1.000005 0.333771
-3.120000 10.582235 0.007196 0.049391 87.993352 1.000005 0.333752
-3.120000 10.856267 0.007265 0.044847 87.980056 1.000005 0.333733
-3.120000 11.132550 0.007324 0.040245 87.967993 1.000005 0.333712
-3.120000 11.411067 0.007361 0.035595 87.957267 1.000005 0.333685
-3.120000 11.691802 0.007356 0.030916 87.947983 1.000005 0.333650
-3.120000 11.974736 0.007284 0.026242 87.940238 1.000004 0.333600
-3.120000 12.259849 0.007109 0.021626 87.934113 1.000004 0.333532
-3.120000 12.547118 0.006789 0.017142 87.929662 1.000004 0.333437
-3.120000 12.836523 0.006276 0.012893 87.926895 1.000003 0.333310
-3.120000 13.128037 0.005521 0.009006 87.925765 1.000003 0.333147
-3.120000 13.421638 0.004487 0.005633 87.926140 1.000002 0.332945
-3.120000 13.717299 0.003173 0.002939 87.927795 1.000001 0.332707
-3.120000 14.014993 0.001664 0.001082 87.930420 1.000000 0.332442
-3.120000 14.314694 0.000240 0.000190 87.933691 0.999998 0.332162
-3.120000 14.616372 -0.000425 0.000381 83.317755 0.999995 0.331883
-3.120000 14.920000 -0.000425 0.000000 78.701819 0.999992 0.331603
-2.880000 -4.227027 0.000000 0.500000 87.300288 1.000000 0.000000
-2.880000 -4.014206 0.038061 0.499728 87.300288 0.999999 0.000087
-2.880000 -3.803070 0.073933 0.498850 87.297186 0.999999 0.000203
-2.880000 -3.593550 0.107590 0.497270 87.293454 0.999998 0.000371
-2.880000 -3.385574 0.139065 0.494960 87.289113 0.999998 0.000624
-2.880000 -3.179068 0.168373 0.491950 87.284137 0.999997 0.001008
-2.880000 -2.973956 0.195534 0.488322 87.278464 0.999997 0.001579
-2.880000 -2.770157 0.220587 0.484194 87.272001 0.999997 0.002414
-2.880000 -2.567590 0.243588 0.479721 87.264624 0.999997 0.003607
-2.880000 -2.366169 0.264606 0.475076 87.256180 0.999997 0.005272
-2.880000 -2.165807 0.283701 0.470448 87.246482 0.999998 0.007542
-2.880000 -1.966416 0.300901 0.466031 87.235302 0.999998 0.010566
-2.880000 -1.767904 0.316178 0.462018 87.222364 0.999998 0.014501
-2.880000 -1.570177 0.329414 0.458593 87.207325 0.999998 0.019504
-2.880000 -1.373143 0.340376 0.455919 87.189763 0.999999 0.025718
-2.880000 -1.176703 0.348691 0.454132 87.169152 0.999999 0.033262
-2.880000 -0.980762 0.353828 0.453317 87.144839 0.999999 0.042208
-2.880000 -0.785221 0.355090 0.453483 87.116016 1.000000 0.052574
-2.880000 -0.589980 0.351619 0.454512 87.081709 1.000000 0.064311
-2.880000 -0.394940 0.342443 0.456093 87.040791 1.000000 0.077298
-2.880000 -0.200000 0.326585 0.457614 86.992093 1.000001 0.091345
-2.880000 -0.005061 0.303309 0.458052 86.934687 1.000001 0.106206
-2.880000 0.189973 0.272561 0.455933 86.868509 1.000001 0.121598
-2.880000 0.385197 0.235649 0.449545 86.795425 1.000002 0.137230
-2.880000 0.580706 0.195878 0.437656 86.720390 1.000002 0.152818
-2.880000 0.776595 0.158106 0.420630 86.650927 1.000003 0.168100
-2.880000 0.972955 0.125615 0.400389 86.591443 1.000003 0.182825
-2.880000 1.169880 0.099458 0.379140 86.542527 1.000004 0.196758
-2.880000 1.367462 0.079230 0.358527 86.502593 1.000004 0.209688
-2.880000 1.565789 0.063922 0.339454 86.469418 1.000004 0.221447
-2.880000 1.764950 0.052443 0.322249 86.440953 1.000005 0.231920
-2.880000 1.965033 0.043845 0.306894 86.415596 1.000005 0.241047
-2.880000 2.166122 0.037379 0.293206 86.392198 1.000006 0.248826
-2.880000 2.368301 0.032482 0.280943 86.369975 1.000006 0.255304
-2.880000 2.571650 0.028739 0.269863 86.348409 1.000006 0.260572
-2.880000 2.776249 0.025847 0.259753 86.327164 1.000006 0.264749
-2.880000 2.982174 0.023584 0.250431 86.306030 1.000007 0.267973
-2.880000 3.189498 0.021788 0.241751 86.284878 1.000007 0.270391
-2.880000 3.398294 0.020340 0.233593 86.263631 1.000007 0.272147
-2.880000 3.608631 0.019154 0.225865 86.242249 1.000007 0.273376
-2.880000 3.820574 0.018166 0.218494 86.220713 1.000007 0.274197
-2.880000 4.034187 0.017327 0.211422 86.199020 1.000007 0.274713
-2.880000 4.249529 0.016605 0.204604 86.177176 1.000007 0.275009
-2.880000 4.466660 0.015975 0.198004 86.155192 1.000007 0.275151
-2.880000 4.685632 0.015416 0.191594 86.133085 1.000007 0.275189
-2.880000 4.906498 0.014918 0.185350 86.110872 1.000008 0.275162
-2.880000 5.129306 0.014469 0.179253 86.088575 1.000008 0.275095
-2.880000 5.354100 0.014062 0.173288 86.066215 1.000008 0.275008
-2.880000 5.580925 0.013692 0.167440 86.043815 1.000008 0.274910
-2.880000 5.809817 0.013356 0.161698 86.021400 1.000008 0.274811
-2.880000 6.040814 0.013050 0.156051 85.998996 1.000007 0.274714
-2.880000 6.273949 0.012772 0.150488 85.976632 1.000007 0.274621
-2.880000 6.509251 0.012520 0.145000 85.954337 1.000007 0.274534
-2.880000 6.746747 0.012293 0.139579 85.932142 1.000007 0.274452
-2.880000 6.986461 0.012091 0.134216 85.910083 1.000007 0.274377
-2.880000 7.228415 0.011912 0.128903 85.888195 1.000007 0.274308
-2.880000 7.472626 0.011756 0.123631 85.866520 1.000007 0.274244
-2.880000 7.719110 0.011623 0.118391 85.845099 1.000007 0.274185
-2.880000 7.967880 0.011513 0.113176 85.823980 1.000007 0.274131
-2.880000 8.218945 0.011426 0.107976 85.803214 1.000007 0.274081
-2.880000 8.472313 0.011361 0.102782 85.782854 1.000007 0.274037
-2.880000 8.727988 0.011319 0.097586 85.762961 1.000006 0.273996
-2.880000 8.985973 0.011299 0.092378 85.743598 1.000006 0.273959
-2.880000 9.246268 0.011302 0.087149 85.724834 1.000006 0.273926
-2.880000 9.508871 0.011326 0.081889 85.706743 1.000006 0.273897
-2.880000 9.773777 0.011370 0.076589 85.689406 1.000006 0.273871
-2.880000 10.040979 0.011433 0.071241 85.672907 1.000006 0.273848
-2.880000 10.310468 0.011511 0.065837 85.657336 1.000006 0.273827
-2.880000 10.582235 0.011598 0.060372 85.642788 1.000005 0.273807
-2.880000 10.856267 0.011685 0.054843 85.629364 1.000005 0.273787
-2.880000 11.132550 0.011757 0.049255 85.617164 1.000005 0.273764
-2.880000 11.411067 0.011793 0.043618 85.606291 1.000005 0.273736
-2.880000 11.691802 0.011765 0.037957 85.596844 1.000005 0.273698
-2.880000 11.974736 0.011631 0.032310 85.588914 1.000005 0.273644
-2.880000 12.259849 0.011340 0.026735 85.582580 1.000004 0.273568
-2.880000 12.547118 0.010830 0.021318 85.577896 1.000004 0.273464
-2.880000 12.836523 0.010029 0.016171 85.574885 1.000003 0.273323
-2.880000 13.128037 0.008868 0.011437 85.573524 1.000003 0.273139
-2.880000 13.421638 0.007295 0.007283 85.573740 1.000002 0.272912
-2.880000 13.717299 0.005301 0.003900 85.575411 1.000001 0.272642
-2.880000 14.014993 0.002979 0.001491 85.578392 1.000000 0.272338
-2.880000 14.314694 0.000614 0.000278 85.582586 0.999998 0.272013
-2.880000 14.616372 -0.001164 0.000556 80.965975 0.999995 0.271684
-2.880000 14.920000 -0.001164 0.000000 76.349363 0.999992 0.271355
-2.640000 -4.227027 0.000000 0.500000 84.915219 1.000000 0.000000
-2.640000 -4.014206 0.038508 0.499877 84.915219 0.999999 0.000070
-2.640000 -3.803070 0.075002 0.499424 84.913098 0.999999 0.000163
-2.640000 -3.593550 0.109381 0.498509 84.910018 0.999998 0.000297
-2.640000 -3.385574 0.141602 0.497071 84.906020 0.999998 0.000501
-2.640000 -3.179068 0.171610 0.495114 84.901100 0.999997 0.000808
-2.640000 -2.973956 0.199369 0.492699 84.895217 0.999997 0.001266
-2.640000 -2.770157 0.224869 0.489934 84.888292 0.999997 0.001935
-2.640000 -2.567590 0.248130 0.486960 84.880219 0.999997 0.002890
-2.640000 -2.366169 0.269193 0.483943 84.870859 0.999998 0.004222
-2.640000 -2.165807 0.288103 0.481065 84.860044 0.999998 0.006039
-2.640000 -1.966416 0.304883 0.478516 84.847567 0.999998 0.008457
-2.640000 -1.767904 0.319511 0.476477 84.833176 0.999998 0.011603
-2.640000 -1.570177 0.331889 0.475116 84.816571 0.999999 0.015603
-2.640000 -1.373143 0.341817 0.474573 84.797390 0.999999 0.020570
-2.640000 -1.176703 0.348981 0.474941 84.775202 0.999999 0.026600
-2.640000 -0.980762 0.352935 0.476247 84.749506 1.000000 0.033751
-2.640000 -0.785221 0.353114 0.478418 84.719732 1.000000 0.042041
-2.640000 -0.589980 0.348858 0.481242 84.685271 1.000000 0.051434
-2.640000 -0.394940 0.339481 0.484312 84.645534 1.000000 0.061837
-2.640000 -0.200000 0.324394 0.486978 84.600082 1.000001 0.073103
-2.640000 -0.005061 0.303314 0.488315 84.548844 1.000001 0.085043
-2.640000 0.189973 0.276550 0.487185 84.492453 1.000002 0.097433
-2.640000 0.385197 0.245324 0.482453 84.432606 1.000002 0.110039
-2.640000 0.580706 0.211894 0.473406 84.372205 1.000002 0.122628
-2.640000 0.776595 0.179119 0.460200 84.314737 1.000003 0.134976
-2.640000 0.972955 0.149315 0.443851 84.262686 1.000003 0.146874
-2.640000 1.169880 0.123720 0.425740 84.216962 1.000004 0.158132
-2.640000 1.367462 0.102604 0.407134 84.177253 1.000004 0.168582
-2.640000 1.565789 0.085640 0.388943 84.142612 1.000005 0.178088
-2.640000 1.764950 0.072230 0.371706 84.111920 1.000005 0.186559
-2.640000 1.965033 0.061721 0.355662 84.084140 1.000005 0.193945
-2.640000 2.166122 0.053510 0.340857 84.058422 1.000006 0.200242
-2.640000 2.368301 0.047090 0.327225 84.034112 1.000006 0.205486
-2.640000 2.571650 0.042050 0.314649 84.010729 1.000006 0.209747
-2.640000 2.776249 0.038067 0.302994 83.987930 1.000007 0.213121
-2.640000 2.982174 0.034892 0.292128 83.965477 1.000007 0.215719
-2.640000 3.189498 0.032331 0.281933 83.943207 1.000007 0.217659
-2.640000 3.398294 0.030240 0.272305 83.921010 1.000007 0.219057
-2.640000 3.608631 0.028508 0.263158 83.898816 1.000007 0.220025
-2.640000 3.820574 0.027052 0.254421 83.876581 1.000007 0.220658
-2.640000 4.034187 0.025809 0.246034 83.854281 1.000008 0.221043
-2.640000 4.249529 0.024732 0.237949 83.831904 1.000008 0.221248
-2.640000 4.466660 0.023787 0.230128 83.809448 1.000008 0.221327
-2.640000 4.685632 0.022948 0.222538 83.786919 1.000008 0.221324
-2.640000 4.906498 0.022196 0.215152 83.764324 1.000008 0.221269
-2.640000 5.129306 0.021516 0.207948 83.741679 1.000008 0.221183
-2.640000 5.354100 0.020899 0.200907 83.718998 1.000008 0.221082
-2.640000 5.580925 0.020337 0.194012 83.696301 1.000008 0.220974
-2.640000 5.809817 0.019822 0.187250 83.673609 1.000008 0.220867
-2.640000 6.040814 0.019352 0.180607 83.650944 1.000008 0.220764
-2.640000 6.273949 0.018923 0.174072 83.628333 1.000008 0.220665
-2.640000 6.509251 0.018533 0.167633 83.605803 1.000008 0.220573
-2.640000 6.746747 0.018178 0.161280 83.583383 1.000008 0.220487
-2.640000 6.986461 0.017859 0.155002 83.561108 1.000008 0.220408
-2.640000 7.228415 0.017575 0.148791 83.539012 1.000007 0.220335
-2.640000 7.472626 0.017323 0.142636 83.517135 1.000007 0.220267
-2.640000 7.719110 0.017105 0.136528 83.495518 1.000007 0.220205
-2.640000 7.967880 0.016920 0.130456 83.474207 1.000007 0.220147
-2.640000 8.218945 0.016768 0.124411 83.453253 1.000007 0.220095
-2.640000 8.472313 0.016648 0.118382 83.432709 1.000007 0.220048
-2.640000 8.727988 0.016562 0.112359 83.412633 1.000007 0.220005
-2.640000 8.985973 0.016508 0.106332 83.393091 1.000007 0.219966
-2.640000 9.246268 0.016486 0.100289 83.374148 1.000006 0.219931
-2.640000 9.508871 0.016495 0.094220 83.355881 1.000006 0.219900
-2.640000 9.773777 0.016534 0.088115 83.338367 1.000006 0.219873
-2.640000 10.040979 0.016599 0.081963 83.321691 1.000006 0.219849
-2.640000 10.310468 0.016686 0.075756 83.305943 1.000006 0.219827
-2.640000 10.582235 0.016785 0.069489 83.291216 1.000006 0.219807
-2.640000 10.856267 0.016884 0.063158 83.277609 1.000006 0.219786
-2.640000 11.132550 0.016963 0.056767 83.265222 1.000005 0.219763
-2.640000 11.411067 0.016992 0.050330 83.254155 1.000005 0.219733
-2.640000 11.691802 0.016930 0.043870 83.244506 1.000005 0.219693
-2.640000 11.974736 0.016721 0.037430 83.236366 1.000005 0.219637
-2.640000 12.259849 0.016296 0.031071 83.229815 1.000004 0.219557
-2.640000 12.547118 0.015570 0.024885 83.224915 1.000004 0.219445
-2.640000 12.836523 0.014448 0.018989 83.221705 1.000004 0.219294
-2.640000 13.128037 0.012839 0.013537 83.220194 1.000003 0.219098
-2.640000 13.421638 0.010667 0.008711 83.220362 1.000002 0.218852
-2.640000 13.717299 0.007911 0.004728 83.222170 1.000001 0.218558
-2.640000 14.014993 0.004645 0.001838 83.225589 1.000000 0.218224
-2.640000 14.314694 0.001115 0.000350 83.230660 0.999998 0.217862
-2.640000 14.616372 -0.002156 0.000700 78.617952 0.999995 0.217491
-2.640000 14.920000 -0.002156 0.000000 74.005244 0.999992 0.217119
-2.400000 -4.227027 0.000000 0.500000 82.531510 1.000000 0.000000
-2.400000 -4.014206 0.038642 0.500005 82.531510 0.999999 0.000055
-2.400000 -3.803070 0.075484 0.499918 82.530242 0.999999 0.000128
-2.400000 -3.593550 0.110345 0.499574 82.527737 0.999998 0.000233
-2.400000 -3.385574 0.143099 0.498882 82.524056 0.999998 0.000393
-2.400000 -3.179068 0.173620 0.497822 82.519215 0.999997 0.000634
-2.400000 -2.973956 0.201808 0.496436 82.513188 0.999997 0.000993
-2.400000 -2.770157 0.227602 0.494811 82.505919 0.999997 0.001518
-2.400000 -2.567590 0.250981 0.493072 82.497320 0.999997 0.002267
-2.400000 -2.366169 0.271960 0.491374 82.487276 0.999998 0.003311
-2.400000 -2.165807 0.290567 0.489883 82.475645 0.999998 0.004734
-2.400000 -1.966416 0.306824 0.488772 82.462250 0.999998 0.006628
-2.400000 -1.767904 0.320721 0.488204 82.446886 0.999998 0.009092
-2.400000 -1.570177 0.332187 0.488321 82.429306 0.999999 0.012223
-2.400000 -1.373143 0.341073 0.489229 82.409228 0.999999 0.016112
-2.400000 -1.176703 0.347135 0.490981 82.386332 0.999999 0.020832
-2.400000 -0.980762 0.350035 0.493549 82.360267 1.000000 0.026433
-2.400000 -0.785221 0.349352 0.496807 82.330676 1.000000 0.032928
-2.400000 -0.589980 0.344623 0.500489 82.297224 1.000000 0.040293
-2.400000 -0.394940 0.335408 0.504172 82.259664 1.000001 0.048459
-2.400000 -0.200000 0.321399 0.507249 82.217932 1.000001 0.057316
-2.400000 -0.005061 0.302568 0.508951 82.172277 1.000001 0.066718
-2.400000 0.189973 0.279335 0.508423 82.123402 1.000002 0.076493
-2.400000 0.385197 0.252697 0.504889 82.072563 1.000002 0.086454
-2.400000 0.580706 0.224218 0.497885 82.021505 1.000003 0.096413
-2.400000 0.776595 0.195743 0.487457 81.972110 1.000003 0.106189
-2.400000 0.972955 0.168913 0.474164 81.925854 1.000004 0.115609
-2.400000 1.169880 0.144829 0.458866 81.883504 1.000004 0.124520
-2.400000 1.367462 0.124003 0.442472 81.845164 1.000004 0.132789
-2.400000 1.565789 0.106482 0.425752 81.810490 1.000005 0.140309
-2.400000 1.764950 0.092022 0.409268 81.778914 1.000005 0.147008
-2.400000 1.965033 0.080238 0.393373 81.749816 1.000005 0.152847
-2.400000 2.166122 0.070707 0.378252 81.722619 1.000006 0.157823
-2.400000 2.368301 0.063023 0.363974 81.696832 1.000006 0.161962
-2.400000 2.571650 0.056826 0.350530 81.672060 1.000006 0.165321
-2.400000 2.776249 0.051813 0.337871 81.648000 1.000007 0.167973
-2.400000 2.982174 0.047733 0.325924 81.624423 1.000007 0.170007
-2.400000 3.189498 0.044385 0.314613 81.601160 1.000007 0.171516
-2.400000 3.398294 0.041609 0.303864 81.578091 1.000007 0.172593
-2.400000 3.608631 0.039281 0.293606 81.555130 1.000007 0.173325
-2.400000 3.820574 0.037302 0.283778 81.532220 1.000008 0.173792
-2.400000 4.034187 0.035599 0.274328 81.509321 1.000008 0.174061
-2.400000 4.249529 0.034114 0.265211 81.486410 1.000008 0.174187
-2.400000 4.466660 0.032804 0.256386 81.463474 1.000008 0.174214
-2.400000 4.685632 0.031636 0.247823 81.440510 1.000008 0.174177
-2.400000 4.906498 0.030586 0.239493 81.417519 1.000008 0.174100
-2.400000 5.129306 0.029634 0.231372 81.394508 1.000008 0.174000
-2.400000 5.354100 0.028767 0.223439 81.371489 1.000008 0.173890
-2.400000 5.580925 0.027975 0.215678 81.348475 1.000008 0.173777
-2.400000 5.809817 0.027250 0.208070 81.325485 1.000008 0.173666
-2.400000 6.040814 0.026584 0.200604 81.302538 1.000008 0.173560
-2.400000 6.273949 0.025975 0.193264 81.279657 1.000008 0.173460
-2.400000 6.509251 0.025418 0.186039 81.256868 1.000008 0.173366
-2.400000 6.746747 0.024910 0.178918 81.234199 1.000008 0.173278
-2.400000 6.986461 0.024450 0.171888 81.211682 1.000008 0.173197
-2.400000 7.228415 0.024037 0.164939 81.189350 1.000008 0.173122
-2.400000 7.472626 0.023669 0.158061 81.167241 1.000008 0.173053
-2.400000 7.719110 0.023346 0.151242 81.145397 1.000007 0.172989
-2.400000 7.967880 0.023068 0.144472 81.123861 1.000007 0.172931
-2.400000 8.218945 0.022834 0.137740 81.102684 1.000007 0.172877
-2.400000 8.472313 0.022645 0.131033 81.081918 1.000007 0.172829
-2.400000 8.727988 0.022500 0.124342 81.061621 1.000007 0.172785
-2.400000 8.985973 0.022399 0.117653 81.041857 1.000007 0.172745
-2.400000 9.246268 0.022342 0.110955 81.022692 1.000007 0.172710
-2.400000 9.508871 0.022326 0.104237 81.004200 1.000006 0.172678
-2.400000 9.773777 0.022351 0.097486 80.986461 1.000006 0.172650
-2.400000 10.040979 0.022411 0.090692 80.969558 1.000006 0.172626
-2.400000 10.310468 0.022500 0.083845 80.953580 1.000006 0.172604
-2.400000 10.582235 0.022606 0.076938 80.938622 1.000006 0.172583
-2.400000 10.856267 0.022713 0.069968 80.924781 1.000006 0.172562
-2.400000 11.132550 0.022792 0.062939 80.912156 1.000006 0.172539
-2.400000 11.411067 0.022808 0.055862 80.900850 1.000005 0.172509
-2.400000 11.691802 0.022705 0.048763 80.890962 1.000005 0.172469
-2.400000 11.974736 0.022414 0.041684 80.882584 1.000005 0.172412
-2.400000 12.259849 0.021844 0.034691 80.875804 1.000005 0.172330
-2.400000 12.547118 0.020887 0.027874 80.870694 1.000004 0.172216
-2.400000 12.836523 0.019425 0.021359 80.867312 1.000004 0.172062
-2.400000 13.128037 0.017338 0.015305 80.865697 1.000003 0.171860
-2.400000 13.421638 0.014526 0.009910 80.865876 1.000002 0.171606
-2.400000 13.717299 0.010938 0.005415 80.867871 1.000001 0.171300
-2.400000 14.014993 0.006609 0.002120 80.871729 1.000000 0.170949
-2.400000 14.314694 0.001719 0.000406 80.877565 0.999998 0.170564
-2.400000 14.616372 -0.003352 0.000813 76.274594 0.999995 0.170163
-2.400000 14.920000 -0.003352 0.000000 71.671623 0.999991 0.169762
-2.160000 -4.227027 0.000000 0.500000 80.149527 1.000000 0.000000
-2.160000 -4.014206 0.038512 0.500110 80.149527 0.999999 0.000042
-2.160000 -3.803070 0.075469 0.500326 80.148975 0.999999 0.000098
-2.160000 -3.593550 0.110609 0.500455 80.146964 0.999998 0.000179
-2.160000 -3.385574 0.143721 0.500380 80.143568 0.999998 0.000302
-2.160000 -3.179068 0.174604 0.500058 80.138818 0.999998 0.000487
-2.160000 -2.973956 0.203092 0.499506 80.132709 0.999997 0.000763
-2.160000 -2.770157 0.229071 0.498794 80.125202 0.999997 0.001165
-2.160000 -2.567590 0.252479 0.498029 80.116234 0.999998 0.001740
-2.160000 -2.366169 0.273303 0.497343 80.105716 0.999998 0.002541
-2.160000 -2.165807 0.291557 0.496885 80.093535 0.999998 0.003633
-2.160000 -1.966416 0.307266 0.496807 80.079556 0.999998 0.005085
-2.160000 -1.767904 0.320434 0.497246 80.063618 0.999999 0.006974
-2.160000 -1.570177 0.331029 0.498318 80.045538 0.999999 0.009374
-2.160000 -1.373143 0.338956 0.500096 80.025112 0.999999 0.012355
-2.160000 -1.176703 0.344055 0.502598 80.002121 1.000000 0.015975
-2.160000 -0.980762 0.346094 0.505762 79.976344 1.000000 0.020270
-2.160000 -0.785221 0.344794 0.509430 79.947579 1.000000 0.025255
-2.160000 -0.589980 0.339861 0.513330 79.915674 1.000001 0.030913
-2.160000 -0.394940 0.331047 0.517062 79.880575 1.000001 0.037193
-2.160000 -0.200000 0.318231 0.520101 79.842383 1.000001 0.044014
-2.160000 -0.005061 0.301514 0.521828 79.801425 1.000002 0.051266
-2.160000 0.189973 0.281314 0.521603 79.758301 1.000002 0.058818
-2.160000 0.385197 0.258416 0.518873 79.713899 1.000002 0.066526
-2.160000 0.580706 0.233929 0.513303 79.669318 1.000003 0.074242
-2.160000 0.776595 0.209121 0.504881 79.625687 1.000003 0.081819
-2.160000 0.972955 0.185176 0.493917 79.583935 1.000004 0.089122
-2.160000 1.169880 0.163001 0.480954 79.544645 1.000004 0.096028
-2.160000 1.367462 0.143146 0.466623 79.508034 1.000004 0.102433
-2.160000 1.565789 0.125832 0.451530 79.474028 1.000005 0.108253
-2.160000 1.764950 0.111035 0.436175 79.442367 1.000005 0.113434
-2.160000 1.965033 0.098572 0.420933 79.412700 1.000006 0.117944
-2.160000 2.166122 0.088176 0.406054 79.384662 1.000006 0.121782
-2.160000 2.368301 0.079557 0.391687 79.357907 1.000006 0.124969
-2.160000 2.571650 0.072426 0.377904 79.332139 1.000007 0.127548
-2.160000 2.776249 0.066523 0.364723 79.307109 1.000007 0.129576
-2.160000 2.982174 0.061620 0.352133 79.282619 1.000007 0.131123
-2.160000 3.189498 0.057522 0.340098 79.258515 1.000007 0.132260
-2.160000 3.398294 0.054070 0.328578 79.234679 1.000007 0.133061
-2.160000 3.608631 0.051135 0.317525 79.211024 1.000008 0.133593
-2.160000 3.820574 0.048613 0.306895 79.187485 1.000008 0.133919
-2.160000 4.034187 0.046421 0.296645 79.164016 1.000008 0.134092
-2.160000 4.249529 0.044495 0.286738 79.140587 1.000008 0.134154
-2.160000 4.466660 0.042786 0.277138 79.117179 1.000008 0.134141
-2.160000 4.685632 0.041256 0.267816 79.093780 1.000008 0.134079
-2.160000 4.906498 0.039874 0.258744 79.070387 1.000008 0.133988
-2.160000 5.129306 0.038619 0.249900 79.047003 1.000008 0.133881
-2.160000 5.354100 0.037473 0.241263 79.023633 1.000008 0.133768
-2.160000 5.580925 0.036422 0.232814 79.000289 1.000008 0.133655
-2.160000 5.809817 0.035458 0.224536 78.976985 1.000008 0.133544
-2.160000 6.040814 0.034571 0.216416 78.953738 1.000008 0.133439
-2.160000 6.273949 0.033756 0.208438 78.930569 1.000008 0.133341
-2.160000 6.509251 0.033009 0.200590 78.907501 1.000008 0.133248
-2.160000 6.746747 0.032327 0.192859 78.884560 1.000008 0.133162
-2.160000 6.986461 0.031706 0.185234 78.861777 1.000008 0.133082
-2.160000 7.228415 0.031144 0.177703 78.839184 1.000008 0.133009
-2.160000 7.472626 0.030642 0.170254 78.816817 1.000008 0.132940
-2.160000 7.719110 0.030197 0.162876 78.794716 1.000008 0.132878
-2.160000 7.967880 0.029810 0.155557 78.772924 1.000007 0.132820
-2.160000 8.218945 0.029480 0.148286 78.751490 1.000007 0.132767
-2.160000 8.472313 0.029207 0.141049 78.730466 1.000007 0.132719
-2.160000 8.727988 0.028991 0.133836 78.709909 1.000007 0.132676
-2.160000 8.985973 0.028832 0.126632 78.689881 1.000007 0.132636
-2.160000 9.246268 0.028729 0.119426 78.670450 1.000007 0.132601
-2.160000 9.508871 0.028680 0.112204 78.651689 1.000007 0.132570
-2.160000 9.773777 0.028683 0.104953 78.633676 1.000006 0.132543
-2.160000 10.040979 0.028731 0.097662 78.616495 1.000006 0.132519
-2.160000 10.310468 0.028817 0.090320 78.600236 1.000006 0.132497
-2.160000 10.582235 0.028926 0.082919 78.584993 1.000006 0.132477
-2.160000 10.856267 0.029036 0.075454 78.570866 1.000006 0.132457
-2.160000 11.132550 0.029114 0.067928 78.557955 1.000006 0.132434
-2.160000 11.411067 0.029113 0.060353 78.546364 1.000005 0.132406
-2.160000 11.691802 0.028968 0.052752 78.536195 1.000005 0.132366
-2.160000 11.974736 0.028590 0.045168 78.527550 1.000005 0.132311
-2.160000 12.259849 0.027871 0.037666 78.520521 1.000005 0.132231
-2.160000 12.547118 0.026677 0.030340 78.515195 1.000004 0.132120
-2.160000 12.836523 0.024864 0.023317 78.511648 1.000004 0.131968
-2.160000 13.128037 0.022281 0.016764 78.509949 1.000003 0.131769
-2.160000 13.421638 0.018795 0.010894 78.510159 1.000002 0.131518
-2.160000 13.717299 0.014314 0.005975 78.512345 1.000001 0.131214
-2.160000 14.014993 0.008821 0.002346 78.516601 1.000000 0.130861
-2.160000 14.314694 0.002404 0.000451 78.523076 0.999998 0.130470
-2.160000 14.616372 -0.004707 0.000901 73.936604 0.999994 0.130058
-2.160000 14.920000 -0.004707 0.000000 69.350131 0.999991 0.129646
-1.920000 -4.227027 0.000000 0.500000 77.769561 1.000000 0.000000
-1.920000 -4.014206 0.038167 0.500194 77.769561 0.999999 0.000032
-1.920000 -3.803070 0.075049 0.500651 77.769587 0.999999 0.000074
-1.920000 -3.593550 0.110305 0.501156 77.767984 0.999998 0.000135
-1.920000 -3.385574 0.143636 0.501569 77.764835 0.999998 0.000227
-1.920000 -3.179068 0.174766 0.501827 77.760183 0.999998 0.000366
-1.920000 -2.973956 0.203463 0.501923 77.754039 0.999998 0.000573
-1.920000 -2.770157 0.229558 0.501907 77.746385 0.999998 0.000876
-1.920000 -2.567590 0.252950 0.501864 77.737181 0.999998 0.001307
-1.920000 -2.366169 0.273598 0.501906 77.726365 0.999998 0.001909
-1.920000 -2.165807 0.291505 0.502161 77.713858 0.999998 0.002728
-1.920000 -1.966416 0.306698 0.502754 77.699562 0.999998 0.003818
-1.920000 -1.767904 0.319204 0.503801 77.683364 0.999999 0.005236
-1.920000 -1.570177 0.329027 0.505391 77.665137 0.999999 0.007037
-1.920000 -1.373143 0.336135 0.507572 77.644747 0.999999 0.009274
-1.920000 -1.176703 0.340445 0.510334 77.622059 1.000000 0.011991
-1.920000 -0.980762 0.341829 0.513600 77.596948 1.000000 0.015218
-1.920000 -0.785221 0.340132 0.517205 77.569319 1.000000 0.018964
-1.920000 -0.589980 0.335197 0.520893 77.539132 1.000001 0.023220
-1.920000 -0.394940 0.326917 0.524309 77.506429 1.000001 0.027949
-1.920000 -0.200000 0.315287 0.527018 77.471371 1.000001 0.033093
-1.920000 -0.005061 0.300469 0.528531 77.434268 1.000002 0.038570
-1.920000 0.189973 0.282844 0.528360 77.395595 1.000002 0.044282
-1.920000 0.385197 0.263023 0.526096 77.355978 1.000003 0.050120
-1.920000 0.580706 0.241815 0.521485 77.316142 1.000003 0.055970
-1.920000 0.776595 0.220129 0.514481 77.276812 1.000003 0.061718
-1.920000 0.972955 0.198838 0.505255 77.238608 1.000004 0.067259
-1.920000 1.169880 0.178667 0.494149 77.201963 1.000004 0.072497
-1.920000 1.367462 0.160125 0.481600 77.167105 1.000005 0.077351
-1.920000 1.565789 0.143495 0.468063 77.134073 1.000005 0.081758
-1.920000 1.764950 0.128872 0.453955 77.102771 1.000005 0.085675
-1.920000 1.965033 0.116206 0.439623 77.073017 1.000006 0.089080
-1.920000 2.166122 0.105356 0.425329 77.044592 1.000006 0.091971
-1.920000 2.368301 0.096129 0.411262 77.017268 1.000006 0.094365
-1.920000 2.571650 0.088315 0.397540 76.990831 1.000007 0.096294
-1.920000 2.776249 0.081703 0.384234 76.965094 1.000007 0.097804
-1.920000 2.982174 0.076101 0.371374 76.939897 1.000007 0.098946
-1.920000 3.189498 0.071335 0.358966 76.915108 1.000007 0.099776
-1.920000 3.398294 0.067256 0.346998 76.890623 1.000008 0.100350
-1.920000 3.608631 0.063739 0.335448 76.866358 1.000008 0.100720
-1.920000 3.820574 0.060681 0.324290 76.842252 1.000008 0.100934
-1.920000 4.034187 0.057997 0.313495 76.818257 1.000008 0.101031
-1.920000 4.249529 0.055620 0.303034 76.794340 1.000008 0.101046
-1.920000 4.466660 0.053496 0.292879 76.770477 1.000008 0.101005
-1.920000 4.685632 0.051585 0.283006 76.746654 1.000008 0.100929
-1.920000 4.906498 0.049851 0.273390 76.722864 1.000008 0.100832
-1.920000 5.129306 0.048271 0.264011 76.699105 1.000008 0.100724
-1.920000 5.354100 0.046824 0.254848 76.675380 1.000008 0.100614
-1.920000 5.580925 0.045495 0.245883 76.651698 1.000008 0.100505
-1.920000 5.809817 0.044271 0.237102 76.628070 1.000008 0.100400
-1.920000 6.040814 0.043144 0.228489 76.604510 1.000008 0.100300
-1.920000 6.273949 0.042105 0.220029 76.581038 1.000008 0.100207
-1.920000 6.509251 0.041150 0.211711 76.557673 1.000008 0.100119
-1.920000 6.746747 0.040275 0.203520 76.534442 1.000008 0.100038
-1.920000 6.986461 0.039476 0.195446 76.511372 1.000008 0.099962
-1.920000 7.228415 0.038751 0.187475 76.488494 1.000008 0.099893
-1.920000 7.472626 0.038098 0.179597 76.465844 1.000008 0.099828
-1.920000 7.719110 0.037518 0.171799 76.443458 1.000008 0.099768
-1.920000 7.967880 0.037008 0.164068 76.421380 1.000008 0.099713
-1.920000 8.218945 0.036569 0.156394 76.399657 1.000007 0.099663
-1.920000 8.472313 0.036201 0.148762 76.378340 1.000007 0.099618
-1.920000 8.727988 0.035904 0.141160 76.357486 1.000007 0.099576
-1.920000 8.985973 0.035678 0.133573 76.337154 1.000007 0.099539
-1.920000 9.246268 0.035520 0.125990 76.317414 1.000007 0.099506
-1.920000 9.508871 0.035431 0.118394 76.298336 1.000007 0.099476
-1.920000 9.773777 0.035405 0.110774 76.280001 1.000006 0.099450
-1.920000 10.040979 0.035437 0.103115 76.262492 1.000006 0.099427
-1.920000 10.310468 0.035516 0.095405 76.245900 1.000006 0.099407
-1.920000 10.582235 0.035625 0.087636 76.230320 1.000006 0.099388
-1.920000 10.856267 0.035737 0.079801 76.215852 1.000006 0.099369
-1.920000 11.132550 0.035813 0.071901 76.202603 1.000006 0.099347
-1.920000 11.411067 0.035797 0.063947 76.190678 1.000005 0.099320
-1.920000 11.691802 0.035610 0.055962 76.180187 1.000005 0.099284
-1.920000 11.974736 0.035148 0.047985 76.171236 1.000005 0.099232
-1.920000 12.259849 0.034281 0.040083 76.163930 1.000005 0.099157
-1.920000 12.547118 0.032851 0.032349 76.158370 1.000004 0.099053
-1.920000 12.836523 0.030682 0.024915 76.154650 1.000004 0.098911
-1.920000 13.128037 0.027590 0.017954 76.152863 1.000003 0.098723
-1.920000 13.421638 0.023403 0.011694 76.153098 1.000002 0.098485
-1.920000 13.717299 0.017979 0.006426 76.155453 1.000001 0.098195
-1.920000 14.014993 0.011231 0.002525 76.160049 1.000000 0.097856
-1.920000 14.314694 0.003150 0.000485 76.167046 0.999997 0.097477
-1.920000 14.616372 -0.006186 0.000969 71.604526 0.999994 0.097074
-1.920000 14.920000 -0.006186 0.000000 67.042007 0.999991 0.096671
-1.680000 -4.227027 0.000000 0.500000 75.391827 1.000000 0.000000
-1.680000 -4.014206 0.037655 0.500258 75.391827 0.999999 0.000023
-1.680000 -3.803070 0.074314 0.500897 75.392300 0.999999 0.000054
-1.680000 -3.593550 0.109558 0.501687 75.391020 0.999998 0.000099
-1.680000 -3.385574 0.143004 0.502469 75.388074 0.999998 0.000167
-1.680000 -3.179068 0.174300 0.503158 75.383517 0.999998 0.000269
-1.680000 -2.973956 0.203148 0.503730 75.377373 0.999998 0.000421
-1.680000 -2.770157 0.229327 0.504210 75.369643 0.999998 0.000644
-1.680000 -2.567590 0.252695 0.504664 75.360309 0.999998 0.000961
-1.680000 -2.366169 0.273185 0.505183 75.349336 0.999998 0.001403
-1.680000 -2.165807 0.290789 0.505871 75.336674 0.999998 0.002005
-1.680000 -1.966416 0.305541 0.506833 75.322263 0.999999 0.002805
-1.680000 -1.767904 0.317488 0.508161 75.306031 0.999999 0.003847
-1.680000 -1.570177 0.326674 0.509923 75.287901 0.999999 0.005170
-1.680000 -1.373143 0.333123 0.512147 75.267795 1.000000 0.006814
-1.680000 -1.176703 0.336827 0.514811 75.245639 1.000000 0.008810
-1.680000 -0.980762 0.337748 0.517832 75.221380 1.000000 0.011182
-1.680000 -0.785221 0.335834 0.521053 75.194990 1.000001 0.013939
-1.680000 -0.589980 0.331036 0.524248 75.166492 1.000001 0.017073
-1.680000 -0.394940 0.323345 0.527116 75.135970 1.000001 0.020559
-1.680000 -0.200000 0.312832 0.529303 75.103596 1.000002 0.024356
-1.680000 -0.005061 0.299683 0.530423 75.069635 1.000002 0.028404
-1.680000 0.189973 0.284232 0.530105 75.034453 1.000002 0.032632
-1.680000 0.385197 0.266960 0.528035 74.998498 1.000003 0.036958
-1.680000 0.580706 0.248474 0.524011 74.962268 1.000003 0.041296
-1.680000 0.776595 0.229443 0.517974 74.926254 1.000003 0.045563
-1.680000 0.972955 0.210526 0.510011 74.890886 1.000004 0.049675
-1.680000 1.169880 0.192296 0.500339 74.856490 1.000004 0.053562
-1.680000 1.367462 0.175193 0.489259 74.823269 1.000005 0.057160
-1.680000 1.565789 0.159508 0.477106 74.791308 1.000005 0.060423
-1.680000 1.764950 0.145390 0.464214 74.760594 1.000005 0.063319
-1.680000 1.965033 0.132870 0.450880 74.731047 1.000006 0.065831
-1.680000 2.166122 0.121892 0.437353 74.702543 1.000006 0.067957
-1.680000 2.368301 0.112345 0.423828 74.674942 1.000006 0.069712
-1.680000 2.571650 0.104084 0.410447 74.648098 1.000007 0.071120
-1.680000 2.776249 0.096952 0.397309 74.621876 1.000007 0.072213
-1.680000 2.982174 0.090795 0.384476 74.596155 1.000007 0.073033
-1.680000 3.189498 0.085466 0.371983 74.570829 1.000007 0.073620
-1.680000 3.398294 0.080834 0.359843 74.545810 1.000008 0.074016
-1.680000 3.608631 0.076786 0.348058 74.521028 1.000008 0.074261
-1.680000 3.820574 0.073223 0.336617 74.496424 1.000008 0.074390
-1.680000 4.034187 0.070065 0.325506 74.471955 1.000008 0.074433
-1.680000 4.249529 0.067245 0.314707 74.447587 1.000008 0.074417
-1.680000 4.466660 0.064707 0.304201 74.423297 1.000008 0.074360
-1.680000 4.685632 0.062410 0.293968 74.399068 1.000008 0.074278
-1.680000 4.906498 0.060318 0.283989 74.374892 1.000008 0.074182
-1.680000 5.129306 0.058403 0.274246 74.350764 1.000008 0.074080
-1.680000 5.354100 0.056644 0.264722 74.326686 1.000008 0.073978
-1.680000 5.580925 0.055023 0.255401 74.302662 1.000008 0.073877
-1.680000 5.809817 0.053527 0.246268 74.278704 1.000008 0.073781
-1.680000 6.040814 0.052145 0.237308 74.254822 1.000008 0.073690
-1.680000 6.273949 0.050870 0.228510 74.231035 1.000008 0.073605
-1.680000 6.509251 0.049694 0.219859 74.207361 1.000008 0.073525
-1.680000 6.746747 0.048613 0.211343 74.183823 1.000008 0.073451
-1.680000 6.986461 0.047624 0.202951 74.160448 1.000008 0.073382
-1.680000 7.228415 0.046723 0.194670 74.137265 1.000008 0.073319
-1.680000 7.472626 0.045909 0.186488 74.114307 1.000008 0.073260
-1.680000 7.719110 0.045181 0.178394 74.091611 1.000008 0.073205
-1.680000 7.967880 0.044539 0.170374 74.069220 1.000008 0.073155
-1.680000 8.218945 0.043982 0.162416 74.047177 1.000007 0.073109
-1.680000 8.472313 0.043510 0.154508 74.025533 1.000007 0.073067
-1.680000 8.727988 0.043123 0.146634 74.004344 1.000007 0.073029
-1.680000 8.985973 0.042822 0.138781 73.983669 1.000007 0.072995
-1.680000 9.246268 0.042604 0.130935 73.963577 1.000007 0.072965
-1.680000 9.508871 0.042468 0.123080 73.944138 1.000007 0.072938
-1.680000 9.773777 0.042410 0.115203 73.925432 1.000006 0.072914
-1.680000 10.040979 0.042422 0.107287 73.907543 1.000006 0.072893
-1.680000 10.310468 0.042492 0.099320 73.890564 1.000006 0.072874
-1.680000 10.582235 0.042600 0.091291 73.874592 1.000006 0.072857
-1.680000 10.856267 0.042716 0.083193 73.859730 1.000006 0.072840
-1.680000 11.132550 0.042792 0.075025 73.846088 1.000006 0.072820
-1.680000 11.411067 0.042765 0.066794 73.833777 1.000005 0.072796
-1.680000 11.691802 0.042542 0.058521 73.822913 1.000005 0.072763
-1.680000 11.974736 0.042002 0.050247 73.813613 1.000005 0.072717
-1.680000 12.259849 0.040993 0.042035 73.805993 1.000005 0.072650
-1.680000 12.547118 0.039332 0.033979 73.800168 1.000004 0.072556
-1.680000 12.836523 0.036808 0.026214 73.796252 1.000004 0.072427
-1.680000 13.128037 0.033201 0.018922 73.794355 1.000003 0.072257
-1.680000 13.421638 0.028291 0.012343 73.794592 1.000002 0.072041
-1.680000 13.717299 0.021880 0.006789 73.797080 1.000001 0.071776
-1.680000 14.014993 0.013803 0.002668 73.801955 1.000000 0.071464
-1.680000 14.314694 0.003946 0.000512 73.809374 0.999997 0.071112
-1.680000 14.616372 -0.007763 0.001023 69.278787 0.999994 0.070736
-1.680000 14.920000 -0.007763 0.000000 64.748200 0.999991 0.070360
-1.440000 -4.227027 0.000000 0.500000 73.016477 1.000000 0.000000
-1.440000 -4.014206 0.037021 0.500303 73.016477 0.999999 0.000017
-1.440000 -3.803070 0.073346 0.501073 73.017276 0.999999 0.000039
-1.440000 -3.593550 0.108485 0.502065 73.016238 0.999998 0.000071
-1.440000 -3.385574 0.141973 0.503108 73.013452 0.999998 0.000120
-1.440000 -3.179068 0.173383 0.504096 73.008978 0.999998 0.000193
-1.440000 -2.973956 0.202354 0.504988 73.002854 0.999998 0.000303
-1.440000 -2.770157 0.228612 0.505790 72.995098 0.999998 0.000463
-1.440000 -2.567590 0.251976 0.506546 72.985710 0.999998 0.000691
-1.440000 -2.366169 0.272354 0.507328 72.974681 0.999998 0.001009
-1.440000 -2.165807 0.289728 0.508220 72.961988 0.999998 0.001441
-1.440000 -1.966416 0.304136 0.509306 72.947602 0.999999 0.002017
-1.440000 -1.767904 0.315648 0.510660 72.931488 0.999999 0.002765
-1.440000 -1.570177 0.324344 0.512333 72.913606 0.999999 0.003716
-1.440000 -1.373143 0.330298 0.514341 72.893923 1.000000 0.004898
-1.440000 -1.176703 0.333568 0.516656 72.872412 1.000000 0.006335
-1.440000 -0.980762 0.334194 0.519199 72.849063 1.000000 0.008042
-1.440000 -0.785221 0.332204 0.521832 72.823892 1.000001 0.010027
-1.440000 -0.589980 0.327632 0.524360 72.796953 1.000001 0.012285
-1.440000 -0.394940 0.320541 0.526537 72.768346 1.000001 0.014800
-1.440000 -0.200000 0.311047 0.528079 72.738231 1.000002 0.017542
-1.440000 -0.005061 0.299345 0.528683 72.706828 1.000002 0.020470
-1.440000 0.189973 0.285726 0.528061 72.674417 1.000002 0.023530
-1.440000 0.385197 0.270576 0.525972 72.641325 1.000003 0.026666
-1.440000 0.580706 0.254360 0.522251 72.607905 1.000003 0.029813
-1.440000 0.776595 0.237586 0.516834 72.574504 1.000003 0.032909
-1.440000 0.972955 0.220755 0.509762 72.541431 1.000004 0.035894
-1.440000 1.169880 0.204321 0.501169 72.508933 1.000004 0.038714
-1.440000 1.367462 0.188656 0.491261 72.477185 1.000005 0.041323
-1.440000 1.565789 0.174028 0.480285 72.446282 1.000005 0.043685
-1.440000 1.764950 0.160604 0.468498 72.416255 1.000005 0.045778
-1.440000 1.965033 0.148459 0.456148 72.387079 1.000006 0.047589
-1.440000 2.166122 0.137593 0.443454 72.358696 1.000006 0.049117
-1.440000 2.368301 0.127954 0.430600 72.331023 1.000006 0.050373
-1.440000 2.571650 0.119450 0.417733 72.303968 1.000006 0.051374
-1.440000 2.776249 0.111972 0.404965 72.277440 1.000007 0.052146
-1.440000 2.982174 0.105402 0.392375 72.251349 1.000007 0.052717
-1.440000 3.189498 0.099623 0.380019 72.225617 1.000007 0.053119
-1.440000 3.398294 0.094527 0.367928 72.200173 1.000007 0.053382
-1.440000 3.608631 0.090012 0.356120 72.174961 1.000008 0.053535
-1.440000 3.820574 0.085993 0.344602 72.149929 1.000008 0.053604
-1.440000 4.034187 0.082395 0.333372 72.125041 1.000008 0.053613
-1.440000 4.249529 0.079154 0.322422 72.100266 1.000008 0.053578
-1.440000 4.466660 0.076217 0.311740 72.075581 1.000008 0.053515
-1.440000 4.685632 0.073542 0.301315 72.050970 1.000008 0.053435
-1.440000 4.906498 0.071094 0.291132 72.026424 1.000008 0.053347
-1.440000 5.129306 0.068844 0.281178 72.001938 1.000008 0.053255
-1.440000 5.354100 0.066769 0.271438 71.977511 1.000008 0.053163
-1.440000 5.580925 0.064852 0.261899 71.953149 1.000008 0.053075
-1.440000 5.809817 0.063078 0.252547 71.928857 1.000008 0.052990
-1.440000 6.040814 0.061436 0.243371 71.904649 1.000008 0.052910
-1.440000 6.273949 0.059916 0.234358 71.880539 1.000008 0.052836
-1.440000 6.509251 0.058511 0.225495 71.856544 1.000008 0.052766
-1.440000 6.746747 0.057217 0.216772 71.832686 1.000008 0.052701
-1.440000 6.986461 0.056028 0.208176 71.808989 1.000008 0.052640
-1.440000 7.228415 0.054943 0.199697 71.785483 1.000008 0.052584
-1.440000 7.472626 0.053960 0.191321 71.762197 1.000008 0.052533
-1.440000 7.719110 0.053077 0.183038 71.739168 1.000007 0.052485
-1.440000 7.967880 0.052294 0.174835 71.716436 1.000007 0.052441
-1.440000 8.218945 0.051612 0.166698 71.694043 1.000007 0.052400
-1.440000 8.472313 0.051029 0.158615 71.672040 1.000007 0.052363
-1.440000 8.727988 0.050546 0.150571 71.650481 1.000007 0.052330
-1.440000 8.985973 0.050164 0.142551 71.629425 1.000007 0.052300
-1.440000 9.246268 0.049881 0.134541 71.608938 1.000007 0.052273
-1.440000 9.508871 0.049696 0.126524 71.589092 1.000006 0.052249
-1.440000 9.773777 0.049603 0.118485 71.569966 1.000006 0.052228
-1.440000 10.040979 0.049594 0.110408 71.551646 1.000006 0.052209
-1.440000 10.310468 0.049656 0.102278 71.534225 1.000006 0.052193
-1.440000 10.582235 0.049765 0.094081 71.517804 1.000006 0.052178
-1.440000 10.856267 0.049888 0.085810 71.502489 1.000005 0.052163
-1.440000 11.132550 0.049971 0.077460 71.488395 1.000005 0.052146
-1.440000 11.411067 0.049939 0.069036 71.475640 1.000005 0.052125
-1.440000 11.691802 0.049688 0.060559 71.464348 1.000005 0.052097
-1.440000 11.974736 0.049081 0.052065 71.454647 1.000005 0.052056
-1.440000 12.259849 0.047941 0.043617 71.446666 1.000004 0.051999
-1.440000 12.547118 0.046056 0.035310 71.440535 1.000004 0.051917
-1.440000 12.836523 0.043183 0.027281 71.436385 1.000003 0.051806
-1.440000 13.128037 0.039058 0.019719 71.434346 1.000003 0.051658
-1.440000 13.421638 0.033409 0.012877 71.434550 1.000002 0.051469
-1.440000 13.717299 0.025974 0.007088 71.437130 1.000001 0.051236
-1.440000 14.014993 0.016506 0.002785 71.442228 0.999999 0.050961
-1.440000 14.314694 0.004780 0.000534 71.449992 0.999997 0.050648
-1.440000 14.616372 -0.009416 0.001067 66.959723 0.999994 0.050312
-1.440000 14.920000 -0.009416 0.000000 62.469455 0.999991 0.049976
-1.200000 -4.227027 0.000000 0.500000 70.643609 1.000000 0.000000
-1.200000 -4.014206 0.036302 0.500332 70.643609 0.999999 0.000012
-1.200000 -3.803070 0.072217 0.501187 70.644627 0.999999 0.000027
-1.200000 -3.593550 0.107188 0.502311 70.643756 0.999998 0.000050
-1.200000 -3.385574 0.140673 0.503519 70.641083 0.999998 0.000084
-1.200000 -3.179068 0.172171 0.504693 70.636674 0.999998 0.000136
-1.200000 -2.973956 0.201260 0.505773 70.630577 0.999998 0.000213
-1.200000 -2.770157 0.227615 0.506748 70.622823 0.999998 0.000326
-1.200000 -2.567590 0.251015 0.507644 70.613432 0.999998 0.000486
-1.200000 -2.366169 0.271345 0.508516 70.602413 0.999998 0.000709
-1.200000 -2.165807 0.288577 0.509428 70.589768 0.999998 0.001014
-1.200000 -1.966416 0.302752 0.510449 70.575495 0.999998 0.001419
-1.200000 -1.767904 0.313958 0.511638 70.559585 0.999999 0.001945
-1.200000 -1.570177 0.322309 0.513034 70.542033 0.999999 0.002614
-1.200000 -1.373143 0.327923 0.514647 70.522835 1.000000 0.003446
-1.200000 -1.176703 0.330913 0.516450 70.501996 1.000000 0.004456
-1.200000 -0.980762 0.331382 0.518370 70.479536 1.000000 0.005659
-1.200000 -0.785221 0.329424 0.520294 70.455496 1.000001 0.007057
-1.200000 -0.589980 0.325134 0.522060 70.429944 1.000001 0.008650
-1.200000 -0.394940 0.318626 0.523468 70.402982 1.000001 0.010425
-1.200000 -0.200000 0.310046 0.524295 70.374751 1.000002 0.012363
-1.200000 -0.005061 0.299591 0.524303 70.345429 1.000002 0.014433
-1.200000 0.189973 0.287516 0.523269 70.315235 1.000002 0.016600
-1.200000 0.385197 0.274137 0.521004 70.284413 1.000003 0.018822
-1.200000 0.580706 0.259820 0.517375 70.253219 1.000003 0.021055
-1.200000 0.776595 0.244955 0.512318 70.221906 1.000003 0.023251
-1.200000 0.972955 0.229935 0.505845 70.190704 1.000004 0.025369
-1.200000 1.169880 0.215120 0.498041 70.159804 1.000004 0.027369
-1.200000 1.367462 0.200814 0.489045 70.129351 1.000004 0.029218
-1.200000 1.565789 0.187258 0.479037 70.099439 1.000005 0.030891
-1.200000 1.764950 0.174615 0.468214 70.070117 1.000005 0.032369
-1.200000 1.965033 0.162979 0.456774 70.041394 1.000005 0.033645
-1.200000 2.166122 0.152386 0.444903 70.013249 1.000006 0.034718
-1.200000 2.368301 0.142822 0.432767 69.985642 1.000006 0.035595
-1.200000 2.571650 0.134237 0.420505 69.958517 1.000006 0.036290
-1.200000 2.776249 0.126559 0.408229 69.931817 1.000006 0.036820
-1.200000 2.982174 0.119706 0.396027 69.905481 1.000007 0.037208
-1.200000 3.189498 0.113586 0.383964 69.879453 1.000007 0.037474
-1.200000 3.398294 0.108114 0.372085 69.853680 1.000007 0.037641
-1.200000 3.608631 0.103206 0.360420 69.828117 1.000007 0.037731
-1.200000 3.820574 0.098787 0.348987 69.802725 1.000007 0.037762
-1.200000 4.034187 0.094792 0.337795 69.777473 1.000007 0.037749
-1.200000 4.249529 0.091163 0.326845 69.752333 1.000008 0.037707
-1.200000 4.466660 0.087851 0.316135 69.727287 1.000008 0.037646
-1.200000 4.685632 0.084817 0.305658 69.702321 1.000008 0.037573
-1.200000 4.906498 0.082024 0.295405 69.677425 1.000008 0.037496
-1.200000 5.129306 0.079447 0.285367 69.652594 1.000008 0.037416
-1.200000 5.354100 0.077063 0.275534 69.627828 1.000008 0.037338
-1.200000 5.580925 0.074851 0.265895 69.603131 1.000008 0.037263
-1.200000 5.809817 0.072799 0.256439 69.578508 1.000008 0.037191
-1.200000 6.040814 0.070894 0.247155 69.553971 1.000008 0.037124
-1.200000 6.273949 0.069127 0.238032 69.529532 1.000008 0.037061
-1.200000 6.509251 0.067490 0.229061 69.505208 1.000008 0.037002
-1.200000 6.746747 0.065977 0.220230 69.481019 1.000007 0.036947
-1.200000 6.986461 0.064586 0.211528 69.456988 1.000007 0.036896
-1.200000 7.228415 0.063312 0.202944 69.433142 1.000007 0.036849
-1.200000 7.472626 0.062154 0.194468 69.409509 1.000007 0.036805
-1.200000 7.719110 0.061110 0.186086 69.386125 1.000007 0.036764
-1.200000 7.967880 0.060182 0.177788 69.363027 1.000007 0.036727
-1.200000 8.218945 0.059368 0.169560 69.340258 1.000007 0.036693
-1.200000 8.472313 0.058670 0.161388 69.317865 1.000006 0.036661
-1.200000 8.727988 0.058087 0.153259 69.295901 1.000006 0.036633
-1.200000 8.985973 0.057621 0.145157 69.274424 1.000006 0.036607
-1.200000 9.246268 0.057271 0.137065 69.253501 1.000006 0.036584
-1.200000 9.508871 0.057033 0.128969 69.233201 1.000006 0.036564
-1.200000 9.773777 0.056905 0.120849 69.213606 1.000006 0.036546
-1.200000 10.040979 0.056876 0.112690 69.194801 1.000005 0.036531
-1.200000 10.310468 0.056932 0.104475 69.176882 1.000005 0.036517
-1.200000 10.582235 0.057047 0.096188 69.159952 1.000005 0.036504
-1.200000 10.856267 0.057182 0.087818 69.144121 1.000005 0.036491
-1.200000 11.132550 0.057279 0.079358 69.129511 1.000005 0.036477
-1.200000 11.411067 0.057253 0.070813 69.116248 1.000004 0.036460
-1.200000 11.691802 0.056987 0.062197 69.104465 1.000004 0.036436
-1.200000 11.974736 0.056326 0.053547 69.094302 1.000004 0.036403
-1.200000 12.259849 0.055069 0.044922 69.085903 1.000004 0.036355
-1.200000 12.547118 0.052974 0.036419 69.079413 1.000003 0.036287
-1.200000 12.836523 0.049761 0.028178 69.074981 1.000003 0.036194
-1.200000 13.128037 0.045118 0.020393 69.072756 1.000002 0.036070
-1.200000 13.421638 0.038719 0.013331 69.072885 1.000001 0.035911
-1.200000 13.717299 0.030229 0.007343 69.075514 1.000000 0.035715
-1.200000 14.014993 0.019318 0.002886 69.080787 0.999998 0.035481
-1.200000 14.314694 0.005647 0.000552 69.088842 0.999996 0.035214
-1.200000 14.616372 -0.011135 0.001105 64.647609 0.999993 0.034926
-1.200000 14.920000 -0.011135 0.000000 60.206376 0.999990 0.034638
-0.960000 -4.227027 0.000000 0.500000 68.273278 1.000000 0.000000
-0.960000 -4.014206 0.035531 0.500349 68.273278 0.999999 0.000008
-0.960000 -3.803070 0.070990 0.501250 68.274423 0.999999 0.000019
-0.960000 -3.593550 0.105757 0.502447 68.273652 0.999998 0.000034
-0.960000 -3.385574 0.139216 0.503742 68.271047 0.999998 0.000058
-0.960000 -3.179068 0.170797 0.505005 68.266679 0.999997 0.000094
-0.960000 -2.973956 0.200017 0.506163 68.260603 0.999997 0.000147
-0.960000 -2.770157 0.226501 0.507190 68.252862 0.999997 0.000224
-0.960000 -2.567590 0.249992 0.508097 68.243491 0.999997 0.000334
-0.960000 -2.366169 0.270349 0.508920 68.232516 0.999998 0.000488
-0.960000 -2.165807 0.287532 0.509713 68.219962 0.999998 0.000697
-0.960000 -1.966416 0.301585 0.510529 68.205843 0.999998 0.000976
-0.960000 -1.767904 0.312613 0.511417 68.190178 0.999999 0.001338
-0.960000 -1.570177 0.320755 0.512409 68.172981 0.999999 0.001799
-0.960000 -1.373143 0.326168 0.513512 68.154273 0.999999 0.002371
-0.960000 -1.176703 0.329011 0.514703 68.134080 1.000000 0.003067
-0.960000 -0.980762 0.329437 0.515923 68.112441 1.000000 0.003896
-0.960000 -0.785221 0.327591 0.517078 68.089409 1.000000 0.004860
-0.960000 -0.589980 0.323616 0.518039 68.065059 1.000001 0.005959
-0.960000 -0.394940 0.317661 0.518649 68.039485 1.000001 0.007185
-0.960000 -0.200000 0.309894 0.518731 68.012811 1.000001 0.008523
-0.960000 -0.005061 0.300508 0.518102 67.985183 1.000002 0.009956
-0.960000 0.189973 0.289733 0.516588 67.956772 1.000002 0.011456
-0.960000 0.385197 0.277834 0.514040 67.927763 1.000002 0.012996
-0.960000 0.580706 0.265105 0.510350 67.898349 1.000003 0.014543
-0.960000 0.776595 0.251854 0.505460 67.868720 1.000003 0.016067
-0.960000 0.972955 0.238390 0.499367 67.839050 1.000003 0.017536
-0.960000 1.169880 0.225002 0.492121 67.809489 1.000004 0.018923
-0.960000 1.367462 0.211940 0.483818 67.780157 1.000004 0.020204
-0.960000 1.565789 0.199410 0.474587 67.751142 1.000004 0.021360
-0.960000 1.764950 0.187564 0.464577 67.722498 1.000005 0.022381
-0.960000 1.965033 0.176502 0.453945 67.694252 1.000005 0.023259
-0.960000 2.166122 0.166276 0.442844 67.666406 1.000005 0.023995
-0.960000 2.368301 0.156900 0.431416 67.638948 1.000005 0.024594
-0.960000 2.571650 0.148352 0.419787 67.611848 1.000006 0.025065
-0.960000 2.776249 0.140592 0.408064 67.585074 1.000006 0.025420
-0.960000 2.982174 0.133563 0.396333 67.558588 1.000006 0.025675
-0.960000 3.189498 0.127200 0.384664 67.532351 1.000006 0.025846
-0.960000 3.398294 0.121436 0.373108 67.506328 1.000006 0.025948
-0.960000 3.608631 0.116205 0.361703 67.480484 1.000006 0.025996
-0.960000 3.820574 0.111447 0.350475 67.454791 1.000007 0.026004
-0.960000 4.034187 0.107103 0.339441 67.429224 1.000007 0.025982
-0.960000 4.249529 0.103125 0.328610 67.403762 1.000007 0.025939
-0.960000 4.466660 0.099470 0.317986 67.378390 1.000007 0.025885
-0.960000 4.685632 0.096099 0.307568 67.353094 1.000007 0.025822
-0.960000 4.906498 0.092982 0.297353 67.327869 1.000007 0.025757
-0.960000 5.129306 0.090092 0.287336 67.302710 1.000007 0.025692
-0.960000 5.354100 0.087407 0.277510 67.277616 1.000007 0.025628
-0.960000 5.580925 0.084909 0.267867 67.252591 1.000007 0.025566
-0.960000 5.809817 0.082584 0.258399 67.227641 1.000007 0.025508
-0.960000 6.040814 0.080419 0.249097 67.202774 1.000007 0.025453
-0.960000 6.273949 0.078406 0.239953 67.178004 1.000007 0.025402
-0.960000 6.509251 0.076537 0.230957 67.153346 1.000006 0.025354
-0.960000 6.746747 0.074805 0.222100 67.128817 1.000006 0.025309
-0.960000 6.986461 0.073209 0.213372 67.104441 1.000006 0.025268
-0.960000 7.228415 0.071743 0.204762 67.080240 1.000006 0.025229
-0.960000 7.472626 0.070407 0.196261 67.056244 1.000006 0.025193
-0.960000 7.719110 0.069201 0.187856 67.032485 1.000006 0.025160
-0.960000 7.967880 0.068124 0.179536 67.008998 1.000006 0.025129
-0.960000 8.218945 0.067176 0.171289 66.985826 1.000006 0.025101
-0.960000 8.472313 0.066359 0.163101 66.963013 1.000005 0.025076
-0.960000 8.727988 0.065674 0.154956 66.940610 1.000005 0.025052
-0.960000 8.985973 0.065122 0.146841 66.918676 1.000005 0.025031
-0.960000 9.246268 0.064702 0.138738 66.897274 1.000005 0.025013
-0.960000 9.508871 0.064413 0.130629 66.876475 1.000005 0.024996
-0.960000 9.773777 0.064250 0.122497 66.856360 1.000004 0.024981
-0.960000 10.040979 0.064203 0.114322 66.837015 1.000004 0.024969
-0.960000 10.310468 0.064257 0.106087 66.818537 1.000004 0.024957
-0.960000 10.582235 0.064383 0.097773 66.801034 1.000004 0.024947
-0.960000 10.856267 0.064539 0.089366 66.784621 1.000004 0.024937
-0.960000 11.132550 0.064661 0.080858 66.769426 1.000003 0.024925
-0.960000 11.411067 0.064655 0.072248 66.755583 1.000003 0.024912
-0.960000 11.691802 0.064389 0.063549 66.743237 1.000003 0.024893
-0.960000 11.974736 0.063690 0.054793 66.732542 1.000003 0.024866
-0.960000 12.259849 0.062334 0.046039 66.723655 1.000002 0.024828
-0.960000 12.547118 0.060046 0.037383 66.716742 1.000002 0.024773
-0.960000 12.836523 0.056505 0.028967 66.711969 1.000001 0.024698
-0.960000 13.128037 0.051350 0.020994 66.709505 1.000001 0.024598
-0.960000 13.421638 0.044193 0.013740 66.709512 1.000000 0.024470
-0.960000 13.717299 0.034626 0.007575 66.712149 0.999999 0.024310
-0.960000 14.014993 0.022226 0.002978 66.717560 0.999997 0.024118
-0.960000 14.314694 0.006544 0.000570 66.725872 0.999995 0.023900
-0.960000 14.616372 -0.012912 0.001140 62.342684 0.999991 0.023663
-0.960000 14.920000 -0.012912 0.000000 57.959496 0.999988 0.023426
-0.720000 -4.227027 0.000000 0.500000 65.905505 1.000000 0.000000
-0.720000 -4.014206 0.034735 0.500354 65.905505 0.999999 0.000005
-0.720000 -3.803070 0.069715 0.501273 65.906703 0.999998 0.000013
-0.720000 -3.593550 0.104264 0.502494 65.905972 0.999998 0.000023
-0.720000 -3.385574 0.137693 0.503813 65.903393 0.999997 0.000039
-0.720000 -3.179068 0.169368 0.505089 65.899036 0.999997 0.000063
-0.720000 -2.973956 0.198747 0.506238 65.892965 0.999997 0.000099
-0.720000 -2.770157 0.225406 0.507221 65.885231 0.999997 0.000151
-0.720000 -2.567590 0.249049 0.508036 65.875882 0.999997 0.000225
-0.720000 -2.366169 0.269511 0.508708 65.864960 0.999997 0.000328
-0.720000 -2.165807 0.286739 0.509277 65.852504 0.999997 0.000469
-0.720000 -1.966416 0.300779 0.509788 65.838548 0.999998 0.000657
-0.720000 -1.767904 0.311746 0.510284 65.823126 0.999998 0.000901
-0.720000 -1.570177 0.319803 0.510790 65.806271 0.999998 0.001211
-0.720000 -1.373143 0.325136 0.511316 65.788019 0.999999 0.001597
-0.720000 -1.176703 0.327943 0.511845 65.768411 0.999999 0.002066
-0.720000 -0.980762 0.328416 0.512331 65.747497 0.999999 0.002624
-0.720000 -0.785221 0.326741 0.512701 65.725336 1.000000 0.003274
-0.720000 -0.589980 0.323096 0.512854 65.702002 1.000000 0.004016
-0.720000 -0.394940 0.317658 0.512669 65.677583 1.000000 0.004844
-0.720000 -0.200000 0.310609 0.512008 65.652186 1.000000 0.005749
-0.720000 -0.005061 0.302140 0.510730 65.625931 1.000001 0.006717
-0.720000 0.189973 0.292461 0.508700 65.598954 1.000001 0.007733
-0.720000 0.385197 0.281799 0.505802 65.571399 1.000001 0.008776
-0.720000 0.580706 0.270397 0.501949 65.543415 1.000002 0.009825
-0.720000 0.776595 0.258504 0.497088 65.515146 1.000002 0.010858
-0.720000 0.972955 0.246368 0.491210 65.486730 1.000002 0.011853
-0.720000 1.169880 0.234219 0.484344 65.458285 1.000003 0.012793
-0.720000 1.367462 0.222266 0.476554 65.429912 1.000003 0.013660
-0.720000 1.565789 0.210682 0.467933 65.401687 1.000003 0.014443
-0.720000 1.764950 0.199604 0.458593 65.373667 1.000003 0.015131
-0.720000 1.965033 0.189129 0.448656 65.345887 1.000004 0.015722
-0.720000 2.166122 0.179317 0.438247 65.318362 1.000004 0.016215
-0.720000 2.368301 0.170197 0.427483 65.291096 1.000004 0.016614
-0.720000 2.571650 0.161768 0.416475 65.264080 1.000004 0.016925
-0.720000 2.776249 0.154011 0.405319 65.237298 1.000004 0.017158
-0.720000 2.982174 0.146892 0.394096 65.210729 1.000004 0.017322
-0.720000 3.189498 0.140366 0.382875 65.184351 1.000005 0.017428
-0.720000 3.398294 0.134385 0.371709 65.158139 1.000005 0.017487
-0.720000 3.608631 0.128898 0.360640 65.132072 1.000005 0.017510
-0.720000 3.820574 0.123856 0.349699 65.106128 1.000005 0.017505
-0.720000 4.034187 0.119213 0.338908 65.080290 1.000005 0.017480
-0.720000 4.249529 0.114928 0.328281 65.054544 1.000005 0.017442
-0.720000 4.466660 0.110963 0.317829 65.028876 1.000005 0.017396
-0.720000 4.685632 0.107284 0.307555 65.003278 1.000005 0.017345
-0.720000 4.906498 0.103865 0.297461 64.977745 1.000005 0.017293
-0.720000 5.129306 0.100680 0.287546 64.952273 1.000005 0.017241
-0.720000 5.354100 0.097709 0.277805 64.926864 1.000005 0.017191
-0.720000 5.580925 0.094936 0.268234 64.901519 1.000005 0.017142
-0.720000 5.809817 0.092346 0.258828 64.876246 1.000005 0.017096
-0.720000 6.040814 0.089929 0.249581 64.851053 1.000005 0.017053
-0.720000 6.273949 0.087674 0.240485 64.825950 1.000005 0.017013
-0.720000 6.509251 0.085575 0.231532 64.800954 1.000004 0.016975
-0.720000 6.746747 0.083627 0.222715 64.776079 1.000004 0.016940
-0.720000 6.986461 0.081826 0.214024 64.751347 1.000004 0.016907
-0.720000 7.228415 0.080169 0.205452 64.726781 1.000004 0.016877
-0.720000 7.472626 0.078655 0.196987 64.702406 1.000004 0.016849
-0.720000 7.719110 0.077284 0.188620 64.678254 1.000004 0.016823
-0.720000 7.967880 0.076056 0.180339 64.654358 1.000003 0.016798
-0.720000 8.218945 0.074973 0.172131 64.630757 1.000003 0.016776
-0.720000 8.472313 0.074036 0.163984 64.607495 1.000003 0.016756
-0.720000 8.727988 0.073247 0.155883 64.584622 1.000003 0.016738
-0.720000 8.985973 0.072608 0.147812 64.562193 1.000003 0.016721
-0.720000 9.246268 0.072118 0.139753 64.540271 1.000002 0.016706
-0.720000 9.508871 0.071778 0.131689 64.518926 1.000002 0.016693
-0.720000 9.773777 0.071581 0.123600 64.498239 1.000002 0.016682
-0.720000 10.040979 0.071521 0.115466 64.478296 1.000002 0.016672
-0.720000 10.310468 0.071577 0.107265 64.459198 1.000002 0.016663
-0.720000 10.582235 0.071723 0.098978 64.441054 1.000001 0.016655
-0.720000 10.856267 0.071911 0.090587 64.423987 1.000001 0.016647
-0.720000 11.132550 0.072071 0.082080 64.408129 1.000001 0.016638
-0.720000 11.411067 0.072099 0.073453 64.393627 1.000001 0.016627
-0.720000 11.691802 0.071853 0.064714 64.380637 1.000000 0.016613
-0.720000 11.974736 0.071137 0.055894 64.369327 1.000000 0.016592
-0.720000 12.259849 0.069704 0.047047 64.359874 1.000000 0.016562
-0.720000 12.547118 0.067243 0.038270 64.352460 0.999999 0.016520
-0.720000 12.836523 0.063391 0.029706 64.347276 0.999999 0.016462
-0.720000 13.128037 0.057733 0.021565 64.344509 0.999998 0.016384
-0.720000 13.421638 0.049816 0.014135 64.344343 0.999997 0.016283
-0.720000 13.717299 0.039153 0.007802 64.346945 0.999995 0.016158
-0.720000 14.014993 0.025225 0.003070 64.352466 0.999994 0.016007
-0.720000 14.314694 0.007468 0.000588 64.361024 0.999991 0.015834
-0.720000 14.616372 -0.014745 0.001176 60.045174 0.999988 0.015647
-0.720000 14.920000 -0.014745 0.000000 55.729323 0.999984 0.015459
-0.480000 -4.227027 0.000000 0.500000 63.540293 1.000000 0.000000
-0.480000 -4.014206 0.033935 0.500353 63.540293 0.999999 0.000004
-0.480000 -3.803070 0.068432 0.501266 63.541483 0.999998 0.000008
-0.480000 -3.593550 0.102764 0.502474 63.540743 0.999997 0.000015
-0.480000 -3.385574 0.136177 0.503768 63.538148 0.999997 0.000026
-0.480000 -3.179068 0.167971 0.504999 63.533770 0.999996 0.000041
-0.480000 -2.973956 0.197547 0.506071 63.527677 0.999996 0.000065
-0.480000 -2.770157 0.224431 0.506937 63.519929 0.999996 0.000099
-0.480000 -2.567590 0.248293 0.507584 63.510586 0.999996 0.000148
-0.480000 -2.366169 0.268939 0.508027 63.499702 0.999996 0.000216
-0.480000 -2.165807 0.286304 0.508299 63.487328 0.999996 0.000309
-0.480000 -1.966416 0.300431 0.508439 63.473514 0.999996 0.000433
-0.480000 -1.767904 0.311444 0.508482 63.458305 0.999996 0.000593
-0.480000 -1.570177 0.319522 0.508456 63.441749 0.999997 0.000798
-0.480000 -1.373143 0.324878 0.508373 63.423893 0.999997 0.001052
-0.480000 -1.176703 0.327739 0.508222 63.404786 0.999997 0.001361
-0.480000 -0.980762 0.328330 0.507972 63.384486 0.999998 0.001729
-0.480000 -0.785221 0.326867 0.507569 63.363053 0.999998 0.002158
-0.480000 -0.589980 0.323558 0.506936 63.340559 0.999998 0.002648
-0.480000 -0.394940 0.318599 0.505981 63.317086 0.999998 0.003195
-0.480000 -0.200000 0.312182 0.504599 63.292724 0.999999 0.003793
-0.480000 -0.005061 0.304498 0.502683 63.267574 0.999999 0.004433
-0.480000 0.189973 0.295743 0.500128 63.241745 0.999999 0.005106
-0.480000 0.385197 0.286115 0.496843 63.215354 0.999999 0.005796
-0.480000 0.580706 0.275822 0.492760 63.188516 1.000000 0.006491
-0.480000 0.776595 0.265067 0.487834 63.161346 1.000000 0.007175
-0.480000 0.972955 0.254053 0.482051 63.133952 1.000000 0.007835
-0.480000 1.169880 0.242970 0.475427 63.106429 1.000000 0.008457
-0.480000 1.367462 0.231987 0.468007 63.078863 1.000000 0.009031
-0.480000 1.565789 0.221253 0.459855 63.051321 1.000001 0.009548
-0.480000 1.764950 0.210886 0.451057 63.023857 1.000001 0.010002
-0.480000 1.965033 0.200978 0.441705 62.996507 1.000001 0.010391
-0.480000 2.166122 0.191590 0.431900 62.969296 1.000001 0.010714
-0.480000 2.368301 0.182759 0.421738 62.942238 1.000001 0.010974
-0.480000 2.571650 0.174499 0.411311 62.915335 1.000001 0.011174
-0.480000 2.776249 0.166805 0.400705 62.888585 1.000001 0.011322
-0.480000 2.982174 0.159660 0.389993 62.861979 1.000001 0.011425
-0.480000 3.189498 0.153035 0.379239 62.835506 1.000001 0.011488
-0.480000 3.398294 0.146898 0.368496 62.809152 1.000001 0.011521
-0.480000 3.608631 0.141212 0.357805 62.782905 1.000002 0.011529
-0.480000 3.820574 0.135939 0.347200 62.756752 1.000002 0.011519
-0.480000 4.034187 0.131043 0.336707 62.730680 1.000001 0.011496
-0.480000 4.249529 0.126490 0.326344 62.704681 1.000001 0.011464
-0.480000 4.466660 0.122249 0.316123 62.678746 1.000001 0.011428
-0.480000 4.685632 0.118292 0.306054 62.652869 1.000001 0.011388
-0.480000 4.906498 0.114595 0.296142 62.627047 1.000001 0.011348
-0.480000 5.129306 0.111136 0.286387 62.601279 1.000001 0.011308
-0.480000 5.354100 0.107897 0.276791 62.575566 1.000001 0.011270
-0.480000 5.580925 0.104862 0.267351 62.549912 1.000001 0.011233
-0.480000 5.809817 0.102019 0.258064 62.524322 1.000001 0.011198
-0.480000 6.040814 0.099357 0.248926 62.498804 1.000001 0.011166
-0.480000 6.273949 0.096868 0.239932 62.473371 1.000000 0.011135
-0.480000 6.509251 0.094546 0.231075 62.448034 1.000000 0.011106
-0.480000 6.746747 0.092384 0.222350 62.422808 1.000000 0.011080
-0.480000 6.986461 0.090381 0.213748 62.397714 1.000000 0.011055
-0.480000 7.228415 0.088534 0.205263 62.372772 0.999999 0.011032
-0.480000 7.472626 0.086843 0.196884 62.348005 0.999999 0.011010
-0.480000 7.719110 0.085307 0.188603 62.323444 0.999999 0.010990
-0.480000 7.967880 0.083928 0.180408 62.299119 0.999999 0.010972
-0.480000 8.218945 0.082709 0.172288 62.275067 0.999999 0.010955
-0.480000 8.472313 0.081651 0.164230 62.251330 0.999998 0.010940
-0.480000 8.727988 0.080757 0.156219 62.227954 0.999998 0.010925
-0.480000 8.985973 0.080030 0.148239 62.204994 0.999998 0.010913
-0.480000 9.246268 0.079471 0.140272 62.182511 0.999998 0.010902
-0.480000 9.508871 0.079081 0.132300 62.160573 0.999997 0.010891
-0.480000 9.773777 0.078854 0.124301 62.139260 0.999997 0.010883
-0.480000 10.040979 0.078783 0.116253 62.118661 0.999997 0.010875
-0.480000 10.310468 0.078850 0.108133 62.098877 0.999997 0.010868
-0.480000 10.582235 0.079024 0.099919 62.080021 0.999996 0.010862
-0.480000 10.856267 0.079255 0.091588 62.062221 0.999996 0.010856
-0.480000 11.132550 0.079468 0.083126 62.045617 0.999996 0.010850
-0.480000 11.411067 0.079551 0.074522 62.030367 0.999996 0.010842
-0.480000 11.691802 0.079345 0.065781 62.016639 0.999995 0.010831
-0.480000 11.974736 0.078638 0.056929 62.004620 0.999995 0.010816
-0.480000 12.259849 0.077152 0.048018 61.994505 0.999994 0.010793
-0.480000 12.547118 0.074545 0.039142 61.986501 0.999994 0.010762
-0.480000 12.836523 0.070404 0.030446 61.980821 0.999993 0.010718
-0.480000 13.128037 0.064258 0.022147 61.977679 0.999992 0.010659
-0.480000 13.421638 0.055584 0.014543 61.977278 0.999991 0.010583
-0.480000 13.717299 0.043810 0.008040 61.979806 0.999989 0.010488
-0.480000 14.014993 0.028317 0.003168 61.985419 0.999987 0.010374
-0.480000 14.314694 0.008423 0.000608 61.994228 0.999984 0.010242
-0.480000 14.616372 -0.016637 0.001215 57.755309 0.999980 0.010098
-0.480000 14.920000 -0.016637 0.000000 53.516391 0.999976 0.009955
-0.240000 -4.227027 0.000000 0.500000 61.177632 1.000000 0.000000
-0.240000 -4.014206 0.033144 0.500346 61.177632 0.999999 0.000002
-0.240000 -3.803070 0.067169 0.501237 61.178769 0.999997 0.000005
-0.240000 -3.593550 0.101302 0.502407 61.177977 0.999996 0.000010
-0.240000 -3.385574 0.134723 0.503641 61.175327 0.999995 0.000016
-0.240000 -3.179068 0.166670 0.504783 61.170891 0.999994 0.000027
-0.240000 -2.973956 0.196487 0.505729 61.164742 0.999994 0.000042
-0.240000 -2.770157 0.223655 0.506424 61.156948 0.999993 0.000064
-0.240000 -2.567590 0.247802 0.506847 61.147577 0.999993 0.000095
-0.240000 -2.366169 0.268710 0.507008 61.136696 0.999993 0.000139
-0.240000 -2.165807 0.286298 0.506933 61.124367 0.999993 0.000199
-0.240000 -1.966416 0.300603 0.506657 61.110650 0.999993 0.000279
-0.240000 -1.767904 0.311755 0.506214 61.095603 0.999993 0.000382
-0.240000 -1.570177 0.319947 0.505634 61.079281 0.999993 0.000514
-0.240000 -1.373143 0.325412 0.504931 61.061742 0.999994 0.000678
-0.240000 -1.176703 0.328400 0.504104 61.043040 0.999994 0.000877
-0.240000 -0.980762 0.329161 0.503136 61.023234 0.999994 0.001115
-0.240000 -0.785221 0.327940 0.501988 61.002389 0.999994 0.001392
-0.240000 -0.589980 0.324963 0.500605 60.980570 0.999994 0.001708
-0.240000 -0.394940 0.320444 0.498918 60.957853 0.999995 0.002061
-0.240000 -0.200000 0.314583 0.496851 60.934315 0.999995 0.002448
-0.240000 -0.005061 0.307572 0.494320 60.910043 0.999995 0.002862
-0.240000 0.189973 0.299593 0.491247 60.885127 0.999995 0.003297
-0.240000 0.385197 0.290830 0.487563 60.859659 0.999995 0.003744
-0.240000 0.580706 0.281459 0.483211 60.833734 0.999995 0.004194
-0.240000 0.776595 0.271655 0.478156 60.807444 0.999995 0.004637
-0.240000 0.972955 0.261586 0.472383 60.780875 0.999995 0.005065
-0.240000 1.169880 0.251407 0.465900 60.754107 0.999995 0.005467
-0.240000 1.367462 0.241261 0.458736 60.727211 0.999995 0.005838
-0.240000 1.565789 0.231274 0.450939 60.700245 0.999995 0.006172
-0.240000 1.764950 0.221548 0.442570 60.673260 0.999995 0.006465
-0.240000 1.965033 0.212166 0.433702 60.646293 0.999995 0.006715
-0.240000 2.166122 0.203188 0.424413 60.619371 0.999995 0.006921
-0.240000 2.368301 0.194655 0.414781 60.592514 0.999995 0.007087
-0.240000 2.571650 0.186587 0.404883 60.565734 0.999995 0.007213
-0.240000 2.776249 0.178993 0.394790 60.539035 0.999995 0.007305
-0.240000 2.982174 0.171865 0.384569 60.512418 0.999995 0.007367
-0.240000 3.189498 0.165190 0.374277 60.485880 0.999995 0.007404
-0.240000 3.398294 0.158946 0.363962 60.459417 0.999995 0.007421
-0.240000 3.608631 0.153108 0.353666 60.433022 0.999995 0.007421
-0.240000 3.820574 0.147649 0.343422 60.406690 0.999995 0.007410
-0.240000 4.034187 0.142541 0.333258 60.380413 0.999994 0.007391
-0.240000 4.249529 0.137758 0.323192 60.354188 0.999994 0.007366
-0.240000 4.466660 0.133275 0.313243 60.328009 0.999994 0.007338
-0.240000 4.685632 0.129068 0.303419 60.301873 0.999994 0.007309
-0.240000 4.906498 0.125118 0.293730 60.275780 0.999994 0.007279
-0.240000 5.129306 0.121406 0.284179 60.249731 0.999993 0.007250
-0.240000 5.354100 0.117916 0.274770 60.223726 0.999993 0.007222
-0.240000 5.580925 0.114635 0.265504 60.197771 0.999993 0.007195
-0.240000 5.809817 0.111552 0.256378 60.171871 0.999993 0.007169
-0.240000 6.040814 0.108656 0.247391 60.146034 0.999992 0.007145
-0.240000 6.273949 0.105941 0.238539 60.120270 0.999992 0.007123
-0.240000 6.509251 0.103400 0.229820 60.094592 0.999992 0.007102
-0.240000 6.746747 0.101031 0.221226 60.069013 0.999991 0.007082
-0.240000 6.986461 0.098830 0.212753 60.043551 0.999991 0.007064
-0.240000 7.228415 0.096795 0.204393 60.018224 0.999991 0.007047
-0.240000 7.472626 0.094928 0.196139 59.993055 0.999990 0.007031
-0.240000 7.719110 0.093228 0.187982 59.968071 0.999990 0.007016
-0.240000 7.967880 0.091699 0.179912 59.943299 0.999990 0.007003
-0.240000 8.218945 0.090343 0.171918 59.918775 0.999989 0.006990
-0.240000 8.472313 0.089163 0.163986 59.894537 0.999989 0.006979
-0.240000 8.727988 0.088164 0.156104 59.870630 0.999988 0.006968
-0.240000 8.985973 0.087349 0.148254 59.847104 0.999988 0.006959
-0.240000 9.246268 0.086722 0.140419 59.824018 0.999988 0.006951
-0.240000 9.508871 0.086282 0.132579 59.801441 0.999987 0.006943
-0.240000 9.773777 0.086029 0.124710 59.779449 0.999987 0.006937
-0.240000 10.040979 0.085952 0.116789 59.758132 0.999987 0.006931
-0.240000 10.310468 0.086036 0.108791 59.737593 0.999987 0.006926
-0.240000 10.582235 0.086248 0.100690 59.717948 0.999986 0.006922
-0.240000 10.856267 0.086536 0.092459 59.699330 0.999986 0.006918
-0.240000 11.132550 0.086819 0.084079 59.681887 0.999986 0.006913
-0.240000 11.411067 0.086977 0.075534 59.665788 0.999985 0.006907
-0.240000 11.691802 0.086837 0.066824 59.651218 0.999985 0.006899
-0.240000 11.974736 0.086167 0.057969 59.638380 0.999984 0.006888
-0.240000 12.259849 0.084662 0.049015 59.627493 0.999984 0.006872
-0.240000 12.547118 0.081938 0.040056 59.618791 0.999983 0.006850
-0.240000 12.836523 0.077537 0.031237 59.612516 0.999982 0.006818
-0.240000 13.128037 0.070924 0.022778 59.608911 0.999981 0.006775
-0.240000 13.421638 0.061501 0.014994 59.608210 0.999979 0.006719
-0.240000 13.717299 0.048604 0.008308 59.610621 0.999977 0.006649
-0.240000 14.014993 0.031510 0.003280 59.616312 0.999973 0.006565
-0.240000 14.314694 0.009411 0.000630 59.625395 0.999970 0.006468
-0.240000 14.616372 -0.018597 0.001261 55.473350 0.999965 0.006362
-0.240000 14.920000 -0.018597 0.000000 51.321305 0.999960 0.006256
0.000000 -4.227027 0.000000 0.500000 58.817508 1.000000 0.000000
0.000000 -4.014206 0.032373 0.500336 58.817508 0.999998 0.000001
0.000000 -3.803070 0.065947 0.501196 58.818562 0.999996 0.000003
0.000000 -3.593550 0.099907 0.502311 58.817683 0.999993 0.000006
0.000000 -3.385574 0.133368 0.503462 58.814941 0.999992 0.000010
0.000000 -3.179068 0.165510 0.504484 58.810407 0.999990 0.000017
0.000000 -2.973956 0.195621 0.505270 58.804159 0.999989 0.000026
0.000000 -2.770157 0.223131 0.505757 58.796274 0.999988 0.000040
0.000000 -2.567590 0.247632 0.505919 58.786828 0.999987 0.000060
0.000000 -2.366169 0.268877 0.505761 58.775897 0.999987 0.000088
0.000000 -2.165807 0.286766 0.505306 58.763556 0.999987 0.000126
0.000000 -1.966416 0.301332 0.504587 58.749874 0.999987 0.000176
0.000000 -1.767904 0.312705 0.503641 58.734918 0.999987 0.000241
0.000000 -1.570177 0.321089 0.502498 58.718752 0.999987 0.000324
0.000000 -1.373143 0.326732 0.501179 58.701437 0.999987 0.000428
0.000000 -1.176703 0.329904 0.499694 58.683034 0.999987 0.000553
0.000000 -0.980762 0.330876 0.498034 58.663604 0.999987 0.000703
0.000000 -0.785221 0.329913 0.496177 58.643208 0.999987 0.000878
0.000000 -0.589980 0.327259 0.494086 58.621910 0.999987 0.001078
0.000000 -0.394940 0.323142 0.491713 58.599778 0.999987 0.001301
0.000000 -0.200000 0.317769 0.489000 58.576881 0.999987 0.001546
0.000000 -0.005061 0.311332 0.485888 58.553292 0.999986 0.001808
0.000000 0.189973 0.304007 0.482316 58.529086 0.999986 0.002083
0.000000 0.385197 0.295964 0.478233 58.504341 0.999986 0.002366
0.000000 0.580706 0.287359 0.473594 58.479134 0.999986 0.002651
0.000000 0.776595 0.278346 0.468370 58.453539 0.999986 0.002931
0.000000 0.972955 0.269064 0.462547 58.427627 0.999986 0.003202
0.000000 1.169880 0.259647 0.456130 58.401466 0.999985 0.003456
0.000000 1.367462 0.250215 0.449135 58.375113 0.999985 0.003691
0.000000 1.565789 0.240872 0.441599 58.348623 0.999985 0.003902
0.000000 1.764950 0.231710 0.433566 58.322039 0.999985 0.004086
0.000000 1.965033 0.222802 0.425091 58.295398 0.999984 0.004243
0.000000 2.166122 0.214205 0.416235 58.268728 0.999984 0.004372
0.000000 2.368301 0.205959 0.407061 58.242053 0.999984 0.004475
0.000000 2.571650 0.198091 0.397632 58.215387 0.999983 0.004553
0.000000 2.776249 0.190614 0.388007 58.188743 0.999983 0.004609
0.000000 2.982174 0.183533 0.378243 58.162126 0.999983 0.004645
0.000000 3.189498 0.176840 0.368390 58.135540 0.999982 0.004666
0.000000 3.398294 0.170526 0.358492 58.108987 0.999982 0.004674
0.000000 3.608631 0.164574 0.348589 58.082467 0.999981 0.004671
0.000000 3.820574 0.158965 0.338712 58.055977 0.999981 0.004661
0.000000 4.034187 0.153680 0.328888 58.029517 0.999981 0.004646
0.000000 4.249529 0.148700 0.319139 58.003085 0.999980 0.004628
0.000000 4.466660 0.144004 0.309480 57.976681 0.999980 0.004607
0.000000 4.685632 0.139575 0.299927 57.950304 0.999979 0.004586
0.000000 4.906498 0.135396 0.290488 57.923955 0.999979 0.004565
0.000000 5.129306 0.131452 0.281169 57.897636 0.999978 0.004544
0.000000 5.354100 0.127730 0.271977 57.871351 0.999978 0.004524
0.000000 5.580925 0.124217 0.262913 57.845104 0.999977 0.004505
0.000000 5.809817 0.120906 0.253978 57.818900 0.999976 0.004487
0.000000 6.040814 0.117787 0.245173 57.792749 0.999976 0.004470
0.000000 6.273949 0.114855 0.236495 57.766658 0.999975 0.004454
0.000000 6.509251 0.112104 0.227942 57.740639 0.999975 0.004439
0.000000 6.746747 0.109532 0.219510 57.714705 0.999974 0.004425
0.000000 6.986461 0.107137 0.211196 57.688871 0.999974 0.004412
0.000000 7.228415 0.104918 0.202992 57.663154 0.999973 0.004400
0.000000 7.472626 0.102876 0.194893 57.637574 0.999972 0.004388
0.000000 7.719110 0.101014 0.186890 57.612154 0.999972 0.004378
0.000000 7.967880 0.099334 0.178976 57.586921 0.999971 0.004368
0.000000 8.218945 0.097841 0.171138 57.561906 0.999971 0.004359
0.000000 8.472313 0.096540 0.163366 57.537144 0.999970 0.004351
0.000000 8.727988 0.095435 0.155644 57.512676 0.999970 0.004344
0.000000 8.985973 0.094532 0.147958 57.488551 0.999969 0.004337
0.000000 9.246268 0.093836 0.140288 57.464823 0.999969 0.004331
0.000000 9.508871 0.093349 0.132613 57.441559 0.999968 0.004326
0.000000 9.773777 0.093070 0.124910 57.418834 0.999968 0.004321
0.000000 10.040979 0.092993 0.117153 57.396737 0.999967 0.004317
0.000000 10.310468 0.093100 0.109314 57.375371 0.999967 0.004313
0.000000 10.582235 0.093361 0.101362 57.354855 0.999967 0.004310
0.000000 10.856267 0.093720 0.093269 57.335326 0.999966 0.004307
0.000000 11.132550 0.094093 0.085006 57.316943 0.999966 0.004304
0.000000 11.411067 0.094349 0.076555 57.299884 0.999965 0.004300
0.000000 11.691802 0.094305 0.067906 57.284350 0.999965 0.004295
0.000000 11.974736 0.093706 0.059073 57.270567 0.999964 0.004287
0.000000 12.259849 0.092217 0.050096 57.258780 0.999963 0.004276
0.000000 12.547118 0.089416 0.041064 57.249253 0.999962 0.004260
0.000000 12.836523 0.084790 0.032122 57.242264 0.999961 0.004238
0.000000 13.128037 0.077739 0.023497 57.238094 0.999959 0.004207
0.000000 13.421638 0.067580 0.015513 57.237012 0.999956 0.004168
0.000000 13.717299 0.053553 0.008620 57.239257 0.999952 0.004118
0.000000 14.014993 0.034819 0.003413 57.245020 0.999947 0.004058
0.000000 14.314694 0.010440 0.000658 57.254416 0.999941 0.003989
0.000000 14.616372 -0.020636 0.001315 53.199609 0.999934 0.003913
0.000000 14.920000 -0.020636 0.000000 49.144802 0.999927 0.003838
0.240000 -4.227027 0.000000 0.500000 56.459915 1.000000 0.000000
0.240000 -4.014206 0.031626 0.500325 56.459915 0.999996 0.000001
0.240000 -3.803070 0.064776 0.501150 56.460866 0.999992 0.000002
0.240000 -3.593550 0.098595 0.502203 56.459873 0.999988 0.000004
0.240000 -3.385574 0.132138 0.503257 56.457000 0.999985 0.000006
0.240000 -3.179068 0.164523 0.504143 56.452324 0.999982 0.000010
0.240000 -2.973956 0.194983 0.504747 56.445927 0.999979 0.000016
0.240000 -2.770157 0.222899 0.505002 56.437893 0.999978 0.000025
0.240000 -2.567590 0.247822 0.504877 56.428309 0.999976 0.000037
0.240000 -2.366169 0.269475 0.504375 56.417262 0.999975 0.000054
0.240000 -2.165807 0.287740 0.503519 56.404836 0.999974 0.000077
0.240000 -1.966416 0.302640 0.502343 56.391111 0.999974 0.000108
0.240000 -1.767904 0.314305 0.500885 56.376162 0.999973 0.000149
0.240000 -1.570177 0.322945 0.499180 56.360059 0.999973 0.000200
0.240000 -1.373143 0.328822 0.497258 56.342868 0.999973 0.000264
0.240000 -1.176703 0.332222 0.495135 56.324653 0.999972 0.000342
0.240000 -0.980762 0.333433 0.492814 56.305476 0.999972 0.000434
0.240000 -0.785221 0.332736 0.490287 56.285397 0.999972 0.000542
0.240000 -0.589980 0.330393 0.487531 56.264477 0.999971 0.000666
0.240000 -0.394940 0.326640 0.484515 56.242776 0.999971 0.000804
0.240000 -0.200000 0.321693 0.481199 56.220356 0.999970 0.000955
0.240000 -0.005061 0.315744 0.477540 56.197281 0.999970 0.001117
0.240000 0.189973 0.308967 0.473494 56.173614 0.999969 0.001287
0.240000 0.385197 0.301521 0.469021 56.149420 0.999969 0.001462
0.240000 0.580706 0.293550 0.464088 56.124762 0.999968 0.001639
0.240000 0.776595 0.285189 0.458672 56.099704 0.999967 0.001812
0.240000 0.972955 0.276560 0.452760 56.074304 0.999967 0.001980
0.240000 1.169880 0.267778 0.446352 56.048618 0.999966 0.002137
0.240000 1.367462 0.258945 0.439462 56.022696 0.999965 0.002282
0.240000 1.565789 0.250152 0.432112 55.996586 0.999964 0.002412
0.240000 1.764950 0.241476 0.424337 55.970326 0.999964 0.002526
0.240000 1.965033 0.232984 0.416177 55.943951 0.999963 0.002622
0.240000 2.166122 0.224729 0.407681 55.917490 0.999962 0.002701
0.240000 2.368301 0.216749 0.398897 55.890965 0.999961 0.002763
0.240000 2.571650 0.209073 0.389876 55.864397 0.999960 0.002810
0.240000 2.776249 0.201720 0.380667 55.837798 0.999959 0.002843
0.240000 2.982174 0.194699 0.371319 55.811181 0.999958 0.002864
0.240000 3.189498 0.188011 0.361874 55.784553 0.999957 0.002875
0.240000 3.398294 0.181652 0.352371 55.757919 0.999956 0.002878
0.240000 3.608631 0.175613 0.342846 55.731285 0.999955 0.002875
0.240000 3.820574 0.169884 0.333329 55.704652 0.999954 0.002867
0.240000 4.034187 0.164452 0.323845 55.678023 0.999953 0.002856
0.240000 4.249529 0.159302 0.314415 55.651400 0.999952 0.002843
0.240000 4.466660 0.154419 0.305058 55.624785 0.999951 0.002829
0.240000 4.685632 0.149792 0.295786 55.598179 0.999950 0.002814
0.240000 4.906498 0.145405 0.286611 55.571587 0.999949 0.002799
0.240000 5.129306 0.141248 0.277542 55.545010 0.999948 0.002785
0.240000 5.354100 0.137310 0.268585 55.518454 0.999947 0.002771
0.240000 5.580925 0.133582 0.259743 55.491923 0.999946 0.002758
0.240000 5.809817 0.130055 0.251021 55.465423 0.999945 0.002745
0.240000 6.040814 0.126724 0.242418 55.438962 0.999944 0.002734
0.240000 6.273949 0.123583 0.233935 55.412547 0.999943 0.002723
0.240000 6.509251 0.120629 0.225571 55.386190 0.999942 0.002712
0.240000 6.746747 0.117861 0.217324 55.359901 0.999941 0.002703
0.240000 6.986461 0.115276 0.209191 55.333693 0.999940 0.002694
0.240000 7.228415 0.112876 0.201166 55.307581 0.999939 0.002685
0.240000 7.472626 0.110662 0.193246 55.281583 0.999938 0.002677
0.240000 7.719110 0.108638 0.185422 55.255719 0.999937 0.002670
0.240000 7.967880 0.106808 0.177687 55.230012 0.999936 0.002663
0.240000 8.218945 0.105178 0.170032 55.204489 0.999935 0.002657
0.240000 8.472313 0.103753 0.162444 55.179182 0.999935 0.002652
0.240000 8.727988 0.102541 0.154911 55.154128 0.999934 0.002646
0.240000 8.985973 0.101549 0.147416 55.129371 0.999933 0.002642
0.240000 9.246268 0.100784 0.139940 55.104964 0.999932 0.002638
0.240000 9.508871 0.100249 0.132463 55.080967 0.999931 0.002634
0.240000 9.773777 0.099947 0.124958 55.057454 0.999931 0.002631
0.240000 10.040979 0.099873 0.117399 55.034512 0.999930 0.002628
0.240000 10.310468 0.100011 0.109753 55.012244 0.999929 0.002626
0.240000 10.582235 0.100330 0.101987 54.990770 0.999929 0.002623
0.240000 10.856267 0.100776 0.094067 54.970232 0.999928 0.002621
0.240000 11.132550 0.101258 0.085959 54.950795 0.999928 0.002619
0.240000 11.411067 0.101640 0.077635 54.932650 0.999927 0.002617
0.240000 11.691802 0.101724 0.069078 54.916018 0.999926 0.002613
0.240000 11.974736 0.101234 0.060292 54.901144 0.999925 0.002608
0.240000 12.259849 0.099806 0.051311 54.888306 0.999924 0.002600
0.240000 12.547118 0.096974 0.042214 54.877804 0.999922 0.002590
0.240000 12.836523 0.092169 0.033147 54.869959 0.999920 0.002574
0.240000 13.128037 0.084716 0.024339 54.865097 0.999916 0.002554
0.240000 13.421638 0.073843 0.016129 54.863536 0.999912 0.002526
0.240000 13.717299 0.058682 0.008995 54.865559 0.999905 0.002492
0.240000 14.014993 0.038266 0.003574 54.871388 0.999897 0.002451
0.240000 14.314694 0.011517 0.000691 54.881151 0.999888 0.002403
0.240000 14.616372 -0.022772 0.001383 50.934474 0.999876 0.002351
0.240000 14.920000 -0.022772 0.000000 46.987797 0.999865 0.002298
0.480000 -4.227027 0.000000 0.500000 54.104860 1.000000 0.000000
0.480000 -4.014206 0.030903 0.500314 54.104860 0.999993 0.000001
0.480000 -3.803070 0.063659 0.501107 54.105700 0.999985 0.000001
0.480000 -3.593550 0.097373 0.502097 54.104567 0.999978 0.000002
0.480000 -3.385574 0.131043 0.503050 54.101526 0.999971 0.000004
0.480000 -3.179068 0.163725 0.503793 54.096657 0.999966 0.000006
0.480000 -2.973956 0.194594 0.504204 54.090049 0.999961 0.000010
0.480000 -2.770157 0.222981 0.504212 54.081796 0.999957 0.000015
0.480000 -2.567590 0.248395 0.503784 54.071997 0.999954 0.000022
0.480000 -2.366169 0.270526 0.502923 54.060751 0.999951 0.000033
0.480000 -2.165807 0.289237 0.501653 54.048153 0.999949 0.000047
0.480000 -1.966416 0.304537 0.500009 54.034292 0.999948 0.000065
0.480000 -1.767904 0.316555 0.498037 54.019252 0.999947 0.000090
0.480000 -1.570177 0.325507 0.495775 54.003110 0.999946 0.000121
0.480000 -1.373143 0.331663 0.493262 53.985936 0.999945 0.000159
0.480000 -1.176703 0.335323 0.490522 53.967795 0.999944 0.000206
0.480000 -0.980762 0.336790 0.487569 53.948751 0.999943 0.000262
0.480000 -0.785221 0.336361 0.484407 53.928861 0.999942 0.000328
0.480000 -0.589980 0.334310 0.481026 53.908183 0.999941 0.000402
0.480000 -0.394940 0.330884 0.477409 53.886773 0.999940 0.000486
0.480000 -0.200000 0.326306 0.473529 53.864685 0.999939 0.000577
0.480000 -0.005061 0.320770 0.469358 53.841974 0.999937 0.000675
0.480000 0.189973 0.314449 0.464863 53.818695 0.999936 0.000778
0.480000 0.385197 0.307495 0.460015 53.794903 0.999934 0.000884
0.480000 0.580706 0.300043 0.454790 53.770652 0.999933 0.000991
0.480000 0.776595 0.292216 0.449168 53.745993 0.999931 0.001096
0.480000 0.972955 0.284124 0.443139 53.720977 0.999930 0.001198
0.480000 1.169880 0.275866 0.436702 53.695650 0.999928 0.001293
0.480000 1.367462 0.267530 0.429865 53.670057 0.999926 0.001380
0.480000 1.565789 0.259196 0.422643 53.644237 0.999924 0.001459
0.480000 1.764950 0.250933 0.415062 53.618227 0.999923 0.001527
0.480000 1.965033 0.242798 0.407153 53.592057 0.999921 0.001585
0.480000 2.166122 0.234840 0.398951 53.565756 0.999919 0.001632
0.480000 2.368301 0.227098 0.390495 53.539347 0.999917 0.001669
0.480000 2.571650 0.219599 0.381826 53.512850 0.999915 0.001697
0.480000 2.776249 0.212365 0.372984 53.486281 0.999913 0.001716
0.480000 2.982174 0.205408 0.364008 53.459654 0.999911 0.001728
0.480000 3.189498 0.198735 0.354934 53.432980 0.999910 0.001733
0.480000 3.398294 0.192348 0.345798 53.406267 0.999908 0.001734
0.480000 3.608631 0.186244 0.336630 53.379523 0.999906 0.001731
0.480000 3.820574 0.180416 0.327457 53.352753 0.999904 0.001725
0.480000 4.034187 0.174858 0.318303 53.325964 0.999902 0.001717
0.480000 4.249529 0.169561 0.309188 53.299159 0.999900 0.001708
0.480000 4.466660 0.164514 0.300130 53.272343 0.999898 0.001698
0.480000 4.685632 0.159707 0.291143 53.245520 0.999896 0.001688
0.480000 4.906498 0.155133 0.282239 53.218693 0.999894 0.001679
0.480000 5.129306 0.150780 0.273428 53.191868 0.999892 0.001669
0.480000 5.354100 0.146642 0.264716 53.165049 0.999890 0.001660
0.480000 5.580925 0.142711 0.256109 53.138242 0.999888 0.001651
0.480000 5.809817 0.138981 0.247611 53.111452 0.999886 0.001643
0.480000 6.040814 0.135448 0.239225 53.084687 0.999884 0.001635
0.480000 6.273949 0.132107 0.230953 53.057954 0.999882 0.001627
0.480000 6.509251 0.128957 0.222794 53.031261 0.999880 0.001621
0.480000 6.746747 0.125997 0.214748 53.004618 0.999879 0.001614
0.480000 6.986461 0.123227 0.206812 52.978037 0.999877 0.001608
0.480000 7.228415 0.120648 0.198985 52.951528 0.999875 0.001602
0.480000 7.472626 0.118264 0.191261 52.925108 0.999873 0.001597
0.480000 7.719110 0.116079 0.183635 52.898793 0.999872 0.001592
0.480000 7.967880 0.114099 0.176100 52.872602 0.999870 0.001588
0.480000 8.218945 0.112330 0.168647 52.846558 0.999868 0.001584
0.480000 8.472313 0.110780 0.161266 52.820688 0.999867 0.001580
0.480000 8.727988 0.109459 0.153944 52.795025 0.999865 0.001576
0.480000 8.985973 0.108376 0.146666 52.769607 0.999864 0.001573
0.480000 9.246268 0.107539 0.139411 52.744483 0.999863 0.001570
0.480000 9.508871 0.106956 0.132159 52.719709 0.999862 0.001568
0.480000 9.773777 0.106631 0.124884 52.695354 0.999860 0.001566
0.480000 10.040979 0.106562 0.117555 52.671503 0.999859 0.001564
0.480000 10.310468 0.106737 0.110138 52.648255 0.999858 0.001562
0.480000 10.582235 0.107124 0.102595 52.625730 0.999857 0.001561
0.480000 10.856267 0.107670 0.094886 52.604075 0.999857 0.001560
0.480000 11.132550 0.108283 0.086970 52.583462 0.999856 0.001558
0.480000 11.411067 0.108819 0.078811 52.564094 0.999855 0.001557
0.480000 11.691802 0.109067 0.070380 52.546208 0.999854 0.001554
0.480000 11.974736 0.108732 0.061671 52.530078 0.999852 0.001551
0.480000 12.259849 0.107417 0.052705 52.516013 0.999850 0.001546
0.480000 12.547118 0.104611 0.043553 52.504357 0.999847 0.001539
0.480000 12.836523 0.099682 0.034354 52.495482 0.999843 0.001529
0.480000 13.128037 0.091876 0.025343 52.489774 0.999837 0.001515
0.480000 13.421638 0.080320 0.016873 52.487612 0.999829 0.001497
0.480000 13.717299 0.064024 0.009453 52.489339 0.999818 0.001474
0.480000 14.014993 0.041880 0.003773 52.495223 0.999804 0.001446
0.480000 14.314694 0.012655 0.000733 52.505420 0.999787 0.001414
0.480000 14.616372 -0.025029 0.001466 48.678411 0.999767 0.001379
0.480000 14.920000 -0.025029 0.000000 44.851402 0.999748 0.001344
0.720000 -4.227027 0.000000 0.500000 51.752369 1.000000 0.000000
0.720000 -4.014206 0.030199 0.500307 51.752369 0.999986 0.000000
0.720000 -3.803070 0.062590 0.501073 51.753099 0.999972 0.000001
0.720000 -3.593550 0.096240 0.502006 51.751805 0.999958 0.000001
0.720000 -3.385574 0.130086 0.502865 51.748554 0.999946 0.000002
0.720000 -3.179068 0.163123 0.503465 51.743431 0.999934 0.000004
0.720000 -2.973956 0.194466 0.503679 51.736537 0.999925 0.000006
0.720000 -2.770157 0.223393 0.503432 51.727981 0.999917 0.000009
0.720000 -2.567590 0.249368 0.502692 51.717874 0.999911 0.000013
0.720000 -2.366169 0.272047 0.501461 51.706329 0.999906 0.000019
0.720000 -2.165807 0.291270 0.499765 51.693455 0.999902 0.000028
0.720000 -1.966416 0.307031 0.497648 51.679352 0.999899 0.000039
0.720000 -1.767904 0.319457 0.495157 51.664112 0.999896 0.000053
0.720000 -1.570177 0.328766 0.492343 51.647819 0.999894 0.000071
0.720000 -1.373143 0.335235 0.489248 51.630548 0.999892 0.000094
0.720000 -1.176703 0.339178 0.485909 51.612366 0.999890 0.000122
0.720000 -0.980762 0.340911 0.482349 51.593335 0.999888 0.000155
0.720000 -0.785221 0.340744 0.478582 51.573512 0.999885 0.000194
0.720000 -0.589980 0.338963 0.474610 51.552950 0.999883 0.000238
0.720000 -0.394940 0.335828 0.470427 51.531701 0.999880 0.000288
0.720000 -0.200000 0.331565 0.466018 51.509814 0.999878 0.000342
0.720000 -0.005061 0.326374 0.461364 51.487335 0.999875 0.000400
0.720000 0.189973 0.320428 0.456445 51.464313 0.999872 0.000461
0.720000 0.385197 0.313874 0.451238 51.440793 0.999869 0.000524
0.720000 0.580706 0.306843 0.445725 51.416822 0.999866 0.000587
0.720000 0.776595 0.299448 0.439892 51.392443 0.999863 0.000649
0.720000 0.972955 0.291790 0.433729 51.367698 0.999859 0.000709
0.720000 1.169880 0.283957 0.427234 51.342627 0.999856 0.000765
0.720000 1.367462 0.276028 0.420412 51.317269 0.999853 0.000817
0.720000 1.565789 0.268072 0.413273 51.291658 0.999849 0.000863
0.720000 1.764950 0.260151 0.405836 51.265826 0.999846 0.000903
0.720000 1.965033 0.252316 0.398122 51.239802 0.999842 0.000937
0.720000 2.166122 0.244611 0.390160 51.213612 0.999838 0.000965
0.720000 2.368301 0.237073 0.381978 51.187279 0.999835 0.000986
0.720000 2.571650 0.229729 0.373609 51.160822 0.999831 0.001002
0.720000 2.776249 0.222602 0.365085 51.134261 0.999827 0.001013
0.720000 2.982174 0.215707 0.356439 51.107608 0.999824 0.001019
0.720000 3.189498 0.209053 0.347700 51.080877 0.999820 0.001022
0.720000 3.398294 0.202646 0.338899 51.054080 0.999816 0.001022
0.720000 3.608631 0.196488 0.330061 51.027225 0.999812 0.001019
0.720000 3.820574 0.190578 0.321212 51.000321 0.999809 0.001015
0.720000 4.034187 0.184911 0.312373 50.973375 0.999805 0.001010
0.720000 4.249529 0.179483 0.303562 50.946393 0.999801 0.001004
0.720000 4.466660 0.174289 0.294797 50.919383 0.999797 0.000998
0.720000 4.685632 0.169321 0.286092 50.892348 0.999794 0.000991
0.720000 4.906498 0.164574 0.277458 50.865295 0.999790 0.000985
0.720000 5.129306 0.160041 0.268906 50.838228 0.999786 0.000978
0.720000 5.354100 0.155716 0.260443 50.811154 0.999783 0.000972
0.720000 5.580925 0.151595 0.252077 50.784078 0.999779 0.000967
0.720000 5.809817 0.147672 0.243812 50.757005 0.999776 0.000961
0.720000 6.040814 0.143946 0.235652 50.729942 0.999772 0.000956
0.720000 6.273949 0.140414 0.227599 50.702895 0.999769 0.000951
0.720000 6.509251 0.137074 0.219656 50.675871 0.999766 0.000947
0.720000 6.746747 0.133927 0.211822 50.648879 0.999762 0.000943
0.720000 6.986461 0.130975 0.204097 50.621925 0.999759 0.000939
0.720000 7.228415 0.128220 0.196480 50.595021 0.999756 0.000935
0.720000 7.472626 0.125667 0.188967 50.568178 0.999753 0.000932
0.720000 7.719110 0.123320 0.181553 50.541407 0.999750 0.000929
0.720000 7.967880 0.121188 0.174234 50.514725 0.999747 0.000926
0.720000 8.218945 0.119278 0.167002 50.488150 0.999744 0.000923
0.720000 8.472313 0.117601 0.159847 50.461702 0.999742 0.000920
0.720000 8.727988 0.116167 0.152757 50.435410 0.999739 0.000918
0.720000 8.985973 0.114989 0.145716 50.409307 0.999737 0.000916
0.720000 9.246268 0.114077 0.138708 50.383432 0.999735 0.000914
0.720000 9.508871 0.113443 0.131709 50.357839 0.999732 0.000913
0.720000 9.773777 0.113093 0.124693 50.332590 0.999731 0.000911
0.720000 10.040979 0.113030 0.117627 50.307763 0.999729 0.000910
0.720000 10.310468 0.113244 0.110474 50.283455 0.999727 0.000909
0.720000 10.582235 0.113708 0.103193 50.259785 0.999726 0.000908
0.720000 10.856267 0.114369 0.095736 50.236900 0.999724 0.000907
0.720000 11.132550 0.115134 0.088055 50.214977 0.999723 0.000906
0.720000 11.411067 0.115853 0.080102 50.194231 0.999722 0.000905
0.720000 11.691802 0.116306 0.071838 50.174919 0.999720 0.000904
0.720000 11.974736 0.116176 0.063239 50.157341 0.999717 0.000902
0.720000 12.259849 0.115034 0.054314 50.141844 0.999714 0.000899
0.720000 12.547118 0.112322 0.045119 50.128821 0.999709 0.000894
0.720000 12.836523 0.107340 0.035786 50.118706 0.999702 0.000888
0.720000 13.128037 0.099245 0.026548 50.111958 0.999691 0.000879
0.720000 13.421638 0.087049 0.017776 50.109036 0.999677 0.000867
0.720000 13.717299 0.069624 0.010015 50.110364 0.999657 0.000852
0.720000 14.014993 0.045700 0.004019 50.116282 0.999632 0.000834
0.720000 14.314694 0.013868 0.000786 50.126990 0.999602 0.000813
0.720000 14.616372 -0.027435 0.001572 46.431982 0.999568 0.000790
0.720000 14.920000 -0.027435 0.000000 42.736974 0.999534 0.000768
0.960000 -4.227027 0.000000 0.500000 49.402501 1.000000 0.000000
0.960000 -4.014206 0.029507 0.500304 49.402501 0.999974 0.000000
0.960000 -3.803070 0.061557 0.501055 49.403129 0.999947 0.000000
0.960000 -3.593550 0.095183 0.501945 49.401651 0.999921 0.000001
0.960000 -3.385574 0.129259 0.502720 49.398139 0.999897 0.000001
0.960000 -3.179068 0.162715 0.503184 49.392689 0.999875 0.000002
0.960000 -2.973956 0.194603 0.503204 49.385419 0.999857 0.000003
0.960000 -2.770157 0.224144 0.502699 49.376454 0.999842 0.000005
0.960000 -2.567590 0.250753 0.501638 49.365925 0.999830 0.000008
0.960000 -2.366169 0.274051 0.500026 49.353963 0.999820 0.000011
0.960000 -2.165807 0.293850 0.497895 49.340693 0.999812 0.000016
0.960000 -1.966416 0.310131 0.495294 49.326226 0.999806 0.000022
0.960000 -1.767904 0.323013 0.492280 49.310666 0.999801 0.000031
0.960000 -1.570177 0.332715 0.488911 49.294103 0.999796 0.000041
0.960000 -1.373143 0.339525 0.485240 49.276616 0.999792 0.000055
0.960000 -1.176703 0.343765 0.481312 49.258274 0.999788 0.000071
0.960000 -0.980762 0.345766 0.477162 49.239138 0.999784 0.000090
0.960000 -0.785221 0.345850 0.472813 49.219264 0.999779 0.000112
0.960000 -0.589980 0.344315 0.468276 49.198701 0.999775 0.000138
0.960000 -0.394940 0.341431 0.463556 49.177495 0.999770 0.000167
0.960000 -0.200000 0.337433 0.458646 49.155689 0.999764 0.000198
0.960000 -0.005061 0.332524 0.453536 49.133325 0.999759 0.000232
0.960000 0.189973 0.326879 0.448214 49.110442 0.999753 0.000267
0.960000 0.385197 0.320645 0.442663 49.087081 0.999748 0.000303
0.960000 0.580706 0.313948 0.436870 49.063279 0.999742 0.000340
0.960000 0.776595 0.306896 0.430823 49.039074 0.999735 0.000376
0.960000 0.972955 0.299582 0.424514 49.014501 0.999729 0.000411
0.960000 1.169880 0.292088 0.417941 48.989594 0.999723 0.000443
0.960000 1.367462 0.284484 0.411105 48.964386 0.999716 0.000473
0.960000 1.565789 0.276833 0.404014 48.938908 0.999710 0.000500
0.960000 1.764950 0.269189 0.396679 48.913187 0.999703 0.000523
0.960000 1.965033 0.261598 0.389117 48.887251 0.999696 0.000542
0.960000 2.166122 0.254102 0.381347 48.861123 0.999689 0.000558
0.960000 2.368301 0.246733 0.373393 48.834825 0.999683 0.000570
0.960000 2.571650 0.239519 0.365279 48.808376 0.999676 0.000579
0.960000 2.776249 0.232483 0.357031 48.781795 0.999669 0.000585
0.960000 2.982174 0.225640 0.348674 48.755097 0.999662 0.000589
0.960000 3.189498 0.219002 0.340234 48.728295 0.999655 0.000590
0.960000 3.398294 0.212579 0.331736 48.701403 0.999648 0.000589
0.960000 3.608631 0.206374 0.323202 48.674431 0.999641 0.000587
0.960000 3.820574 0.200390 0.314654 48.647389 0.999635 0.000585
0.960000 4.034187 0.194626 0.306111 48.620286 0.999628 0.000581
0.960000 4.249529 0.189082 0.297590 48.593129 0.999621 0.000577
0.960000 4.466660 0.183753 0.289107 48.565927 0.999614 0.000573
0.960000 4.685632 0.178638 0.280675 48.538686 0.999608 0.000569
0.960000 4.906498 0.173731 0.272306 48.511411 0.999601 0.000565
0.960000 5.129306 0.169030 0.264011 48.484110 0.999594 0.000561
0.960000 5.354100 0.164530 0.255797 48.456787 0.999588 0.000557
0.960000 5.580925 0.160229 0.247673 48.429448 0.999582 0.000554
0.960000 5.809817 0.156123 0.239643 48.402099 0.999575 0.000550
0.960000 6.040814 0.152212 0.231713 48.374745 0.999569 0.000547
0.960000 6.273949 0.148494 0.223886 48.347390 0.999563 0.000544
0.960000 6.509251 0.144970 0.216165 48.320041 0.999557 0.000541
0.960000 6.746747 0.141641 0.208552 48.292704 0.999551 0.000539
0.960000 6.986461 0.138510 0.201046 48.265383 0.999546 0.000536
0.960000 7.228415 0.135580 0.193648 48.238086 0.999540 0.000534
0.960000 7.472626 0.132857 0.186356 48.210821 0.999535 0.000532
0.960000 7.719110 0.130348 0.179167 48.183595 0.999530 0.000530
0.960000 7.967880 0.128062 0.172077 48.156419 0.999525 0.000528
0.960000 8.218945 0.126008 0.165080 48.129306 0.999520 0.000526
0.960000 8.472313 0.124198 0.158166 48.102271 0.999515 0.000525
0.960000 8.727988 0.122647 0.151326 48.075335 0.999511 0.000523
0.960000 8.985973 0.121367 0.144545 48.048523 0.999507 0.000522
0.960000 9.246268 0.120375 0.137805 48.021870 0.999503 0.000521
0.960000 9.508871 0.119683 0.131085 47.995419 0.999499 0.000520
0.960000 9.773777 0.119305 0.124358 47.969225 0.999496 0.000519
0.960000 10.040979 0.119245 0.117589 47.943359 0.999493 0.000518
0.960000 10.310468 0.119500 0.110739 47.917912 0.999490 0.000517
0.960000 10.582235 0.120046 0.103760 47.892997 0.999488 0.000517
0.960000 10.856267 0.120833 0.096601 47.868762 0.999485 0.000516
0.960000 11.132550 0.121769 0.089203 47.845387 0.999483 0.000516
0.960000 11.411067 0.122703 0.081507 47.823096 0.999481 0.000515
0.960000 11.691802 0.123404 0.073457 47.802164 0.999478 0.000514
0.960000 11.974736 0.123536 0.065013 47.782919 0.999474 0.000513
0.960000 12.259849 0.122638 0.056164 47.765749 0.999469 0.000511
0.960000 12.547118 0.120101 0.046947 47.751103 0.999460 0.000508
0.960000 12.836523 0.115154 0.037481 47.739488 0.999448 0.000504
0.960000 13.128037 0.106851 0.027994 47.731454 0.999430 0.000499
0.960000 13.421638 0.094074 0.018873 47.727563 0.999404 0.000491
0.960000 13.717299 0.075534 0.010706 47.728349 0.999370 0.000482
0.960000 14.014993 0.049774 0.004327 47.734255 0.999325 0.000471
0.960000 14.314694 0.015176 0.000852 47.745555 0.999272 0.000457
0.960000 14.616372 -0.030032 0.001705 44.195882 0.999212 0.000443
0.960000 14.920000 -0.030032 0.000000 40.646209 0.999152 0.000428
1.200000 -4.227027 0.000000 0.500000 47.055354 1.000000 0.000000
1.200000 -4.014206 0.028814 0.500308 47.055354 0.999951 0.000000
1.200000 -3.803070 0.060543 0.501059 47.055893 0.999901 0.000000
1.200000 -3.593550 0.094184 0.501926 47.054202 0.999852 0.000000
1.200000 -3.385574 0.128548 0.502634 47.050364 0.999806 0.000001
1.200000 -3.179068 0.162494 0.502974 47.044495 0.999766 0.000001
1.200000 -2.973956 0.195005 0.502802 47.036733 0.999731 0.000002
1.200000 -2.770157 0.225240 0.502036 47.027231 0.999703 0.000003
1.200000 -2.567590 0.252564 0.500645 47.016143 0.999680 0.000004
1.200000 -2.366169 0.276554 0.498638 47.003623 0.999662 0.000006
1.200000 -2.165807 0.296994 0.496055 46.989815 0.999647 0.000009
1.200000 -1.966416 0.313849 0.492955 46.974848 0.999635 0.000013
1.200000 -1.767904 0.327230 0.489405 46.958834 0.999626 0.000017
1.200000 -1.570177 0.337359 0.485473 46.941873 0.999617 0.000023
1.200000 -1.373143 0.344529 0.481223 46.924046 0.999609 0.000031
1.200000 -1.176703 0.349073 0.476710 46.905425 0.999601 0.000040
1.200000 -0.980762 0.351336 0.471979 46.886070 0.999593 0.000051
1.200000 -0.785221 0.351653 0.467061 46.866032 0.999585 0.000064
1.200000 -0.589980 0.350335 0.461978 46.845356 0.999576 0.000078
1.200000 -0.394940 0.347662 0.456741 46.824084 0.999567 0.000095
1.200000 -0.200000 0.343879 0.451352 46.802253 0.999557 0.000112
1.200000 -0.005061 0.339193 0.445807 46.779898 0.999547 0.000131
1.200000 0.189973 0.333782 0.440099 46.757051 0.999537 0.000151
1.200000 0.385197 0.327794 0.434216 46.733748 0.999526 0.000172
1.200000 0.580706 0.321354 0.428150 46.710018 0.999515 0.000193
1.200000 0.776595 0.314565 0.421890 46.685893 0.999504 0.000213
1.200000 0.972955 0.307517 0.415429 46.661404 0.999493 0.000233
1.200000 1.169880 0.300285 0.408763 46.636578 0.999481 0.000251
1.200000 1.367462 0.292933 0.401892 46.611445 0.999469 0.000268
1.200000 1.565789 0.285520 0.394820 46.586030 0.999457 0.000283
1.200000 1.764950 0.278093 0.387555 46.560359 0.999445 0.000296
1.200000 1.965033 0.270695 0.380108 46.534455 0.999433 0.000307
1.200000 2.166122 0.263363 0.372492 46.508341 0.999421 0.000316
1.200000 2.368301 0.256129 0.364726 46.482036 0.999409 0.000323
1.200000 2.571650 0.249019 0.356827 46.455561 0.999396 0.000328
1.200000 2.776249 0.242053 0.348816 46.428932 0.999384 0.000331
1.200000 2.982174 0.235250 0.340713 46.402165 0.999372 0.000333
1.200000 3.189498 0.228622 0.332539 46.375274 0.999360 0.000333
1.200000 3.398294 0.222179 0.324313 46.348274 0.999347 0.000333
1.200000 3.608631 0.215930 0.316056 46.321175 0.999335 0.000331
1.200000 3.820574 0.209877 0.307785 46.293988 0.999323 0.000330
1.200000 4.034187 0.204024 0.299518 46.266724 0.999311 0.000327
1.200000 4.249529 0.198371 0.291269 46.239391 0.999299 0.000325
1.200000 4.466660 0.192919 0.283054 46.211998 0.999287 0.000323
1.200000 4.685632 0.187666 0.274885 46.184553 0.999275 0.000320
1.200000 4.906498 0.182610 0.266774 46.157060 0.999264 0.000317
1.200000 5.129306 0.177750 0.258729 46.129529 0.999252 0.000315
1.200000 5.354100 0.173085 0.250760 46.101963 0.999241 0.000313
1.200000 5.580925 0.168612 0.242876 46.074368 0.999230 0.000311
1.200000 5.809817 0.164331 0.235081 46.046749 0.999219 0.000308
1.200000 6.040814 0.160242 0.227381 46.019111 0.999208 0.000306
1.200000 6.273949 0.156344 0.219782 45.991457 0.999197 0.000305
1.200000 6.509251 0.152640 0.212287 45.963790 0.999187 0.000303
1.200000 6.746747 0.149131 0.204897 45.936115 0.999177 0.000301
1.200000 6.986461 0.145823 0.197616 45.908434 0.999167 0.000300
1.200000 7.228415 0.142718 0.190444 45.880751 0.999157 0.000298
1.200000 7.472626 0.139825 0.183381 45.853068 0.999148 0.000297
1.200000 7.719110 0.137152 0.176425 45.825390 0.999139 0.000296
1.200000 7.967880 0.134708 0.169574 45.797722 0.999130 0.000295
1.200000 8.218945 0.132505 0.162823 45.770070 0.999122 0.000293
1.200000 8.472313 0.130557 0.156164 45.742442 0.999114 0.000292
1.200000 8.727988 0.128881 0.149590 45.714852 0.999106 0.000292
1.200000 8.985973 0.127492 0.143087 45.687317 0.999099 0.000291
1.200000 9.246268 0.126410 0.136638 45.659862 0.999092 0.000290
1.200000 9.508871 0.125653 0.130223 45.632520 0.999086 0.000289
1.200000 9.773777 0.125238 0.123813 45.605335 0.999081 0.000289
1.200000 10.040979 0.125175 0.117376 45.578370 0.999075 0.000288
1.200000 10.310468 0.125467 0.110868 45.551704 0.999071 0.000288
1.200000 10.582235 0.126096 0.104238 45.525447 0.999067 0.000288
1.200000 10.856267 0.127018 0.097428 45.499738 0.999063 0.000287
1.200000 11.132550 0.128143 0.090369 45.474759 0.999060 0.000287
1.200000 11.411067 0.129321 0.082989 45.450742 0.999056 0.000287
1.200000 11.691802 0.130314 0.075214 45.427974 0.999052 0.000286
1.200000 11.974736 0.130770 0.066983 45.406812 0.999045 0.000285
1.200000 12.259849 0.130197 0.058258 45.387687 0.999036 0.000284
1.200000 12.547118 0.127932 0.049055 45.371110 0.999023 0.000283
1.200000 12.836523 0.123126 0.039467 45.357674 0.999002 0.000280
1.200000 13.128037 0.114719 0.029715 45.348039 0.998971 0.000277
1.200000 13.421638 0.101444 0.020199 45.342901 0.998927 0.000272
1.200000 13.717299 0.081818 0.011553 45.342939 0.998867 0.000267
1.200000 14.014993 0.054160 0.004708 45.348743 0.998790 0.000260
1.200000 14.314694 0.016604 0.000936 45.360709 0.998696 0.000251
1.200000 14.616372 -0.032866 0.001873 41.970988 0.998591 0.000242
1.200000 14.920000 -0.032866 0.000000 38.581268 0.998486 0.000233
1.440000 -4.227027 0.000000 0.500000 44.711082 1.000000 0.000000
1.440000 -4.014206 0.028102 0.500320 44.711082 0.999910 0.000000
1.440000 -3.803070 0.059522 0.501092 44.711545 0.999817 0.000000
1.440000 -3.593550 0.093220 0.501959 44.709600 0.999726 0.000000
1.440000 -3.385574 0.127935 0.502620 44.705349 0.999642 0.000000
1.440000 -3.179068 0.162450 0.502848 44.698938 0.999568 0.000001
1.440000 -2.973956 0.195673 0.502487 44.690538 0.999504 0.000001
1.440000 -2.770157 0.226694 0.501453 44.680336 0.999452 0.000002
1.440000 -2.567590 0.254818 0.499715 44.668521 0.999410 0.000002
1.440000 -2.366169 0.279579 0.497291 44.655275 0.999376 0.000004
1.440000 -2.165807 0.300728 0.494231 44.640767 0.999350 0.000005
1.440000 -1.966416 0.318211 0.490606 44.625142 0.999328 0.000007
1.440000 -1.767904 0.332130 0.486496 44.608529 0.999310 0.000010
1.440000 -1.570177 0.342710 0.481982 44.591033 0.999295 0.000013
1.440000 -1.373143 0.350251 0.477139 44.572740 0.999280 0.000017
1.440000 -1.176703 0.355099 0.472035 44.553720 0.999266 0.000022
1.440000 -0.980762 0.357611 0.466722 44.534032 0.999252 0.000028
1.440000 -0.785221 0.358138 0.461241 44.513723 0.999237 0.000035
1.440000 -0.589980 0.357004 0.455622 44.492833 0.999221 0.000044
1.440000 -0.394940 0.354500 0.449881 44.471396 0.999205 0.000053
1.440000 -0.200000 0.350880 0.444028 44.449443 0.999188 0.000062
1.440000 -0.005061 0.346359 0.438063 44.427002 0.999170 0.000073
1.440000 0.189973 0.341120 0.431983 44.404101 0.999151 0.000084
1.440000 0.385197 0.335311 0.425780 44.380766 0.999132 0.000096
1.440000 0.580706 0.329057 0.419446 44.357022 0.999113 0.000107
1.440000 0.776595 0.322460 0.412974 44.332896 0.999093 0.000118
1.440000 0.972955 0.315606 0.406355 44.308412 0.999073 0.000129
1.440000 1.169880 0.308566 0.399586 44.283594 0.999052 0.000140
1.440000 1.367462 0.301402 0.392664 44.258466 0.999032 0.000149
1.440000 1.565789 0.294165 0.385590 44.233052 0.999011 0.000157
1.440000 1.764950 0.286901 0.378369 44.207372 0.998990 0.000164
1.440000 1.965033 0.279648 0.371006 44.181449 0.998969 0.000170
1.440000 2.166122 0.272439 0.363513 44.155302 0.998948 0.000175
1.440000 2.368301 0.265305 0.355901 44.128951 0.998926 0.000179
1.440000 2.571650 0.258270 0.348183 44.102413 0.998905 0.000182
1.440000 2.776249 0.251354 0.340375 44.075706 0.998884 0.000183
1.440000 2.982174 0.244575 0.332493 44.048846 0.998863 0.000184
1.440000 3.189498 0.237947 0.324553 44.021846 0.998841 0.000184
1.440000 3.398294 0.231481 0.316571 43.994721 0.998820 0.000184
1.440000 3.608631 0.225184 0.308564 43.967482 0.998799 0.000183
1.440000 3.820574 0.219064 0.300547 43.940142 0.998778 0.000182
1.440000 4.034187 0.213125 0.292534 43.912711 0.998758 0.000181
1.440000 4.249529 0.207370 0.284540 43.885199 0.998737 0.000179
1.440000 4.466660 0.201800 0.276578 43.857614 0.998716 0.000178
1.440000 4.685632 0.196416 0.268658 43.829964 0.998696 0.000176
1.440000 4.906498 0.191219 0.260792 43.802257 0.998676 0.000175
1.440000 5.129306 0.186209 0.252989 43.774499 0.998657 0.000173
1.440000 5.354100 0.181385 0.245259 43.746695 0.998637 0.000172
1.440000 5.580925 0.176748 0.237609 43.718851 0.998618 0.000170
1.440000 5.809817 0.172298 0.230045 43.690970 0.998599 0.000169
1.440000 6.040814 0.168035 0.222574 43.663055 0.998581 0.000168
1.440000 6.273949 0.163962 0.215201 43.635110 0.998563 0.000167
1.440000 6.509251 0.160081 0.207931 43.607136 0.998545 0.000166
1.440000 6.746747 0.156396 0.200767 43.579133 0.998528 0.000165
1.440000 6.986461 0.152910 0.193713 43.551101 0.998511 0.000164
1.440000 7.228415 0.149631 0.186770 43.523041 0.998494 0.000163
1.440000 7.472626 0.146566 0.179940 43.494951 0.998478 0.000162
1.440000 7.719110 0.143724 0.173223 43.466830 0.998463 0.000162
1.440000 7.967880 0.141117 0.166617 43.438676 0.998448 0.000161
1.440000 8.218945 0.138759 0.160121 43.410489 0.998434 0.000160
1.440000 8.472313 0.136665 0.153729 43.382270 0.998420 0.000160
1.440000 8.727988 0.134854 0.147433 43.354023 0.998407 0.000159
1.440000 8.985973 0.133345 0.141224 43.325756 0.998395 0.000159
1.440000 9.246268 0.132162 0.135086 43.297481 0.998384 0.000158
1.440000 9.508871 0.131327 0.129000 43.269221 0.998373 0.000158
1.440000 9.773777 0.130863 0.122938 43.241007 0.998364 0.000157
1.440000 10.040979 0.130786 0.116868 43.212888 0.998355 0.000157
1.440000 10.310468 0.131106 0.110744 43.184931 0.998347 0.000157
1.440000 10.582235 0.131814 0.104514 43.157233 0.998340 0.000157
1.440000 10.856267 0.132873 0.098110 43.129926 0.998334 0.000157
1.440000 11.132550 0.134201 0.091456 43.103186 0.998329 0.000156
1.440000 11.411067 0.135650 0.084463 43.077246 0.998323 0.000156
1.440000 11.691802 0.136979 0.077039 43.052404 0.998316 0.000156
1.440000 11.974736 0.137825 0.069096 43.029041 0.998307 0.000155
1.440000 12.259849 0.137665 0.060567 43.007630 0.998292 0.000155
1.440000 12.547118 0.135786 0.051431 42.988752 0.998270 0.000154
1.440000 12.836523 0.131250 0.041753 42.973098 0.998235 0.000152
1.440000 13.128037 0.122873 0.031735 42.961459 0.998184 0.000150
1.440000 13.421638 0.109208 0.021783 42.954700 0.998110 0.000148
1.440000 13.717299 0.088546 0.012583 42.953696 0.998009 0.000144
1.440000 14.014993 0.058928 0.005180 42.959240 0.997877 0.000140
1.440000 14.314694 0.018184 0.001042 42.971914 0.997716 0.000135
1.440000 14.616372 -0.036002 0.002083 39.758393 0.997535 0.000130
1.440000 14.920000 -0.036002 0.000000 36.544872 0.997354 0.000124
1.680000 -4.227027 0.000000 0.500000 42.369911 1.000000 0.000000
1.680000 -4.014206 0.027352 0.500343 42.369911 0.999837 0.000000
1.680000 -3.803070 0.058465 0.501160 42.370305 0.999668 0.000000
1.680000 -3.593550 0.092261 0.502053 42.368042 0.999504 0.000000
1.680000 -3.385574 0.127400 0.502687 42.363257 0.999352 0.000000
1.680000 -3.179068 0.162579 0.502811 42.356140 0.999218 0.000000
1.680000 -2.973956 0.196618 0.502256 42.346911 0.999103 0.000001
1.680000 -2.770157 0.228528 0.500934 42.335804 0.999009 0.000001
1.680000 -2.567590 0.257550 0.498819 42.323054 0.998933 0.000001
1.680000 -2.366169 0.283166 0.495941 42.308880 0.998873 0.000002
1.680000 -2.165807 0.305092 0.492364 42.293480 0.998826 0.000003
1.680000 -1.966416 0.323254 0.488173 42.277023 0.998788 0.000004
1.680000 -1.767904 0.337747 0.483465 42.259650 0.998757 0.000005
1.680000 -1.570177 0.348797 0.478336 42.241474 0.998729 0.000007
1.680000 -1.373143 0.356713 0.472876 42.222584 0.998704 0.000009
1.680000 -1.176703 0.361854 0.467161 42.203047 0.998679 0.000012
1.680000 -0.980762 0.364595 0.461255 42.182918 0.998654 0.000015
1.680000 -0.785221 0.365300 0.455208 42.162238 0.998628 0.000019
1.680000 -0.589980 0.364311 0.449054 42.141038 0.998601 0.000024
1.680000 -0.394940 0.361929 0.442817 42.119347 0.998572 0.000029
1.680000 -0.200000 0.358421 0.436509 42.097187 0.998543 0.000034
1.680000 -0.005061 0.354008 0.430134 42.074578 0.998512 0.000040
1.680000 0.189973 0.348878 0.423691 42.051542 0.998480 0.000046
1.680000 0.385197 0.343184 0.417176 42.028098 0.998447 0.000052
1.680000 0.580706 0.337051 0.410580 42.004266 0.998414 0.000058
1.680000 0.776595 0.330581 0.403896 41.980066 0.998380 0.000064
1.680000 0.972955 0.323857 0.397117 41.955517 0.998345 0.000070
1.680000 1.169880 0.316948 0.390236 41.930641 0.998310 0.000076
1.680000 1.367462 0.309912 0.383250 41.905457 0.998275 0.000081
1.680000 1.565789 0.302796 0.376157 41.879984 0.998240 0.000085
1.680000 1.764950 0.295644 0.368957 41.854243 0.998204 0.000089
1.680000 1.965033 0.288491 0.361655 41.828251 0.998168 0.000093
1.680000 2.166122 0.281367 0.354257 41.802028 0.998133 0.000095
1.680000 2.368301 0.274300 0.346769 41.775591 0.998097 0.000097
1.680000 2.571650 0.267312 0.339202 41.748956 0.998061 0.000098
1.680000 2.776249 0.260424 0.331567 41.722142 0.998025 0.000099
1.680000 2.982174 0.253653 0.323876 41.695162 0.997989 0.000100
1.680000 3.189498 0.247012 0.316141 41.668031 0.997953 0.000100
1.680000 3.398294 0.240513 0.308376 41.640764 0.997918 0.000099
1.680000 3.608631 0.234165 0.300593 41.613372 0.997882 0.000099
1.680000 3.820574 0.227977 0.292806 41.585867 0.997847 0.000098
1.680000 4.034187 0.221952 0.285027 41.558261 0.997812 0.000097
1.680000 4.249529 0.216097 0.277268 41.530564 0.997778 0.000097
1.680000 4.466660 0.210413 0.269540 41.502784 0.997744 0.000096
1.680000 4.685632 0.204904 0.261855 41.474930 0.997710 0.000095
1.680000 4.906498 0.199571 0.254222 41.447009 0.997676 0.000094
1.680000 5.129306 0.194416 0.246650 41.419028 0.997643 0.000093
1.680000 5.354100 0.189440 0.239147 41.390992 0.997611 0.000092
1.680000 5.580925 0.184643 0.231723 41.362905 0.997579 0.000092
1.680000 5.809817 0.180028 0.224383 41.334770 0.997548 0.000091
1.680000 6.040814 0.175597 0.217135 41.306590 0.997517 0.000090
1.680000 6.273949 0.171351 0.209985 41.278364 0.997487 0.000090
1.680000 6.509251 0.167296 0.202936 41.250094 0.997457 0.000089
1.680000 6.746747 0.163434 0.195996 41.221775 0.997428 0.000088
1.680000 6.986461 0.159772 0.189167 41.193407 0.997400 0.000088
1.680000 7.228415 0.156316 0.182453 41.164984 0.997373 0.000087
1.680000 7.472626 0.153075 0.175857 41.136500 0.997346 0.000087
1.680000 7.719110 0.150061 0.169381 41.107948 0.997321 0.000086
1.680000 7.967880 0.147285 0.163026 41.079321 0.997296 0.000086
1.680000 8.218945 0.144763 0.156790 41.050611 0.997272 0.000086
1.680000 8.472313 0.142512 0.150672 41.021809 0.997250 0.000085
1.680000 8.727988 0.140554 0.144667 40.992911 0.997228 0.000085
1.680000 8.985973 0.138912 0.138765 40.963911 0.997208 0.000085
1.680000 9.246268 0.137612 0.132956 40.934810 0.997189 0.000084
1.680000 9.508871 0.136682 0.127221 40.905615 0.997171 0.000084
1.680000 9.773777 0.136150 0.121536 40.876342 0.997155 0.000084
1.680000 10.040979 0.136042 0.115868 40.847022 0.997141 0.000084
1.680000 10.310468 0.136375 0.110173 40.817707 0.997128 0.000084
1.680000 10.582235 0.137150 0.104395 40.788478 0.997116 0.000084
1.680000 10.856267 0.138341 0.098463 40.759449 0.997107 0.000084
1.680000 11.132550 0.139877 0.092289 40.730787 0.997098 0.000083
1.680000 11.411067 0.141617 0.085770 40.702716 0.997089 0.000083
1.680000 11.691802 0.143324 0.078793 40.675538 0.997078 0.000083
1.680000 11.974736 0.144626 0.071238 40.649652 0.997063 0.000083
1.680000 12.259849 0.144977 0.063002 40.625573 0.997041 0.000083
1.680000 12.547118 0.143611 0.054020 40.603951 0.997006 0.000082
1.680000 12.836523 0.139501 0.044313 40.585588 0.996951 0.000081
1.680000 13.128037 0.131319 0.034053 40.571431 0.996867 0.000080
1.680000 13.421638 0.117411 0.023641 40.562553 0.996747 0.000078
1.680000 13.717299 0.095792 0.013816 40.560084 0.996579 0.000076
1.680000 14.014993 0.064157 0.005757 40.565102 0.996360 0.000074
1.680000 14.314694 0.019953 0.001173 40.578464 0.996089 0.000071
1.680000 14.616372 -0.039514 0.002347 37.559448 0.995784 0.000068
1.680000 14.920000 -0.039514 0.000000 34.540432 0.995478 0.000065
1.920000 -4.227027 0.000000 0.500000 40.032163 1.000000 0.000000
1.920000 -4.014206 0.026538 0.500376 40.032163 0.999710 0.000000
1.920000 -3.803070 0.057340 0.501264 40.032479 0.999410 0.000000
1.920000 -3.593550 0.091282 0.502209 40.029794 0.999119 0.000000
1.920000 -3.385574 0.126933 0.502830 40.024302 0.998850 0.000000
1.920000 -3.179068 0.162886 0.502846 40.016255 0.998612 0.000000
1.920000 -2.973956 0.197863 0.502075 40.005944 0.998411 0.000000
1.920000 -2.770157 0.230784 0.500426 39.993671 0.998245 0.000000
1.920000 -2.567590 0.260813 0.497883 39.979728 0.998112 0.000001
1.920000 -2.366169 0.287376 0.494490 39.964383 0.998008 0.000001
1.920000 -2.165807 0.310151 0.490331 39.947869 0.997926 0.000001
1.920000 -1.966416 0.329041 0.485512 39.930381 0.997861 0.000002
1.920000 -1.767904 0.344136 0.480149 39.912074 0.997807 0.000003
1.920000 -1.570177 0.355664 0.474357 39.893066 0.997760 0.000004
1.920000 -1.373143 0.363948 0.468238 39.873447 0.997717 0.000005
1.920000 -1.176703 0.369363 0.461882 39.853278 0.997675 0.000006
1.920000 -0.980762 0.372302 0.455363 39.832606 0.997633 0.000008
1.920000 -0.785221 0.373146 0.448737 39.811462 0.997589 0.000010
1.920000 -0.589980 0.372254 0.442043 39.789870 0.997543 0.000013
1.920000 -0.394940 0.369944 0.435309 39.767846 0.997495 0.000015
1.920000 -0.200000 0.366491 0.428550 39.745404 0.997445 0.000018
1.920000 -0.005061 0.362129 0.421771 39.722556 0.997393 0.000021
1.920000 0.189973 0.357049 0.414973 39.699316 0.997339 0.000024
1.920000 0.385197 0.351408 0.408151 39.675696 0.997284 0.000028
1.920000 0.580706 0.345335 0.401297 39.651710 0.997229 0.000031
1.920000 0.776595 0.338930 0.394402 39.627373 0.997172 0.000034
1.920000 0.972955 0.332277 0.387459 39.602699 0.997114 0.000038
1.920000 1.169880 0.325441 0.380459 39.577706 0.997056 0.000040
1.920000 1.367462 0.318479 0.373398 39.552409 0.996998 0.000043
1.920000 1.565789 0.311435 0.366270 39.526826 0.996939 0.000046
1.920000 1.764950 0.304349 0.359074 39.500973 0.996880 0.000048
1.920000 1.965033 0.297253 0.351811 39.474867 0.996821 0.000049
1.920000 2.166122 0.290177 0.344483 39.448526 0.996762 0.000051
1.920000 2.368301 0.283145 0.337094 39.421965 0.996703 0.000052
1.920000 2.571650 0.276179 0.329650 39.395200 0.996644 0.000052
1.920000 2.776249 0.269297 0.322160 39.368248 0.996585 0.000053
1.920000 2.982174 0.262515 0.314632 39.341123 0.996526 0.000053
1.920000 3.189498 0.255848 0.307075 39.313839 0.996468 0.000053
1.920000 3.398294 0.249307 0.299499 39.286410 0.996410 0.000053
1.920000 3.608631 0.242902 0.291916 39.258850 0.996352 0.000052
1.920000 3.820574 0.236640 0.284334 39.231169 0.996294 0.000052
1.920000 4.034187 0.230529 0.276766 39.203379 0.996237 0.000052
1.920000 4.249529 0.224574 0.269221 39.175490 0.996181 0.000051
1.920000 4.466660 0.218778 0.261710 39.147513 0.996125 0.000051
1.920000 4.685632 0.213147 0.254241 39.119454 0.996070 0.000050
1.920000 4.906498 0.207681 0.246825 39.091321 0.996015 0.000050
1.920000 5.129306 0.202384 0.239469 39.063121 0.995962 0.000049
1.920000 5.354100 0.197259 0.232183 39.034858 0.995909 0.000049
1.920000 5.580925 0.192307 0.224973 39.006536 0.995857 0.000048
1.920000 5.809817 0.187530 0.217848 38.978157 0.995805 0.000048
1.920000 6.040814 0.182933 0.210813 38.949722 0.995755 0.000047
1.920000 6.273949 0.178517 0.203877 38.921229 0.995706 0.000047
1.920000 6.509251 0.174287 0.197044 38.892677 0.995658 0.000047
1.920000 6.746747 0.170249 0.190321 38.864060 0.995611 0.000046
1.920000 6.986461 0.166409 0.183712 38.835371 0.995565 0.000046
1.920000 7.228415 0.162774 0.177224 38.806603 0.995521 0.000046
1.920000 7.472626 0.159354 0.170860 38.777745 0.995478 0.000046
1.920000 7.719110 0.156160 0.164624 38.748782 0.995436 0.000045
1.920000 7.967880 0.153207 0.158518 38.719702 0.995396 0.000045
1.920000 8.218945 0.150511 0.152545 38.690486 0.995357 0.000045
1.920000 8.472313 0.148091 0.146705 38.661119 0.995321 0.000045
1.920000 8.727988 0.145972 0.140996 38.631583 0.995286 0.000044
1.920000 8.985973 0.144179 0.135413 38.601860 0.995252 0.000044
1.920000 9.246268 0.142742 0.129947 38.571936 0.995221 0.000044
1.920000 9.508871 0.141695 0.124583 38.541801 0.995193 0.000044
1.920000 9.773777 0.141073 0.119302 38.511451 0.995166 0.000044
1.920000 10.040979 0.140909 0.114072 38.480897 0.995143 0.000044
1.920000 10.310468 0.141230 0.108851 38.450171 0.995122 0.000044
1.920000 10.582235 0.142051 0.103583 38.419328 0.995104 0.000044
1.920000 10.856267 0.143358 0.098193 38.388461 0.995088 0.000044
1.920000 11.132550 0.145095 0.092585 38.357715 0.995073 0.000044
1.920000 11.411067 0.147135 0.086644 38.327297 0.995059 0.000043
1.920000 11.691802 0.149252 0.080231 38.297502 0.995043 0.000043
1.920000 11.974736 0.151074 0.073195 38.268736 0.995021 0.000043
1.920000 12.259849 0.152036 0.065386 38.241550 0.994987 0.000043
1.920000 12.547118 0.151325 0.056686 38.216662 0.994933 0.000043
1.920000 12.836523 0.147821 0.047058 38.194989 0.994848 0.000042
1.920000 13.128037 0.140039 0.036623 38.177659 0.994717 0.000042
1.920000 13.421638 0.126082 0.025763 38.165998 0.994525 0.000041
1.920000 13.717299 0.103626 0.015262 38.161462 0.994256 0.000040
1.920000 14.014993 0.069934 0.006450 38.165518 0.993899 0.000038
1.920000 14.314694 0.021957 0.001336 38.179428 0.993456 0.000037
1.920000 14.616372 -0.043492 0.002671 35.375856 0.992953 0.000035
1.920000 14.920000 -0.043492 0.000000 32.572285 0.992450 0.000033
2.160000 -4.227027 0.000000 0.500000 37.698285 1.000000 0.000000
2.160000 -4.014206 0.025634 0.500421 37.698285 0.999494 0.000000
2.160000 -3.803070 0.056116 0.501404 37.698475 0.998973 0.000000
2.160000 -3.593550 0.090264 0.502417 37.695206 0.998467 0.000000
2.160000 -3.385574 0.126537 0.503022 37.688753 0.998000 0.000000
2.160000 -3.179068 0.163404 0.502903 37.679469 0.997589 0.000000
2.160000 -2.973956 0.199468 0.501863 37.667743 0.997241 0.000000
2.160000 -2.770157 0.233540 0.499813 37.653968 0.996956 0.000000
2.160000 -2.567590 0.264698 0.496754 37.638511 0.996730 0.000000
2.160000 -2.366169 0.292305 0.492751 37.621701 0.996553 0.000001
2.160000 -2.165807 0.315997 0.487914 37.603816 0.996415 0.000001
2.160000 -1.966416 0.335659 0.482377 37.585075 0.996306 0.000001
2.160000 -1.767904 0.351373 0.476279 37.565646 0.996216 0.000001
2.160000 -1.570177 0.363377 0.469753 37.545651 0.996138 0.000002
2.160000 -1.373143 0.372009 0.462920 37.525171 0.996067 0.000003
2.160000 -1.176703 0.377665 0.455881 37.504262 0.995998 0.000003
2.160000 -0.980762 0.380757 0.448717 37.482954 0.995928 0.000004
2.160000 -0.785221 0.381691 0.441491 37.461267 0.995855 0.000005
2.160000 -0.589980 0.380842 0.434246 37.439210 0.995780 0.000007
2.160000 -0.394940 0.378544 0.427010 37.416788 0.995701 0.000008
2.160000 -0.200000 0.375088 0.419799 37.394002 0.995619 0.000010
2.160000 -0.005061 0.370714 0.412619 37.370856 0.995534 0.000011
2.160000 0.189973 0.365624 0.405469 37.347354 0.995447 0.000013
2.160000 0.385197 0.359978 0.398343 37.323501 0.995357 0.000015
2.160000 0.580706 0.353906 0.391232 37.299306 0.995266 0.000016
2.160000 0.776595 0.347510 0.384127 37.274776 0.995174 0.000018
2.160000 0.972955 0.340872 0.377016 37.249924 0.995081 0.000020
2.160000 1.169880 0.334057 0.369891 37.224761 0.994987 0.000021
2.160000 1.367462 0.327119 0.362744 37.199302 0.994893 0.000023
2.160000 1.565789 0.320101 0.355567 37.173560 0.994798 0.000024
2.160000 1.764950 0.313039 0.348358 37.147551 0.994703 0.000025
2.160000 1.965033 0.305963 0.341113 37.121289 0.994608 0.000026
2.160000 2.166122 0.298900 0.333833 37.094789 0.994513 0.000026
2.160000 2.368301 0.291873 0.326518 37.068068 0.994418 0.000027
2.160000 2.571650 0.284902 0.319172 37.041141 0.994324 0.000027
2.160000 2.776249 0.278004 0.311800 37.014022 0.994229 0.000027
2.160000 2.982174 0.271195 0.304407 36.986726 0.994136 0.000028
2.160000 3.189498 0.264488 0.297001 36.959267 0.994042 0.000028
2.160000 3.398294 0.257893 0.289588 36.931658 0.993949 0.000027
2.160000 3.608631 0.251422 0.282177 36.903913 0.993857 0.000027
2.160000 3.820574 0.245082 0.274776 36.876044 0.993766 0.000027
2.160000 4.034187 0.238881 0.267395 36.848061 0.993675 0.000027
2.160000 4.249529 0.232824 0.260041 36.819975 0.993585 0.000026
2.160000 4.466660 0.226916 0.252724 36.791796 0.993496 0.000026
2.160000 4.685632 0.221162 0.245452 36.763531 0.993409 0.000026
2.160000 4.906498 0.215566 0.238234 36.735188 0.993322 0.000026
2.160000 5.129306 0.210130 0.231077 36.706773 0.993237 0.000025
2.160000 5.354100 0.204857 0.223990 36.678290 0.993153 0.000025
2.160000 5.580925 0.199752 0.216980 36.649742 0.993070 0.000025
2.160000 5.809817 0.194816 0.210055 36.621130 0.992989 0.000025
2.160000 6.040814 0.190053 0.203222 36.592453 0.992910 0.000024
2.160000 6.273949 0.185468 0.196488 36.563709 0.992832 0.000024
2.160000 6.509251 0.181065 0.189860 36.534892 0.992756 0.000024
2.160000 6.746747 0.176849 0.183344 36.505996 0.992682 0.000024
2.160000 6.986461 0.172828 0.176947 36.477009 0.992609 0.000024
2.160000 7.228415 0.169010 0.170676 36.447920 0.992539 0.000024
2.160000 7.472626 0.165405 0.164536 36.418711 0.992470 0.000023
2.160000 7.719110 0.162025 0.158534 36.389364 0.992404 0.000023
2.160000 7.967880 0.158885 0.152674 36.359857 0.992341 0.000023
2.160000 8.218945 0.156003 0.146962 36.330164 0.992279 0.000023
2.160000 8.472313 0.153400 0.141399 36.300258 0.992221 0.000023
2.160000 8.727988 0.151102 0.135989 36.270109 0.992165 0.000023
2.160000 8.985973 0.149137 0.130729 36.239685 0.992112 0.000023
2.160000 9.246268 0.147539 0.125616 36.208954 0.992063 0.000023
2.160000 9.508871 0.146348 0.120640 36.177887 0.992017 0.000023
2.160000 9.773777 0.145604 0.115786 36.146459 0.991975 0.000022
2.160000 10.040979 0.145351 0.111026 36.114655 0.991937 0.000022
2.160000 10.310468 0.145626 0.106325 36.082478 0.991903 0.000022
2.160000 10.582235 0.146458 0.101625 36.049955 0.991874 0.000022
2.160000 10.856267 0.147851 0.096854 36.017148 0.991849 0.000022
2.160000 11.132550 0.149767 0.091911 35.984164 0.991826 0.000022
2.160000 11.411067 0.152102 0.086667 35.951181 0.991805 0.000022
2.160000 11.691802 0.154646 0.080961 35.918473 0.991781 0.000022
2.160000 11.974736 0.157037 0.074609 35.886442 0.991748 0.000022
2.160000 12.259849 0.158706 0.067410 35.855655 0.991698 0.000022
2.160000 12.547118 0.158799 0.059179 35.826890 0.991618 0.000022
2.160000 12.836523 0.156106 0.049802 35.801179 0.991490 0.000022
2.160000 13.128037 0.148970 0.039326 35.779849 0.991291 0.000021
2.160000 13.421638 0.135215 0.028091 35.764523 0.990995 0.000021
2.160000 13.717299 0.112102 0.016906 35.757071 0.990574 0.000020
2.160000 14.014993 0.076346 0.007264 35.759480 0.990009 0.000019
2.160000 14.314694 0.024248 0.001532 35.773594 0.989303 0.000018
2.160000 14.616372 -0.048039 0.003065 33.209794 0.988495 0.000017
2.160000 14.920000 -0.048039 0.000000 30.645994 0.987687 0.000016
2.400000 -4.227027 0.000000 0.500000 35.368883 1.000000 0.000000
2.400000 -4.014206 0.024618 0.500476 35.368883 0.999136 0.000000
2.400000 -3.803070 0.054773 0.501568 35.368834 0.998247 0.000000
2.400000 -3.593550 0.089213 0.502646 35.364716 0.997384 0.000000
2.400000 -3.385574 0.126252 0.503200 35.356938 0.996591 0.000000
2.400000 -3.179068 0.164209 0.502875 35.345994 0.995895 0.000000
2.400000 -2.973956 0.201537 0.501462 35.332411 0.995309 0.000000
2.400000 -2.770157 0.236923 0.498884 35.316701 0.994832 0.000000
2.400000 -2.567590 0.269346 0.495167 35.299335 0.994455 0.000000
2.400000 -2.366169 0.298096 0.490410 35.280712 0.994163 0.000000
2.400000 -2.165807 0.322770 0.484758 35.261158 0.993936 0.000000
2.400000 -1.966416 0.343232 0.478376 35.240919 0.993758 0.000001
2.400000 -1.767904 0.359567 0.471432 35.220171 0.993613 0.000001
2.400000 -1.570177 0.372025 0.464081 35.199031 0.993488 0.000001
2.400000 -1.373143 0.380965 0.456460 35.177568 0.993373 0.000001
2.400000 -1.176703 0.386809 0.448682 35.155819 0.993262 0.000002
2.400000 -0.980762 0.389996 0.440834 35.133797 0.993150 0.000002
2.400000 -0.785221 0.390956 0.432981 35.111502 0.993034 0.000003
2.400000 -0.589980 0.390084 0.425168 35.088924 0.992913 0.000003
2.400000 -0.394940 0.387735 0.417421 35.066052 0.992787 0.000004
2.400000 -0.200000 0.384210 0.409756 35.042875 0.992656 0.000005
2.400000 -0.005061 0.379763 0.402174 35.019384 0.992520 0.000006
2.400000 0.189973 0.374601 0.394674 34.995574 0.992382 0.000007
2.400000 0.385197 0.368890 0.387245 34.971442 0.992240 0.000007
2.400000 0.580706 0.362763 0.379878 34.946990 0.992096 0.000008
2.400000 0.776595 0.356322 0.372559 34.922221 0.991950 0.000009
2.400000 0.972955 0.349648 0.365276 34.897144 0.991803 0.000010
2.400000 1.169880 0.342807 0.358018 34.871766 0.991655 0.000011
2.400000 1.367462 0.335848 0.350773 34.846099 0.991507 0.000012
2.400000 1.565789 0.328813 0.343534 34.820155 0.991358 0.000012
2.400000 1.764950 0.321736 0.336294 34.793947 0.991209 0.000013
2.400000 1.965033 0.314645 0.329047 34.767489 0.991061 0.000013
2.400000 2.166122 0.307564 0.321792 34.740795 0.990912 0.000013
2.400000 2.368301 0.300514 0.314526 34.713880 0.990764 0.000014
2.400000 2.571650 0.293514 0.307251 34.686758 0.990617 0.000014
2.400000 2.776249 0.286579 0.299970 34.659444 0.990470 0.000014
2.400000 2.982174 0.279724 0.292684 34.631953 0.990324 0.000014
2.400000 3.189498 0.272962 0.285399 34.604297 0.990179 0.000014
2.400000 3.398294 0.266303 0.278121 34.576490 0.990034 0.000014
2.400000 3.608631 0.259757 0.270854 34.548545 0.989891 0.000014
2.400000 3.820574 0.253332 0.263607 34.520475 0.989750 0.000014
2.400000 4.034187 0.247035 0.256386 34.492290 0.989609 0.000014
2.400000 4.249529 0.240874 0.249198 34.464001 0.989470 0.000013
2.400000 4.466660 0.234852 0.242051 34.435616 0.989333 0.000013
2.400000 4.685632 0.228975 0.234952 34.407146 0.989197 0.000013
2.400000 4.906498 0.223248 0.227909 34.378595 0.989064 0.000013
2.400000 5.129306 0.217673 0.220930 34.349970 0.988932 0.000013
2.400000 5.354100 0.212255 0.214022 34.321275 0.988802 0.000013
2.400000 5.580925 0.206996 0.207192 34.292511 0.988675 0.000013
2.400000 5.809817 0.201902 0.200449 34.263679 0.988550 0.000012
2.400000 6.040814 0.196975 0.193800 34.234777 0.988427 0.000012
2.400000 6.273949 0.192219 0.187252 34.205799 0.988307 0.000012
2.400000 6.509251 0.187641 0.180813 34.176739 0.988190 0.000012
2.400000 6.746747 0.183246 0.174490 34.147587 0.988075 0.000012
2.400000 6.986461 0.179041 0.168291 34.118328 0.987963 0.000012
2.400000 7.228415 0.175035 0.162224 34.088945 0.987855 0.000012
2.400000 7.472626 0.171238 0.156297 34.059417 0.987749 0.000012
2.400000 7.719110 0.167663 0.150518 34.029718 0.987647 0.000012
2.400000 7.967880 0.164326 0.144894 33.999819 0.987549 0.000012
2.400000 8.218945 0.161244 0.139433 33.969685 0.987454 0.000012
2.400000 8.472313 0.158441 0.134142 33.939277 0.987363 0.000011
2.400000 8.727988 0.155942 0.129026 33.908553 0.987277 0.000011
2.400000 8.985973 0.153781 0.124090 33.877464 0.987195 0.000011
2.400000 9.246268 0.151994 0.119335 33.845960 0.987118 0.000011
2.400000 9.508871 0.150625 0.114757 33.813988 0.987047 0.000011
2.400000 9.773777 0.149722 0.110347 33.781500 0.986981 0.000011
2.400000 10.040979 0.149336 0.106087 33.748450 0.986922 0.000011
2.400000 10.310468 0.149518 0.101946 33.714809 0.986869 0.000011
2.400000 10.582235 0.150312 0.097875 33.680563 0.986822 0.000011
2.400000 10.856267 0.151742 0.093803 33.645731 0.986782 0.000011
2.400000 11.132550 0.153796 0.089629 33.610372 0.986747 0.000011
2.400000 11.411067 0.156394 0.085219 33.574619 0.986715 0.000011
2.400000 11.691802 0.159357 0.080392 33.538704 0.986679 0.000011
2.400000 11.974736 0.162347 0.074930 33.503000 0.986633 0.000011
2.400000 12.259849 0.164802 0.068579 33.468069 0.986562 0.000011
2.400000 12.547118 0.165846 0.061077 33.434724 0.986447 0.000011
2.400000 12.836523 0.164185 0.052215 33.404104 0.986260 0.000011
2.400000 13.128037 0.157982 0.041933 33.377736 0.985966 0.000011
2.400000 13.421638 0.144744 0.030489 33.357585 0.985522 0.000010
2.400000 13.717299 0.121233 0.018691 33.346032 0.984884 0.000010
2.400000 14.014993 0.083466 0.008189 33.345746 0.984017 0.000010
2.400000 14.314694 0.026881 0.001765 33.359395 0.982921 0.000009
2.400000 14.616372 -0.053267 0.003529 31.063933 0.981659 0.000009
2.400000 14.920000 -0.053267 0.000000 28.768472 0.980397 0.000008
2.640000 -4.227027 0.000000 0.500000 33.044764 1.000000 0.000000
2.640000 -4.014206 0.023473 0.500535 33.044764 0.998553 0.000000
2.640000 -3.803070 0.053317 0.501729 33.044246 0.997065 0.000000
2.640000 -3.593550 0.088176 0.502829 33.038869 0.995626 0.000000
2.640000 -3.385574 0.126178 0.503238 33.029238 0.994308 0.000000
2.640000 -3.179068 0.165448 0.502564 33.016052 0.993156 0.000000
2.640000 -2.973956 0.204258 0.500595 33.000026 0.992191 0.000000
2.640000 -2.770157 0.241144 0.497282 32.981836 0.991412 0.000000
2.640000 -2.567590 0.274972 0.492690 32.962074 0.990800 0.000000
2.640000 -2.366169 0.304958 0.486968 32.941226 0.990328 0.000000
2.640000 -2.165807 0.330660 0.480306 32.919668 0.989966 0.000000
2.640000 -1.966416 0.351928 0.472908 32.897668 0.989684 0.000000
2.640000 -1.767904 0.368857 0.464974 32.875399 0.989456 0.000000
2.640000 -1.570177 0.381719 0.456683 32.852964 0.989260 0.000001
2.640000 -1.373143 0.390902 0.448185 32.830408 0.989081 0.000001
2.640000 -1.176703 0.396860 0.439601 32.807740 0.988907 0.000001
2.640000 -0.980762 0.400064 0.431021 32.784945 0.988732 0.000001
2.640000 -0.785221 0.400969 0.422511 32.761994 0.988551 0.000001
2.640000 -0.589980 0.399998 0.414111 32.738857 0.988363 0.000002
2.640000 -0.394940 0.397522 0.405844 32.715501 0.988167 0.000002
2.640000 -0.200000 0.393859 0.397720 32.691900 0.987963 0.000002
2.640000 -0.005061 0.389273 0.389736 32.668031 0.987754 0.000003
2.640000 0.189973 0.383979 0.381885 32.643878 0.987539 0.000003
2.640000 0.385197 0.378146 0.374155 32.619430 0.987320 0.000004
2.640000 0.580706 0.371909 0.366529 32.594683 0.987098 0.000004
2.640000 0.776595 0.365372 0.358993 32.569636 0.986873 0.000005
2.640000 0.972955 0.358616 0.351531 32.544293 0.986648 0.000005
2.640000 1.169880 0.351703 0.344130 32.518659 0.986421 0.000005
2.640000 1.367462 0.344682 0.336775 32.492744 0.986194 0.000006
2.640000 1.565789 0.337592 0.329456 32.466559 0.985967 0.000006
2.640000 1.764950 0.330465 0.322165 32.440114 0.985740 0.000006
2.640000 1.965033 0.323326 0.314894 32.413423 0.985514 0.000007
2.640000 2.166122 0.316198 0.307639 32.386500 0.985288 0.000007
2.640000 2.368301 0.309099 0.300396 32.359358 0.985064 0.000007
2.640000 2.571650 0.302047 0.293164 32.332012 0.984840 0.000007
2.640000 2.776249 0.295055 0.285943 32.304476 0.984617 0.000007
2.640000 2.982174 0.288138 0.278734 32.276765 0.984396 0.000007
2.640000 3.189498 0.281306 0.271541 32.248891 0.984177 0.000007
2.640000 3.398294 0.274570 0.264365 32.220868 0.983959 0.000007
2.640000 3.608631 0.267939 0.257212 32.192709 0.983743 0.000007
2.640000 3.820574 0.261421 0.250088 32.164426 0.983530 0.000007
2.640000 4.034187 0.255024 0.242996 32.136030 0.983318 0.000007
2.640000 4.249529 0.248753 0.235944 32.107532 0.983109 0.000007
2.640000 4.466660 0.242614 0.228938 32.078940 0.982902 0.000007
2.640000 4.685632 0.236612 0.221985 32.050264 0.982699 0.000007
2.640000 4.906498 0.230752 0.215091 32.021509 0.982498 0.000006
2.640000 5.129306 0.225038 0.208263 31.992681 0.982300 0.000006
2.640000 5.354100 0.219473 0.201509 31.963783 0.982105 0.000006
2.640000 5.580925 0.214062 0.194836 31.934816 0.981914 0.000006
2.640000 5.809817 0.208808 0.188252 31.905779 0.981726 0.000006
2.640000 6.040814 0.203716 0.181764 31.876669 0.981542 0.000006
2.640000 6.273949 0.198789 0.175381 31.847479 0.981362 0.000006
2.640000 6.509251 0.194034 0.169110 31.818200 0.981186 0.000006
2.640000 6.746747 0.189457 0.162960 31.788819 0.981014 0.000006
2.640000 6.986461 0.185064 0.156939 31.759318 0.980846 0.000006
2.640000 7.228415 0.180864 0.151058 31.729676 0.980683 0.000006
2.640000 7.472626 0.176868 0.145326 31.699867 0.980525 0.000006
2.640000 7.719110 0.173088 0.139753 31.669857 0.980372 0.000006
2.640000 7.967880 0.169540 0.134349 31.639610 0.980224 0.000006
2.640000 8.218945 0.166243 0.129126 31.609082 0.980081 0.000006
2.640000 8.472313 0.163221 0.124093 31.578223 0.979945 0.000006
2.640000 8.727988 0.160500 0.119262 31.546975 0.979814 0.000006
2.640000 8.985973 0.158114 0.114642 31.515274 0.979691 0.000006
2.640000 9.246268 0.156105 0.110241 31.483048 0.979574 0.000006
2.640000 9.508871 0.154518 0.106064 31.450220 0.979465 0.000006
2.640000 9.773777 0.153408 0.102109 31.416714 0.979365 0.000006
2.640000 10.040979 0.152836 0.098369 31.382452 0.979274 0.000006
2.640000 10.310468 0.152865 0.094824 31.347361 0.979192 0.000006
2.640000 10.582235 0.153555 0.091435 31.311381 0.979121 0.000005
2.640000 10.856267 0.154952 0.088141 31.274473 0.979059 0.000005
2.640000 11.132550 0.157072 0.084849 31.236635 0.979005 0.000005
2.640000 11.411067 0.159873 0.081421 31.197932 0.978956 0.000005
2.640000 11.691802 0.163212 0.077671 31.158531 0.978904 0.000005
2.640000 11.974736 0.166792 0.073349 31.118743 0.978838 0.000005
2.640000 12.259849 0.170080 0.068150 31.079088 0.978739 0.000005
2.640000 12.547118 0.172199 0.061729 31.040380 0.978578 0.000005
2.640000 12.836523 0.171789 0.053761 31.003826 0.978315 0.000005
2.640000 13.128037 0.166841 0.044045 30.971140 0.977896 0.000005
2.640000 13.421638 0.154509 0.032706 30.944654 0.977253 0.000005
2.640000 13.717299 0.130961 0.020495 30.927359 0.976316 0.000005
2.640000 14.014993 0.091331 0.009188 30.922808 0.975026 0.000005
2.640000 14.314694 0.029912 0.002031 30.934808 0.973375 0.000004
2.640000 14.616372 -0.059287 0.004061 28.941367 0.971459 0.000004
2.640000 14.920000 -0.059287 0.000000 26.947925 0.969543 0.000004
2.880000 -4.227027 0.000000 0.500000 30.726987 1.000000 0.000000
2.880000 -4.014206 0.022206 0.500585 30.726987 0.997622 0.000000
2.880000 -3.803070 0.051803 0.501836 30.725584 0.995182 0.000000
2.880000 -3.593550 0.087281 0.502841 30.718314 0.992829 0.000000
2.880000 -3.385574 0.126519 0.502915 30.706074 0.990683 0.000000
2.880000 -3.179068 0.167387 0.501632 30.689851 0.988820 0.000000
2.880000 -2.973956 0.207934 0.498805 30.670619 0.987270 0.000000
2.880000 -2.770157 0.246522 0.494434 30.649260 0.986028 0.000000
2.880000 -2.567590 0.281889 0.488649 30.626515 0.985061 0.000000
2.880000 -2.366169 0.313182 0.481665 30.602968 0.984322 0.000000
2.880000 -2.165807 0.339922 0.473730 30.579038 0.983760 0.000000
2.880000 -1.966416 0.361962 0.465096 30.555003 0.983326 0.000000
2.880000 -1.767904 0.379417 0.455994 30.531020 0.982976 0.000000
2.880000 -1.570177 0.392594 0.446623 30.507157 0.982678 0.000000
2.880000 -1.373143 0.401920 0.437145 30.483422 0.982406 0.000000
2.880000 -1.176703 0.407888 0.427683 30.459779 0.982143 0.000000
2.880000 -0.980762 0.411005 0.418324 30.436175 0.981877 0.000001
2.880000 -0.785221 0.411759 0.409126 30.412547 0.981603 0.000001
2.880000 -0.589980 0.410598 0.400123 30.388833 0.981318 0.000001
2.880000 -0.394940 0.407913 0.391327 30.364978 0.981021 0.000001
2.880000 -0.200000 0.404038 0.382741 30.340936 0.980714 0.000001
2.880000 -0.005061 0.399245 0.374355 30.316668 0.980398 0.000001
2.880000 0.189973 0.393756 0.366155 30.292148 0.980074 0.000002
2.880000 0.385197 0.387745 0.358121 30.267357 0.979746 0.000002
2.880000 0.580706 0.381348 0.350234 30.242285 0.979413 0.000002
2.880000 0.776595 0.374669 0.342475 30.216926 0.979077 0.000002
2.880000 0.972955 0.367786 0.334826 30.191282 0.978741 0.000002
2.880000 1.169880 0.360762 0.327268 30.165356 0.978403 0.000003
2.880000 1.367462 0.353641 0.319787 30.139156 0.978066 0.000003
2.880000 1.565789 0.346462 0.312369 30.112692 0.977728 0.000003
2.880000 1.764950 0.339252 0.305005 30.085974 0.977392 0.000003
2.880000 1.965033 0.332037 0.297685 30.059016 0.977057 0.000003
2.880000 2.166122 0.324834 0.290402 30.031830 0.976724 0.000003
2.880000 2.368301 0.317663 0.283152 30.004431 0.976393 0.000003
2.880000 2.571650 0.310537 0.275931 29.976833 0.976063 0.000003
2.880000 2.776249 0.303470 0.268738 29.949049 0.975735 0.000003
2.880000 2.982174 0.296473 0.261572 29.921095 0.975410 0.000003
2.880000 3.189498 0.289557 0.254435 29.892983 0.975088 0.000003
2.880000 3.398294 0.282732 0.247328 29.864726 0.974769 0.000003
2.880000 3.608631 0.276007 0.240254 29.836339 0.974452 0.000003
2.880000 3.820574 0.269388 0.233217 29.807833 0.974139 0.000003
2.880000 4.034187 0.262882 0.226221 29.779218 0.973829 0.000003
2.880000 4.249529 0.256497 0.219271 29.750506 0.973524 0.000003
2.880000 4.466660 0.250236 0.212373 29.721706 0.973222 0.000003
2.880000 4.685632 0.244106 0.205533 29.692826 0.972924 0.000003
2.880000 4.906498 0.238111 0.198756 29.663872 0.972631 0.000003
2.880000 5.129306 0.232256 0.192049 29.634848 0.972342 0.000003
2.880000 5.354100 0.226543 0.185419 29.605758 0.972058 0.000003
2.880000 5.580925 0.220977 0.178874 29.576602 0.971779 0.000003
2.880000 5.809817 0.215562 0.172420 29.547378 0.971505 0.000003
2.880000 6.040814 0.210302 0.166066 29.518082 0.971237 0.000003
2.880000 6.273949 0.205203 0.159820 29.488705 0.970974 0.000003
2.880000 6.509251 0.200267 0.153691 29.459236 0.970718 0.000003
2.880000 6.746747 0.195503 0.147689 29.429658 0.970467 0.000003
2.880000 6.986461 0.190917 0.141822 29.399953 0.970223 0.000003
2.880000 7.228415 0.186517 0.136103 29.370092 0.969985 0.000003
2.880000 7.472626 0.182313 0.130542 29.340046 0.969755 0.000003
2.880000 7.719110 0.178317 0.125151 29.309775 0.969531 0.000003
2.880000 7.967880 0.174546 0.119945 29.279235 0.969315 0.000003
2.880000 8.218945 0.171018 0.114938 29.248372 0.969106 0.000003
2.880000 8.472313 0.167755 0.110143 29.217124 0.968906 0.000003
2.880000 8.727988 0.164786 0.105578 29.185420 0.968715 0.000003
2.880000 8.985973 0.162145 0.101258 29.153177 0.968533 0.000003
2.880000 9.246268 0.159875 0.097199 29.120303 0.968361 0.000003
2.880000 9.508871 0.158025 0.093415 29.086695 0.968200 0.000003
2.880000 9.773777 0.156655 0.089915 29.052244 0.968051 0.000003
2.880000 10.040979 0.155833 0.086706 29.016835 0.967914 0.000003
2.880000 10.310468 0.155633 0.083781 28.980349 0.967791 0.000003
2.880000 10.582235 0.156132 0.081119 28.942667 0.967683 0.000003
2.880000 10.856267 0.157401 0.078676 28.903680 0.967588 0.000003
2.880000 11.132550 0.159485 0.076373 28.863308 0.967506 0.000003
2.880000 11.411067 0.162385 0.074086 28.821526 0.967431 0.000003
2.880000 11.691802 0.166008 0.071629 28.778400 0.967355 0.000003
2.880000 11.974736 0.170115 0.068737 28.734141 0.967263 0.000003
2.880000 12.259849 0.174226 0.065062 28.689176 0.967127 0.000003
2.880000 12.547118 0.177495 0.060179 28.644257 0.966910 0.000003
2.880000 12.836523 0.178531 0.053629 28.600590 0.966551 0.000003
2.880000 13.128037 0.175171 0.045035 28.560023 0.965973 0.000003
2.880000 13.421638 0.164203 0.034322 28.525253 0.965075 0.000002
2.880000 13.717299 0.141106 0.022097 28.499970 0.963744 0.000002
2.880000 14.014993 0.099910 0.010191 28.488846 0.961886 0.000002
2.880000 14.314694 0.033388 0.002322 28.497245 0.959477 0.000002
2.880000 14.616372 -0.066191 0.004643 26.845573 0.956655 0.000002
2.880000 14.920000 -0.066191 0.000000 25.193901 0.953833 0.000002
3.120000 -4.227027 0.000000 0.500000 28.416919 1.000000 0.000000
3.120000 -4.014206 0.020860 0.500603 28.416919 0.996164 0.000000
3.120000 -3.803070 0.050373 0.501793 28.413916 0.992236 0.000000
3.120000 -3.593550 0.086787 0.502470 28.403792 0.988465 0.000000
3.120000 -3.385574 0.127636 0.501861 28.387871 0.985048 0.000000
3.120000 -3.179068 0.170462 0.499541 28.367541 0.982103 0.000000
3.120000 -2.973956 0.213040 0.495380 28.344117 0.979674 0.000000
3.120000 -2.770157 0.253528 0.489470 28.318740 0.977746 0.000000
3.120000 -2.567590 0.290541 0.482041 28.292324 0.976259 0.000000
3.120000 -2.366169 0.323157 0.473394 28.265547 0.975135 0.000000
3.120000 -2.165807 0.350886 0.463848 28.238859 0.974288 0.000000
3.120000 -1.966416 0.373599 0.453704 28.212522 0.973639 0.000000
3.120000 -1.767904 0.391452 0.443224 28.186653 0.973121 0.000000
3.120000 -1.570177 0.404801 0.432620 28.161263 0.972681 0.000000
3.120000 -1.373143 0.414124 0.422055 28.136295 0.972280 0.000000
3.120000 -1.176703 0.419961 0.411644 28.111656 0.971892 0.000000
3.120000 -0.980762 0.422862 0.401462 28.087240 0.971500 0.000000
3.120000 -0.785221 0.423348 0.391555 28.062939 0.971096 0.000000
3.120000 -0.589980 0.421894 0.381938 28.038654 0.970677 0.000000
3.120000 -0.394940 0.418910 0.372613 28.014303 0.970241 0.000000
3.120000 -0.200000 0.414743 0.363568 27.989816 0.969790 0.000001
3.120000 -0.005061 0.409675 0.354784 27.965141 0.969327 0.000001
3.120000 0.189973 0.403932 0.346236 27.940240 0.968854 0.000001
3.120000 0.385197 0.397691 0.337899 27.915086 0.968375 0.000001
3.120000 0.580706 0.391086 0.329748 27.889664 0.967891 0.000001
3.120000 0.776595 0.384221 0.321759 27.863965 0.967404 0.000001
3.120000 0.972955 0.377174 0.313910 27.837988 0.966916 0.000001
3.120000 1.169880 0.370002 0.306180 27.811736 0.966428 0.000001
3.120000 1.367462 0.362749 0.298554 27.785217 0.965940 0.000001
3.120000 1.565789 0.355449 0.291016 27.758439 0.965455 0.000001
3.120000 1.764950 0.348129 0.283552 27.731414 0.964971 0.000002
3.120000 1.965033 0.340811 0.276154 27.704155 0.964490 0.000002
3.120000 2.166122 0.333511 0.268813 27.676676 0.964012 0.000002
3.120000 2.368301 0.326244 0.261523 27.648990 0.963537 0.000002
3.120000 2.571650 0.319025 0.254278 27.621112 0.963065 0.000002
3.120000 2.776249 0.311864 0.247077 27.593056 0.962597 0.000002
3.120000 2.982174 0.304772 0.239917 27.564836 0.962133 0.000002
3.120000 3.189498 0.297759 0.232798 27.536467 0.961674 0.000002
3.120000 3.398294 0.290832 0.225721 27.507962 0.961219 0.000002
3.120000 3.608631 0.284001 0.218687 27.479334 0.960768 0.000002
3.120000 3.820574 0.277272 0.211699 27.450594 0.960323 0.000002
3.120000 4.034187 0.270651 0.204761 27.421755 0.959883 0.000002
3.120000 4.249529 0.264144 0.197875 27.392827 0.959449 0.000002
3.120000 4.466660 0.257757 0.191048 27.363818 0.959021 0.000002
3.120000 4.685632 0.251495 0.184283 27.334737 0.958598 0.000002
3.120000 4.906498 0.245361 0.177588 27.305590 0.958183 0.000002
3.120000 5.129306 0.239360 0.170966 27.276382 0.957774 0.000001
3.120000 5.354100 0.233496 0.164426 27.247114 0.957372 0.000001
3.120000 5.580925 0.227773 0.157974 27.217787 0.956977 0.000001
3.120000 5.809817 0.222195 0.151618 27.188397 0.956590 0.000001
3.120000 6.040814 0.216765 0.145366 27.158940 0.956211 0.000001
3.120000 6.273949 0.211489 0.139226 27.129405 0.955839 0.000001
3.120000 6.509251 0.206370 0.133208 27.099778 0.955476 0.000001
3.120000 6.746747 0.201414 0.127322 27.070043 0.955122 0.000001
3.120000 6.986461 0.196628 0.121579 27.040175 0.954776 0.000001
3.120000 7.228415 0.192020 0.115991 27.010144 0.954440 0.000001
3.120000 7.472626 0.187600 0.110571 26.979914 0.954114 0.000001
3.120000 7.719110 0.183377 0.105335 26.949441 0.953797 0.000001
3.120000 7.967880 0.179369 0.100297 26.918673 0.953490 0.000001
3.120000 8.218945 0.175591 0.095477 26.887547 0.953194 0.000001
3.120000 8.472313 0.172066 0.090893 26.855990 0.952910 0.000001
3.120000 8.727988 0.168822 0.086567 26.823915 0.952637 0.000001
3.120000 8.985973 0.165892 0.082522 26.791223 0.952377 0.000001
3.120000 9.246268 0.163320 0.078782 26.757799 0.952130 0.000001
3.120000 9.508871 0.161157 0.075371 26.723515 0.951898 0.000001
3.120000 9.773777 0.159465 0.072314 26.688227 0.951682 0.000001
3.120000 10.040979 0.158318 0.069630 26.651780 0.951483 0.000001
3.120000 10.310468 0.157800 0.067335 26.613999 0.951302 0.000001
3.120000 10.582235 0.158002 0.065428 26.574702 0.951141 0.000001
3.120000 10.856267 0.159018 0.063892 26.533697 0.950999 0.000001
3.120000 11.132550 0.160927 0.062676 26.490807 0.950875 0.000001
3.120000 11.411067 0.163773 0.061681 26.445889 0.950762 0.000001
3.120000 11.691802 0.167527 0.060740 26.398875 0.950651 0.000001
3.120000 11.974736 0.172021 0.059596 26.349821 0.950520 0.000001
3.120000 12.259849 0.176859 0.057879 26.298993 0.950337 0.000001
3.120000 12.547118 0.181266 0.055095 26.246981 0.950049 0.000001
3.120000 12.836523 0.183872 0.050655 26.194877 0.949576 0.000001
3.120000 13.128037 0.182408 0.043968 26.144564 0.948807 0.000001
3.120000 13.421638 0.173312 0.034681 26.099045 0.947596 0.000001
3.120000 13.717299 0.151299 0.023129 26.062753 0.945775 0.000001
3.120000 14.014993 0.109051 0.011064 26.041729 0.943192 0.000001
3.120000 14.314694 0.037333 0.002618 26.043437 0.939794 0.000001
3.120000 14.616372 -0.074028 0.005237 24.780438 0.935770 0.000001
3.120000 14.920000 -0.074028 0.000000 23.517440 0.931747 0.000001
3.360000 -4.227027 0.000000 0.500000 26.116283 1.000000 0.000000
3.360000 -4.014206 0.019553 0.500551 26.116283 0.993917 0.000000
3.360000 -3.803070 0.049315 0.501441 26.110506 0.987707 0.000000
3.360000 -3.593550 0.087158 0.501367 26.096098 0.981782 0.000000
3.360000 -3.385574 0.130136 0.499493 26.074993 0.976456 0.000000
3.360000 -3.179068 0.175359 0.495455 26.049133 0.971910 0.000000
3.360000 -2.973956 0.220277 0.489250 26.020271 0.968201 0.000000
3.360000 -2.770157 0.262830 0.481119 25.989858 0.965289 0.000000
3.360000 -2.567590 0.301519 0.471432 25.958990 0.963071 0.000000
3.360000 -2.366169 0.335384 0.460604 25.928419 0.961412 0.000000
3.360000 -2.165807 0.363953 0.449032 25.898594 0.960176 0.000000
3.360000 -1.966416 0.387146 0.437063 25.869725 0.959237 0.000000
3.360000 -1.767904 0.405185 0.424977 25.841845 0.958493 0.000000
3.360000 -1.570177 0.418491 0.412985 25.814875 0.957863 0.000000
3.360000 -1.373143 0.427610 0.401236 25.788670 0.957289 0.000000
3.360000 -1.176703 0.433135 0.389822 25.763057 0.956735 0.000000
3.360000 -0.980762 0.435661 0.378794 25.737862 0.956175 0.000000
3.360000 -0.785221 0.435744 0.368171 25.712921 0.955597 0.000000
3.360000 -0.589980 0.433882 0.357948 25.688095 0.954998 0.000000
3.360000 -0.394940 0.430504 0.348106 25.663267 0.954376 0.000000
3.360000 -0.200000 0.425966 0.338616 25.638347 0.953735 0.000000
3.360000 -0.005061 0.420556 0.329444 25.613266 0.953077 0.000000
3.360000 0.189973 0.414503 0.320557 25.587976 0.952408 0.000000
3.360000 0.385197 0.407983 0.311920 25.562444 0.951730 0.000000
3.360000 0.580706 0.401129 0.303503 25.536650 0.951047 0.000000
3.360000 0.776595 0.394042 0.295277 25.510584 0.950362 0.000001
3.360000 0.972955 0.386795 0.287217 25.484244 0.949676 0.000001
3.360000 1.169880 0.379445 0.279301 25.457634 0.948992 0.000001
3.360000 1.367462 0.372031 0.271509 25.430762 0.948310 0.000001
3.360000 1.565789 0.364585 0.263825 25.403637 0.947632 0.000001
3.360000 1.764950 0.357130 0.256235 25.376272 0.946957 0.000001
3.360000 1.965033 0.349685 0.248729 25.348680 0.946287 0.000001
3.360000 2.166122 0.342265 0.241296 25.320876 0.945622 0.000001
3.360000 2.368301 0.334884 0.233930 25.292875 0.944963 0.000001
3.360000 2.571650 0.327553 0.226625 25.264692 0.944308 0.000001
3.360000 2.776249 0.320282 0.219377 25.236341 0.943660 0.000001
3.360000 2.982174 0.313080 0.212183 25.207836 0.943018 0.000001
3.360000 3.189498 0.305955 0.205043 25.179193 0.942383 0.000001
3.360000 3.398294 0.298915 0.197955 25.150425 0.941755 0.000001
3.360000 3.608631 0.291967 0.190920 25.121545 0.941133 0.000001
3.360000 3.820574 0.285118 0.183941 25.092565 0.940520 0.000001
3.360000 4.034187 0.278374 0.177019 25.063498 0.939914 0.000001
3.360000 4.249529 0.271739 0.170157 25.034352 0.939317 0.000001
3.360000 4.466660 0.265219 0.163361 25.005138 0.938728 0.000001
3.360000 4.685632 0.258818 0.156633 24.975864 0.938147 0.000001
3.360000 4.906498 0.252541 0.149979 24.946535 0.937577 0.000001
3.360000 5.129306 0.246391 0.143405 24.917155 0.937015 0.000001
3.360000 5.354100 0.240373 0.136917 24.887727 0.936464 0.000001
3.360000 5.580925 0.234489 0.130522 24.858250 0.935922 0.000001
3.360000 5.809817 0.228743 0.124227 24.828721 0.935392 0.000001
3.360000 6.040814 0.223139 0.118041 24.799132 0.934872 0.000001
3.360000 6.273949 0.217682 0.111972 24.769473 0.934363 0.000001
3.360000 6.509251 0.212374 0.106030 24.739729 0.933865 0.000001
3.360000 6.746747 0.207222 0.100226 24.709880 0.933380 0.000001
3.360000 6.986461 0.202230 0.094573 24.679899 0.932906 0.000001
3.360000 7.228415 0.197407 0.089082 24.649754 0.932445 0.000001
3.360000 7.472626 0.192759 0.083770 24.619403 0.931997 0.000001
3.360000 7.719110 0.188298 0.078654 24.588798 0.931562 0.000001
3.360000 7.967880 0.184037 0.073751 24.557879 0.931140 0.000001
3.360000 8.218945 0.179992 0.069083 24.526576 0.930733 0.000001
3.360000 8.472313 0.176183 0.064675 24.494804 0.930340 0.000001
3.360000 8.727988 0.172635 0.060553 24.462463 0.929963 0.000001
3.360000 8.985973 0.169383 0.056748 24.429437 0.929603 0.000001
3.360000 9.246268 0.166466 0.053292 24.395589 0.929259 0.000001
3.360000 9.508871 0.163935 0.050223 24.360765 0.928935 0.000001
3.360000 9.773777 0.161854 0.047579 24.324787 0.928631 0.000001
3.360000 10.040979 0.160299 0.045399 24.287454 0.928348 0.000001
3.360000 10.310468 0.159360 0.043720 24.248537 0.928090 0.000001
3.360000 10.582235 0.159140 0.042574 24.207778 0.927856 0.000001
3.360000 10.856267 0.159752 0.041975 24.164895 0.927647 0.000001
3.360000 11.132550 0.161306 0.041914 24.119594 0.927461 0.000001
3.360000 11.411067 0.163891 0.042336 24.071592 0.927292 0.000001
3.360000 11.691802 0.167545 0.043121 24.020640 0.927128 0.000001
3.360000 11.974736 0.172190 0.044047 23.966583 0.926943 0.000001
3.360000 12.259849 0.177539 0.044757 23.909425 0.926696 0.000001
3.360000 12.547118 0.182937 0.044726 23.849460 0.926320 0.000001
3.360000 12.836523 0.187104 0.043252 23.787513 0.925713 0.000001
3.360000 13.128037 0.187752 0.039518 23.725320 0.924725 0.000001
3.360000 13.421638 0.181038 0.032810 23.666020 0.923154 0.000001
3.360000 13.717299 0.160893 0.023022 23.614732 0.920758 0.000001
3.360000 14.014993 0.118408 0.011589 23.579088 0.917304 0.000000
3.360000 14.314694 0.041730 0.002887 23.569348 0.912686 0.000000
3.360000 14.616372 -0.082763 0.005773 22.750091 0.907150 0.000000
3.360000 14.920000 -0.082763 0.000000 21.930834 0.901615 0.000000
3.600000 -4.227027 0.000000 0.500000 23.827188 1.000000 0.000000
3.600000 -4.014206 0.018519 0.500362 23.827188 0.990502 0.000000
3.600000 -3.803070 0.049152 0.500527 23.816769 0.980850 0.000000
3.600000 -3.593550 0.089180 0.498984 23.795970 0.971717 0.000000
3.600000 -3.385574 0.134975 0.494919 23.767607 0.963594 0.000000
3.600000 -3.179068 0.183104 0.488135 23.734362 0.956748 0.000000
3.600000 -2.973956 0.230642 0.478867 23.698533 0.951237 0.000000
3.600000 -2.770157 0.275327 0.467587 23.661911 0.946969 0.000000
3.600000 -2.567590 0.315582 0.454857 23.625754 0.943761 0.000000
3.600000 -2.366169 0.350468 0.441221 23.590841 0.941393 0.000000
3.600000 -2.165807 0.379578 0.427153 23.557555 0.939649 0.000000
3.600000 -1.966416 0.402926 0.413026 23.525993 0.938338 0.000000
3.600000 -1.767904 0.420828 0.399117 23.496054 0.937305 0.000000
3.600000 -1.570177 0.433795 0.385609 23.467526 0.936433 0.000000
3.600000 -1.373143 0.442445 0.372612 23.440143 0.935640 0.000000
3.600000 -1.176703 0.447433 0.360177 23.413630 0.934871 0.000000
3.600000 -0.980762 0.449397 0.348313 23.387728 0.934095 0.000000
3.600000 -0.785221 0.448924 0.337002 23.362213 0.933296 0.000000
3.600000 -0.589980 0.446534 0.326207 23.336896 0.932467 0.000000
3.600000 -0.394940 0.442665 0.315882 23.311628 0.931608 0.000000
3.600000 -0.200000 0.437680 0.305977 23.286296 0.930725 0.000000
3.600000 -0.005061 0.431868 0.296443 23.260818 0.929821 0.000000
3.600000 0.189973 0.425456 0.287235 23.235134 0.928903 0.000000
3.600000 0.385197 0.418616 0.278310 23.209210 0.927976 0.000000
3.600000 0.580706 0.411478 0.269632 23.183023 0.927044 0.000000
3.600000 0.776595 0.404138 0.261167 23.156564 0.926111 0.000000
3.600000 0.972955 0.396666 0.252889 23.129832 0.925180 0.000000
3.600000 1.169880 0.389112 0.244771 23.102831 0.924251 0.000000
3.600000 1.367462 0.381514 0.236796 23.075572 0.923328 0.000000
3.600000 1.565789 0.373899 0.228944 23.048067 0.922411 0.000000
3.600000 1.764950 0.366288 0.221202 23.020329 0.921500 0.000000
3.600000 1.965033 0.358697 0.213558 22.992374 0.920598 0.000000
3.600000 2.166122 0.351139 0.206003 22.964218 0.919703 0.000000
3.600000 2.368301 0.343625 0.198527 22.935875 0.918816 0.000000
3.600000 2.571650 0.336165 0.191126 22.907363 0.917938 0.000000
3.600000 2.776249 0.328768 0.183795 22.878695 0.917069 0.000000
3.600000 2.982174 0.321441 0.176530 22.849889 0.916210 0.000000
3.600000 3.189498 0.314192 0.169329 22.820958 0.915360 0.000000
3.600000 3.398294 0.307027 0.162191 22.791916 0.914520 0.000000
3.600000 3.608631 0.299952 0.155117 22.762777 0.913691 0.000000
3.600000 3.820574 0.292973 0.148106 22.733554 0.912873 0.000000
3.600000 4.034187 0.286096 0.141161 22.704257 0.912065 0.000000
3.600000 4.249529 0.279325 0.134285 22.674899 0.911270 0.000000
3.600000 4.466660 0.272665 0.127480 22.645487 0.910486 0.000000
3.600000 4.685632 0.266120 0.120750 22.616029 0.909715 0.000000
3.600000 4.906498 0.259693 0.114101 22.586533 0.908956 0.000000
3.600000 5.129306 0.253389 0.107537 22.557001 0.908211 0.000000
3.600000 5.354100 0.247210 0.101064 22.527436 0.907479 0.000000
3.600000 5.580925 0.241161 0.094689 22.497836 0.906760 0.000000
3.600000 5.809817 0.235243 0.088420 22.468198 0.906056 0.000000
3.600000 6.040814 0.229461 0.082264 22.438514 0.905367 0.000000
3.600000 6.273949 0.223817 0.076231 22.408772 0.904692 0.000000
3.600000 6.509251 0.218316 0.070331 22.378957 0.904033 0.000000
3.600000 6.746747 0.212961 0.064575 22.349045 0.903389 0.000000
3.600000 6.986461 0.207757 0.058976 22.319010 0.902761 0.000000
3.600000 7.228415 0.202709 0.053549 22.288814 0.902149 0.000000
3.600000 7.472626 0.197826 0.048309 22.258414 0.901554 0.000000
3.600000 7.719110 0.193115 0.043276 22.227757 0.900976 0.000000
3.600000 7.967880 0.188587 0.038471 22.196776 0.900415 0.000000
3.600000 8.218945 0.184256 0.033918 22.165395 0.899873 0.000000
3.600000 8.472313 0.180141 0.029646 22.133519 0.899349 0.000000
3.600000 8.727988 0.176263 0.025687 22.101036 0.898844 0.000000
3.600000 8.985973 0.172653 0.022078 22.067813 0.898360 0.000000
3.600000 9.246268 0.169348 0.018862 22.033694 0.897897 0.000000
3.600000 9.508871 0.166395 0.016089 21.998500 0.897457 0.000000
3.600000 9.773777 0.163856 0.013811 21.962018 0.897042 0.000000
3.600000 10.040979 0.161804 0.012090 21.924003 0.896653 0.000000
3.600000 10.310468 0.160333 0.010990 21.884168 0.896292 0.000000
3.600000 10.582235 0.159550 0.010574 21.842178 0.895962 0.000000
3.600000 10.856267 0.159582 0.010903 21.797651 0.895662 0.000000
3.600000 11.132550 0.160562 0.012020 21.750165 0.895390 0.000000
3.600000 11.411067 0.162623 0.013936 21.699268 0.895140 0.000000
3.600000 11.691802 0.165865 0.016605 21.644494 0.894896 0.000000
3.600000 11.974736 0.170308 0.019881 21.585400 0.894632 0.000000
3.600000 12.259849 0.175798 0.023476 21.521617 0.894297 0.000000
3.600000 12.547118 0.181848 0.026892 21.452983 0.893812 0.000000
3.600000 12.836523 0.187356 0.029373 21.379834 0.893049 0.000000
3.600000 13.128037 0.190140 0.029896 21.303458 0.891821 0.000000
3.600000 13.421638 0.186227 0.027327 21.226783 0.889863 0.000000
3.600000 13.717299 0.168849 0.020916 21.155355 0.886843 0.000000
3.600000 14.014993 0.127332 0.011417 21.098495 0.882417 0.000000
3.600000 14.314694 0.046483 0.003065 21.070084 0.876396 0.000000
3.600000 14.616372 -0.092207 0.006130 20.758379 0.869076 0.000000
3.600000 14.920000 -0.092207 0.000000 20.446673 0.861756 0.000000
3.840000 -4.227027 0.000000 0.500000 21.552122 1.000000 0.000000
3.840000 -4.014206 0.018182 0.499935 21.552122 0.985366 0.000000
3.840000 -3.803070 0.050774 0.498646 21.534131 0.970591 0.000000
3.840000 -3.593550 0.094106 0.494480 21.503877 0.956771 0.000000
3.840000 -3.385574 0.143606 0.486806 21.465433 0.944658 0.000000
3.840000 -3.179068 0.195166 0.475792 21.422451 0.934614 0.000000
3.840000 -2.973956 0.245484 0.462072 21.377858 0.926663 0.000000
3.840000 -2.770157 0.292159 0.446456 21.333764 0.920608 0.000000
3.840000 -2.567590 0.333636 0.429741 21.291513 0.916128 0.000000
3.840000 -2.366169 0.369079 0.412604 21.251804 0.912870 0.000000
3.840000 -2.165807 0.398225 0.395564 21.214861 0.910501 0.000000
3.840000 -1.966416 0.421232 0.378985 21.180576 0.908737 0.000000
3.840000 -1.767904 0.438543 0.363096 21.148649 0.907355 0.000000
3.840000 -1.570177 0.450777 0.348013 21.118684 0.906191 0.000000
3.840000 -1.373143 0.458631 0.333775 21.090260 0.905130 0.000000
3.840000 -1.176703 0.462817 0.320365 21.062979 0.904102 0.000000
3.840000 -0.980762 0.464011 0.307734 21.036488 0.903063 0.000000
3.840000 -0.785221 0.462823 0.295810 21.010493 0.901994 0.000000
3.840000 -0.589980 0.459783 0.284516 20.984756 0.900886 0.000000
3.840000 -0.394940 0.455334 0.273776 20.959096 0.899742 0.000000
3.840000 -0.200000 0.449835 0.263515 20.933380 0.898566 0.000000
3.840000 -0.005061 0.443570 0.253668 20.907513 0.897368 0.000000
3.840000 0.189973 0.436761 0.244176 20.881434 0.896153 0.000000
3.840000 0.385197 0.429571 0.234991 20.855103 0.894929 0.000000
3.840000 0.580706 0.422124 0.226070 20.828502 0.893702 0.000000
3.840000 0.776595 0.414510 0.217376 20.801622 0.892475 0.000000
3.840000 0.972955 0.406792 0.208882 20.774466 0.891253 0.000000
3.840000 1.169880 0.399016 0.200560 20.747043 0.890037 0.000000
3.840000 1.367462 0.391216 0.192392 20.719364 0.888831 0.000000
3.840000 1.565789 0.383415 0.184360 20.691446 0.887634 0.000000
3.840000 1.764950 0.375630 0.176449 20.663305 0.886448 0.000000
3.840000 1.965033 0.367877 0.168648 20.634958 0.885273 0.000000
3.840000 2.166122 0.360164 0.160947 20.606422 0.884110 0.000000
3.840000 2.368301 0.352502 0.153338 20.577715 0.882960 0.000000
3.840000 2.571650 0.344899 0.145814 20.548853 0.881822 0.000000
3.840000 2.776249 0.337362 0.138372 20.519854 0.880698 0.000000
3.840000 2.982174 0.329896 0.131006 20.490732 0.879586 0.000000
3.840000 3.189498 0.322510 0.123715 20.461503 0.878489 0.000000
3.840000 3.398294 0.315207 0.116496 20.432182 0.877406 0.000000
3.840000 3.608631 0.307994 0.109350 20.402782 0.876337 0.000000
3.840000 3.820574 0.300876 0.102277 20.373316 0.875284 0.000000
3.840000 4.034187 0.293857 0.095278 20.343796 0.874245 0.000000
3.840000 4.249529 0.286941 0.088355 20.314233 0.873223 0.000000
3.840000 4.466660 0.280133 0.081511 20.284636 0.872216 0.000000
3.840000 4.685632 0.273436 0.074749 20.255012 0.871226 0.000000
3.840000 4.906498 0.266854 0.068073 20.225369 0.870253 0.000000
3.840000 5.129306 0.260389 0.061489 20.195709 0.869297 0.000000
3.840000 5.354100 0.254045 0.055002 20.166035 0.868359 0.000000
3.840000 5.580925 0.247824 0.048618 20.136346 0.867439 0.000000
3.840000 5.809817 0.241729 0.042345 20.106636 0.866538 0.000000
3.840000 6.040814 0.235763 0.036191 20.076899 0.865655 0.000000
3.840000 6.273949 0.229928 0.030165 20.047121 0.864791 0.000000
3.840000 6.509251 0.224227 0.024277 20.017287 0.863947 0.000000
3.840000 6.746747 0.218663 0.018540 19.987371 0.863123 0.000000
3.840000 6.986461 0.213239 0.012966 19.957346 0.862319 0.000000
3.840000 7.228415 0.207961 0.007571 19.927172 0.861536 0.000000
3.840000 7.472626 0.202832 0.002372 19.896804 0.860773 0.000000
3.840000 7.719110 0.197860 -0.002610 19.866184 0.860032 0.000000
3.840000 7.967880 0.193053 -0.007353 19.835242 0.859312 0.000000
3.840000 8.218945 0.188421 -0.011828 19.803895 0.858614 0.000000
3.840000 8.472313 0.183980 -0.016005 19.772040 0.857938 0.000000
3.840000 8.727988 0.179747 -0.019845 19.739555 0.857286 0.000000
3.840000 8.985973 0.175747 -0.023305 19.706294 0.856658 0.000000
3.840000 9.246268 0.172013 -0.026333 19.672084 0.856055 0.000000
3.840000 9.508871 0.168585 -0.028869 19.636721 0.855478 0.000000
3.840000 9.773777 0.165519 -0.030842 19.599963 0.854929 0.000000
3.840000 10.040979 0.162884 -0.032172 19.561521 0.854411 0.000000
3.840000 10.310468 0.160765 -0.032766 19.521053 0.853925 0.000000
3.840000 10.582235 0.159272 -0.032521 19.478146 0.853472 0.000000
3.840000 10.856267 0.158531 -0.031328 19.432319 0.853052 0.000000
3.840000 11.132550 0.158692 -0.029078 19.383011 0.852665 0.000000
3.840000 11.411067 0.159915 -0.025675 19.329582 0.852301 0.000000
3.840000 11.691802 0.162354 -0.021061 19.271313 0.851944 0.000000
3.840000 11.974736 0.166121 -0.015257 19.207403 0.851565 0.000000
3.840000 12.259849 0.171205 -0.008416 19.136992 0.851107 0.000000
3.840000 12.547118 0.177324 -0.000916 19.059283 0.850480 0.000000
3.840000 12.836523 0.183643 0.006537 18.973826 0.849537 0.000000
3.840000 13.128037 0.188258 0.012807 18.880997 0.848056 0.000000
3.840000 13.421638 0.187313 0.016345 18.782907 0.845712 0.000000
3.840000 13.717299 0.173604 0.015553 18.684928 0.842076 0.000000
3.840000 14.014993 0.134715 0.009994 18.597787 0.836673 0.000000
3.840000 14.314694 0.051367 0.003048 18.539826 0.829186 0.000000
3.840000 14.616372 -0.101905 0.006096 18.808295 0.819935 0.000000
3.840000 14.920000 -0.101905 0.000000 19.076764 0.810683 0.000000
4.080000 -4.227027 0.000000 0.500000 19.293866 1.000000 0.000000
4.080000 -4.014206 0.019272 0.499102 19.293866 0.977676 0.000000
4.080000 -3.803070 0.055630 0.495170 19.263743 0.955358 0.000000
4.080000 -3.593550 0.103877 0.486579 19.219596 0.934823 0.000000
4.080000 -3.385574 0.158135 0.473208 19.167304 0.917183 0.000000
4.080000 -3.179068 0.213539 0.455919 19.111724 0.902863 0.000000
4.080000 -2.973956 0.266507 0.435971 19.056407 0.891766 0.000000
4.080000 -2.770157 0.314666 0.414622 19.003647 0.883483 0.000000
4.080000 -2.567590 0.356647 0.392914 18.954683 0.877469 0.000000
4.080000 -2.366169 0.391859 0.371616 18.909964 0.873168 0.000000
4.080000 -2.165807 0.420271 0.351227 18.869398 0.870082 0.000000
4.080000 -1.966416 0.442241 0.332029 18.832568 0.867807 0.000000
4.080000 -1.767904 0.458370 0.314136 18.798892 0.866033 0.000000
4.080000 -1.570177 0.469386 0.297547 18.767741 0.864538 0.000000
4.080000 -1.373143 0.476062 0.282191 18.738511 0.863175 0.000000
4.080000 -1.176703 0.479156 0.267955 18.710662 0.861850 0.000000
4.080000 -0.980762 0.479365 0.254708 18.683743 0.860511 0.000000
4.080000 -0.785221 0.477307 0.242317 18.657388 0.859133 0.000000
4.080000 -0.589980 0.473509 0.230658 18.631317 0.857709 0.000000
4.080000 -0.394940 0.468405 0.219618 18.605320 0.856241 0.000000
4.080000 -0.200000 0.462341 0.209100 18.579249 0.854737 0.000000
4.080000 -0.005061 0.455591 0.199022 18.553004 0.853208 0.000000
4.080000 0.189973 0.448361 0.189316 18.526522 0.851661 0.000000
4.080000 0.385197 0.440805 0.179925 18.499768 0.850107 0.000000
4.080000 0.580706 0.433036 0.170804 18.472726 0.848552 0.000000
4.080000 0.776595 0.425135 0.161916 18.445396 0.847001 0.000000
4.080000 0.972955 0.417161 0.153231 18.417785 0.845459 0.000000
4.080000 1.169880 0.409152 0.144725 18.389905 0.843928 0.000000
4.080000 1.367462 0.401138 0.136378 18.361775 0.842410 0.000000
4.080000 1.565789 0.393138 0.128173 18.333414 0.840908 0.000000
4.080000 1.764950 0.385168 0.120098 18.304841 0.839420 0.000000
4.080000 1.965033 0.377238 0.112141 18.276076 0.837950 0.000000
4.080000 2.166122 0.369358 0.104293 18.247138 0.836496 0.000000
4.080000 2.368301 0.361534 0.096546 18.218048 0.835060 0.000000
4.080000 2.571650 0.353774 0.088894 18.188822 0.833641 0.000000
4.080000 2.776249 0.346084 0.081332 18.159478 0.832241 0.000000
4.080000 2.982174 0.338468 0.073857 18.130033 0.830858 0.000000
4.080000 3.189498 0.330932 0.066465 18.100502 0.829494 0.000000
4.080000 3.398294 0.323481 0.059156 18.070901 0.828150 0.000000
4.080000 3.608631 0.316119 0.051927 18.041244 0.826824 0.000000
4.080000 3.820574 0.308851 0.044779 18.011543 0.825518 0.000000
4.080000 4.034187 0.301681 0.037714 17.981811 0.824233 0.000000
4.080000 4.249529 0.294612 0.030732 17.952059 0.822968 0.000000
4.080000 4.466660 0.287648 0.023835 17.922296 0.821723 0.000000
4.080000 4.685632 0.280791 0.017028 17.892529 0.820500 0.000000
4.080000 4.906498 0.274046 0.010313 17.862766 0.819299 0.000000
4.080000 5.129306 0.267414 0.003696 17.833009 0.818120 0.000000
4.080000 5.354100 0.260898 -0.002819 17.803261 0.816963 0.000000
4.080000 5.580925 0.254501 -0.009224 17.773521 0.815829 0.000000
4.080000 5.809817 0.248223 -0.015514 17.743784 0.814718 0.000000
4.080000 6.040814 0.242067 -0.021680 17.714043 0.813631 0.000000
4.080000 6.273949 0.236036 -0.027713 17.684283 0.812567 0.000000
4.080000 6.509251 0.230130 -0.033602 17.654489 0.811528 0.000000
4.080000 6.746747 0.224351 -0.039336 17.624636 0.810513 0.000000
4.080000 6.986461 0.218702 -0.044900 17.594694 0.809522 0.000000
4.080000 7.228415 0.213185 -0.050281 17.564623 0.808556 0.000000
4.080000 7.472626 0.207804 -0.055458 17.534375 0.807616 0.000000
4.080000 7.719110 0.202562 -0.060412 17.503892 0.806700 0.000000
4.080000 7.967880 0.197465 -0.065117 17.473099 0.805810 0.000000
4.080000 8.218945 0.192519 -0.069544 17.441910 0.804946 0.000000
4.080000 8.472313 0.187735 -0.073659 17.410215 0.804108 0.000000
4.080000 8.727988 0.183127 -0.077420 17.377886 0.803296 0.000000
4.080000 8.985973 0.178711 -0.080778 17.344765 0.802512 0.000000
4.080000 9.246268 0.174513 -0.083675 17.310666 0.801755 0.000000
4.080000 9.508871 0.170565 -0.086039 17.275366 0.801027 0.000000
4.080000 9.773777 0.166912 -0.087786 17.238596 0.800329 0.000000
4.080000 10.040979 0.163612 -0.088815 17.200032 0.799663 0.000000
4.080000 10.310468 0.160740 -0.089007 17.159279 0.799030 0.000000
4.080000 10.582235 0.158391 -0.088220 17.115855 0.798431 0.000000
4.080000 10.856267 0.156685 -0.086293 17.069181 0.797865 0.000000
4.080000 11.132550 0.155768 -0.083044 17.018561 0.797330 0.000000
4.080000 11.411067 0.155809 -0.078281 16.963162 0.796816 0.000000
4.080000 11.691802 0.156995 -0.071814 16.901983 0.796306 0.000000
4.080000 11.974736 0.159504 -0.063492 16.833813 0.795766 0.000000
4.080000 12.259849 0.163456 -0.053259 16.757201 0.795138 0.000000
4.080000 12.547118 0.168785 -0.041256 16.670526 0.794324 0.000000
4.080000 12.836523 0.174993 -0.027976 16.572190 0.793169 0.000000
4.080000 13.128037 0.180635 -0.014478 16.461039 0.791426 0.000000
4.080000 13.421638 0.182328 -0.002592 16.337455 0.788728 0.000000
4.080000 13.717299 0.172955 0.005133 16.205385 0.784565 0.000000
4.080000 14.014993 0.138782 0.006445 16.075828 0.778324 0.000000
4.080000 14.314694 0.055914 0.002644 15.971976 0.769520 0.000000
4.080000 14.616372 -0.110933 0.005287 16.901483 0.758435 0.000000
4.080000 14.920000 -0.110933 0.000000 17.830990 0.747350 0.000000
4.320000 -4.227027 0.000000 0.500000 17.055312 1.000000 0.000000
4.320000 -4.014206 0.023008 0.497597 17.055312 0.966121 0.000000
4.320000 -3.803070 0.066036 0.489108 17.005885 0.932765 0.000000
4.320000 -3.593550 0.121389 0.473344 16.941418 0.902811 0.000000
4.320000 -3.385574 0.181475 0.451327 16.870388 0.877787 0.000000
4.320000 -3.179068 0.240754 0.425122 16.798980 0.858040 0.000000
4.320000 -2.973956 0.295672 0.396884 16.731107 0.843142 0.000000
4.320000 -2.770157 0.344216 0.368368 16.668866 0.832292 0.000000
4.320000 -2.567590 0.385468 0.340800 16.613042 0.824583 0.000000
4.320000 -2.366169 0.419249 0.314914 16.563550 0.819170 0.000000
4.320000 -2.165807 0.445859 0.291064 16.519788 0.815343 0.000000
4.320000 -1.966416 0.465900 0.269340 16.480900 0.812546 0.000000
4.320000 -1.767904 0.480131 0.249657 16.445947 0.810372 0.000000
4.320000 -1.570177 0.489380 0.231838 16.414027 0.808539 0.000000
4.320000 -1.373143 0.494473 0.215658 16.384334 0.806861 0.000000
4.320000 -1.176703 0.496185 0.200881 16.356189 0.805227 0.000000
4.320000 -0.980762 0.495210 0.187285 16.329044 0.803573 0.000000
4.320000 -0.785221 0.492152 0.174667 16.302473 0.801873 0.000000
4.320000 -0.589980 0.487515 0.162852 16.276160 0.800120 0.000000
4.320000 -0.394940 0.481708 0.151696 16.249880 0.798317 0.000000
4.320000 -0.200000 0.475055 0.141079 16.223478 0.796476 0.000000
4.320000 -0.005061 0.467807 0.130905 16.196857 0.794608 0.000000
4.320000 0.189973 0.460152 0.121099 16.169959 0.792724 0.000000
4.320000 0.385197 0.452230 0.111602 16.142757 0.790835 0.000000
4.320000 0.580706 0.444139 0.102368 16.115245 0.788949 0.000000
4.320000 0.776595 0.435953 0.093361 16.087431 0.787073 0.000000
4.320000 0.972955 0.427720 0.084554 16.059329 0.785209 0.000000
4.320000 1.169880 0.419475 0.075922 16.030961 0.783363 0.000000
4.320000 1.367462 0.411241 0.067450 16.002348 0.781535 0.000000
4.320000 1.565789 0.403036 0.059122 15.973515 0.779728 0.000000
4.320000 1.764950 0.394872 0.050927 15.944485 0.777943 0.000000
4.320000 1.965033 0.386757 0.042855 15.915280 0.776180 0.000000
4.320000 2.166122 0.378699 0.034897 15.885924 0.774439 0.000000
4.320000 2.368301 0.370704 0.027047 15.856437 0.772721 0.000000
4.320000 2.571650 0.362776 0.019299 15.826837 0.771027 0.000000
4.320000 2.776249 0.354922 0.011649 15.797145 0.769356 0.000000
4.320000 2.982174 0.347145 0.004092 15.767376 0.767708 0.000000
4.320000 3.189498 0.339449 -0.003372 15.737547 0.766084 0.000000
4.320000 3.398294 0.331840 -0.010748 15.707674 0.764485 0.000000
4.320000 3.608631 0.324320 -0.018035 15.677771 0.762910 0.000000
4.320000 3.820574 0.316893 -0.025234 15.647851 0.761360 0.000000
4.320000 4.034187 0.309562 -0.032343 15.617926 0.759835 0.000000
4.320000 4.249529 0.302332 -0.039363 15.588008 0.758336 0.000000
4.320000 4.466660 0.295204 -0.046290 15.558105 0.756862 0.000000
4.320000 4.685632 0.288181 -0.053123 15.528227 0.755415 0.000000
4.320000 4.906498 0.281267 -0.059857 15.498378 0.753994 0.000000
4.320000 5.129306 0.274461 -0.066488 15.468564 0.752600 0.000000
4.320000 5.354100 0.267768 -0.073011 15.438786 0.751233 0.000000
4.320000 5.580925 0.261188 -0.079421 15.409043 0.749894 0.000000
4.320000 5.809817 0.254723 -0.085710 15.379331 0.748583 0.000000
4.320000 6.040814 0.248373 -0.091871 15.349642 0.747300 0.000000
4.320000 6.273949 0.242140 -0.097896 15.319963 0.746044 0.000000
4.320000 6.509251 0.236025 -0.103773 15.290277 0.744818 0.000000
4.320000 6.746747 0.230027 -0.109491 15.260560 0.743620 0.000000
4.320000 6.986461 0.224149 -0.115038 15.230781 0.742451 0.000000
4.320000 7.228415 0.218390 -0.120396 15.200902 0.741310 0.000000
4.320000 7.472626 0.212751 -0.125549 15.170873 0.740199 0.000000
4.320000 7.719110 0.207233 -0.130473 15.140633 0.739116 0.000000
4.320000 7.967880 0.201839 -0.135145 15.110110 0.738062 0.000000
4.320000 8.218945 0.196572 -0.139535 15.079211 0.737037 0.000000
4.320000 8.472313 0.191436 -0.143605 15.047827 0.736040 0.000000
4.320000 8.727988 0.186438 -0.147313 15.015823 0.735072 0.000000
4.320000 8.985973 0.181588 -0.150606 14.983035 0.734133 0.000000
4.320000 9.246268 0.176902 -0.153420 14.949269 0.733223 0.000000
4.320000 9.508871 0.172401 -0.155678 14.914286 0.732342 0.000000
4.320000 9.773777 0.168116 -0.157284 14.877800 0.731491 0.000000
4.320000 10.040979 0.164088 -0.158121 14.839457 0.730671 0.000000
4.320000 10.310468 0.160372 -0.158047 14.798822 0.729881 0.000000
4.320000 10.582235 0.157044 -0.156887 14.755356 0.729121 0.000000
4.320000 10.856267 0.154199 -0.154431 14.708394 0.728390 0.000000
4.320000 11.132550 0.151961 -0.150428 14.657119 0.727681 0.000000
4.320000 11.411067 0.150482 -0.144583 14.600511 0.726985 0.000000
4.320000 11.691802 0.149946 -0.136564 14.537291 0.726281 0.000000
4.320000 11.974736 0.150557 -0.126018 14.465819 0.725534 0.000000
4.320000 12.259849 0.152515 -0.112612 14.383995 0.724683 0.000000
4.320000 12.547118 0.155938 -0.096129 14.289214 0.723631 0.000000
4.320000 12.836523 0.160677 -0.076640 14.178370 0.722221 0.000000
4.320000 13.128037 0.165888 -0.054825 14.048087 0.720208 0.000000
4.320000 13.421638 0.169070 -0.032446 13.895711 0.717216 0.000000
4.320000 13.717299 0.164018 -0.012837 13.721558 0.712696 0.000000
4.320000 14.014993 0.136810 -0.000635 13.534044 0.705935 0.000000
4.320000 14.314694 0.059219 0.001491 13.359808 0.696268 0.000000
4.320000 14.616372 -0.117491 0.002982 15.037262 0.683836 0.000000
4.320000 14.920000 -0.117491 0.000000 16.714717 0.671405 0.000000
4.560000 -4.227027 0.000000 0.500000 14.839084 1.000000 0.000000
4.560000 -4.014206 0.031424 0.494968 14.839084 0.948462 0.000000
4.560000 -3.803070 0.085651 0.478833 14.758678 0.898994 0.000000
4.560000 -3.593550 0.150827 0.451799 14.664533 0.856185 0.000000
4.560000 -3.385574 0.217385 0.417202 14.568768 0.821810 0.000000
4.560000 -3.179068 0.279671 0.379025 14.478458 0.795684 0.000000
4.560000 -2.973956 0.334860 0.340506 14.396986 0.776632 0.000000
4.560000 -2.770157 0.381846 0.303779 14.325430 0.763160 0.000000
4.560000 -2.567590 0.420496 0.270010 14.263524 0.753824 0.000000
4.560000 -2.366169 0.451212 0.239660 14.210270 0.747399 0.000000
4.560000 -2.165807 0.474687 0.212747 14.164338 0.742922 0.000000
4.560000 -1.966416 0.491760 0.189026 14.124318 0.739675 0.000000
4.560000 -1.767904 0.503321 0.168128 14.088868 0.737156 0.000000
4.560000 -1.570177 0.510251 0.149640 14.056802 0.735023 0.000000
4.560000 -1.373143 0.513382 0.133157 14.027121 0.733063 0.000000
4.560000 -1.176703 0.513464 0.118308 13.999026 0.731147 0.000000
4.560000 -0.980762 0.511157 0.104774 13.971894 0.729208 0.000000
4.560000 -0.785221 0.507016 0.092286 13.945263 0.727216 0.000000
4.560000 -0.589980 0.501502 0.080626 13.918802 0.725166 0.000000
4.560000 -0.394940 0.494984 0.069623 13.892283 0.723064 0.000000
4.560000 -0.200000 0.487750 0.059143 13.865561 0.720922 0.000000
4.560000 -0.005061 0.480021 0.049082 13.838551 0.718756 0.000000
4.560000 0.189973 0.471960 0.039364 13.811210 0.716576 0.000000
4.560000 0.385197 0.463690 0.029930 13.783526 0.714396 0.000000
4.560000 0.580706 0.455294 0.020739 13.755506 0.712223 0.000000
4.560000 0.776595 0.446834 0.011758 13.727169 0.710065 0.000000
4.560000 0.972955 0.438351 0.002962 13.698540 0.707925 0.000000
4.560000 1.169880 0.429875 -0.005667 13.669648 0.705809 0.000000
4.560000 1.367462 0.421425 -0.014144 13.640522 0.703717 0.000000
4.560000 1.565789 0.413014 -0.022480 13.611192 0.701652 0.000000
4.560000 1.764950 0.404653 -0.030684 13.581684 0.699614 0.000000
4.560000 1.965033 0.396349 -0.038766 13.552026 0.697604 0.000000
4.560000 2.166122 0.388107 -0.046731 13.522241 0.695622 0.000000
4.560000 2.368301 0.379933 -0.054584 13.492351 0.693668 0.000000
4.560000 2.571650 0.371831 -0.062332 13.462377 0.691743 0.000000
4.560000 2.776249 0.363805 -0.069978 13.432339 0.689847 0.000000
4.560000 2.982174 0.355859 -0.077525 13.402255 0.687979 0.000000
4.560000 3.189498 0.347997 -0.084975 13.372141 0.686141 0.000000
4.560000 3.398294 0.340221 -0.092331 13.342013 0.684331 0.000000
4.560000 3.608631 0.332535 -0.099592 13.311885 0.682551 0.000000
4.560000 3.820574 0.324942 -0.106760 13.281770 0.680801 0.000000
4.560000 4.034187 0.317445 -0.113834 13.251682 0.679080 0.000000
4.560000 4.249529 0.310047 -0.120813 13.221630 0.677390 0.000000
4.560000 4.466660 0.302749 -0.127695 13.191626 0.675730 0.000000
4.560000 4.685632 0.295555 -0.134477 13.161675 0.674101 0.000000
4.560000 4.906498 0.288465 -0.141157 13.131786 0.672502 0.000000
4.560000 5.129306 0.281483 -0.147730 13.101962 0.670935 0.000000
4.560000 5.354100 0.274608 -0.154193 13.072206 0.669399 0.000000
4.560000 5.580925 0.267842 -0.160538 13.042516 0.667895 0.000000
4.560000 5.809817 0.261185 -0.166761 13.012889 0.666422 0.000000
4.560000 6.040814 0.254639 -0.172854 12.983318 0.664981 0.000000
4.560000 6.273949 0.248203 -0.178808 12.953789 0.663572 0.000000
4.560000 6.509251 0.241876 -0.184615 12.924287 0.662196 0.000000
4.560000 6.746747 0.235659 -0.190262 12.894787 0.660851 0.000000
4.560000 6.986461 0.229550 -0.195737 12.865261 0.659538 0.000000
4.560000 7.228415 0.223547 -0.201025 12.835669 0.658257 0.000000
4.560000 7.472626 0.217651 -0.206108 12.805963 0.657007 0.000000
4.560000 7.719110 0.211858 -0.210966 12.776082 0.655789 0.000000
4.560000 7.967880 0.206167 -0.215574 12.745955 0.654601 0.000000
4.560000 8.218945 0.200577 -0.219902 12.715489 0.653444 0.000000
4.560000 8.472313 0.195087 -0.223914 12.684573 0.652317 0.000000
4.560000 8.727988 0.189697 -0.227568 12.653073 0.651219 0.000000
4.560000 8.985973 0.184409 -0.230809 12.620823 0.650150 0.000000
4.560000 9.246268 0.179226 -0.233573 12.587622 0.649109 0.000000
4.560000 9.508871 0.174158 -0.235778 12.553229 0.648095 0.000000
4.560000 9.773777 0.169217 -0.237324 12.517343 0.647109 0.000000
4.560000 10.040979 0.164425 -0.238084 12.479595 0.646148 0.000000
4.560000 10.310468 0.159811 -0.237903 12.439522 0.645211 0.000000
4.560000 10.582235 0.155419 -0.236583 12.396547 0.644296 0.000000
4.560000 10.856267 0.151309 -0.233876 12.349942 0.643399 0.000000
4.560000 11.132550 0.147560 -0.229477 12.298793 0.642511 0.000000
4.560000 11.411067 0.144278 -0.223005 12.241927 0.641618 0.000000
4.560000 11.691802 0.141601 -0.213993 12.177816 0.640697 0.000000
4.560000 11.974736 0.139698 -0.201885 12.104425 0.639710 0.000000
4.560000 12.259849 0.138770 -0.186045 12.019020 0.638595 0.000000
4.560000 12.547118 0.139021 -0.165809 11.917956 0.637260 0.000000
4.560000 12.836523 0.140569 -0.140630 11.796393 0.635558 0.000000
4.560000 13.128037 0.143183 -0.110420 11.648107 0.633270 0.000000
4.560000 13.421638 0.145565 -0.076256 11.465846 0.630057 0.000000
4.560000 13.717299 0.143454 -0.041580 11.242876 0.625413 0.000000
4.560000 14.014993 0.124864 -0.013486 10.979138 0.618627 0.000000
4.560000 14.314694 0.059522 -0.001116 10.698449 0.608904 0.000000
4.560000 14.616372 -0.118088 -0.002232 13.210137 0.596138 0.000000
4.560000 14.920000 -0.118088 0.000000 15.721824 0.583371 0.000000
4.800000 -4.227027 0.000000 0.500000 12.646881 1.000000 0.000000
4.800000 -4.014206 0.048044 0.490352 12.646881 0.920465 0.000000
4.800000 -3.803070 0.120264 0.461472 12.515101 0.847514 0.000000
4.800000 -3.593550 0.197889 0.417235 12.377707 0.787965 0.000000
4.800000 -3.385574 0.270099 0.365378 12.250911 0.742791 0.000000
4.800000 -3.179068 0.332777 0.312495 12.140274 0.710140 0.000000
4.800000 -2.973956 0.385101 0.262671 12.046331 0.687320 0.000000
4.800000 -2.770157 0.427575 0.217883 11.967635 0.671738 0.000000
4.800000 -2.567590 0.461139 0.178731 11.902047 0.661238 0.000000
4.800000 -2.366169 0.486844 0.145048 11.847258 0.654162 0.000000
4.800000 -2.165807 0.505734 0.116279 11.801049 0.649297 0.000000
4.800000 -1.966416 0.518804 0.091726 11.761418 0.645791 0.000000
4.800000 -1.767904 0.526989 0.070667 11.726643 0.643066 0.000000
4.800000 -1.570177 0.531144 0.052434 11.695297 0.640747 0.000000
4.800000 -1.373143 0.532037 0.036443 11.666247 0.638602 0.000000
4.800000 -1.176703 0.530344 0.022201 11.638622 0.636497 0.000000
4.800000 -0.980762 0.526641 0.009310 11.611773 0.634365 0.000000
4.800000 -0.785221 0.521410 -0.002549 11.585241 0.632178 0.000000
4.800000 -0.589980 0.515044 -0.013619 11.558708 0.629931 0.000000
4.800000 -0.394940 0.507856 -0.024086 11.531974 0.627634 0.000000
4.800000 -0.200000 0.500089 -0.034086 11.504919 0.625299 0.000000
4.800000 -0.005061 0.491926 -0.043720 11.477486 0.622942 0.000000
4.800000 0.189973 0.483504 -0.053059 11.449655 0.620578 0.000000
4.800000 0.385197 0.474922 -0.062155 11.421438 0.618216 0.000000
4.800000 0.580706 0.466253 -0.071045 11.392858 0.615868 0.000000
4.800000 0.776595 0.457544 -0.079753 11.363950 0.613538 0.000000
4.800000 0.972955 0.448832 -0.088297 11.334752 0.611233 0.000000
4.800000 1.169880 0.440139 -0.096693 11.305300 0.608956 0.000000
4.800000 1.367462 0.431482 -0.104949 11.275633 0.606708 0.000000
4.800000 1.565789 0.422873 -0.113074 11.245783 0.604491 0.000000
4.800000 1.764950 0.414319 -0.121075 11.215783 0.602307 0.000000
4.800000 1.965033 0.405827 -0.128958 11.185662 0.600154 0.000000
4.800000 2.166122 0.397403 -0.136727 11.155445 0.598034 0.000000
4.800000 2.368301 0.389049 -0.144386 11.125156 0.595947 0.000000
4.800000 2.571650 0.380771 -0.151940 11.094817 0.593893 0.000000
4.800000 2.776249 0.372571 -0.159392 11.064447 0.591871 0.000000
4.800000 2.982174 0.364453 -0.166744 11.034066 0.589882 0.000000
4.800000 3.189498 0.356420 -0.173998 11.003690 0.587925 0.000000
4.800000 3.398294 0.348475 -0.181155 10.973333 0.586002 0.000000
4.800000 3.608631 0.340620 -0.188217 10.943012 0.584111 0.000000
4.800000 3.820574 0.332858 -0.195183 10.912739 0.582254 0.000000
4.800000 4.034187 0.325192 -0.202053 10.882527 0.580430 0.000000
4.800000 4.249529 0.317623 -0.208827 10.852386 0.578639 0.000000
4.800000 4.466660 0.310154 -0.215502 10.822326 0.576881 0.000000
4.800000 4.685632 0.302786 -0.222076 10.792355 0.575157 0.000000
4.800000 4.906498 0.295521 -0.228547 10.762480 0.573467 0.000000
4.800000 5.129306 0.288360 -0.234911 10.732706 0.571811 0.000000
4.800000 5.354100 0.281303 -0.241164 10.703034 0.570188 0.000000
4.800000 5.580925 0.274352 -0.247301 10.673464 0.568600 0.000000
4.800000 5.809817 0.267505 -0.253316 10.643994 0.567045 0.000000
4.800000 6.040814 0.260764 -0.259204 10.614615 0.565525 0.000000
4.800000 6.273949 0.254126 -0.264955 10.585317 0.564039 0.000000
4.800000 6.509251 0.247592 -0.270561 10.556085 0.562586 0.000000
4.800000 6.746747 0.241158 -0.276014 10.526894 0.561167 0.000000
4.800000 6.986461 0.234823 -0.281299 10.497718 0.559782 0.000000
4.800000 7.228415 0.228583 -0.286405 10.468518 0.558429 0.000000
4.800000 7.472626 0.222435 -0.291315 10.439249 0.557108 0.000000
4.800000 7.719110 0.216374 -0.296009 10.409851 0.555820 0.000000
4.800000 7.967880 0.210395 -0.300465 10.380255 0.554562 0.000000
4.800000 8.218945 0.204492 -0.304655 10.350370 0.553335 0.000000
4.800000 8.472313 0.198659 -0.308546 10.320089 0.552137 0.000000
4.800000 8.727988 0.192888 -0.312097 10.289278 0.550967 0.000000
4.800000 8.985973 0.187174 -0.315258 10.257775 0.549823 0.000000
4.800000 9.246268 0.181507 -0.317965 10.225382 0.548704 0.000000
4.800000 9.508871 0.175883 -0.320141 10.191856 0.547609 0.000000
4.800000 9.773777 0.170296 -0.321687 10.156897 0.546535 0.000000
4.800000 10.040979 0.164743 -0.322478 10.120130 0.545479 0.000000
4.800000 10.310468 0.159225 -0.322355 10.081084 0.544438 0.000000
4.800000 10.582235 0.153748 -0.321114 10.039164 0.543407 0.000000
4.800000 10.856267 0.148322 -0.318495 9.993609 0.542379 0.000000
4.800000 11.132550 0.142969 -0.314162 9.943446 0.541341 0.000000
4.800000 11.411067 0.137719 -0.307683 9.887401 0.540276 0.000000
4.800000 11.691802 0.132620 -0.298504 9.823768 0.539156 0.000000
4.800000 11.974736 0.127741 -0.285913 9.750208 0.537939 0.000000
4.800000 12.259849 0.123181 -0.269010 9.663469 0.536566 0.000000
4.800000 12.547118 0.119078 -0.246693 9.558987 0.534947 0.000000
4.800000 12.836523 0.115612 -0.217703 9.430247 0.532956 0.000000
4.800000 13.128037 0.112957 -0.180855 9.267942 0.530416 0.000000
4.800000 13.421638 0.111012 -0.135747 9.058914 0.527073 0.000000
4.800000 13.717299 0.108298 -0.084537 8.785262 0.522560 0.000000
4.800000 14.014993 0.097820 -0.035508 8.428371 0.516334 0.000000
4.800000 14.314694 0.053407 -0.006550 7.991107 0.507664 0.000000
4.800000 14.616372 -0.105932 -0.013100 11.404001 0.496155 0.000000
4.800000 14.920000 -0.105932 0.000000 14.816895 0.484646 0.000000
5.040000 -4.227027 0.000000 0.500000 10.478086 1.000000 0.000000
5.040000 -4.014206 0.079600 0.481776 10.478086 0.872946 0.000000
5.040000 -3.803070 0.178989 0.431319 10.255100 0.766297 0.000000
5.040000 -3.593550 0.269292 0.361985 10.056133 0.687163 0.000000
5.040000 -3.385574 0.342796 0.288962 9.895351 0.631886 0.000000
5.040000 -3.179068 0.400472 0.221019 9.768307 0.594509 0.000000
5.040000 -2.973956 0.445131 0.161651 9.667818 0.569712 0.000000
5.040000 -2.770157 0.479346 0.111470 9.587795 0.553443 0.000000
5.040000 -2.567590 0.505106 0.069787 9.523488 0.542801 0.000000
5.040000 -2.366169 0.523923 0.035430 9.471133 0.535776 0.000000
5.040000 -2.165807 0.536990 0.007130 9.427694 0.531002 0.000000
5.040000 -1.966416 0.545287 -0.016300 9.390720 0.527570 0.000000
5.040000 -1.767904 0.549652 -0.035902 9.358254 0.524889 0.000000
5.040000 -1.570177 0.550809 -0.052550 9.328773 0.522588 0.000000
5.040000 -1.373143 0.549389 -0.066956 9.301121 0.520444 0.000000
5.040000 -1.176703 0.545934 -0.079682 9.274454 0.518331 0.000000
5.040000 -0.980762 0.540900 -0.091164 9.248175 0.516188 0.000000
5.040000 -0.785221 0.534670 -0.101730 9.221885 0.513991 0.000000
5.040000 -0.589980 0.527552 -0.111626 9.195330 0.511738 0.000000
5.040000 -0.394940 0.519791 -0.121025 9.168367 0.509440 0.000000
5.040000 -0.200000 0.511579 -0.130055 9.140931 0.507110 0.000000
5.040000 -0.005061 0.503060 -0.138800 9.113006 0.504764 0.000000
5.040000 0.189973 0.494344 -0.147321 9.084612 0.502413 0.000000
5.040000 0.385197 0.485508 -0.155655 9.055788 0.500070 0.000000
5.040000 0.580706 0.476611 -0.163829 9.026583 0.497743 0.000000
5.040000 0.776595 0.467692 -0.171861 8.997047 0.495438 0.000000
5.040000 0.972955 0.458780 -0.179760 8.967232 0.493161 0.000000
5.040000 1.169880 0.449895 -0.187535 8.937185 0.490913 0.000000
5.040000 1.367462 0.441052 -0.195191 8.906950 0.488697 0.000000
5.040000 1.565789 0.432260 -0.202733 8.876565 0.486514 0.000000
5.040000 1.764950 0.423526 -0.210165 8.846065 0.484365 0.000000
5.040000 1.965033 0.414858 -0.217490 8.815481 0.482249 0.000000
5.040000 2.166122 0.406259 -0.224711 8.784841 0.480168 0.000000
5.040000 2.368301 0.397734 -0.231830 8.754168 0.478121 0.000000
5.040000 2.571650 0.389285 -0.238851 8.723485 0.476108 0.000000
5.040000 2.776249 0.380917 -0.245776 8.692812 0.474129 0.000000
5.040000 2.982174 0.372632 -0.252605 8.662166 0.472184 0.000000
5.040000 3.189498 0.364433 -0.259342 8.631565 0.470273 0.000000
5.040000 3.398294 0.356323 -0.265986 8.601024 0.468395 0.000000
5.040000 3.608631 0.348303 -0.272539 8.570556 0.466551 0.000000
5.040000 3.820574 0.340377 -0.278999 8.540176 0.464741 0.000000
5.040000 4.034187 0.332545 -0.285368 8.509894 0.462965 0.000000
5.040000 4.249529 0.324811 -0.291644 8.479722 0.461222 0.000000
5.040000 4.466660 0.317175 -0.297826 8.449670 0.459513 0.000000
5.040000 4.685632 0.309639 -0.303911 8.419746 0.457838 0.000000
5.040000 4.906498 0.302203 -0.309898 8.389955 0.456196 0.000000
5.040000 5.129306 0.294870 -0.315783 8.360303 0.454588 0.000000
5.040000 5.354100 0.287638 -0.321562 8.330793 0.453014 0.000000
5.040000 5.580925 0.280508 -0.327233 8.301425 0.451474 0.000000
5.040000 5.809817 0.273480 -0.332788 8.272196 0.449967 0.000000
5.040000 6.040814 0.266552 -0.338224 8.243099 0.448493 0.000000
5.040000 6.273949 0.259723 -0.343534 8.214125 0.447052 0.000000
5.040000 6.509251 0.252991 -0.348710 8.185259 0.445645 0.000000
5.040000 6.746747 0.246353 -0.353744 8.156481 0.444269 0.000000
5.040000 6.986461 0.239806 -0.358625 8.127763 0.442926 0.000000
5.040000 7.228415 0.233343 -0.363342 8.099071 0.441614 0.000000
5.040000 7.472626 0.226960 -0.367882 8.070360 0.440332 0.000000
5.040000 7.719110 0.220650 -0.372228 8.041576 0.439081 0.000000
5.040000 7.967880 0.214404 -0.376360 8.012651 0.437858 0.000000
5.040000 8.218945 0.208212 -0.380255 7.983501 0.436662 0.000000
5.040000 8.472313 0.202063 -0.383885 7.954021 0.435493 0.000000
5.040000 8.727988 0.195943 -0.387213 7.924086 0.434347 0.000000
5.040000 8.985973 0.189836 -0.390197 7.893539 0.433224 0.000000
5.040000 9.246268 0.183725 -0.392780 7.862189 0.432121 0.000000
5.040000 9.508871 0.177589 -0.394895 7.829802 0.431036 0.000000
5.040000 9.773777 0.171405 -0.396454 7.796086 0.429964 0.000000
5.040000 10.040979 0.165147 -0.397344 7.760676 0.428902 0.000000
5.040000 10.310468 0.158784 -0.397421 7.723110 0.427844 0.000000
5.040000 10.582235 0.152282 -0.396496 7.682797 0.426784 0.000000
5.040000 10.856267 0.145599 -0.394325 7.638982 0.425710 0.000000
5.040000 11.132550 0.138687 -0.390585 7.590677 0.424609 0.000000
5.040000 11.411067 0.131486 -0.384850 7.536572 0.423459 0.000000
5.040000 11.691802 0.123923 -0.376552 7.474884 0.422229 0.000000
5.040000 11.974736 0.115912 -0.364930 7.403119 0.420876 0.000000
5.040000 12.259849 0.107355 -0.348961 7.317732 0.419339 0.000000
5.040000 12.547118 0.098155 -0.327265 7.213570 0.417537 0.000000
5.040000 12.836523 0.088268 -0.298020 7.082940 0.415364 0.000000
5.040000 13.128037 0.077816 -0.258931 6.914015 0.412690 0.000000
5.040000 13.421638 0.067322 -0.207563 6.687882 0.409366 0.000000
5.040000 13.717299 0.057977 -0.142927 6.372966 0.405230 0.000000
5.040000 14.014993 0.050537 -0.070899 5.919102 0.400087 0.000000
5.040000 14.314694 0.034431 -0.017228 5.267445 0.393620 0.000000
5.040000 14.616372 -0.068221 -0.034457 9.578640 0.385379 0.000000
5.040000 14.920000 -0.068221 0.000000 13.889834 0.377139 0.000000
5.280000 -4.227027 0.000000 0.500000 8.325269 1.000000 0.000000
5.280000 -4.014206 0.141511 0.463541 8.325269 0.782567 0.000000
5.280000 -3.803070 0.274835 0.375318 7.921568 0.631891 0.000000
5.280000 -3.593550 0.369078 0.273862 7.646358 0.536703 0.000000
5.280000 -3.385574 0.433191 0.182036 7.464495 0.477725 0.000000
5.280000 -3.179068 0.477608 0.105775 7.338399 0.441135 0.000000
5.280000 -2.973956 0.509106 0.044497 7.246350 0.418293 0.000000
5.280000 -2.770157 0.531669 -0.004120 7.176537 0.403929 0.000000
5.280000 -2.567590 0.547649 -0.042540 7.122048 0.394799 0.000000
5.280000 -2.366169 0.558518 -0.072946 7.078318 0.388877 0.000000
5.280000 -2.165807 0.565273 -0.097159 7.042074 0.384882 0.000000
5.280000 -1.966416 0.568657 -0.116657 7.010862 0.382004 0.000000
5.280000 -1.767904 0.569264 -0.132617 6.982834 0.379735 0.000000
5.280000 -1.570177 0.567594 -0.145962 6.956628 0.377765 0.000000
5.280000 -1.373143 0.564079 -0.157402 6.931268 0.375912 0.000000
5.280000 -1.176703 0.559092 -0.167474 6.906084 0.374077 0.000000
5.280000 -0.980762 0.552950 -0.176576 6.880647 0.372211 0.000000
5.280000 -0.785221 0.545920 -0.184995 6.854702 0.370299 0.000000
5.280000 -0.589980 0.538224 -0.192937 6.828121 0.368342 0.000000
5.280000 -0.394940 0.530040 -0.200541 6.800866 0.366348 0.000000
5.280000 -0.200000 0.521508 -0.207903 6.772952 0.364330 0.000000
5.280000 -0.005061 0.512737 -0.215084 6.744431 0.362300 0.000000
5.280000 0.189973 0.503811 -0.222123 6.715371 0.360270 0.000000
5.280000 0.385197 0.494792 -0.229044 6.685849 0.358249 0.000000
5.280000 0.580706 0.485726 -0.235860 6.655940 0.356245 0.000000
5.280000 0.776595 0.476645 -0.242579 6.625716 0.354262 0.000000
5.280000 0.972955 0.467576 -0.249204 6.595240 0.352304 0.000000
5.280000 1.169880 0.458535 -0.255738 6.564568 0.350373 0.000000
5.280000 1.367462 0.449536 -0.262182 6.533749 0.348472 0.000000
5.280000 1.565789 0.440590 -0.268537 6.502826 0.346600 0.000000
5.280000 1.764950 0.431702 -0.274805 6.471834 0.344760 0.000000
5.280000 1.965033 0.422880 -0.280986 6.440805 0.342950 0.000000
5.280000 2.166122 0.414128 -0.287082 6.409768 0.341170 0.000000
5.280000 2.368301 0.405450 -0.293094 6.378745 0.339422 0.000000
5.280000 2.571650 0.396851 -0.299023 6.347758 0.337704 0.000000
5.280000 2.776249 0.388332 -0.304872 6.316827 0.336016 0.000000
5.280000 2.982174 0.379897 -0.310640 6.285968 0.334359 0.000000
5.280000 3.189498 0.371549 -0.316328 6.255198 0.332732 0.000000
5.280000 3.398294 0.363290 -0.321938 6.224532 0.331135 0.000000
5.280000 3.608631 0.355122 -0.327469 6.193982 0.329568 0.000000
5.280000 3.820574 0.347047 -0.332922 6.163563 0.328031 0.000000
5.280000 4.034187 0.339066 -0.338295 6.133284 0.326523 0.000000
5.280000 4.249529 0.331182 -0.343588 6.103157 0.325045 0.000000
5.280000 4.466660 0.323395 -0.348800 6.073191 0.323597 0.000000
5.280000 4.685632 0.315708 -0.353929 6.043394 0.322178 0.000000
5.280000 4.906498 0.308119 -0.358973 6.013772 0.320788 0.000000
5.280000 5.129306 0.300631 -0.363931 5.984331 0.319428 0.000000
5.280000 5.354100 0.293242 -0.368798 5.955074 0.318097 0.000000
5.280000 5.580925 0.285953 -0.373572 5.926000 0.316794 0.000000
5.280000 5.809817 0.278763 -0.378250 5.897109 0.315521 0.000000
5.280000 6.040814 0.271670 -0.382826 5.868394 0.314275 0.000000
5.280000 6.273949 0.264672 -0.387296 5.839848 0.313058 0.000000
5.280000 6.509251 0.257766 -0.391654 5.811456 0.311869 0.000000
5.280000 6.746747 0.250949 -0.395894 5.783200 0.310707 0.000000
5.280000 6.986461 0.244216 -0.400009 5.755056 0.309571 0.000000
5.280000 7.228415 0.237560 -0.403989 5.726992 0.308462 0.000000
5.280000 7.472626 0.230974 -0.407825 5.698967 0.307378 0.000000
5.280000 7.719110 0.224449 -0.411503 5.670931 0.306318 0.000000
5.280000 7.967880 0.217975 -0.415010 5.642820 0.305282 0.000000
5.280000 8.218945 0.211537 -0.418329 5.614556 0.304267 0.000000
5.280000 8.472313 0.205120 -0.421436 5.586044 0.303272 0.000000
5.280000 8.727988 0.198705 -0.424307 5.557165 0.302296 0.000000
5.280000 8.985973 0.192269 -0.426907 5.527774 0.301336 0.000000
5.280000 9.246268 0.185786 -0.429196 5.497693 0.300390 0.000000
5.280000 9.508871 0.179222 -0.431122 5.466702 0.299454 0.000000
5.280000 9.773777 0.172540 -0.432616 5.434527 0.298525 0.000000
5.280000 10.040979 0.165691 -0.433593 5.400826 0.297597 0.000000
5.280000 10.310468 0.158620 -0.433940 5.365161 0.296666 0.000000
5.280000 10.582235 0.151254 -0.433511 5.326976 0.295723 0.000000
5.280000 10.856267 0.143503 -0.432110 5.285548 0.294757 0.000000
5.280000 11.132550 0.135254 -0.429478 5.239928 0.293753 0.000000
5.280000 11.411067 0.126355 -0.425266 5.188845 0.292690 0.000000
5.280000 11.691802 0.116611 -0.418998 5.130548 0.291538 0.000000
5.280000 11.974736 0.105760 -0.410016 5.062575 0.290257 0.000000
5.280000 12.259849 0.093459 -0.397398 4.981380 0.288791 0.000000
5.280000 12.547118 0.079268 -0.379827 4.881743 0.287070 0.000000
5.280000 12.836523 0.062671 -0.355396 4.755702 0.285008 0.000000
5.280000 13.128037 0.043213 -0.321319 4.590591 0.282515 0.000000
5.280000 13.421638 0.020974 -0.273605 4.364890 0.279526 0.000000
5.280000 13.717299 -0.001960 -0.207246 4.037501 0.276061 0.000000
5.280000 14.014993 -0.017679 -0.120277 3.521767 0.272317 0.000000
5.280000 14.314694 -0.007980 -0.035909 2.632198 0.268714 0.000000
5.280000 14.616372 0.016052 -0.071817 7.625591 0.265486 0.000000
5.280000 14.920000 0.016052 0.000000 12.618983 0.262259 0.000000
5.520000 -4.227027 0.000000 0.500000 6.151272 1.000000 0.000000
5.520000 -4.014206 0.278964 0.415055 6.151272 0.578530 0.000000
5.520000 -3.803070 0.414099 0.259827 5.338616 0.398773 0.000000
5.520000 -3.593550 0.483864 0.139397 5.039406 0.313163 0.000000
5.520000 -3.385574 0.523560 0.053350 4.900325 0.268451 0.000000
5.520000 -3.179068 0.548036 -0.008820 4.819560 0.243429 0.000000
5.520000 -2.973956 0.563926 -0.054638 4.764806 0.228752 0.000000
5.520000 -2.770157 0.574400 -0.088900 4.724191 0.219865 0.000000
5.520000 -2.567590 0.581074 -0.114788 4.692266 0.214340 0.000000
5.520000 -2.366169 0.584835 -0.134541 4.665818 0.210795 0.000000
5.520000 -2.165807 0.586221 -0.149802 4.642632 0.208404 0.000000
5.520000 -1.966416 0.585600 -0.161795 4.621093 0.206668 0.000000
5.520000 -1.767904 0.583266 -0.171439 4.600042 0.205279 0.000000
5.520000 -1.570177 0.579470 -0.179420 4.578684 0.204055 0.000000
5.520000 -1.373143 0.574443 -0.186241 4.556521 0.202890 0.000000
5.520000 -1.176703 0.568396 -0.192270 4.533278 0.201728 0.000000
5.520000 -0.980762 0.561522 -0.197765 4.508848 0.200543 0.000000
5.520000 -0.785221 0.553991 -0.202908 4.483236 0.199328 0.000000
5.520000 -0.589980 0.545950 -0.207819 4.456518 0.198084 0.000000
5.520000 -0.394940 0.537525 -0.212578 4.428812 0.196817 0.000000
5.520000 -0.200000 0.528816 -0.217233 4.400251 0.195536 0.000000
5.520000 -0.005061 0.519909 -0.221815 4.370969 0.194250 0.000000
5.520000 0.189973 0.510867 -0.226339 4.341101 0.192964 0.000000
5.520000 0.385197 0.501742 -0.230812 4.310765 0.191685 0.000000
5.520000 0.580706 0.492573 -0.235238 4.280066 0.190418 0.000000
5.520000 0.776595 0.483391 -0.239616 4.249091 0.189164 0.000000
5.520000 0.972955 0.474217 -0.243944 4.217915 0.187928 0.000000
5.520000 1.169880 0.465069 -0.248223 4.186601 0.186710 0.000000
5.520000 1.367462 0.455962 -0.252449 4.155199 0.185511 0.000000
5.520000 1.565789 0.446904 -0.256624 4.123752 0.184332 0.000000
5.520000 1.764950 0.437904 -0.260745 4.092296 0.183172 0.000000
5.520000 1.965033 0.428969 -0.264812 4.060861 0.182034 0.000000
5.520000 2.166122 0.420104 -0.268827 4.029473 0.180915 0.000000
5.520000 2.368301 0.411312 -0.272789 3.998155 0.179817 0.000000
5.520000 2.571650 0.402599 -0.276698 3.966925 0.178738 0.000000
5.520000 2.776249 0.393967 -0.280556 3.935802 0.177680 0.000000
5.520000 2.982174 0.385419 -0.284361 3.904802 0.176641 0.000000
5.520000 3.189498 0.376957 -0.288115 3.873939 0.175622 0.000000
5.520000 3.398294 0.368584 -0.291818 3.843227 0.174623 0.000000
5.520000 3.608631 0.360303 -0.295469 3.812679 0.173643 0.000000
5.520000 3.820574 0.352114 -0.299068 3.782307 0.172682 0.000000
5.520000 4.034187 0.344019 -0.302615 3.752121 0.171740 0.000000
5.520000 4.249529 0.336021 -0.306110 3.722131 0.170818 0.000000
5.520000 4.466660 0.328119 -0.309550 3.692347 0.169914 0.000000
5.520000 4.685632 0.320315 -0.312936 3.662776 0.169030 0.000000
5.520000 4.906498 0.312610 -0.316266 3.633424 0.168164 0.000000
5.520000 5.129306 0.305004 -0.319539 3.604298 0.167317 0.000000
5.520000 5.354100 0.297496 -0.322752 3.575399 0.166488 0.000000
5.520000 5.580925 0.290086 -0.325904 3.546729 0.165677 0.000000
5.520000 5.809817 0.282773 -0.328993 3.518287 0.164885 0.000000
5.520000 6.040814 0.275555 -0.332017 3.490069 0.164110 0.000000
5.520000 6.273949 0.268430 -0.334971 3.462067 0.163353 0.000000
5.520000 6.509251 0.261394 -0.337854 3.434270 0.162613 0.000000
5.520000 6.746747 0.254443 -0.340661 3.406662 0.161891 0.000000
5.520000 6.986461 0.247571 -0.343388 3.379220 0.161184 0.000000
5.520000 7.228415 0.240773 -0.346030 3.351916 0.160494 0.000000
5.520000 7.472626 0.234038 -0.348583 3.324714 0.159819 0.000000
5.520000 7.719110 0.227357 -0.351038 3.297569 0.159158 0.000000
5.520000 7.967880 0.220717 -0.353388 3.270424 0.158512 0.000000
5.520000 8.218945 0.214103 -0.355623 3.243208 0.157878 0.000000
5.520000 8.472313 0.207495 -0.357732 3.215834 0.157256 0.000000
5.520000 8.727988 0.200872 -0.359700 3.188196 0.156644 0.000000
5.520000 8.985973 0.194205 -0.361509 3.160163 0.156041 0.000000
5.520000 9.246268 0.187462 -0.363136 3.131574 0.155444 0.000000
5.520000 9.508871 0.180602 -0.364553 3.102230 0.154852 0.000000
5.520000 9.773777 0.173575 -0.365723 3.071884 0.154261 0.000000
5.520000 10.040979 0.166321 -0.366598 3.040225 0.153668 0.000000
5.520000 10.310468 0.158762 -0.367115 3.006861 0.153069 0.000000
5.520000 10.582235 0.150803 -0.367193 2.971287 0.152458 0.000000
5.520000 10.856267 0.142318 -0.366722 2.932848 0.151826 0.000000
5.520000 11.132550 0.133144 -0.365555 2.890679 0.151164 0.000000
5.520000 11.411067 0.123064 -0.363494 2.843617 0.150455 0.000000
5.520000 11.691802 0.111787 -0.360262 2.790059 0.149681 0.000000
5.520000 11.974736 0.098911 -0.355473 2.727749 0.148812 0.000000
5.520000 12.259849 0.083885 -0.348568 2.653454 0.147813 0.000000
5.520000 12.547118 0.065954 -0.338725 2.562442 0.146634 0.000000
5.520000 12.836523 0.044100 -0.324681 2.447592 0.145222 0.000000
5.520000 13.128037 0.017067 -0.304407 2.297732 0.143521 0.000000
5.520000 13.421638 -0.016307 -0.274479 2.094689 0.141506 0.000000
5.520000 13.717299 -0.055510 -0.228872 1.804613 0.139251 0.000000
5.520000 14.014993 -0.091872 -0.157302 1.341128 0.137091 0.000000
5.520000 14.314694 -0.081903 -0.056710 0.389107 0.135929 0.000000
5.520000 14.616372 0.162942 -0.113421 5.224705 0.137365 0.000000
5.520000 14.920000 0.162942 0.000000 10.060304 0.138801 0.000000
5.760000 -4.227027 0.000000 0.500000 0.000000 1.000000 0.000000
5.760000 -4.014206 0.187569 0.250000 0.000000 0.000000 0.000000
5.760000 -3.803070 0.247148 0.000000 0.000000 0.000000 0.000000
5.760000 -3.593550 0.270759 0.000000 0.000000 0.000000 0.000000
5.760000 -3.385574 0.282567 0.000000 0.000000 0.000000 0.000000
5.760000 -3.179068 0.289335 0.000000 0.000000 0.000000 0.000000
5.760000 -2.973956 0.293437 0.000000 0.000000 0.000000 0.000000
5.760000 -2.770157 0.295889 0.000000 0.000000 0.000000 0.000000
5.760000 -2.567590 0.297176 0.000000 0.000000 0.000000 0.000000
5.760000 -2.366169 0.297542 0.000000 0.000000 0.000000 0.000000
5.760000 -2.165807 0.297122 0.000000 0.000000 0.000000 0.000000
5.760000 -1.966416 0.296004 0.000000 0.000000 0.000000 0.000000
5.760000 -1.767904 0.294258 0.000000 0.000000 0.000000 0.000000
5.760000 -1.570177 0.291952 0.000000 0.000000 0.000000 0.000000
5.760000 -1.373143 0.289158 0.000000 0.000000 0.000000 0.000000
5.760000 -1.176703 0.285944 0.000000 0.000000 0.000000 0.000000
5.760000 -0.980762 0.282380 0.000000 0.000000 0.000000 0.000000
5.760000 -0.785221 0.278532 0.000000 0.000000 0.000000 0.000000
5.760000 -0.589980 0.274457 0.000000 0.000000 0.000000 0.000000
5.760000 -0.394940 0.270208 0.000000 0.000000 0.000000 0.000000
5.760000 -0.200000 0.265828 0.000000 0.000000 0.000000 0.000000
5.760000 -0.005061 0.261355 0.000000 0.000000 0.000000 0.000000
5.760000 0.189973 0.256817 0.000000 0.000000 0.000000 0.000000
5.760000 0.385197 0.252238 0.000000 0.000000 0.000000 0.000000
5.760000 0.580706 0.247636 0.000000 0.000000 0.000000 0.000000
5.760000 0.776595 0.243027 0.000000 0.000000 0.000000 0.000000
5.760000 0.972955 0.238422 0.000000 0.000000 0.000000 0.000000
5.760000 1.169880 0.233828 0.000000 0.000000 0.000000 0.000000
5.760000 1.367462 0.229254 0.000000 0.000000 0.000000 0.000000
5.760000 1.565789 0.224704 0.000000 0.000000 0.000000 0.000000
5.760000 1.764950 0.220183 0.000000 0.000000 0.000000 0.000000
5.760000 1.965033 0.215693 0.000000 0.000000 0.000000 0.000000
5.760000 2.166122 0.211238 0.000000 0.000000 0.000000 0.000000
5.760000 2.368301 0.206821 0.000000 0.000000 0.000000 0.000000
5.760000 2.571650 0.202442 0.000000 0.000000 0.000000 0.000000
5.760000 2.776249 0.198103 0.000000 0.000000 0.000000 0.000000
5.760000 2.982174 0.193807 0.000000 0.000000 0.000000 0.000000
5.760000 3.189498 0.189554 0.000000 0.000000 0.000000 0.000000
5.760000 3.398294 0.185345 0.000000 0.000000 0.000000 0.000000
5.760000 3.608631 0.181181 0.000000 0.000000 0.000000 0.000000
5.760000 3.820574 0.177064 0.000000 0.000000 0.000000 0.000000
5.760000 4.034187 0.172995 0.000000 0.000000 0.000000 0.000000
5.760000 4.249529 0.168972 0.000000 0.000000 0.000000 0.000000
5.760000 4.466660 0.164999 0.000000 0.000000 0.000000 0.000000
5.760000 4.685632 0.161074 0.000000 0.000000 0.000000 0.000000
5.760000 4.906498 0.157198 0.000000 0.000000 0.000000 0.000000
5.760000 5.129306 0.153371 0.000000 0.000000 0.000000 0.000000
5.760000 5.354100 0.149594 0.000000 0.000000 0.000000 0.000000
5.760000 5.580925 0.145865 0.000000 0.000000 0.000000 0.000000
5.760000 5.809817 0.142184 0.000000 0.000000 0.000000 0.000000
5.760000 6.040814 0.138550 0.000000 0.000000 0.000000 0.000000
5.760000 6.273949 0.134963 0.000000 0.000000 0.000000 0.000000
5.760000 6.509251 0.131419 0.000000 0.000000 0.000000 0.000000
5.760000 6.746747 0.127917 0.000000 0.000000 0.000000 0.000000
5.760000 6.986461 0.124455 0.000000 0.000000 0.000000 0.000000
5.760000 7.228415 0.121028 0.000000 0.000000 0.000000 0.000000
5.760000 7.472626 0.117632 0.000000 0.000000 0.000000 0.000000
5.760000 7.719110 0.114261 0.000000 0.000000 0.000000 0.000000
5.760000 7.967880 0.110910 0.000000 0.000000 0.000000 0.000000
5.760000 8.218945 0.107569 0.000000 0.000000 0.000000 0.000000
5.760000 8.472313 0.104229 0.000000 0.000000 0.000000 0.000000
5.760000 8.727988 0.100878 0.000000 0.000000 0.000000 0.000000
5.760000 8.985973 0.097502 0.000000 0.000000 0.000000 0.000000
5.760000 9.246268 0.094082 0.000000 0.000000 0.000000 0.000000
5.760000 9.508871 0.090597 0.000000 0.000000 0.000000 0.000000
5.760000 9.773777 0.087021 0.000000 0.000000 0.000000 0.000000
5.760000 10.040979 0.083320 0.000000 0.000000 0.000000 0.000000
5.760000 10.310468 0.079452 0.000000 0.000000 0.000000 0.000000
5.760000 10.582235 0.075365 0.000000 0.000000 0.000000 0.000000
5.760000 10.856267 0.070990 0.000000 0.000000 0.000000 0.000000
5.760000 11.132550 0.066235 0.000000 0.000000 0.000000 0.000000
5.760000 11.411067 0.060982 0.000000 0.000000 0.000000 0.000000
5.760000 11.691802 0.055064 0.000000 0.000000 0.000000 0.000000
5.760000 11.974736 0.048255 0.000000 0.000000 0.000000 0.000000
5.760000 12.259849 0.040239 0.000000 0.000000 0.000000 0.000000
5.760000 12.547118 0.030572 0.000000 0.000000 0.000000 0.000000
5.760000 12.836523 0.018636 0.000000 0.000000 0.000000 0.000000
5.760000 13.128037 0.003607 0.000000 0.000000 0.000000 0.000000
5.760000 13.421638 -0.015451 0.000000 0.000000 0.000000 0.000000
5.760000 13.717299 -0.038954 0.000000 0.000000 0.000000 0.000000
5.760000 14.014993 -0.063565 0.000000 0.000000 0.000000 0.000000
5.760000 14.314694 -0.063583 0.000000 0.000000 0.000000 0.000000
5.760000 14.616372 0.126442 0.000000 0.000000 0.000000 0.000000
5.760000 14.920000 0.126442 0.000000 0.000000 0.000000 0.000000
6.000000 -4.227027 0.000000 0.500000 0.000000 1.000000 0.000000
6.000000 -4.014206 0.000000 0.250000 0.000000 0.000000 0.000000
6.000000 -3.803070 0.000000 0.000000 0.000000 0.000000 0.000000
6.000000 -3.593550 0.000000 0.000000 0.000000 0.000000 0.000000
6.000000 -3.385574 0.000000 0.000000 0.000000 0.000000 0.000000
6.000000 -3.179068 0.000000 0.000000 0.000000 0.000000 0.000000
6.000000 -2.973956 0.000000 0.000000 0.000000 0.000000 0.000000
6.000000 -2.770157 0.000000 0.000000 0.000000 0.000000 0.000000
6.000000 -2.567590 0.000000 0.000000 0.000000 0.000000 0.000000
6.000000 -2.366169 0.000000 0.000000 0.000000 0.000000 0.000000
6.000000 -2.165807 0.000000 0.000000 0.000000 0.000000 0.000000
6.000000 -1.966416 0.000000 0.000000 0.000000 0.000000 0.000000
6.000000 -1.767904 0.000000 0.000000 0.000000 0.000000 0.000000
6.000000 -1.570177 0.000000 0.000000 0.000000 0.000000 0.000000
6.000000 -1.373143 0.000000 0.000000 0.000000 0.000000 0.000000
6.000000 -1.176703 0.000000 0.000000 0.000000 0.000000 0.000000
6.000000 -0.980762 0.000000 0.000000 0.000000 0.000000 0.000000
6.000000 -0.785221 0.000000 0.000000 0.000000 0.000000 0.000000
6.000000 -0.589980 0.000000 0.000000 0.000000 0.000000 0.000000
6.000000 -0.394940 0.000000 0.000000 0.000000 0.000000 0.000000
6.000000 -0.200000 0.000000 0.000000 0.000000 0.000000 0.000000
6.000000 -0.005061 0.000000 0.000000 0.000000 0.000000 0.000000
6.000000 0.189973 0.000000 0.000000 0.000000 0.000000 0.000000
6.000000 0.385197 0.000000 0.000000 0.000000 0.000000 0.000000
6.000000 0.580706 0.000000 0.000000 0.000000 0.000000 0.000000
6.000000 0.776595 0.000000 0.000000 0.000000 0.000000 0.000000
6.000000 0.972955 0.000000 0.000000 0.000000 0.000000 0.000000
6.000000 1.169880 0.000000 0.000000 0.000000 0.000000 0.000000
6.000000 1.367462 0.000000 0.000000 0.000000 0.000000 0.000000
6.000000 1.565789 0.000000 0.000000 0.000000 0.000000 0.000000
6.000000 1.764950 0.000000 0.000000 0.000000 0.000000 0.000000
6.000000 1.965033 0.000000 0.000000 0.000000 0.000000 0.000000
6.000000 2.166122 0.000000 0.000000 0.000000 0.000000 0.000000
6.000000 2.368301 0.000000 0.000000 0.000000 0.000000 0.000000
6.000000 2.571650 0.000000 0.000000 0.000000 0.000000 0.000000
6.000000 2.776249 0.000000 0.000000 0.000000 0.000000 0.000000
6.000000 2.982174 0.000000 0.000000 0.000000 0.000000 0.000000
6.000000 3.189498 0.000000 0.000000 0.000000 0.000000 0.000000
6.000000 3.398294 0.000000 0.000000 0.000000 0.000000 0.000000
6.000000 3.608631 0.000000 0.000000 0.000000 0.000000 0.000000
6.000000 3.820574 0.000000 0.000000 0.000000 0.000000 0.000000
6.000000 4.034187 0.000000 0.000000 0.000000 0.000000 0.000000
6.000000 4.249529 0.000000 0.000000 0.000000 0.000000 0.000000
6.000000 4.466660 0.000000 0.000000 0.000000 0.000000 0.000000
6.000000 4.685632 0.000000 0.000000 0.000000 0.000000 0.000000
6.000000 4.906498 0.000000 0.000000 0.000000 0.000000 0.000000
6.000000 5.129306 0.000000 0.000000 0.000000 0.000000 0.000000
6.000000 5.354100 0.000000 0.000000 0.000000 0.000000 0.000000
6.000000 5.580925 0.000000 0.000000 0.000000 0.000000 0.000000
6.000000 5.809817 0.000000 0.000000 0.000000 0.000000 0.000000
6.000000 6.040814 0.000000 0.000000 0.000000 0.000000 0.000000
6.000000 6.273949 0.000000 0.000000 0.000000 0.000000 0.000000
6.000000 6.509251 0.000000 0.000000 0.000000 0.000000 0.000000
6.000000 6.746747 0.000000 0.000000 0.000000 0.000000 0.000000
6.000000 6.986461 0.000000 0.000000 0.000000 0.000000 0.000000
6.000000 7.228415 0.000000 0.000000 0.000000 0.000000 0.000000
6.000000 7.472626 0.000000 0.000000 0.000000 0.000000 0.000000
6.000000 7.719110 0.000000 0.000000 0.000000 0.000000 0.000000
6.000000 7.967880 0.000000 0.000000 0.000000 0.000000 0.000000
6.000000 8.218945 0.000000 0.000000 0.000000 0.000000 0.000000
6.000000 8.472313 0.000000 0.000000 0.000000 0.000000 0.000000
6.000000 8.727988 0.000000 0.000000 0.000000 0.000000 0.000000
6.000000 8.985973 0.000000 0.000000 0.000000 0.000000 0.000000
6.000000 9.246268 0.000000 0.000000 0.000000 0.000000 0.000000
6.000000 9.508871 0.000000 0.000000 0.000000 0.000000 0.000000
6.000000 9.773777 0.000000 0.000000 0.000000 0.000000 0.000000
6.000000 10.040979 0.000000 0.000000 0.000000 0.000000 0.000000
6.000000 10.310468 0.000000 0.000000 0.000000 0.000000 0.000000
6.000000 10.582235 0.000000 0.000000 0.000000 0.000000 0.000000
6.000000 10.856267 0.000000 0.000000 0.000000 0.000000 0.000000
6.000000 11.132550 0.000000 0.000000 0.000000 0.000000 0.000000
6.000000 11.411067 0.000000 0.000000 0.000000 0.000000 0.000000
6.000000 11.691802 0.000000 0.000000 0.000000 0.000000 0.000000
6.000000 11.974736 0.000000 0.000000 0.000000 0.000000 0.000000
6.000000 12.259849 0.000000 0.000000 0.000000 0.000000 0.000000
6.000000 12.547118 0.000000 0.000000 0.000000 0.000000 0.000000
6.000000 12.836523 0.000000 0.000000 0.000000 0.000000 0.000000
6.000000 13.128037 0.000000 0.000000 0.000000 0.000000 0.000000
6.000000 13.421638 0.000000 0.000000 0.000000 0.000000 0.000000
6.000000 13.717299 0.000000 0.000000 0.000000 0.000000 0.000000
6.000000 14.014993 0.000000 0.000000 0.000000 0.000000 0.000000
6.000000 14.314694 0.000000 0.000000 0.000000 0.000000 0.000000
6.000000 14.616372 0.000000 0.000000 0.000000 0.000000 0.000000
6.000000 14.920000 0.000000 0.000000 0.000000 0.000000 0.000000
