115.827792 1.000000 0.000000
115.827792 0.999999 0.000292
115.812647 0.999998 0.000676
115.801345 0.999998 0.001237
115.793439 0.999997 0.002084
115.788597 0.999997 0.003366
115.786557 0.999997 0.005281
115.787111 0.999996 0.008081
115.790094 0.999996 0.012085
115.795382 0.999996 0.017679
115.802892 0.999996 0.025309
115.812576 0.999996 0.035470
115.824424 0.999997 0.048681
115.838462 0.999997 0.065452
115.854748 0.999997 0.086240
115.873373 0.999997 0.111397
115.894450 0.999997 0.141130
115.918102 0.999997 0.175447
115.944436 0.999997 0.214137
115.973504 0.999997 0.256760
116.005239 0.999998 0.302662
116.039398 0.999998 0.351012
116.075505 0.999999 0.400868
115.917314 0.999999 0.451238
115.763737 1.000000 0.501238
115.617931 1.000001 0.549926
115.482036 1.000001 0.596430
115.357255 1.000002 0.639984
115.243972 1.000002 0.679971
115.141950 1.000002 0.715950
115.050521 1.000003 0.747667
114.968773 1.000003 0.775053
114.895682 1.000003 0.798206
114.830209 1.000003 0.817368
114.771360 1.000003 0.832886
114.718220 1.000003 0.845178
114.669969 1.000003 0.854697
114.625885 1.000003 0.861901
114.585340 1.000003 0.867225
114.547792 1.000003 0.871066
114.512781 1.000003 0.873767
114.479913 1.000003 0.875618
114.448856 1.000003 0.876850
114.419329 1.000003 0.877646
114.391097 1.000003 0.878143
114.363965 1.000003 0.878440
114.337769 1.000003 0.878608
114.312376 1.000003 0.878696
114.287676 1.000003 0.878736
114.263582 1.000003 0.878748
114.240026 1.000003 0.878744
114.216954 1.000003 0.878733
114.194329 1.000003 0.878718
114.172125 1.000003 0.878702
114.150329 1.000003 0.878687
114.128937 1.000003 0.878673
114.107953 1.000003 0.878659
114.087393 1.000003 0.878647
114.067277 1.000003 0.878636
114.047634 1.000003 0.878625
114.028498 1.000003 0.878616
114.009911 1.000003 0.878607
113.991918 1.000003 0.878599
113.974571 1.000003 0.878592
113.957923 1.000003 0.878585
113.942034 1.000003 0.878579
113.926964 1.000003 0.878573
113.912775 1.000003 0.878567
113.899527 1.000002 0.878562
113.887280 1.000002 0.878556
113.876086 1.000002 0.878549
113.865992 1.000002 0.878542
113.857031 1.000002 0.878534
113.849222 1.000002 0.878523
113.842565 1.000002 0.878509
113.837034 1.000002 0.878492
113.832579 1.000002 0.878470
113.829125 1.000001 0.878444
113.826576 1.000001 0.878411
113.824822 1.000001 0.878374
113.823760 1.000000 0.878331
113.823313 1.000000 0.878284
109.202889 1.000000 0.878233
104.582464 0.999999 0.878182
115.827792 1.000000 0.000000
115.827792 0.999999 0.000292
115.812647 0.999998 0.000676
115.801345 0.999998 0.001237
115.793439 0.999997 0.002084
115.788597 0.999997 0.003366
115.786557 0.999997 0.005281
115.787111 0.999996 0.008081
115.790094 0.999996 0.012085
115.795382 0.999996 0.017679
115.802892 0.999996 0.025309
115.812576 0.999996 0.035470
115.824424 0.999997 0.048681
115.838462 0.999997 0.065452
115.854748 0.999997 0.086240
115.873373 0.999997 0.111397
115.894450 0.999997 0.141130
115.918102 0.999997 0.175447
115.944436 0.999997 0.214137
115.973504 0.999997 0.256760
116.005239 0.999998 0.302662
116.039398 0.999998 0.351012
116.075505 0.999999 0.400868
115.917314 0.999999 0.451238
115.763737 1.000000 0.501238
115.617931 1.000001 0.549926
115.482036 1.000001 0.596430
115.357255 1.000002 0.639984
115.243972 1.000002 0.679971
115.141950 1.000002 0.715950
115.050521 1.000003 0.747667
114.968773 1.000003 0.775053
114.895682 1.000003 0.798206
114.830209 1.000003 0.817368
114.771360 1.000003 0.832886
114.718220 1.000003 0.845178
114.669969 1.000003 0.854697
114.625885 1.000003 0.861901
114.585340 1.000003 0.867225
114.547792 1.000003 0.871066
114.512781 1.000003 0.873767
114.479913 1.000003 0.875618
114.448856 1.000003 0.876850
114.419329 1.000003 0.877646
114.391097 1.000003 0.878143
114.363965 1.000003 0.878440
114.337769 1.000003 0.878608
114.312376 1.000003 0.878696
114.287676 1.000003 0.878736
114.263582 1.000003 0.878748
114.240026 1.000003 0.878744
114.216954 1.000003 0.878733
114.194329 1.000003 0.878718
114.172125 1.000003 0.878702
114.150329 1.000003 0.878687
114.128937 1.000003 0.878673
114.107953 1.000003 0.878659
114.087393 1.000003 0.878647
114.067277 1.000003 0.878636
114.047634 1.000003 0.878625
114.028498 1.000003 0.878616
114.009911 1.000003 0.878607
113.991918 1.000003 0.878599
113.974571 1.000003 0.878592
113.957923 1.000003 0.878585
113.942034 1.000003 0.878579
113.926964 1.000003 0.878573
113.912775 1.000003 0.878567
113.899527 1.000002 0.878562
113.887280 1.000002 0.878556
113.876086 1.000002 0.878549
113.865992 1.000002 0.878542
113.857031 1.000002 0.878534
113.849222 1.000002 0.878523
113.842565 1.000002 0.878509
113.837034 1.000002 0.878492
113.832579 1.000002 0.878470
113.829125 1.000001 0.878444
113.826576 1.000001 0.878411
113.824822 1.000001 0.878374
113.823760 1.000000 0.878331
113.823313 1.000000 0.878284
109.202889 1.000000 0.878233
104.582464 0.999999 0.878182
113.468689 1.000000 0.000000
113.468689 0.999999 0.000288
113.454201 0.999998 0.000667
113.443198 0.999998 0.001220
113.435419 0.999997 0.002056
113.430598 0.999997 0.003321
113.428500 0.999997 0.005209
113.428927 0.999996 0.007972
113.431725 0.999996 0.011923
113.436777 0.999996 0.017443
113.444005 0.999996 0.024972
113.453371 0.999996 0.034999
113.464878 0.999997 0.048039
113.478568 0.999997 0.064594
113.494526 0.999997 0.085117
113.512879 0.999997 0.109959
113.533791 0.999997 0.139322
113.557451 0.999997 0.173218
113.584047 0.999997 0.211436
113.613707 0.999998 0.253539
113.646423 0.999998 0.298879
113.681949 0.999998 0.346631
113.719699 0.999999 0.395864
113.556042 1.000000 0.445600
113.397956 1.000000 0.494976
113.248972 1.000001 0.543064
113.111324 1.000001 0.588998
112.986046 1.000002 0.632021
112.873229 1.000002 0.671522
112.772313 1.000002 0.707064
112.682356 1.000003 0.738395
112.602231 1.000003 0.765448
112.530768 1.000003 0.788320
112.466836 1.000003 0.807249
112.409392 1.000003 0.822577
112.357500 1.000003 0.834719
112.310339 1.000003 0.844121
112.267192 1.000003 0.851235
112.227445 1.000003 0.856492
112.190573 1.000003 0.860284
112.156130 1.000003 0.862949
112.123738 1.000003 0.864774
112.093076 1.000003 0.865988
112.063878 1.000003 0.866771
112.035919 1.000003 0.867258
112.009010 1.000003 0.867549
111.982997 1.000003 0.867712
111.957752 1.000003 0.867797
111.933172 1.000003 0.867833
111.909173 1.000003 0.867843
111.885691 1.000003 0.867837
111.862675 1.000003 0.867824
111.840092 1.000003 0.867808
111.817917 1.000003 0.867791
111.796139 1.000003 0.867775
111.774756 1.000003 0.867760
111.753774 1.000003 0.867745
111.733208 1.000003 0.867732
111.713081 1.000003 0.867720
111.693421 1.000003 0.867709
111.674265 1.000003 0.867699
111.655654 1.000003 0.867690
111.637635 1.000003 0.867682
111.620259 1.000003 0.867674
111.603582 1.000003 0.867667
111.587662 1.000003 0.867660
111.572563 1.000003 0.867654
111.558346 1.000003 0.867648
111.545073 1.000003 0.867642
111.532806 1.000002 0.867636
111.521599 1.000002 0.867629
111.511501 1.000002 0.867622
111.502548 1.000002 0.867612
111.494760 1.000002 0.867601
111.488139 1.000002 0.867586
111.482661 1.000002 0.867568
111.478275 1.000002 0.867545
111.474901 1.000001 0.867516
111.472436 1.000001 0.867482
111.470760 1.000001 0.867441
111.469759 1.000000 0.867396
111.469340 1.000000 0.867345
106.849865 1.000000 0.867291
102.230391 0.999999 0.867236
111.105117 1.000000 0.000000
111.105117 0.999999 0.000280
111.091208 0.999998 0.000649
111.080584 0.999998 0.001187
111.072997 0.999997 0.002001
111.068204 0.999997 0.003231
111.065993 0.999997 0.005069
111.066181 0.999996 0.007757
111.068623 0.999996 0.011602
111.073214 0.999996 0.016975
111.079887 0.999996 0.024304
111.088620 0.999997 0.034067
111.099438 0.999997 0.046766
111.112415 0.999997 0.062893
111.127684 0.999997 0.082891
111.145445 0.999997 0.107106
111.165962 0.999997 0.135736
111.189559 0.999997 0.168794
111.216591 0.999997 0.206074
111.247375 0.999998 0.247146
111.282062 0.999998 0.291370
111.320457 0.999998 0.337939
111.361804 0.999999 0.385936
111.185953 1.000000 0.434417
111.018041 1.000000 0.482557
110.862519 1.000001 0.529453
110.721615 1.000001 0.574257
110.595799 1.000002 0.616225
110.484396 1.000002 0.654760
110.386113 1.000002 0.689433
110.299415 1.000003 0.720000
110.222749 1.000003 0.746392
110.154670 1.000003 0.768706
110.093887 1.000003 0.787172
110.039280 1.000003 0.802126
109.989886 1.000003 0.813969
109.944887 1.000003 0.823139
109.903593 1.000003 0.830077
109.865420 1.000004 0.835201
109.829876 1.000004 0.838895
109.796547 1.000004 0.841490
109.765086 1.000004 0.843264
109.735201 1.000003 0.844442
109.706646 1.000003 0.845199
109.679218 1.000003 0.845668
109.652746 1.000003 0.845946
109.627090 1.000003 0.846100
109.602135 1.000003 0.846177
109.577787 1.000003 0.846208
109.553974 1.000003 0.846213
109.530635 1.000003 0.846204
109.507730 1.000003 0.846188
109.485227 1.000003 0.846169
109.463109 1.000003 0.846150
109.441365 1.000003 0.846131
109.419998 1.000003 0.846114
109.399017 1.000003 0.846098
109.378439 1.000003 0.846083
109.358289 1.000003 0.846070
109.338596 1.000003 0.846058
109.319398 1.000003 0.846047
109.300739 1.000003 0.846036
109.282666 1.000003 0.846027
109.265232 1.000003 0.846019
109.248494 1.000003 0.846011
109.232514 1.000003 0.846003
109.217354 1.000003 0.845997
109.203080 1.000003 0.845990
109.189757 1.000003 0.845983
109.177449 1.000003 0.845977
109.166215 1.000002 0.845969
109.156107 1.000002 0.845961
109.147167 1.000002 0.845951
109.139421 1.000002 0.845938
109.132873 1.000002 0.845921
109.127501 1.000002 0.845900
109.123254 1.000002 0.845874
109.120045 1.000001 0.845842
109.117756 1.000001 0.845803
109.116246 1.000001 0.845757
109.115371 1.000000 0.845706
109.115014 1.000000 0.845649
104.497372 1.000000 0.845588
99.879731 0.999999 0.845527
108.737152 1.000000 0.000000
108.737152 0.999999 0.000269
108.723922 0.999998 0.000623
108.713750 0.999998 0.001139
108.706387 0.999997 0.001919
108.701608 0.999997 0.003100
108.699213 0.999997 0.004863
108.699032 0.999996 0.007442
108.700934 0.999996 0.011132
108.704822 0.999996 0.016288
108.710643 0.999996 0.023323
108.718392 0.999997 0.032697
108.728115 0.999997 0.044893
108.739929 0.999997 0.060387
108.754027 0.999997 0.079609
108.770703 0.999997 0.102893
108.790366 0.999997 0.130436
108.813551 0.999997 0.162252
108.840904 0.999997 0.198141
108.873107 0.999998 0.237687
108.910704 0.999998 0.280264
108.953776 0.999999 0.325084
109.001466 0.999999 0.371260
108.803523 1.000000 0.417889
108.619025 1.000000 0.464204
108.453632 1.000001 0.509339
108.308851 1.000001 0.552471
108.183627 1.000002 0.592878
108.075695 1.000002 0.629982
107.982454 1.000003 0.663369
107.901428 1.000003 0.692804
107.830457 1.000003 0.718220
107.767746 1.000003 0.739709
107.711828 1.000003 0.757494
107.661517 1.000003 0.771895
107.615852 1.000004 0.783300
107.574052 1.000004 0.792128
107.535477 1.000004 0.798805
107.499601 1.000004 0.803735
107.465988 1.000004 0.807286
107.434275 1.000004 0.809776
107.404163 1.000004 0.811476
107.375399 1.000004 0.812602
107.347773 1.000004 0.813322
107.321112 1.000004 0.813765
107.295270 1.000004 0.814024
107.270129 1.000004 0.814164
107.245591 1.000004 0.814231
107.221578 1.000004 0.814254
107.198030 1.000004 0.814252
107.174898 1.000004 0.814238
107.152150 1.000004 0.814217
107.129761 1.000004 0.814195
107.107721 1.000003 0.814172
107.086025 1.000003 0.814150
107.064679 1.000003 0.814130
107.043697 1.000003 0.814112
107.023098 1.000003 0.814095
107.002909 1.000003 0.814080
106.983164 1.000003 0.814066
106.963903 1.000003 0.814053
106.945170 1.000003 0.814041
106.927014 1.000003 0.814030
106.909492 1.000003 0.814021
106.892662 1.000003 0.814012
106.876588 1.000003 0.814003
106.861335 1.000003 0.813996
106.846974 1.000003 0.813988
106.833572 1.000003 0.813981
106.821198 1.000003 0.813973
106.809919 1.000003 0.813965
106.799793 1.000003 0.813955
106.790870 1.000002 0.813943
106.783182 1.000002 0.813928
106.776742 1.000002 0.813909
106.771533 1.000002 0.813885
106.767501 1.000002 0.813854
106.764552 1.000002 0.813815
106.762545 1.000001 0.813770
106.761306 1.000001 0.813716
106.760641 1.000000 0.813657
106.760386 1.000000 0.813591
102.145320 1.000000 0.813520
97.530253 0.999999 0.813450
106.365044 1.000000 0.000000
106.365044 0.999999 0.000254
106.352641 0.999998 0.000589
106.343004 0.999998 0.001077
106.335898 0.999997 0.001814
106.331111 0.999997 0.002931
106.328458 0.999997 0.004597
106.327782 0.999997 0.007036
106.328959 0.999996 0.010524
106.331900 0.999997 0.015399
106.336559 0.999997 0.022053
106.342942 0.999997 0.030922
106.351113 0.999997 0.042464
106.361218 0.999997 0.057135
106.373505 0.999997 0.075343
106.388362 0.999997 0.097413
106.406363 0.999997 0.123533
106.428311 0.999997 0.153722
106.455278 0.999998 0.187792
106.488582 0.999998 0.225343
106.529616 0.999998 0.265772
106.579370 0.999999 0.308318
106.637418 0.999999 0.352128
106.400574 1.000000 0.396351
106.190766 1.000001 0.440293
106.013306 1.000001 0.483132
105.866366 1.000002 0.524081
105.745273 1.000002 0.562449
105.644839 1.000002 0.597684
105.560449 1.000003 0.629394
105.488398 1.000003 0.657353
105.425865 1.000003 0.681498
105.370748 1.000003 0.701916
105.321490 1.000004 0.718815
105.276922 1.000004 0.732499
105.236158 1.000004 0.743336
105.198508 1.000004 0.751723
105.163430 1.000004 0.758064
105.130489 1.000004 0.762742
105.099332 1.000004 0.766108
105.069670 1.000004 0.768465
105.041265 1.000004 0.770070
105.013918 1.000004 0.771128
104.987465 1.000004 0.771801
104.961771 1.000004 0.772210
104.936724 1.000004 0.772445
104.912230 1.000004 0.772568
104.888217 1.000004 0.772622
104.864625 1.000004 0.772635
104.841409 1.000004 0.772625
104.818535 1.000004 0.772604
104.795980 1.000004 0.772578
104.773732 1.000004 0.772550
104.751786 1.000004 0.772523
104.730145 1.000004 0.772498
104.708820 1.000004 0.772474
104.687830 1.000004 0.772452
104.667198 1.000004 0.772433
104.646955 1.000004 0.772415
104.627138 1.000004 0.772398
104.607788 1.000003 0.772383
104.588952 1.000003 0.772370
104.570684 1.000003 0.772357
104.553041 1.000003 0.772346
104.536085 1.000003 0.772336
104.519882 1.000003 0.772326
104.504502 1.000003 0.772317
104.490018 1.000003 0.772308
104.476505 1.000003 0.772300
104.464039 1.000003 0.772291
104.452692 1.000003 0.772282
104.442534 1.000003 0.772270
104.433624 1.000003 0.772257
104.426008 1.000003 0.772239
104.419709 1.000002 0.772216
104.414718 1.000002 0.772187
104.410985 1.000002 0.772150
104.408406 1.000002 0.772104
104.406812 1.000001 0.772049
104.405978 1.000001 0.771985
104.405638 1.000000 0.771914
104.405545 1.000000 0.771836
99.793554 0.999999 0.771754
95.181564 0.999999 0.771671
103.989179 1.000000 0.000000
103.989179 0.999999 0.000236
103.977749 0.999998 0.000548
103.968730 0.999998 0.001002
103.961910 0.999997 0.001689
103.957096 0.999997 0.002728
103.954118 0.999997 0.004280
103.952827 0.999997 0.006549
103.953104 0.999997 0.009797
103.954862 0.999997 0.014336
103.958055 0.999997 0.020532
103.962681 0.999997 0.028792
103.968805 0.999997 0.039547
103.976576 0.999997 0.053223
103.986260 0.999997 0.070205
103.998302 0.999997 0.090800
104.013394 0.999997 0.115191
104.032592 0.999998 0.143400
104.057461 0.999998 0.175255
104.090232 0.999998 0.210381
104.133866 0.999999 0.248208
104.191703 0.999999 0.288009
104.265839 1.000000 0.328971
103.956890 1.000000 0.370297
103.713278 1.000001 0.411373
103.526662 1.000001 0.451435
103.384786 1.000002 0.489736
103.275777 1.000002 0.525631
103.189884 1.000003 0.558603
103.119971 1.000003 0.588283
103.061164 1.000003 0.614460
103.010234 1.000003 0.637074
102.965056 1.000004 0.656202
102.924208 1.000004 0.672037
102.886710 1.000004 0.684862
102.851869 1.000004 0.695017
102.819172 1.000004 0.702876
102.788230 1.000004 0.708815
102.758739 1.000004 0.713193
102.730458 1.000004 0.716339
102.703189 1.000004 0.718537
102.676772 1.000004 0.720028
102.651073 1.000004 0.721007
102.625984 1.000004 0.721624
102.601413 1.000004 0.721994
102.577286 1.000004 0.722201
102.553543 1.000004 0.722304
102.530136 1.000004 0.722342
102.507029 1.000004 0.722344
102.484195 1.000004 0.722325
102.461615 1.000004 0.722296
102.439281 1.000004 0.722263
102.417189 1.000004 0.722229
102.395345 1.000004 0.722197
102.373760 1.000004 0.722167
102.352451 1.000004 0.722139
102.331442 1.000004 0.722113
102.310761 1.000004 0.722090
102.290444 1.000004 0.722069
102.270530 1.000004 0.722050
102.251064 1.000004 0.722032
102.232096 1.000004 0.722016
102.213683 1.000004 0.722002
102.195883 1.000004 0.721989
102.178764 1.000004 0.721976
102.162393 1.000003 0.721965
102.146847 1.000003 0.721955
102.132203 1.000003 0.721945
102.118543 1.000003 0.721935
102.105949 1.000003 0.721925
102.094506 1.000003 0.721914
102.084294 1.000003 0.721901
102.075389 1.000003 0.721885
102.067851 1.000003 0.721864
102.061720 1.000003 0.721837
102.057004 1.000002 0.721801
102.053661 1.000002 0.721757
102.051579 1.000002 0.721701
102.050564 1.000001 0.721634
102.050319 1.000001 0.721557
102.050469 1.000000 0.721472
102.050629 1.000000 0.721380
97.441836 0.999999 0.721282
92.833044 0.999998 0.721185
101.610040 1.000000 0.000000
101.610040 0.999999 0.000217
101.599709 0.999998 0.000502
101.591381 0.999998 0.000918
101.584874 0.999997 0.001547
101.580019 0.999997 0.002499
101.576659 0.999997 0.003920
101.574652 0.999997 0.005999
101.573880 0.999997 0.008973
101.574250 0.999997 0.013130
101.575699 0.999997 0.018806
101.578206 0.999997 0.026374
101.581802 0.999997 0.036230
101.586597 0.999997 0.048767
101.592814 0.999997 0.064343
101.600853 0.999998 0.083243
101.611391 0.999998 0.105641
101.625553 0.999998 0.131562
101.645200 0.999998 0.160854
101.673411 0.999998 0.193175
101.715265 0.999999 0.228001
101.778860 0.999999 0.264652
101.875295 1.000000 0.302363
101.415405 1.000000 0.340391
101.149335 1.000001 0.378183
100.972354 1.000001 0.415049
100.853671 1.000002 0.450306
100.771560 1.000002 0.483360
100.711001 1.000003 0.513736
100.662906 1.000003 0.541096
100.622179 1.000003 0.565241
100.586029 1.000004 0.586112
100.552908 1.000004 0.603773
100.521921 1.000004 0.618400
100.492524 1.000004 0.630249
100.464362 1.000004 0.639634
100.437189 1.000004 0.646895
100.410826 1.000005 0.652379
100.385137 1.000005 0.656419
100.360014 1.000005 0.659316
100.335368 1.000005 0.661336
100.311127 1.000005 0.662701
100.287232 1.000005 0.663590
100.263633 1.000005 0.664145
100.240288 1.000005 0.664472
100.217166 1.000005 0.664648
100.194240 1.000005 0.664728
100.171493 1.000005 0.664750
100.148911 1.000005 0.664738
100.126487 1.000005 0.664709
100.104222 1.000005 0.664671
100.082119 1.000005 0.664631
100.060189 1.000005 0.664591
100.038446 1.000005 0.664553
100.016909 1.000004 0.664517
99.995604 1.000004 0.664484
99.974560 1.000004 0.664454
99.953811 1.000004 0.664427
99.933395 1.000004 0.664402
99.913357 1.000004 0.664380
99.893744 1.000004 0.664359
99.874611 1.000004 0.664340
99.856017 1.000004 0.664323
99.838023 1.000004 0.664308
99.820700 1.000004 0.664294
99.804122 1.000004 0.664281
99.788367 1.000004 0.664269
99.773519 1.000004 0.664257
99.759668 1.000004 0.664246
99.746905 1.000003 0.664235
99.735328 1.000003 0.664222
99.725032 1.000003 0.664207
99.716110 1.000003 0.664188
99.708645 1.000003 0.664163
99.702703 1.000003 0.664131
99.698313 1.000003 0.664088
99.695455 1.000002 0.664034
99.694022 1.000002 0.663966
99.693794 1.000001 0.663885
99.694395 1.000001 0.663792
99.695289 1.000000 0.663689
99.695853 0.999999 0.663579
95.089794 0.999999 0.663465
90.483735 0.999998 0.663351
99.228190 1.000000 0.000000
99.228190 0.999999 0.000195
99.219052 0.999999 0.000452
99.211472 0.999998 0.000827
99.205302 0.999997 0.001394
99.200398 0.999997 0.002251
99.196616 0.999997 0.003530
99.193822 0.999997 0.005402
99.191892 0.999997 0.008079
99.190719 0.999997 0.011822
99.190215 0.999997 0.016931
99.190316 0.999997 0.023745
99.190993 0.999997 0.032620
99.192268 0.999997 0.043912
99.194239 0.999998 0.057945
99.197131 0.999998 0.074981
99.201379 0.999998 0.095180
99.207780 0.999998 0.118568
99.217806 0.999998 0.145016
99.234260 0.999999 0.174219
99.262862 0.999999 0.205707
99.316487 1.000000 0.238870
99.427729 1.000000 0.273011
98.584104 1.000001 0.307440
98.450402 1.000001 0.341612
98.330075 1.000002 0.374958
98.267584 1.000002 0.406865
98.235062 1.000003 0.436803
98.213493 1.000003 0.464344
98.194831 1.000003 0.489176
98.176330 1.000004 0.511111
98.157247 1.000004 0.530087
98.137498 1.000004 0.546159
98.117173 1.000004 0.559477
98.096394 1.000005 0.570271
98.075268 1.000005 0.578822
98.053878 1.000005 0.585437
98.032292 1.000005 0.590431
98.010561 1.000005 0.594106
97.988720 1.000005 0.596737
97.966799 1.000005 0.598565
97.944819 1.000005 0.599794
97.922796 1.000005 0.600588
97.900744 1.000005 0.601076
97.878672 1.000005 0.601356
97.856591 1.000005 0.601500
97.834511 1.000005 0.601556
97.812443 1.000005 0.601560
97.790399 1.000005 0.601535
97.768395 1.000005 0.601494
97.746446 1.000005 0.601447
97.724572 1.000005 0.601399
97.702796 1.000005 0.601352
97.681141 1.000005 0.601307
97.659638 1.000005 0.601266
97.638318 1.000005 0.601228
97.617217 1.000005 0.601193
97.596373 1.000005 0.601161
97.575831 1.000005 0.601132
97.555637 1.000005 0.601105
97.535845 1.000005 0.601081
97.516511 1.000004 0.601059
97.497696 1.000004 0.601039
97.479468 1.000004 0.601021
97.461898 1.000004 0.601005
97.445066 1.000004 0.600990
97.429054 1.000004 0.600976
97.413954 1.000004 0.600963
97.399862 1.000004 0.600950
97.386882 1.000004 0.600937
97.375122 1.000004 0.600922
97.364698 1.000004 0.600905
97.355724 1.000003 0.600883
97.348312 1.000003 0.600854
97.342560 1.000003 0.600816
97.338538 1.000003 0.600765
97.336259 1.000002 0.600700
97.335645 1.000002 0.600618
97.336468 1.000002 0.600520
97.338277 1.000001 0.600406
97.340317 1.000000 0.600281
97.341561 0.999999 0.600150
92.736843 0.999998 0.600016
88.132124 0.999997 0.599882
96.844246 1.000000 0.000000
96.844246 0.999999 0.000173
96.836357 0.999999 0.000400
96.829560 0.999998 0.000732
96.823747 0.999997 0.001233
96.818794 0.999997 0.001992
96.814575 0.999997 0.003123
96.810958 0.999997 0.004778
96.807815 0.999997 0.007146
96.805019 0.999997 0.010454
96.802449 0.999997 0.014971
96.799989 0.999997 0.020994
96.797528 0.999997 0.028840
96.794966 0.999998 0.038823
96.792222 0.999998 0.051231
96.789239 0.999998 0.066298
96.786007 0.999998 0.084166
96.782581 0.999998 0.104862
96.779106 0.999999 0.128275
96.775799 0.999999 0.154137
96.772740 0.999999 0.182037
96.768880 1.000000 0.211439
96.757751 1.000000 0.241732
96.709445 1.000001 0.272309
95.733419 1.000001 0.302663
95.601040 1.000002 0.332295
95.636873 1.000002 0.360678
95.682367 1.000003 0.387350
95.711704 1.000003 0.411927
95.726484 1.000004 0.434121
95.731250 1.000004 0.453753
95.729323 1.000004 0.470758
95.722782 1.000004 0.485174
95.712925 1.000005 0.497131
95.700594 1.000005 0.506827
95.686368 1.000005 0.514511
95.670658 1.000005 0.520456
95.653769 1.000005 0.524942
95.635935 1.000005 0.528239
95.617333 1.000005 0.530594
95.598104 1.000006 0.532224
95.578359 1.000006 0.533313
95.558190 1.000006 0.534008
95.537668 1.000006 0.534428
95.516855 1.000006 0.534661
95.495803 1.000006 0.534770
95.474556 1.000006 0.534802
95.453154 1.000006 0.534788
95.431636 1.000006 0.534749
95.410035 1.000006 0.534696
95.388385 1.000006 0.534639
95.366722 1.000006 0.534582
95.345079 1.000006 0.534527
95.323491 1.000005 0.534476
95.301997 1.000005 0.534428
95.280636 1.000005 0.534384
95.259449 1.000005 0.534343
95.238480 1.000005 0.534307
95.217779 1.000005 0.534273
95.197395 1.000005 0.534242
95.177386 1.000005 0.534214
95.157811 1.000005 0.534189
95.138734 1.000005 0.534165
95.120227 1.000005 0.534144
95.102364 1.000005 0.534125
95.085228 1.000004 0.534108
95.068908 1.000004 0.534092
95.053501 1.000004 0.534077
95.039111 1.000004 0.534063
95.025852 1.000004 0.534048
95.013850 1.000004 0.534032
95.003237 1.000004 0.534012
94.994156 1.000004 0.533987
94.986754 1.000003 0.533953
94.981173 1.000003 0.533908
94.977536 1.000003 0.533848
94.975916 1.000003 0.533770
94.976297 1.000002 0.533671
94.978491 1.000002 0.533552
94.982011 1.000001 0.533413
94.985861 1.000000 0.533262
94.988316 0.999999 0.533103
90.382047 0.999997 0.532945
85.775777 0.999996 0.532787
94.458852 1.000000 0.000000
94.458852 0.999999 0.000150
94.452228 0.999999 0.000348
94.446230 0.999998 0.000636
94.440784 0.999997 0.001071
94.435793 0.999997 0.001730
94.431144 0.999997 0.002712
94.426712 0.999997 0.004149
94.422362 0.999997 0.006203
94.417950 0.999997 0.009074
94.413322 0.999997 0.012992
94.408307 0.999997 0.018216
94.402716 0.999998 0.025020
94.396327 0.999998 0.033676
94.388877 0.999998 0.044436
94.380032 0.999998 0.057500
94.369340 0.999998 0.072994
94.356147 0.999999 0.090944
94.339396 0.999999 0.111251
94.317199 0.999999 0.133687
94.285838 1.000000 0.157896
94.237440 1.000000 0.183417
94.154412 1.000001 0.209725
93.996498 1.000001 0.236295
93.673442 1.000002 0.262671
93.509172 1.000002 0.288490
93.446818 1.000003 0.313305
93.426464 1.000003 0.336687
93.419224 1.000004 0.358278
93.414095 1.000004 0.377810
93.407564 1.000004 0.395115
93.398823 1.000005 0.410125
93.387923 1.000005 0.422866
93.375138 1.000005 0.433445
93.360765 1.000005 0.442031
93.345069 1.000005 0.448839
93.328274 1.000006 0.454106
93.310562 1.000006 0.458078
93.292087 1.000006 0.460992
93.272973 1.000006 0.463068
93.253324 1.000006 0.464499
93.233227 1.000006 0.465446
93.212753 1.000006 0.466043
93.191964 1.000006 0.466394
93.170913 1.000006 0.466578
93.149645 1.000006 0.466653
93.128202 1.000006 0.466661
93.106621 1.000006 0.466628
93.084937 1.000006 0.466574
93.063184 1.000006 0.466509
93.041396 1.000006 0.466442
93.019605 1.000006 0.466376
92.997846 1.000006 0.466313
92.976154 1.000006 0.466254
92.954566 1.000006 0.466199
92.933121 1.000006 0.466148
92.911862 1.000006 0.466102
92.890832 1.000006 0.466060
92.870080 1.000006 0.466021
92.849657 1.000005 0.465985
92.829620 1.000005 0.465953
92.810027 1.000005 0.465923
92.790945 1.000005 0.465897
92.772443 1.000005 0.465873
92.754597 1.000005 0.465851
92.737488 1.000005 0.465831
92.721205 1.000005 0.465813
92.705842 1.000005 0.465796
92.691502 1.000004 0.465780
92.678294 1.000004 0.465763
92.666335 1.000004 0.465745
92.655747 1.000004 0.465723
92.646656 1.000004 0.465694
92.639186 1.000004 0.465656
92.633448 1.000004 0.465603
92.629527 1.000003 0.465532
92.627454 1.000003 0.465439
92.627169 1.000002 0.465321
92.628463 1.000002 0.465177
92.630895 1.000001 0.465010
92.633697 1.000000 0.464825
92.635733 0.999998 0.464633
88.027531 0.999996 0.464442
83.419329 0.999994 0.464252
92.072652 1.000000 0.000000
92.072652 0.999999 0.000128
92.067271 0.999999 0.000296
92.062064 0.999998 0.000542
92.056991 0.999998 0.000913
92.051980 0.999997 0.001474
92.046934 0.999997 0.002311
92.041735 0.999997 0.003534
92.036245 0.999997 0.005283
92.030309 0.999997 0.007725
92.023747 0.999997 0.011058
92.016350 0.999998 0.015500
92.007866 0.999998 0.021285
91.997986 0.999998 0.028644
91.986319 0.999998 0.037789
91.972351 0.999999 0.048891
91.955377 0.999999 0.062058
91.934394 0.999999 0.077312
91.907908 0.999999 0.094571
91.873601 1.000000 0.113643
91.827783 1.000000 0.134232
91.764613 1.000000 0.155953
91.675471 1.000001 0.178369
91.550704 1.000001 0.201044
91.392743 1.000002 0.223588
91.272754 1.000002 0.245670
91.197581 1.000003 0.266931
91.152716 1.000003 0.287012
91.124458 1.000004 0.305600
91.104203 1.000004 0.322453
91.087331 1.000004 0.337415
91.071550 1.000005 0.350415
91.055785 1.000005 0.361468
91.039565 1.000005 0.370655
91.022712 1.000006 0.378119
91.005184 1.000006 0.384039
90.987005 1.000006 0.388619
90.968229 1.000006 0.392069
90.948915 1.000006 0.394596
90.929127 1.000006 0.396388
90.908926 1.000006 0.397614
90.888365 1.000007 0.398417
90.867496 1.000007 0.398913
90.846364 1.000007 0.399194
90.825009 1.000007 0.399329
90.803470 1.000007 0.399369
90.781782 1.000007 0.399351
90.759978 1.000007 0.399299
90.738090 1.000007 0.399230
90.716149 1.000007 0.399153
90.694187 1.000007 0.399075
90.672235 1.000007 0.398999
90.650328 1.000007 0.398927
90.628499 1.000006 0.398860
90.606785 1.000006 0.398798
90.585224 1.000006 0.398741
90.563859 1.000006 0.398688
90.542733 1.000006 0.398640
90.521894 1.000006 0.398596
90.501394 1.000006 0.398555
90.481289 1.000006 0.398518
90.461638 1.000006 0.398485
90.442505 1.000006 0.398455
90.423962 1.000005 0.398427
90.406083 1.000005 0.398403
90.388949 1.000005 0.398381
90.372647 1.000005 0.398361
90.357270 1.000005 0.398342
90.342919 1.000005 0.398325
90.329697 1.000005 0.398307
90.317715 1.000005 0.398287
90.307087 1.000004 0.398262
90.297924 1.000004 0.398230
90.290335 1.000004 0.398186
90.284411 1.000004 0.398125
90.280214 1.000003 0.398042
90.277757 1.000003 0.397933
90.276974 1.000003 0.397792
90.277685 1.000002 0.397619
90.279548 1.000001 0.397417
90.282041 1.000000 0.397194
90.284493 0.999998 0.396960
85.672116 0.999996 0.396729
81.059739 0.999993 0.396497
89.686271 1.000000 0.000000
89.686271 0.999999 0.000107
89.682075 0.999999 0.000248
89.677629 0.999998 0.000453
89.672927 0.999998 0.000763
89.667920 0.999997 0.001231
89.662528 0.999997 0.001930
89.656644 0.999997 0.002951
89.650134 0.999997 0.004410
89.642838 0.999997 0.006447
89.634565 0.999998 0.009226
89.625087 0.999998 0.012929
89.614122 0.999998 0.017749
89.601323 0.999998 0.023879
89.586248 0.999998 0.031495
89.568329 0.999999 0.040741
89.546816 0.999999 0.051705
89.520711 0.999999 0.064408
89.488668 1.000000 0.078783
89.448877 1.000000 0.094678
89.398983 1.000000 0.111850
89.336190 1.000001 0.129988
89.258004 1.000001 0.148740
89.164521 1.000002 0.167745
89.063414 1.000002 0.186669
88.974899 1.000003 0.205214
88.906554 1.000003 0.223080
88.856294 1.000003 0.239976
88.819014 1.000004 0.255644
88.790006 1.000004 0.269876
88.765876 1.000005 0.282535
88.744438 1.000005 0.293554
88.724364 1.000005 0.302935
88.704875 1.000006 0.310742
88.685529 1.000006 0.317089
88.666082 1.000006 0.322124
88.646407 1.000006 0.326017
88.626446 1.000006 0.328944
88.606182 1.000007 0.331081
88.585619 1.000007 0.332588
88.564774 1.000007 0.333610
88.543671 1.000007 0.334267
88.522337 1.000007 0.334662
88.500801 1.000007 0.334871
88.479090 1.000007 0.334957
88.457232 1.000007 0.334962
88.435257 1.000007 0.334919
88.413191 1.000007 0.334848
88.391063 1.000007 0.334764
88.368900 1.000007 0.334675
88.346732 1.000007 0.334587
88.324588 1.000007 0.334502
88.302501 1.000007 0.334422
88.280504 1.000007 0.334347
88.258632 1.000007 0.334278
88.236924 1.000007 0.334214
88.215420 1.000007 0.334155
88.194163 1.000007 0.334101
88.173202 1.000006 0.334052
88.152587 1.000006 0.334007
88.132374 1.000006 0.333966
88.112622 1.000006 0.333928
88.093396 1.000006 0.333895
88.074765 1.000006 0.333864
88.056805 1.000006 0.333837
88.039594 1.000006 0.333813
88.023220 1.000005 0.333791
88.007773 1.000005 0.333771
87.993352 1.000005 0.333752
87.980056 1.000005 0.333733
87.967993 1.000005 0.333712
87.957267 1.000005 0.333685
87.947983 1.000005 0.333650
87.940238 1.000004 0.333600
87.934113 1.000004 0.333532
87.929662 1.000004 0.333437
87.926895 1.000003 0.333310
87.925765 1.000003 0.333147
87.926140 1.000002 0.332945
87.927795 1.000001 0.332707
87.930420 1.000000 0.332442
87.933691 0.999998 0.332162
83.317755 0.999995 0.331883
78.701819 0.999992 0.331603
87.300288 1.000000 0.000000
87.300288 0.999999 0.000087
87.297186 0.999999 0.000203
87.293454 0.999998 0.000371
87.289113 0.999998 0.000624
87.284137 0.999997 0.001008
87.278464 0.999997 0.001579
87.272001 0.999997 0.002414
87.264624 0.999997 0.003607
87.256180 0.999997 0.005272
87.246482 0.999998 0.007542
87.235302 0.999998 0.010566
87.222364 0.999998 0.014501
87.207325 0.999998 0.019504
87.189763 0.999999 0.025718
87.169152 0.999999 0.033262
87.144839 0.999999 0.042208
87.116016 1.000000 0.052574
87.081709 1.000000 0.064311
87.040791 1.000000 0.077298
86.992093 1.000001 0.091345
86.934687 1.000001 0.106206
86.868509 1.000001 0.121598
86.795425 1.000002 0.137230
86.720390 1.000002 0.152818
86.650927 1.000003 0.168100
86.591443 1.000003 0.182825
86.542527 1.000004 0.196758
86.502593 1.000004 0.209688
86.469418 1.000004 0.221447
86.440953 1.000005 0.231920
86.415596 1.000005 0.241047
86.392198 1.000006 0.248826
86.369975 1.000006 0.255304
86.348409 1.000006 0.260572
86.327164 1.000006 0.264749
86.306030 1.000007 0.267973
86.284878 1.000007 0.270391
86.263631 1.000007 0.272147
86.242249 1.000007 0.273376
86.220713 1.000007 0.274197
86.199020 1.000007 0.274713
86.177176 1.000007 0.275009
86.155192 1.000007 0.275151
86.133085 1.000007 0.275189
86.110872 1.000008 0.275162
86.088575 1.000008 0.275095
86.066215 1.000008 0.275008
86.043815 1.000008 0.274910
86.021400 1.000008 0.274811
85.998996 1.000007 0.274714
85.976632 1.000007 0.274621
85.954337 1.000007 0.274534
85.932142 1.000007 0.274452
85.910083 1.000007 0.274377
85.888195 1.000007 0.274308
85.866520 1.000007 0.274244
85.845099 1.000007 0.274185
85.823980 1.000007 0.274131
85.803214 1.000007 0.274081
85.782854 1.000007 0.274037
85.762961 1.000006 0.273996
85.743598 1.000006 0.273959
85.724834 1.000006 0.273926
85.706743 1.000006 0.273897
85.689406 1.000006 0.273871
85.672907 1.000006 0.273848
85.657336 1.000006 0.273827
85.642788 1.000005 0.273807
85.629364 1.000005 0.273787
85.617164 1.000005 0.273764
85.606291 1.000005 0.273736
85.596844 1.000005 0.273698
85.588914 1.000005 0.273644
85.582580 1.000004 0.273568
85.577896 1.000004 0.273464
85.574885 1.000003 0.273323
85.573524 1.000003 0.273139
85.573740 1.000002 0.272912
85.575411 1.000001 0.272642
85.578392 1.000000 0.272338
85.582586 0.999998 0.272013
80.965975 0.999995 0.271684
76.349363 0.999992 0.271355
84.915219 1.000000 0.000000
84.915219 0.999999 0.000070
84.913098 0.999999 0.000163
84.910018 0.999998 0.000297
84.906020 0.999998 0.000501
84.901100 0.999997 0.000808
84.895217 0.999997 0.001266
84.888292 0.999997 0.001935
84.880219 0.999997 0.002890
84.870859 0.999998 0.004222
84.860044 0.999998 0.006039
84.847567 0.999998 0.008457
84.833176 0.999998 0.011603
84.816571 0.999999 0.015603
84.797390 0.999999 0.020570
84.775202 0.999999 0.026600
84.749506 1.000000 0.033751
84.719732 1.000000 0.042041
84.685271 1.000000 0.051434
84.645534 1.000000 0.061837
84.600082 1.000001 0.073103
84.548844 1.000001 0.085043
84.492453 1.000002 0.097433
84.432606 1.000002 0.110039
84.372205 1.000002 0.122628
84.314737 1.000003 0.134976
84.262686 1.000003 0.146874
84.216962 1.000004 0.158132
84.177253 1.000004 0.168582
84.142612 1.000005 0.178088
84.111920 1.000005 0.186559
84.084140 1.000005 0.193945
84.058422 1.000006 0.200242
84.034112 1.000006 0.205486
84.010729 1.000006 0.209747
83.987930 1.000007 0.213121
83.965477 1.000007 0.215719
83.943207 1.000007 0.217659
83.921010 1.000007 0.219057
83.898816 1.000007 0.220025
83.876581 1.000007 0.220658
83.854281 1.000008 0.221043
83.831904 1.000008 0.221248
83.809448 1.000008 0.221327
83.786919 1.000008 0.221324
83.764324 1.000008 0.221269
83.741679 1.000008 0.221183
83.718998 1.000008 0.221082
83.696301 1.000008 0.220974
83.673609 1.000008 0.220867
83.650944 1.000008 0.220764
83.628333 1.000008 0.220665
83.605803 1.000008 0.220573
83.583383 1.000008 0.220487
83.561108 1.000008 0.220408
83.539012 1.000007 0.220335
83.517135 1.000007 0.220267
83.495518 1.000007 0.220205
83.474207 1.000007 0.220147
83.453253 1.000007 0.220095
83.432709 1.000007 0.220048
83.412633 1.000007 0.220005
83.393091 1.000007 0.219966
83.374148 1.000006 0.219931
83.355881 1.000006 0.219900
83.338367 1.000006 0.219873
83.321691 1.000006 0.219849
83.305943 1.000006 0.219827
83.291216 1.000006 0.219807
83.277609 1.000006 0.219786
83.265222 1.000005 0.219763
83.254155 1.000005 0.219733
83.244506 1.000005 0.219693
83.236366 1.000005 0.219637
83.229815 1.000004 0.219557
83.224915 1.000004 0.219445
83.221705 1.000004 0.219294
83.220194 1.000003 0.219098
83.220362 1.000002 0.218852
83.222170 1.000001 0.218558
83.225589 1.000000 0.218224
83.230660 0.999998 0.217862
78.617952 0.999995 0.217491
74.005244 0.999992 0.217119
82.531510 1.000000 0.000000
82.531510 0.999999 0.000055
82.530242 0.999999 0.000128
82.527737 0.999998 0.000233
82.524056 0.999998 0.000393
82.519215 0.999997 0.000634
82.513188 0.999997 0.000993
82.505919 0.999997 0.001518
82.497320 0.999997 0.002267
82.487276 0.999998 0.003311
82.475645 0.999998 0.004734
82.462250 0.999998 0.006628
82.446886 0.999998 0.009092
82.429306 0.999999 0.012223
82.409228 0.999999 0.016112
82.386332 0.999999 0.020832
82.360267 1.000000 0.026433
82.330676 1.000000 0.032928
82.297224 1.000000 0.040293
82.259664 1.000001 0.048459
82.217932 1.000001 0.057316
82.172277 1.000001 0.066718
82.123402 1.000002 0.076493
82.072563 1.000002 0.086454
82.021505 1.000003 0.096413
81.972110 1.000003 0.106189
81.925854 1.000004 0.115609
81.883504 1.000004 0.124520
81.845164 1.000004 0.132789
81.810490 1.000005 0.140309
81.778914 1.000005 0.147008
81.749816 1.000005 0.152847
81.722619 1.000006 0.157823
81.696832 1.000006 0.161962
81.672060 1.000006 0.165321
81.648000 1.000007 0.167973
81.624423 1.000007 0.170007
81.601160 1.000007 0.171516
81.578091 1.000007 0.172593
81.555130 1.000007 0.173325
81.532220 1.000008 0.173792
81.509321 1.000008 0.174061
81.486410 1.000008 0.174187
81.463474 1.000008 0.174214
81.440510 1.000008 0.174177
81.417519 1.000008 0.174100
81.394508 1.000008 0.174000
81.371489 1.000008 0.173890
81.348475 1.000008 0.173777
81.325485 1.000008 0.173666
81.302538 1.000008 0.173560
81.279657 1.000008 0.173460
81.256868 1.000008 0.173366
81.234199 1.000008 0.173278
81.211682 1.000008 0.173197
81.189350 1.000008 0.173122
81.167241 1.000008 0.173053
81.145397 1.000007 0.172989
81.123861 1.000007 0.172931
81.102684 1.000007 0.172877
81.081918 1.000007 0.172829
81.061621 1.000007 0.172785
81.041857 1.000007 0.172745
81.022692 1.000007 0.172710
81.004200 1.000006 0.172678
80.986461 1.000006 0.172650
80.969558 1.000006 0.172626
80.953580 1.000006 0.172604
80.938622 1.000006 0.172583
80.924781 1.000006 0.172562
80.912156 1.000006 0.172539
80.900850 1.000005 0.172509
80.890962 1.000005 0.172469
80.882584 1.000005 0.172412
80.875804 1.000005 0.172330
80.870694 1.000004 0.172216
80.867312 1.000004 0.172062
80.865697 1.000003 0.171860
80.865876 1.000002 0.171606
80.867871 1.000001 0.171300
80.871729 1.000000 0.170949
80.877565 0.999998 0.170564
76.274594 0.999995 0.170163
71.671623 0.999991 0.169762
80.149527 1.000000 0.000000
80.149527 0.999999 0.000042
80.148975 0.999999 0.000098
80.146964 0.999998 0.000179
80.143568 0.999998 0.000302
80.138818 0.999998 0.000487
80.132709 0.999997 0.000763
80.125202 0.999997 0.001165
80.116234 0.999998 0.001740
80.105716 0.999998 0.002541
80.093535 0.999998 0.003633
80.079556 0.999998 0.005085
80.063618 0.999999 0.006974
80.045538 0.999999 0.009374
80.025112 0.999999 0.012355
80.002121 1.000000 0.015975
79.976344 1.000000 0.020270
79.947579 1.000000 0.025255
79.915674 1.000001 0.030913
79.880575 1.000001 0.037193
79.842383 1.000001 0.044014
79.801425 1.000002 0.051266
79.758301 1.000002 0.058818
79.713899 1.000002 0.066526
79.669318 1.000003 0.074242
79.625687 1.000003 0.081819
79.583935 1.000004 0.089122
79.544645 1.000004 0.096028
79.508034 1.000004 0.102433
79.474028 1.000005 0.108253
79.442367 1.000005 0.113434
79.412700 1.000006 0.117944
79.384662 1.000006 0.121782
79.357907 1.000006 0.124969
79.332139 1.000007 0.127548
79.307109 1.000007 0.129576
79.282619 1.000007 0.131123
79.258515 1.000007 0.132260
79.234679 1.000007 0.133061
79.211024 1.000008 0.133593
79.187485 1.000008 0.133919
79.164016 1.000008 0.134092
79.140587 1.000008 0.134154
79.117179 1.000008 0.134141
79.093780 1.000008 0.134079
79.070387 1.000008 0.133988
79.047003 1.000008 0.133881
79.023633 1.000008 0.133768
79.000289 1.000008 0.133655
78.976985 1.000008 0.133544
78.953738 1.000008 0.133439
78.930569 1.000008 0.133341
78.907501 1.000008 0.133248
78.884560 1.000008 0.133162
78.861777 1.000008 0.133082
78.839184 1.000008 0.133009
78.816817 1.000008 0.132940
78.794716 1.000008 0.132878
78.772924 1.000007 0.132820
78.751490 1.000007 0.132767
78.730466 1.000007 0.132719
78.709909 1.000007 0.132676
78.689881 1.000007 0.132636
78.670450 1.000007 0.132601
78.651689 1.000007 0.132570
78.633676 1.000006 0.132543
78.616495 1.000006 0.132519
78.600236 1.000006 0.132497
78.584993 1.000006 0.132477
78.570866 1.000006 0.132457
78.557955 1.000006 0.132434
78.546364 1.000005 0.132406
78.536195 1.000005 0.132366
78.527550 1.000005 0.132311
78.520521 1.000005 0.132231
78.515195 1.000004 0.132120
78.511648 1.000004 0.131968
78.509949 1.000003 0.131769
78.510159 1.000002 0.131518
78.512345 1.000001 0.131214
78.516601 1.000000 0.130861
78.523076 0.999998 0.130470
73.936604 0.999994 0.130058
69.350131 0.999991 0.129646
77.769561 1.000000 0.000000
77.769561 0.999999 0.000032
77.769587 0.999999 0.000074
77.767984 0.999998 0.000135
77.764835 0.999998 0.000227
77.760183 0.999998 0.000366
77.754039 0.999998 0.000573
77.746385 0.999998 0.000876
77.737181 0.999998 0.001307
77.726365 0.999998 0.001909
77.713858 0.999998 0.002728
77.699562 0.999998 0.003818
77.683364 0.999999 0.005236
77.665137 0.999999 0.007037
77.644747 0.999999 0.009274
77.622059 1.000000 0.011991
77.596948 1.000000 0.015218
77.569319 1.000000 0.018964
77.539132 1.000001 0.023220
77.506429 1.000001 0.027949
77.471371 1.000001 0.033093
77.434268 1.000002 0.038570
77.395595 1.000002 0.044282
77.355978 1.000003 0.050120
77.316142 1.000003 0.055970
77.276812 1.000003 0.061718
77.238608 1.000004 0.067259
77.201963 1.000004 0.072497
77.167105 1.000005 0.077351
77.134073 1.000005 0.081758
77.102771 1.000005 0.085675
77.073017 1.000006 0.089080
77.044592 1.000006 0.091971
77.017268 1.000006 0.094365
76.990831 1.000007 0.096294
76.965094 1.000007 0.097804
76.939897 1.000007 0.098946
76.915108 1.000007 0.099776
76.890623 1.000008 0.100350
76.866358 1.000008 0.100720
76.842252 1.000008 0.100934
76.818257 1.000008 0.101031
76.794340 1.000008 0.101046
76.770477 1.000008 0.101005
76.746654 1.000008 0.100929
76.722864 1.000008 0.100832
76.699105 1.000008 0.100724
76.675380 1.000008 0.100614
76.651698 1.000008 0.100505
76.628070 1.000008 0.100400
76.604510 1.000008 0.100300
76.581038 1.000008 0.100207
76.557673 1.000008 0.100119
76.534442 1.000008 0.100038
76.511372 1.000008 0.099962
76.488494 1.000008 0.099893
76.465844 1.000008 0.099828
76.443458 1.000008 0.099768
76.421380 1.000008 0.099713
76.399657 1.000007 0.099663
76.378340 1.000007 0.099618
76.357486 1.000007 0.099576
76.337154 1.000007 0.099539
76.317414 1.000007 0.099506
76.298336 1.000007 0.099476
76.280001 1.000006 0.099450
76.262492 1.000006 0.099427
76.245900 1.000006 0.099407
76.230320 1.000006 0.099388
76.215852 1.000006 0.099369
76.202603 1.000006 0.099347
76.190678 1.000005 0.099320
76.180187 1.000005 0.099284
76.171236 1.000005 0.099232
76.163930 1.000005 0.099157
76.158370 1.000004 0.099053
76.154650 1.000004 0.098911
76.152863 1.000003 0.098723
76.153098 1.000002 0.098485
76.155453 1.000001 0.098195
76.160049 1.000000 0.097856
76.167046 0.999997 0.097477
71.604526 0.999994 0.097074
67.042007 0.999991 0.096671
75.391827 1.000000 0.000000
75.391827 0.999999 0.000023
75.392300 0.999999 0.000054
75.391020 0.999998 0.000099
75.388074 0.999998 0.000167
75.383517 0.999998 0.000269
75.377373 0.999998 0.000421
75.369643 0.999998 0.000644
75.360309 0.999998 0.000961
75.349336 0.999998 0.001403
75.336674 0.999998 0.002005
75.322263 0.999999 0.002805
75.306031 0.999999 0.003847
75.287901 0.999999 0.005170
75.267795 1.000000 0.006814
75.245639 1.000000 0.008810
75.221380 1.000000 0.011182
75.194990 1.000001 0.013939
75.166492 1.000001 0.017073
75.135970 1.000001 0.020559
75.103596 1.000002 0.024356
75.069635 1.000002 0.028404
75.034453 1.000002 0.032632
74.998498 1.000003 0.036958
74.962268 1.000003 0.041296
74.926254 1.000003 0.045563
74.890886 1.000004 0.049675
74.856490 1.000004 0.053562
74.823269 1.000005 0.057160
74.791308 1.000005 0.060423
74.760594 1.000005 0.063319
74.731047 1.000006 0.065831
74.702543 1.000006 0.067957
74.674942 1.000006 0.069712
74.648098 1.000007 0.071120
74.621876 1.000007 0.072213
74.596155 1.000007 0.073033
74.570829 1.000007 0.073620
74.545810 1.000008 0.074016
74.521028 1.000008 0.074261
74.496424 1.000008 0.074390
74.471955 1.000008 0.074433
74.447587 1.000008 0.074417
74.423297 1.000008 0.074360
74.399068 1.000008 0.074278
74.374892 1.000008 0.074182
74.350764 1.000008 0.074080
74.326686 1.000008 0.073978
74.302662 1.000008 0.073877
74.278704 1.000008 0.073781
74.254822 1.000008 0.073690
74.231035 1.000008 0.073605
74.207361 1.000008 0.073525
74.183823 1.000008 0.073451
74.160448 1.000008 0.073382
74.137265 1.000008 0.073319
74.114307 1.000008 0.073260
74.091611 1.000008 0.073205
74.069220 1.000008 0.073155
74.047177 1.000007 0.073109
74.025533 1.000007 0.073067
74.004344 1.000007 0.073029
73.983669 1.000007 0.072995
73.963577 1.000007 0.072965
73.944138 1.000007 0.072938
73.925432 1.000006 0.072914
73.907543 1.000006 0.072893
73.890564 1.000006 0.072874
73.874592 1.000006 0.072857
73.859730 1.000006 0.072840
73.846088 1.000006 0.072820
73.833777 1.000005 0.072796
73.822913 1.000005 0.072763
73.813613 1.000005 0.072717
73.805993 1.000005 0.072650
73.800168 1.000004 0.072556
73.796252 1.000004 0.072427
73.794355 1.000003 0.072257
73.794592 1.000002 0.072041
73.797080 1.000001 0.071776
73.801955 1.000000 0.071464
73.809374 0.999997 0.071112
69.278787 0.999994 0.070736
64.748200 0.999991 0.070360
73.016477 1.000000 0.000000
73.016477 0.999999 0.000017
73.017276 0.999999 0.000039
73.016238 0.999998 0.000071
73.013452 0.999998 0.000120
73.008978 0.999998 0.000193
73.002854 0.999998 0.000303
72.995098 0.999998 0.000463
72.985710 0.999998 0.000691
72.974681 0.999998 0.001009
72.961988 0.999998 0.001441
72.947602 0.999999 0.002017
72.931488 0.999999 0.002765
72.913606 0.999999 0.003716
72.893923 1.000000 0.004898
72.872412 1.000000 0.006335
72.849063 1.000000 0.008042
72.823892 1.000001 0.010027
72.796953 1.000001 0.012285
72.768346 1.000001 0.014800
72.738231 1.000002 0.017542
72.706828 1.000002 0.020470
72.674417 1.000002 0.023530
72.641325 1.000003 0.026666
72.607905 1.000003 0.029813
72.574504 1.000003 0.032909
72.541431 1.000004 0.035894
72.508933 1.000004 0.038714
72.477185 1.000005 0.041323
72.446282 1.000005 0.043685
72.416255 1.000005 0.045778
72.387079 1.000006 0.047589
72.358696 1.000006 0.049117
72.331023 1.000006 0.050373
72.303968 1.000006 0.051374
72.277440 1.000007 0.052146
72.251349 1.000007 0.052717
72.225617 1.000007 0.053119
72.200173 1.000007 0.053382
72.174961 1.000008 0.053535
72.149929 1.000008 0.053604
72.125041 1.000008 0.053613
72.100266 1.000008 0.053578
72.075581 1.000008 0.053515
72.050970 1.000008 0.053435
72.026424 1.000008 0.053347
72.001938 1.000008 0.053255
71.977511 1.000008 0.053163
71.953149 1.000008 0.053075
71.928857 1.000008 0.052990
71.904649 1.000008 0.052910
71.880539 1.000008 0.052836
71.856544 1.000008 0.052766
71.832686 1.000008 0.052701
71.808989 1.000008 0.052640
71.785483 1.000008 0.052584
71.762197 1.000008 0.052533
71.739168 1.000007 0.052485
71.716436 1.000007 0.052441
71.694043 1.000007 0.052400
71.672040 1.000007 0.052363
71.650481 1.000007 0.052330
71.629425 1.000007 0.052300
71.608938 1.000007 0.052273
71.589092 1.000006 0.052249
71.569966 1.000006 0.052228
71.551646 1.000006 0.052209
71.534225 1.000006 0.052193
71.517804 1.000006 0.052178
71.502489 1.000005 0.052163
71.488395 1.000005 0.052146
71.475640 1.000005 0.052125
71.464348 1.000005 0.052097
71.454647 1.000005 0.052056
71.446666 1.000004 0.051999
71.440535 1.000004 0.051917
71.436385 1.000003 0.051806
71.434346 1.000003 0.051658
71.434550 1.000002 0.051469
71.437130 1.000001 0.051236
71.442228 0.999999 0.050961
71.449992 0.999997 0.050648
66.959723 0.999994 0.050312
62.469455 0.999991 0.049976
70.643609 1.000000 0.000000
70.643609 0.999999 0.000012
70.644627 0.999999 0.000027
70.643756 0.999998 0.000050
70.641083 0.999998 0.000084
70.636674 0.999998 0.000136
70.630577 0.999998 0.000213
70.622823 0.999998 0.000326
70.613432 0.999998 0.000486
70.602413 0.999998 0.000709
70.589768 0.999998 0.001014
70.575495 0.999998 0.001419
70.559585 0.999999 0.001945
70.542033 0.999999 0.002614
70.522835 1.000000 0.003446
70.501996 1.000000 0.004456
70.479536 1.000000 0.005659
70.455496 1.000001 0.007057
70.429944 1.000001 0.008650
70.402982 1.000001 0.010425
70.374751 1.000002 0.012363
70.345429 1.000002 0.014433
70.315235 1.000002 0.016600
70.284413 1.000003 0.018822
70.253219 1.000003 0.021055
70.221906 1.000003 0.023251
70.190704 1.000004 0.025369
70.159804 1.000004 0.027369
70.129351 1.000004 0.029218
70.099439 1.000005 0.030891
70.070117 1.000005 0.032369
70.041394 1.000005 0.033645
70.013249 1.000006 0.034718
69.985642 1.000006 0.035595
69.958517 1.000006 0.036290
69.931817 1.000006 0.036820
69.905481 1.000007 0.037208
69.879453 1.000007 0.037474
69.853680 1.000007 0.037641
69.828117 1.000007 0.037731
69.802725 1.000007 0.037762
69.777473 1.000007 0.037749
69.752333 1.000008 0.037707
69.727287 1.000008 0.037646
69.702321 1.000008 0.037573
69.677425 1.000008 0.037496
69.652594 1.000008 0.037416
69.627828 1.000008 0.037338
69.603131 1.000008 0.037263
69.578508 1.000008 0.037191
69.553971 1.000008 0.037124
69.529532 1.000008 0.037061
69.505208 1.000008 0.037002
69.481019 1.000007 0.036947
69.456988 1.000007 0.036896
69.433142 1.000007 0.036849
69.409509 1.000007 0.036805
69.386125 1.000007 0.036764
69.363027 1.000007 0.036727
69.340258 1.000007 0.036693
69.317865 1.000006 0.036661
69.295901 1.000006 0.036633
69.274424 1.000006 0.036607
69.253501 1.000006 0.036584
69.233201 1.000006 0.036564
69.213606 1.000006 0.036546
69.194801 1.000005 0.036531
69.176882 1.000005 0.036517
69.159952 1.000005 0.036504
69.144121 1.000005 0.036491
69.129511 1.000005 0.036477
69.116248 1.000004 0.036460
69.104465 1.000004 0.036436
69.094302 1.000004 0.036403
69.085903 1.000004 0.036355
69.079413 1.000003 0.036287
69.074981 1.000003 0.036194
69.072756 1.000002 0.036070
69.072885 1.000001 0.035911
69.075514 1.000000 0.035715
69.080787 0.999998 0.035481
69.088842 0.999996 0.035214
64.647609 0.999993 0.034926
60.206376 0.999990 0.034638
68.273278 1.000000 0.000000
68.273278 0.999999 0.000008
68.274423 0.999999 0.000019
68.273652 0.999998 0.000034
68.271047 0.999998 0.000058
68.266679 0.999997 0.000094
68.260603 0.999997 0.000147
68.252862 0.999997 0.000224
68.243491 0.999997 0.000334
68.232516 0.999998 0.000488
68.219962 0.999998 0.000697
68.205843 0.999998 0.000976
68.190178 0.999999 0.001338
68.172981 0.999999 0.001799
68.154273 0.999999 0.002371
68.134080 1.000000 0.003067
68.112441 1.000000 0.003896
68.089409 1.000000 0.004860
68.065059 1.000001 0.005959
68.039485 1.000001 0.007185
68.012811 1.000001 0.008523
67.985183 1.000002 0.009956
67.956772 1.000002 0.011456
67.927763 1.000002 0.012996
67.898349 1.000003 0.014543
67.868720 1.000003 0.016067
67.839050 1.000003 0.017536
67.809489 1.000004 0.018923
67.780157 1.000004 0.020204
67.751142 1.000004 0.021360
67.722498 1.000005 0.022381
67.694252 1.000005 0.023259
67.666406 1.000005 0.023995
67.638948 1.000005 0.024594
67.611848 1.000006 0.025065
67.585074 1.000006 0.025420
67.558588 1.000006 0.025675
67.532351 1.000006 0.025846
67.506328 1.000006 0.025948
67.480484 1.000006 0.025996
67.454791 1.000007 0.026004
67.429224 1.000007 0.025982
67.403762 1.000007 0.025939
67.378390 1.000007 0.025885
67.353094 1.000007 0.025822
67.327869 1.000007 0.025757
67.302710 1.000007 0.025692
67.277616 1.000007 0.025628
67.252591 1.000007 0.025566
67.227641 1.000007 0.025508
67.202774 1.000007 0.025453
67.178004 1.000007 0.025402
67.153346 1.000006 0.025354
67.128817 1.000006 0.025309
67.104441 1.000006 0.025268
67.080240 1.000006 0.025229
67.056244 1.000006 0.025193
67.032485 1.000006 0.025160
67.008998 1.000006 0.025129
66.985826 1.000006 0.025101
66.963013 1.000005 0.025076
66.940610 1.000005 0.025052
66.918676 1.000005 0.025031
66.897274 1.000005 0.025013
66.876475 1.000005 0.024996
66.856360 1.000004 0.024981
66.837015 1.000004 0.024969
66.818537 1.000004 0.024957
66.801034 1.000004 0.024947
66.784621 1.000004 0.024937
66.769426 1.000003 0.024925
66.755583 1.000003 0.024912
66.743237 1.000003 0.024893
66.732542 1.000003 0.024866
66.723655 1.000002 0.024828
66.716742 1.000002 0.024773
66.711969 1.000001 0.024698
66.709505 1.000001 0.024598
66.709512 1.000000 0.024470
66.712149 0.999999 0.024310
66.717560 0.999997 0.024118
66.725872 0.999995 0.023900
62.342684 0.999991 0.023663
57.959496 0.999988 0.023426
65.905505 1.000000 0.000000
65.905505 0.999999 0.000005
65.906703 0.999998 0.000013
65.905972 0.999998 0.000023
65.903393 0.999997 0.000039
65.899036 0.999997 0.000063
65.892965 0.999997 0.000099
65.885231 0.999997 0.000151
65.875882 0.999997 0.000225
65.864960 0.999997 0.000328
65.852504 0.999997 0.000469
65.838548 0.999998 0.000657
65.823126 0.999998 0.000901
65.806271 0.999998 0.001211
65.788019 0.999999 0.001597
65.768411 0.999999 0.002066
65.747497 0.999999 0.002624
65.725336 1.000000 0.003274
65.702002 1.000000 0.004016
65.677583 1.000000 0.004844
65.652186 1.000000 0.005749
65.625931 1.000001 0.006717
65.598954 1.000001 0.007733
65.571399 1.000001 0.008776
65.543415 1.000002 0.009825
65.515146 1.000002 0.010858
65.486730 1.000002 0.011853
65.458285 1.000003 0.012793
65.429912 1.000003 0.013660
65.401687 1.000003 0.014443
65.373667 1.000003 0.015131
65.345887 1.000004 0.015722
65.318362 1.000004 0.016215
65.291096 1.000004 0.016614
65.264080 1.000004 0.016925
65.237298 1.000004 0.017158
65.210729 1.000004 0.017322
65.184351 1.000005 0.017428
65.158139 1.000005 0.017487
65.132072 1.000005 0.017510
65.106128 1.000005 0.017505
65.080290 1.000005 0.017480
65.054544 1.000005 0.017442
65.028876 1.000005 0.017396
65.003278 1.000005 0.017345
64.977745 1.000005 0.017293
64.952273 1.000005 0.017241
64.926864 1.000005 0.017191
64.901519 1.000005 0.017142
64.876246 1.000005 0.017096
64.851053 1.000005 0.017053
64.825950 1.000005 0.017013
64.800954 1.000004 0.016975
64.776079 1.000004 0.016940
64.751347 1.000004 0.016907
64.726781 1.000004 0.016877
64.702406 1.000004 0.016849
64.678254 1.000004 0.016823
64.654358 1.000003 0.016798
64.630757 1.000003 0.016776
64.607495 1.000003 0.016756
64.584622 1.000003 0.016738
64.562193 1.000003 0.016721
64.540271 1.000002 0.016706
64.518926 1.000002 0.016693
64.498239 1.000002 0.016682
64.478296 1.000002 0.016672
64.459198 1.000002 0.016663
64.441054 1.000001 0.016655
64.423987 1.000001 0.016647
64.408129 1.000001 0.016638
64.393627 1.000001 0.016627
64.380637 1.000000 0.016613
64.369327 1.000000 0.016592
64.359874 1.000000 0.016562
64.352460 0.999999 0.016520
64.347276 0.999999 0.016462
64.344509 0.999998 0.016384
64.344343 0.999997 0.016283
64.346945 0.999995 0.016158
64.352466 0.999994 0.016007
64.361024 0.999991 0.015834
60.045174 0.999988 0.015647
55.729323 0.999984 0.015459
63.540293 1.000000 0.000000
63.540293 0.999999 0.000004
63.541483 0.999998 0.000008
63.540743 0.999997 0.000015
63.538148 0.999997 0.000026
63.533770 0.999996 0.000041
63.527677 0.999996 0.000065
63.519929 0.999996 0.000099
63.510586 0.999996 0.000148
63.499702 0.999996 0.000216
63.487328 0.999996 0.000309
63.473514 0.999996 0.000433
63.458305 0.999996 0.000593
63.441749 0.999997 0.000798
63.423893 0.999997 0.001052
63.404786 0.999997 0.001361
63.384486 0.999998 0.001729
63.363053 0.999998 0.002158
63.340559 0.999998 0.002648
63.317086 0.999998 0.003195
63.292724 0.999999 0.003793
63.267574 0.999999 0.004433
63.241745 0.999999 0.005106
63.215354 0.999999 0.005796
63.188516 1.000000 0.006491
63.161346 1.000000 0.007175
63.133952 1.000000 0.007835
63.106429 1.000000 0.008457
63.078863 1.000000 0.009031
63.051321 1.000001 0.009548
63.023857 1.000001 0.010002
62.996507 1.000001 0.010391
62.969296 1.000001 0.010714
62.942238 1.000001 0.010974
62.915335 1.000001 0.011174
62.888585 1.000001 0.011322
62.861979 1.000001 0.011425
62.835506 1.000001 0.011488
62.809152 1.000001 0.011521
62.782905 1.000002 0.011529
62.756752 1.000002 0.011519
62.730680 1.000001 0.011496
62.704681 1.000001 0.011464
62.678746 1.000001 0.011428
62.652869 1.000001 0.011388
62.627047 1.000001 0.011348
62.601279 1.000001 0.011308
62.575566 1.000001 0.011270
62.549912 1.000001 0.011233
62.524322 1.000001 0.011198
62.498804 1.000001 0.011166
62.473371 1.000000 0.011135
62.448034 1.000000 0.011106
62.422808 1.000000 0.011080
62.397714 1.000000 0.011055
62.372772 0.999999 0.011032
62.348005 0.999999 0.011010
62.323444 0.999999 0.010990
62.299119 0.999999 0.010972
62.275067 0.999999 0.010955
62.251330 0.999998 0.010940
62.227954 0.999998 0.010925
62.204994 0.999998 0.010913
62.182511 0.999998 0.010902
62.160573 0.999997 0.010891
62.139260 0.999997 0.010883
62.118661 0.999997 0.010875
62.098877 0.999997 0.010868
62.080021 0.999996 0.010862
62.062221 0.999996 0.010856
62.045617 0.999996 0.010850
62.030367 0.999996 0.010842
62.016639 0.999995 0.010831
62.004620 0.999995 0.010816
61.994505 0.999994 0.010793
61.986501 0.999994 0.010762
61.980821 0.999993 0.010718
61.977679 0.999992 0.010659
61.977278 0.999991 0.010583
61.979806 0.999989 0.010488
61.985419 0.999987 0.010374
61.994228 0.999984 0.010242
57.755309 0.999980 0.010098
53.516391 0.999976 0.009955
61.177632 1.000000 0.000000
61.177632 0.999999 0.000002
61.178769 0.999997 0.000005
61.177977 0.999996 0.000010
61.175327 0.999995 0.000016
61.170891 0.999994 0.000027
61.164742 0.999994 0.000042
61.156948 0.999993 0.000064
61.147577 0.999993 0.000095
61.136696 0.999993 0.000139
61.124367 0.999993 0.000199
61.110650 0.999993 0.000279
61.095603 0.999993 0.000382
61.079281 0.999993 0.000514
61.061742 0.999994 0.000678
61.043040 0.999994 0.000877
61.023234 0.999994 0.001115
61.002389 0.999994 0.001392
60.980570 0.999994 0.001708
60.957853 0.999995 0.002061
60.934315 0.999995 0.002448
60.910043 0.999995 0.002862
60.885127 0.999995 0.003297
60.859659 0.999995 0.003744
60.833734 0.999995 0.004194
60.807444 0.999995 0.004637
60.780875 0.999995 0.005065
60.754107 0.999995 0.005467
60.727211 0.999995 0.005838
60.700245 0.999995 0.006172
60.673260 0.999995 0.006465
60.646293 0.999995 0.006715
60.619371 0.999995 0.006921
60.592514 0.999995 0.007087
60.565734 0.999995 0.007213
60.539035 0.999995 0.007305
60.512418 0.999995 0.007367
60.485880 0.999995 0.007404
60.459417 0.999995 0.007421
60.433022 0.999995 0.007421
60.406690 0.999995 0.007410
60.380413 0.999994 0.007391
60.354188 0.999994 0.007366
60.328009 0.999994 0.007338
60.301873 0.999994 0.007309
60.275780 0.999994 0.007279
60.249731 0.999993 0.007250
60.223726 0.999993 0.007222
60.197771 0.999993 0.007195
60.171871 0.999993 0.007169
60.146034 0.999992 0.007145
60.120270 0.999992 0.007123
60.094592 0.999992 0.007102
60.069013 0.999991 0.007082
60.043551 0.999991 0.007064
60.018224 0.999991 0.007047
59.993055 0.999990 0.007031
59.968071 0.999990 0.007016
59.943299 0.999990 0.007003
59.918775 0.999989 0.006990
59.894537 0.999989 0.006979
59.870630 0.999988 0.006968
59.847104 0.999988 0.006959
59.824018 0.999988 0.006951
59.801441 0.999987 0.006943
59.779449 0.999987 0.006937
59.758132 0.999987 0.006931
59.737593 0.999987 0.006926
59.717948 0.999986 0.006922
59.699330 0.999986 0.006918
59.681887 0.999986 0.006913
59.665788 0.999985 0.006907
59.651218 0.999985 0.006899
59.638380 0.999984 0.006888
59.627493 0.999984 0.006872
59.618791 0.999983 0.006850
59.612516 0.999982 0.006818
59.608911 0.999981 0.006775
59.608210 0.999979 0.006719
59.610621 0.999977 0.006649
59.616312 0.999973 0.006565
59.625395 0.999970 0.006468
55.473350 0.999965 0.006362
51.321305 0.999960 0.006256
58.817508 1.000000 0.000000
58.817508 0.999998 0.000001
58.818562 0.999996 0.000003
58.817683 0.999993 0.000006
58.814941 0.999992 0.000010
58.810407 0.999990 0.000017
58.804159 0.999989 0.000026
58.796274 0.999988 0.000040
58.786828 0.999987 0.000060
58.775897 0.999987 0.000088
58.763556 0.999987 0.000126
58.749874 0.999987 0.000176
58.734918 0.999987 0.000241
58.718752 0.999987 0.000324
58.701437 0.999987 0.000428
58.683034 0.999987 0.000553
58.663604 0.999987 0.000703
58.643208 0.999987 0.000878
58.621910 0.999987 0.001078
58.599778 0.999987 0.001301
58.576881 0.999987 0.001546
58.553292 0.999986 0.001808
58.529086 0.999986 0.002083
58.504341 0.999986 0.002366
58.479134 0.999986 0.002651
58.453539 0.999986 0.002931
58.427627 0.999986 0.003202
58.401466 0.999985 0.003456
58.375113 0.999985 0.003691
58.348623 0.999985 0.003902
58.322039 0.999985 0.004086
58.295398 0.999984 0.004243
58.268728 0.999984 0.004372
58.242053 0.999984 0.004475
58.215387 0.999983 0.004553
58.188743 0.999983 0.004609
58.162126 0.999983 0.004645
58.135540 0.999982 0.004666
58.108987 0.999982 0.004674
58.082467 0.999981 0.004671
58.055977 0.999981 0.004661
58.029517 0.999981 0.004646
58.003085 0.999980 0.004628
57.976681 0.999980 0.004607
57.950304 0.999979 0.004586
57.923955 0.999979 0.004565
57.897636 0.999978 0.004544
57.871351 0.999978 0.004524
57.845104 0.999977 0.004505
57.818900 0.999976 0.004487
57.792749 0.999976 0.004470
57.766658 0.999975 0.004454
57.740639 0.999975 0.004439
57.714705 0.999974 0.004425
57.688871 0.999974 0.004412
57.663154 0.999973 0.004400
57.637574 0.999972 0.004388
57.612154 0.999972 0.004378
57.586921 0.999971 0.004368
57.561906 0.999971 0.004359
57.537144 0.999970 0.004351
57.512676 0.999970 0.004344
57.488551 0.999969 0.004337
57.464823 0.999969 0.004331
57.441559 0.999968 0.004326
57.418834 0.999968 0.004321
57.396737 0.999967 0.004317
57.375371 0.999967 0.004313
57.354855 0.999967 0.004310
57.335326 0.999966 0.004307
57.316943 0.999966 0.004304
57.299884 0.999965 0.004300
57.284350 0.999965 0.004295
57.270567 0.999964 0.004287
57.258780 0.999963 0.004276
57.249253 0.999962 0.004260
57.242264 0.999961 0.004238
57.238094 0.999959 0.004207
57.237012 0.999956 0.004168
57.239257 0.999952 0.004118
57.245020 0.999947 0.004058
57.254416 0.999941 0.003989
53.199609 0.999934 0.003913
49.144802 0.999927 0.003838
56.459915 1.000000 0.000000
56.459915 0.999996 0.000001
56.460866 0.999992 0.000002
56.459873 0.999988 0.000004
56.457000 0.999985 0.000006
56.452324 0.999982 0.000010
56.445927 0.999979 0.000016
56.437893 0.999978 0.000025
56.428309 0.999976 0.000037
56.417262 0.999975 0.000054
56.404836 0.999974 0.000077
56.391111 0.999974 0.000108
56.376162 0.999973 0.000149
56.360059 0.999973 0.000200
56.342868 0.999973 0.000264
56.324653 0.999972 0.000342
56.305476 0.999972 0.000434
56.285397 0.999972 0.000542
56.264477 0.999971 0.000666
56.242776 0.999971 0.000804
56.220356 0.999970 0.000955
56.197281 0.999970 0.001117
56.173614 0.999969 0.001287
56.149420 0.999969 0.001462
56.124762 0.999968 0.001639
56.099704 0.999967 0.001812
56.074304 0.999967 0.001980
56.048618 0.999966 0.002137
56.022696 0.999965 0.002282
55.996586 0.999964 0.002412
55.970326 0.999964 0.002526
55.943951 0.999963 0.002622
55.917490 0.999962 0.002701
55.890965 0.999961 0.002763
55.864397 0.999960 0.002810
55.837798 0.999959 0.002843
55.811181 0.999958 0.002864
55.784553 0.999957 0.002875
55.757919 0.999956 0.002878
55.731285 0.999955 0.002875
55.704652 0.999954 0.002867
55.678023 0.999953 0.002856
55.651400 0.999952 0.002843
55.624785 0.999951 0.002829
55.598179 0.999950 0.002814
55.571587 0.999949 0.002799
55.545010 0.999948 0.002785
55.518454 0.999947 0.002771
55.491923 0.999946 0.002758
55.465423 0.999945 0.002745
55.438962 0.999944 0.002734
55.412547 0.999943 0.002723
55.386190 0.999942 0.002712
55.359901 0.999941 0.002703
55.333693 0.999940 0.002694
55.307581 0.999939 0.002685
55.281583 0.999938 0.002677
55.255719 0.999937 0.002670
55.230012 0.999936 0.002663
55.204489 0.999935 0.002657
55.179182 0.999935 0.002652
55.154128 0.999934 0.002646
55.129371 0.999933 0.002642
55.104964 0.999932 0.002638
55.080967 0.999931 0.002634
55.057454 0.999931 0.002631
55.034512 0.999930 0.002628
55.012244 0.999929 0.002626
54.990770 0.999929 0.002623
54.970232 0.999928 0.002621
54.950795 0.999928 0.002619
54.932650 0.999927 0.002617
54.916018 0.999926 0.002613
54.901144 0.999925 0.002608
54.888306 0.999924 0.002600
54.877804 0.999922 0.002590
54.869959 0.999920 0.002574
54.865097 0.999916 0.002554
54.863536 0.999912 0.002526
54.865559 0.999905 0.002492
54.871388 0.999897 0.002451
54.881151 0.999888 0.002403
50.934474 0.999876 0.002351
46.987797 0.999865 0.002298
54.104860 1.000000 0.000000
54.104860 0.999993 0.000001
54.105700 0.999985 0.000001
54.104567 0.999978 0.000002
54.101526 0.999971 0.000004
54.096657 0.999966 0.000006
54.090049 0.999961 0.000010
54.081796 0.999957 0.000015
54.071997 0.999954 0.000022
54.060751 0.999951 0.000033
54.048153 0.999949 0.000047
54.034292 0.999948 0.000065
54.019252 0.999947 0.000090
54.003110 0.999946 0.000121
53.985936 0.999945 0.000159
53.967795 0.999944 0.000206
53.948751 0.999943 0.000262
53.928861 0.999942 0.000328
53.908183 0.999941 0.000402
53.886773 0.999940 0.000486
53.864685 0.999939 0.000577
53.841974 0.999937 0.000675
53.818695 0.999936 0.000778
53.794903 0.999934 0.000884
53.770652 0.999933 0.000991
53.745993 0.999931 0.001096
53.720977 0.999930 0.001198
53.695650 0.999928 0.001293
53.670057 0.999926 0.001380
53.644237 0.999924 0.001459
53.618227 0.999923 0.001527
53.592057 0.999921 0.001585
53.565756 0.999919 0.001632
53.539347 0.999917 0.001669
53.512850 0.999915 0.001697
53.486281 0.999913 0.001716
53.459654 0.999911 0.001728
53.432980 0.999910 0.001733
53.406267 0.999908 0.001734
53.379523 0.999906 0.001731
53.352753 0.999904 0.001725
53.325964 0.999902 0.001717
53.299159 0.999900 0.001708
53.272343 0.999898 0.001698
53.245520 0.999896 0.001688
53.218693 0.999894 0.001679
53.191868 0.999892 0.001669
53.165049 0.999890 0.001660
53.138242 0.999888 0.001651
53.111452 0.999886 0.001643
53.084687 0.999884 0.001635
53.057954 0.999882 0.001627
53.031261 0.999880 0.001621
53.004618 0.999879 0.001614
52.978037 0.999877 0.001608
52.951528 0.999875 0.001602
52.925108 0.999873 0.001597
52.898793 0.999872 0.001592
52.872602 0.999870 0.001588
52.846558 0.999868 0.001584
52.820688 0.999867 0.001580
52.795025 0.999865 0.001576
52.769607 0.999864 0.001573
52.744483 0.999863 0.001570
52.719709 0.999862 0.001568
52.695354 0.999860 0.001566
52.671503 0.999859 0.001564
52.648255 0.999858 0.001562
52.625730 0.999857 0.001561
52.604075 0.999857 0.001560
52.583462 0.999856 0.001558
52.564094 0.999855 0.001557
52.546208 0.999854 0.001554
52.530078 0.999852 0.001551
52.516013 0.999850 0.001546
52.504357 0.999847 0.001539
52.495482 0.999843 0.001529
52.489774 0.999837 0.001515
52.487612 0.999829 0.001497
52.489339 0.999818 0.001474
52.495223 0.999804 0.001446
52.505420 0.999787 0.001414
48.678411 0.999767 0.001379
44.851402 0.999748 0.001344
51.752369 1.000000 0.000000
51.752369 0.999986 0.000000
51.753099 0.999972 0.000001
51.751805 0.999958 0.000001
51.748554 0.999946 0.000002
51.743431 0.999934 0.000004
51.736537 0.999925 0.000006
51.727981 0.999917 0.000009
51.717874 0.999911 0.000013
51.706329 0.999906 0.000019
51.693455 0.999902 0.000028
51.679352 0.999899 0.000039
51.664112 0.999896 0.000053
51.647819 0.999894 0.000071
51.630548 0.999892 0.000094
51.612366 0.999890 0.000122
51.593335 0.999888 0.000155
51.573512 0.999885 0.000194
51.552950 0.999883 0.000238
51.531701 0.999880 0.000288
51.509814 0.999878 0.000342
51.487335 0.999875 0.000400
51.464313 0.999872 0.000461
51.440793 0.999869 0.000524
51.416822 0.999866 0.000587
51.392443 0.999863 0.000649
51.367698 0.999859 0.000709
51.342627 0.999856 0.000765
51.317269 0.999853 0.000817
51.291658 0.999849 0.000863
51.265826 0.999846 0.000903
51.239802 0.999842 0.000937
51.213612 0.999838 0.000965
51.187279 0.999835 0.000986
51.160822 0.999831 0.001002
51.134261 0.999827 0.001013
51.107608 0.999824 0.001019
51.080877 0.999820 0.001022
51.054080 0.999816 0.001022
51.027225 0.999812 0.001019
51.000321 0.999809 0.001015
50.973375 0.999805 0.001010
50.946393 0.999801 0.001004
50.919383 0.999797 0.000998
50.892348 0.999794 0.000991
50.865295 0.999790 0.000985
50.838228 0.999786 0.000978
50.811154 0.999783 0.000972
50.784078 0.999779 0.000967
50.757005 0.999776 0.000961
50.729942 0.999772 0.000956
50.702895 0.999769 0.000951
50.675871 0.999766 0.000947
50.648879 0.999762 0.000943
50.621925 0.999759 0.000939
50.595021 0.999756 0.000935
50.568178 0.999753 0.000932
50.541407 0.999750 0.000929
50.514725 0.999747 0.000926
50.488150 0.999744 0.000923
50.461702 0.999742 0.000920
50.435410 0.999739 0.000918
50.409307 0.999737 0.000916
50.383432 0.999735 0.000914
50.357839 0.999732 0.000913
50.332590 0.999731 0.000911
50.307763 0.999729 0.000910
50.283455 0.999727 0.000909
50.259785 0.999726 0.000908
50.236900 0.999724 0.000907
50.214977 0.999723 0.000906
50.194231 0.999722 0.000905
50.174919 0.999720 0.000904
50.157341 0.999717 0.000902
50.141844 0.999714 0.000899
50.128821 0.999709 0.000894
50.118706 0.999702 0.000888
50.111958 0.999691 0.000879
50.109036 0.999677 0.000867
50.110364 0.999657 0.000852
50.116282 0.999632 0.000834
50.126990 0.999602 0.000813
46.431982 0.999568 0.000790
42.736974 0.999534 0.000768
49.402501 1.000000 0.000000
49.402501 0.999974 0.000000
49.403129 0.999947 0.000000
49.401651 0.999921 0.000001
49.398139 0.999897 0.000001
49.392689 0.999875 0.000002
49.385419 0.999857 0.000003
49.376454 0.999842 0.000005
49.365925 0.999830 0.000008
49.353963 0.999820 0.000011
49.340693 0.999812 0.000016
49.326226 0.999806 0.000022
49.310666 0.999801 0.000031
49.294103 0.999796 0.000041
49.276616 0.999792 0.000055
49.258274 0.999788 0.000071
49.239138 0.999784 0.000090
49.219264 0.999779 0.000112
49.198701 0.999775 0.000138
49.177495 0.999770 0.000167
49.155689 0.999764 0.000198
49.133325 0.999759 0.000232
49.110442 0.999753 0.000267
49.087081 0.999748 0.000303
49.063279 0.999742 0.000340
49.039074 0.999735 0.000376
49.014501 0.999729 0.000411
48.989594 0.999723 0.000443
48.964386 0.999716 0.000473
48.938908 0.999710 0.000500
48.913187 0.999703 0.000523
48.887251 0.999696 0.000542
48.861123 0.999689 0.000558
48.834825 0.999683 0.000570
48.808376 0.999676 0.000579
48.781795 0.999669 0.000585
48.755097 0.999662 0.000589
48.728295 0.999655 0.000590
48.701403 0.999648 0.000589
48.674431 0.999641 0.000587
48.647389 0.999635 0.000585
48.620286 0.999628 0.000581
48.593129 0.999621 0.000577
48.565927 0.999614 0.000573
48.538686 0.999608 0.000569
48.511411 0.999601 0.000565
48.484110 0.999594 0.000561
48.456787 0.999588 0.000557
48.429448 0.999582 0.000554
48.402099 0.999575 0.000550
48.374745 0.999569 0.000547
48.347390 0.999563 0.000544
48.320041 0.999557 0.000541
48.292704 0.999551 0.000539
48.265383 0.999546 0.000536
48.238086 0.999540 0.000534
48.210821 0.999535 0.000532
48.183595 0.999530 0.000530
48.156419 0.999525 0.000528
48.129306 0.999520 0.000526
48.102271 0.999515 0.000525
48.075335 0.999511 0.000523
48.048523 0.999507 0.000522
48.021870 0.999503 0.000521
47.995419 0.999499 0.000520
47.969225 0.999496 0.000519
47.943359 0.999493 0.000518
47.917912 0.999490 0.000517
47.892997 0.999488 0.000517
47.868762 0.999485 0.000516
47.845387 0.999483 0.000516
47.823096 0.999481 0.000515
47.802164 0.999478 0.000514
47.782919 0.999474 0.000513
47.765749 0.999469 0.000511
47.751103 0.999460 0.000508
47.739488 0.999448 0.000504
47.731454 0.999430 0.000499
47.727563 0.999404 0.000491
47.728349 0.999370 0.000482
47.734255 0.999325 0.000471
47.745555 0.999272 0.000457
44.195882 0.999212 0.000443
40.646209 0.999152 0.000428
47.055354 1.000000 0.000000
47.055354 0.999951 0.000000
47.055893 0.999901 0.000000
47.054202 0.999852 0.000000
47.050364 0.999806 0.000001
47.044495 0.999766 0.000001
47.036733 0.999731 0.000002
47.027231 0.999703 0.000003
47.016143 0.999680 0.000004
47.003623 0.999662 0.000006
46.989815 0.999647 0.000009
46.974848 0.999635 0.000013
46.958834 0.999626 0.000017
46.941873 0.999617 0.000023
46.924046 0.999609 0.000031
46.905425 0.999601 0.000040
46.886070 0.999593 0.000051
46.866032 0.999585 0.000064
46.845356 0.999576 0.000078
46.824084 0.999567 0.000095
46.802253 0.999557 0.000112
46.779898 0.999547 0.000131
46.757051 0.999537 0.000151
46.733748 0.999526 0.000172
46.710018 0.999515 0.000193
46.685893 0.999504 0.000213
46.661404 0.999493 0.000233
46.636578 0.999481 0.000251
46.611445 0.999469 0.000268
46.586030 0.999457 0.000283
46.560359 0.999445 0.000296
46.534455 0.999433 0.000307
46.508341 0.999421 0.000316
46.482036 0.999409 0.000323
46.455561 0.999396 0.000328
46.428932 0.999384 0.000331
46.402165 0.999372 0.000333
46.375274 0.999360 0.000333
46.348274 0.999347 0.000333
46.321175 0.999335 0.000331
46.293988 0.999323 0.000330
46.266724 0.999311 0.000327
46.239391 0.999299 0.000325
46.211998 0.999287 0.000323
46.184553 0.999275 0.000320
46.157060 0.999264 0.000317
46.129529 0.999252 0.000315
46.101963 0.999241 0.000313
46.074368 0.999230 0.000311
46.046749 0.999219 0.000308
46.019111 0.999208 0.000306
45.991457 0.999197 0.000305
45.963790 0.999187 0.000303
45.936115 0.999177 0.000301
45.908434 0.999167 0.000300
45.880751 0.999157 0.000298
45.853068 0.999148 0.000297
45.825390 0.999139 0.000296
45.797722 0.999130 0.000295
45.770070 0.999122 0.000293
45.742442 0.999114 0.000292
45.714852 0.999106 0.000292
45.687317 0.999099 0.000291
45.659862 0.999092 0.000290
45.632520 0.999086 0.000289
45.605335 0.999081 0.000289
45.578370 0.999075 0.000288
45.551704 0.999071 0.000288
45.525447 0.999067 0.000288
45.499738 0.999063 0.000287
45.474759 0.999060 0.000287
45.450742 0.999056 0.000287
45.427974 0.999052 0.000286
45.406812 0.999045 0.000285
45.387687 0.999036 0.000284
45.371110 0.999023 0.000283
45.357674 0.999002 0.000280
45.348039 0.998971 0.000277
45.342901 0.998927 0.000272
45.342939 0.998867 0.000267
45.348743 0.998790 0.000260
45.360709 0.998696 0.000251
41.970988 0.998591 0.000242
38.581268 0.998486 0.000233
44.711082 1.000000 0.000000
44.711082 0.999910 0.000000
44.711545 0.999817 0.000000
44.709600 0.999726 0.000000
44.705349 0.999642 0.000000
44.698938 0.999568 0.000001
44.690538 0.999504 0.000001
44.680336 0.999452 0.000002
44.668521 0.999410 0.000002
44.655275 0.999376 0.000004
44.640767 0.999350 0.000005
44.625142 0.999328 0.000007
44.608529 0.999310 0.000010
44.591033 0.999295 0.000013
44.572740 0.999280 0.000017
44.553720 0.999266 0.000022
44.534032 0.999252 0.000028
44.513723 0.999237 0.000035
44.492833 0.999221 0.000044
44.471396 0.999205 0.000053
44.449443 0.999188 0.000062
44.427002 0.999170 0.000073
44.404101 0.999151 0.000084
44.380766 0.999132 0.000096
44.357022 0.999113 0.000107
44.332896 0.999093 0.000118
44.308412 0.999073 0.000129
44.283594 0.999052 0.000140
44.258466 0.999032 0.000149
44.233052 0.999011 0.000157
44.207372 0.998990 0.000164
44.181449 0.998969 0.000170
44.155302 0.998948 0.000175
44.128951 0.998926 0.000179
44.102413 0.998905 0.000182
44.075706 0.998884 0.000183
44.048846 0.998863 0.000184
44.021846 0.998841 0.000184
43.994721 0.998820 0.000184
43.967482 0.998799 0.000183
43.940142 0.998778 0.000182
43.912711 0.998758 0.000181
43.885199 0.998737 0.000179
43.857614 0.998716 0.000178
43.829964 0.998696 0.000176
43.802257 0.998676 0.000175
43.774499 0.998657 0.000173
43.746695 0.998637 0.000172
43.718851 0.998618 0.000170
43.690970 0.998599 0.000169
43.663055 0.998581 0.000168
43.635110 0.998563 0.000167
43.607136 0.998545 0.000166
43.579133 0.998528 0.000165
43.551101 0.998511 0.000164
43.523041 0.998494 0.000163
43.494951 0.998478 0.000162
43.466830 0.998463 0.000162
43.438676 0.998448 0.000161
43.410489 0.998434 0.000160
43.382270 0.998420 0.000160
43.354023 0.998407 0.000159
43.325756 0.998395 0.000159
43.297481 0.998384 0.000158
43.269221 0.998373 0.000158
43.241007 0.998364 0.000157
43.212888 0.998355 0.000157
43.184931 0.998347 0.000157
43.157233 0.998340 0.000157
43.129926 0.998334 0.000157
43.103186 0.998329 0.000156
43.077246 0.998323 0.000156
43.052404 0.998316 0.000156
43.029041 0.998307 0.000155
43.007630 0.998292 0.000155
42.988752 0.998270 0.000154
42.973098 0.998235 0.000152
42.961459 0.998184 0.000150
42.954700 0.998110 0.000148
42.953696 0.998009 0.000144
42.959240 0.997877 0.000140
42.971914 0.997716 0.000135
39.758393 0.997535 0.000130
36.544872 0.997354 0.000124
42.369911 1.000000 0.000000
42.369911 0.999837 0.000000
42.370305 0.999668 0.000000
42.368042 0.999504 0.000000
42.363257 0.999352 0.000000
42.356140 0.999218 0.000000
42.346911 0.999103 0.000001
42.335804 0.999009 0.000001
42.323054 0.998933 0.000001
42.308880 0.998873 0.000002
42.293480 0.998826 0.000003
42.277023 0.998788 0.000004
42.259650 0.998757 0.000005
42.241474 0.998729 0.000007
42.222584 0.998704 0.000009
42.203047 0.998679 0.000012
42.182918 0.998654 0.000015
42.162238 0.998628 0.000019
42.141038 0.998601 0.000024
42.119347 0.998572 0.000029
42.097187 0.998543 0.000034
42.074578 0.998512 0.000040
42.051542 0.998480 0.000046
42.028098 0.998447 0.000052
42.004266 0.998414 0.000058
41.980066 0.998380 0.000064
41.955517 0.998345 0.000070
41.930641 0.998310 0.000076
41.905457 0.998275 0.000081
41.879984 0.998240 0.000085
41.854243 0.998204 0.000089
41.828251 0.998168 0.000093
41.802028 0.998133 0.000095
41.775591 0.998097 0.000097
41.748956 0.998061 0.000098
41.722142 0.998025 0.000099
41.695162 0.997989 0.000100
41.668031 0.997953 0.000100
41.640764 0.997918 0.000099
41.613372 0.997882 0.000099
41.585867 0.997847 0.000098
41.558261 0.997812 0.000097
41.530564 0.997778 0.000097
41.502784 0.997744 0.000096
41.474930 0.997710 0.000095
41.447009 0.997676 0.000094
41.419028 0.997643 0.000093
41.390992 0.997611 0.000092
41.362905 0.997579 0.000092
41.334770 0.997548 0.000091
41.306590 0.997517 0.000090
41.278364 0.997487 0.000090
41.250094 0.997457 0.000089
41.221775 0.997428 0.000088
41.193407 0.997400 0.000088
41.164984 0.997373 0.000087
41.136500 0.997346 0.000087
41.107948 0.997321 0.000086
41.079321 0.997296 0.000086
41.050611 0.997272 0.000086
41.021809 0.997250 0.000085
40.992911 0.997228 0.000085
40.963911 0.997208 0.000085
40.934810 0.997189 0.000084
40.905615 0.997171 0.000084
40.876342 0.997155 0.000084
40.847022 0.997141 0.000084
40.817707 0.997128 0.000084
40.788478 0.997116 0.000084
40.759449 0.997107 0.000084
40.730787 0.997098 0.000083
40.702716 0.997089 0.000083
40.675538 0.997078 0.000083
40.649652 0.997063 0.000083
40.625573 0.997041 0.000083
40.603951 0.997006 0.000082
40.585588 0.996951 0.000081
40.571431 0.996867 0.000080
40.562553 0.996747 0.000078
40.560084 0.996579 0.000076
40.565102 0.996360 0.000074
40.578464 0.996089 0.000071
37.559448 0.995784 0.000068
34.540432 0.995478 0.000065
40.032163 1.000000 0.000000
40.032163 0.999710 0.000000
40.032479 0.999410 0.000000
40.029794 0.999119 0.000000
40.024302 0.998850 0.000000
40.016255 0.998612 0.000000
40.005944 0.998411 0.000000
39.993671 0.998245 0.000000
39.979728 0.998112 0.000001
39.964383 0.998008 0.000001
39.947869 0.997926 0.000001
39.930381 0.997861 0.000002
39.912074 0.997807 0.000003
39.893066 0.997760 0.000004
39.873447 0.997717 0.000005
39.853278 0.997675 0.000006
39.832606 0.997633 0.000008
39.811462 0.997589 0.000010
39.789870 0.997543 0.000013
39.767846 0.997495 0.000015
39.745404 0.997445 0.000018
39.722556 0.997393 0.000021
39.699316 0.997339 0.000024
39.675696 0.997284 0.000028
39.651710 0.997229 0.000031
39.627373 0.997172 0.000034
39.602699 0.997114 0.000038
39.577706 0.997056 0.000040
39.552409 0.996998 0.000043
39.526826 0.996939 0.000046
39.500973 0.996880 0.000048
39.474867 0.996821 0.000049
39.448526 0.996762 0.000051
39.421965 0.996703 0.000052
39.395200 0.996644 0.000052
39.368248 0.996585 0.000053
39.341123 0.996526 0.000053
39.313839 0.996468 0.000053
39.286410 0.996410 0.000053
39.258850 0.996352 0.000052
39.231169 0.996294 0.000052
39.203379 0.996237 0.000052
39.175490 0.996181 0.000051
39.147513 0.996125 0.000051
39.119454 0.996070 0.000050
39.091321 0.996015 0.000050
39.063121 0.995962 0.000049
39.034858 0.995909 0.000049
39.006536 0.995857 0.000048
38.978157 0.995805 0.000048
38.949722 0.995755 0.000047
38.921229 0.995706 0.000047
38.892677 0.995658 0.000047
38.864060 0.995611 0.000046
38.835371 0.995565 0.000046
38.806603 0.995521 0.000046
38.777745 0.995478 0.000046
38.748782 0.995436 0.000045
38.719702 0.995396 0.000045
38.690486 0.995357 0.000045
38.661119 0.995321 0.000045
38.631583 0.995286 0.000044
38.601860 0.995252 0.000044
38.571936 0.995221 0.000044
38.541801 0.995193 0.000044
38.511451 0.995166 0.000044
38.480897 0.995143 0.000044
38.450171 0.995122 0.000044
38.419328 0.995104 0.000044
38.388461 0.995088 0.000044
38.357715 0.995073 0.000044
38.327297 0.995059 0.000043
38.297502 0.995043 0.000043
38.268736 0.995021 0.000043
38.241550 0.994987 0.000043
38.216662 0.994933 0.000043
38.194989 0.994848 0.000042
38.177659 0.994717 0.000042
38.165998 0.994525 0.000041
38.161462 0.994256 0.000040
38.165518 0.993899 0.000038
38.179428 0.993456 0.000037
35.375856 0.992953 0.000035
32.572285 0.992450 0.000033
37.698285 1.000000 0.000000
37.698285 0.999494 0.000000
37.698475 0.998973 0.000000
37.695206 0.998467 0.000000
37.688753 0.998000 0.000000
37.679469 0.997589 0.000000
37.667743 0.997241 0.000000
37.653968 0.996956 0.000000
37.638511 0.996730 0.000000
37.621701 0.996553 0.000001
37.603816 0.996415 0.000001
37.585075 0.996306 0.000001
37.565646 0.996216 0.000001
37.545651 0.996138 0.000002
37.525171 0.996067 0.000003
37.504262 0.995998 0.000003
37.482954 0.995928 0.000004
37.461267 0.995855 0.000005
37.439210 0.995780 0.000007
37.416788 0.995701 0.000008
37.394002 0.995619 0.000010
37.370856 0.995534 0.000011
37.347354 0.995447 0.000013
37.323501 0.995357 0.000015
37.299306 0.995266 0.000016
37.274776 0.995174 0.000018
37.249924 0.995081 0.000020
37.224761 0.994987 0.000021
37.199302 0.994893 0.000023
37.173560 0.994798 0.000024
37.147551 0.994703 0.000025
37.121289 0.994608 0.000026
37.094789 0.994513 0.000026
37.068068 0.994418 0.000027
37.041141 0.994324 0.000027
37.014022 0.994229 0.000027
36.986726 0.994136 0.000028
36.959267 0.994042 0.000028
36.931658 0.993949 0.000027
36.903913 0.993857 0.000027
36.876044 0.993766 0.000027
36.848061 0.993675 0.000027
36.819975 0.993585 0.000026
36.791796 0.993496 0.000026
36.763531 0.993409 0.000026
36.735188 0.993322 0.000026
36.706773 0.993237 0.000025
36.678290 0.993153 0.000025
36.649742 0.993070 0.000025
36.621130 0.992989 0.000025
36.592453 0.992910 0.000024
36.563709 0.992832 0.000024
36.534892 0.992756 0.000024
36.505996 0.992682 0.000024
36.477009 0.992609 0.000024
36.447920 0.992539 0.000024
36.418711 0.992470 0.000023
36.389364 0.992404 0.000023
36.359857 0.992341 0.000023
36.330164 0.992279 0.000023
36.300258 0.992221 0.000023
36.270109 0.992165 0.000023
36.239685 0.992112 0.000023
36.208954 0.992063 0.000023
36.177887 0.992017 0.000023
36.146459 0.991975 0.000022
36.114655 0.991937 0.000022
36.082478 0.991903 0.000022
36.049955 0.991874 0.000022
36.017148 0.991849 0.000022
35.984164 0.991826 0.000022
35.951181 0.991805 0.000022
35.918473 0.991781 0.000022
35.886442 0.991748 0.000022
35.855655 0.991698 0.000022
35.826890 0.991618 0.000022
35.801179 0.991490 0.000022
35.779849 0.991291 0.000021
35.764523 0.990995 0.000021
35.757071 0.990574 0.000020
35.759480 0.990009 0.000019
35.773594 0.989303 0.000018
33.209794 0.988495 0.000017
30.645994 0.987687 0.000016
35.368883 1.000000 0.000000
35.368883 0.999136 0.000000
35.368834 0.998247 0.000000
35.364716 0.997384 0.000000
35.356938 0.996591 0.000000
35.345994 0.995895 0.000000
35.332411 0.995309 0.000000
35.316701 0.994832 0.000000
35.299335 0.994455 0.000000
35.280712 0.994163 0.000000
35.261158 0.993936 0.000000
35.240919 0.993758 0.000001
35.220171 0.993613 0.000001
35.199031 0.993488 0.000001
35.177568 0.993373 0.000001
35.155819 0.993262 0.000002
35.133797 0.993150 0.000002
35.111502 0.993034 0.000003
35.088924 0.992913 0.000003
35.066052 0.992787 0.000004
35.042875 0.992656 0.000005
35.019384 0.992520 0.000006
34.995574 0.992382 0.000007
34.971442 0.992240 0.000007
34.946990 0.992096 0.000008
34.922221 0.991950 0.000009
34.897144 0.991803 0.000010
34.871766 0.991655 0.000011
34.846099 0.991507 0.000012
34.820155 0.991358 0.000012
34.793947 0.991209 0.000013
34.767489 0.991061 0.000013
34.740795 0.990912 0.000013
34.713880 0.990764 0.000014
34.686758 0.990617 0.000014
34.659444 0.990470 0.000014
34.631953 0.990324 0.000014
34.604297 0.990179 0.000014
34.576490 0.990034 0.000014
34.548545 0.989891 0.000014
34.520475 0.989750 0.000014
34.492290 0.989609 0.000014
34.464001 0.989470 0.000013
34.435616 0.989333 0.000013
34.407146 0.989197 0.000013
34.378595 0.989064 0.000013
34.349970 0.988932 0.000013
34.321275 0.988802 0.000013
34.292511 0.988675 0.000013
34.263679 0.988550 0.000012
34.234777 0.988427 0.000012
34.205799 0.988307 0.000012
34.176739 0.988190 0.000012
34.147587 0.988075 0.000012
34.118328 0.987963 0.000012
34.088945 0.987855 0.000012
34.059417 0.987749 0.000012
34.029718 0.987647 0.000012
33.999819 0.987549 0.000012
33.969685 0.987454 0.000012
33.939277 0.987363 0.000011
33.908553 0.987277 0.000011
33.877464 0.987195 0.000011
33.845960 0.987118 0.000011
33.813988 0.987047 0.000011
33.781500 0.986981 0.000011
33.748450 0.986922 0.000011
33.714809 0.986869 0.000011
33.680563 0.986822 0.000011
33.645731 0.986782 0.000011
33.610372 0.986747 0.000011
33.574619 0.986715 0.000011
33.538704 0.986679 0.000011
33.503000 0.986633 0.000011
33.468069 0.986562 0.000011
33.434724 0.986447 0.000011
33.404104 0.986260 0.000011
33.377736 0.985966 0.000011
33.357585 0.985522 0.000010
33.346032 0.984884 0.000010
33.345746 0.984017 0.000010
33.359395 0.982921 0.000009
31.063933 0.981659 0.000009
28.768472 0.980397 0.000008
33.044764 1.000000 0.000000
33.044764 0.998553 0.000000
33.044246 0.997065 0.000000
33.038869 0.995626 0.000000
33.029238 0.994308 0.000000
33.016052 0.993156 0.000000
33.000026 0.992191 0.000000
32.981836 0.991412 0.000000
32.962074 0.990800 0.000000
32.941226 0.990328 0.000000
32.919668 0.989966 0.000000
32.897668 0.989684 0.000000
32.875399 0.989456 0.000000
32.852964 0.989260 0.000001
32.830408 0.989081 0.000001
32.807740 0.988907 0.000001
32.784945 0.988732 0.000001
32.761994 0.988551 0.000001
32.738857 0.988363 0.000002
32.715501 0.988167 0.000002
32.691900 0.987963 0.000002
32.668031 0.987754 0.000003
32.643878 0.987539 0.000003
32.619430 0.987320 0.000004
32.594683 0.987098 0.000004
32.569636 0.986873 0.000005
32.544293 0.986648 0.000005
32.518659 0.986421 0.000005
32.492744 0.986194 0.000006
32.466559 0.985967 0.000006
32.440114 0.985740 0.000006
32.413423 0.985514 0.000007
32.386500 0.985288 0.000007
32.359358 0.985064 0.000007
32.332012 0.984840 0.000007
32.304476 0.984617 0.000007
32.276765 0.984396 0.000007
32.248891 0.984177 0.000007
32.220868 0.983959 0.000007
32.192709 0.983743 0.000007
32.164426 0.983530 0.000007
32.136030 0.983318 0.000007
32.107532 0.983109 0.000007
32.078940 0.982902 0.000007
32.050264 0.982699 0.000007
32.021509 0.982498 0.000006
31.992681 0.982300 0.000006
31.963783 0.982105 0.000006
31.934816 0.981914 0.000006
31.905779 0.981726 0.000006
31.876669 0.981542 0.000006
31.847479 0.981362 0.000006
31.818200 0.981186 0.000006
31.788819 0.981014 0.000006
31.759318 0.980846 0.000006
31.729676 0.980683 0.000006
31.699867 0.980525 0.000006
31.669857 0.980372 0.000006
31.639610 0.980224 0.000006
31.609082 0.980081 0.000006
31.578223 0.979945 0.000006
31.546975 0.979814 0.000006
31.515274 0.979691 0.000006
31.483048 0.979574 0.000006
31.450220 0.979465 0.000006
31.416714 0.979365 0.000006
31.382452 0.979274 0.000006
31.347361 0.979192 0.000006
31.311381 0.979121 0.000005
31.274473 0.979059 0.000005
31.236635 0.979005 0.000005
31.197932 0.978956 0.000005
31.158531 0.978904 0.000005
31.118743 0.978838 0.000005
31.079088 0.978739 0.000005
31.040380 0.978578 0.000005
31.003826 0.978315 0.000005
30.971140 0.977896 0.000005
30.944654 0.977253 0.000005
30.927359 0.976316 0.000005
30.922808 0.975026 0.000005
30.934808 0.973375 0.000004
28.941367 0.971459 0.000004
26.947925 0.969543 0.000004
30.726987 1.000000 0.000000
30.726987 0.997622 0.000000
30.725584 0.995182 0.000000
30.718314 0.992829 0.000000
30.706074 0.990683 0.000000
30.689851 0.988820 0.000000
30.670619 0.987270 0.000000
30.649260 0.986028 0.000000
30.626515 0.985061 0.000000
30.602968 0.984322 0.000000
30.579038 0.983760 0.000000
30.555003 0.983326 0.000000
30.531020 0.982976 0.000000
30.507157 0.982678 0.000000
30.483422 0.982406 0.000000
30.459779 0.982143 0.000000
30.436175 0.981877 0.000001
30.412547 0.981603 0.000001
30.388833 0.981318 0.000001
30.364978 0.981021 0.000001
30.340936 0.980714 0.000001
30.316668 0.980398 0.000001
30.292148 0.980074 0.000002
30.267357 0.979746 0.000002
30.242285 0.979413 0.000002
30.216926 0.979077 0.000002
30.191282 0.978741 0.000002
30.165356 0.978403 0.000003
30.139156 0.978066 0.000003
30.112692 0.977728 0.000003
30.085974 0.977392 0.000003
30.059016 0.977057 0.000003
30.031830 0.976724 0.000003
30.004431 0.976393 0.000003
29.976833 0.976063 0.000003
29.949049 0.975735 0.000003
29.921095 0.975410 0.000003
29.892983 0.975088 0.000003
29.864726 0.974769 0.000003
29.836339 0.974452 0.000003
29.807833 0.974139 0.000003
29.779218 0.973829 0.000003
29.750506 0.973524 0.000003
29.721706 0.973222 0.000003
29.692826 0.972924 0.000003
29.663872 0.972631 0.000003
29.634848 0.972342 0.000003
29.605758 0.972058 0.000003
29.576602 0.971779 0.000003
29.547378 0.971505 0.000003
29.518082 0.971237 0.000003
29.488705 0.970974 0.000003
29.459236 0.970718 0.000003
29.429658 0.970467 0.000003
29.399953 0.970223 0.000003
29.370092 0.969985 0.000003
29.340046 0.969755 0.000003
29.309775 0.969531 0.000003
29.279235 0.969315 0.000003
29.248372 0.969106 0.000003
29.217124 0.968906 0.000003
29.185420 0.968715 0.000003
29.153177 0.968533 0.000003
29.120303 0.968361 0.000003
29.086695 0.968200 0.000003
29.052244 0.968051 0.000003
29.016835 0.967914 0.000003
28.980349 0.967791 0.000003
28.942667 0.967683 0.000003
28.903680 0.967588 0.000003
28.863308 0.967506 0.000003
28.821526 0.967431 0.000003
28.778400 0.967355 0.000003
28.734141 0.967263 0.000003
28.689176 0.967127 0.000003
28.644257 0.966910 0.000003
28.600590 0.966551 0.000003
28.560023 0.965973 0.000003
28.525253 0.965075 0.000002
28.499970 0.963744 0.000002
28.488846 0.961886 0.000002
28.497245 0.959477 0.000002
26.845573 0.956655 0.000002
25.193901 0.953833 0.000002
28.416919 1.000000 0.000000
28.416919 0.996164 0.000000
28.413916 0.992236 0.000000
28.403792 0.988465 0.000000
28.387871 0.985048 0.000000
28.367541 0.982103 0.000000
28.344117 0.979674 0.000000
28.318740 0.977746 0.000000
28.292324 0.976259 0.000000
28.265547 0.975135 0.000000
28.238859 0.974288 0.000000
28.212522 0.973639 0.000000
28.186653 0.973121 0.000000
28.161263 0.972681 0.000000
28.136295 0.972280 0.000000
28.111656 0.971892 0.000000
28.087240 0.971500 0.000000
28.062939 0.971096 0.000000
28.038654 0.970677 0.000000
28.014303 0.970241 0.000000
27.989816 0.969790 0.000001
27.965141 0.969327 0.000001
27.940240 0.968854 0.000001
27.915086 0.968375 0.000001
27.889664 0.967891 0.000001
27.863965 0.967404 0.000001
27.837988 0.966916 0.000001
27.811736 0.966428 0.000001
27.785217 0.965940 0.000001
27.758439 0.965455 0.000001
27.731414 0.964971 0.000002
27.704155 0.964490 0.000002
27.676676 0.964012 0.000002
27.648990 0.963537 0.000002
27.621112 0.963065 0.000002
27.593056 0.962597 0.000002
27.564836 0.962133 0.000002
27.536467 0.961674 0.000002
27.507962 0.961219 0.000002
27.479334 0.960768 0.000002
27.450594 0.960323 0.000002
27.421755 0.959883 0.000002
27.392827 0.959449 0.000002
27.363818 0.959021 0.000002
27.334737 0.958598 0.000002
27.305590 0.958183 0.000002
27.276382 0.957774 0.000001
27.247114 0.957372 0.000001
27.217787 0.956977 0.000001
27.188397 0.956590 0.000001
27.158940 0.956211 0.000001
27.129405 0.955839 0.000001
27.099778 0.955476 0.000001
27.070043 0.955122 0.000001
27.040175 0.954776 0.000001
27.010144 0.954440 0.000001
26.979914 0.954114 0.000001
26.949441 0.953797 0.000001
26.918673 0.953490 0.000001
26.887547 0.953194 0.000001
26.855990 0.952910 0.000001
26.823915 0.952637 0.000001
26.791223 0.952377 0.000001
26.757799 0.952130 0.000001
26.723515 0.951898 0.000001
26.688227 0.951682 0.000001
26.651780 0.951483 0.000001
26.613999 0.951302 0.000001
26.574702 0.951141 0.000001
26.533697 0.950999 0.000001
26.490807 0.950875 0.000001
26.445889 0.950762 0.000001
26.398875 0.950651 0.000001
26.349821 0.950520 0.000001
26.298993 0.950337 0.000001
26.246981 0.950049 0.000001
26.194877 0.949576 0.000001
26.144564 0.948807 0.000001
26.099045 0.947596 0.000001
26.062753 0.945775 0.000001
26.041729 0.943192 0.000001
26.043437 0.939794 0.000001
24.780438 0.935770 0.000001
23.517440 0.931747 0.000001
26.116283 1.000000 0.000000
26.116283 0.993917 0.000000
26.110506 0.987707 0.000000
26.096098 0.981782 0.000000
26.074993 0.976456 0.000000
26.049133 0.971910 0.000000
26.020271 0.968201 0.000000
25.989858 0.965289 0.000000
25.958990 0.963071 0.000000
25.928419 0.961412 0.000000
25.898594 0.960176 0.000000
25.869725 0.959237 0.000000
25.841845 0.958493 0.000000
25.814875 0.957863 0.000000
25.788670 0.957289 0.000000
25.763057 0.956735 0.000000
25.737862 0.956175 0.000000
25.712921 0.955597 0.000000
25.688095 0.954998 0.000000
25.663267 0.954376 0.000000
25.638347 0.953735 0.000000
25.613266 0.953077 0.000000
25.587976 0.952408 0.000000
25.562444 0.951730 0.000000
25.536650 0.951047 0.000000
25.510584 0.950362 0.000001
25.484244 0.949676 0.000001
25.457634 0.948992 0.000001
25.430762 0.948310 0.000001
25.403637 0.947632 0.000001
25.376272 0.946957 0.000001
25.348680 0.946287 0.000001
25.320876 0.945622 0.000001
25.292875 0.944963 0.000001
25.264692 0.944308 0.000001
25.236341 0.943660 0.000001
25.207836 0.943018 0.000001
25.179193 0.942383 0.000001
25.150425 0.941755 0.000001
25.121545 0.941133 0.000001
25.092565 0.940520 0.000001
25.063498 0.939914 0.000001
25.034352 0.939317 0.000001
25.005138 0.938728 0.000001
24.975864 0.938147 0.000001
24.946535 0.937577 0.000001
24.917155 0.937015 0.000001
24.887727 0.936464 0.000001
24.858250 0.935922 0.000001
24.828721 0.935392 0.000001
24.799132 0.934872 0.000001
24.769473 0.934363 0.000001
24.739729 0.933865 0.000001
24.709880 0.933380 0.000001
24.679899 0.932906 0.000001
24.649754 0.932445 0.000001
24.619403 0.931997 0.000001
24.588798 0.931562 0.000001
24.557879 0.931140 0.000001
24.526576 0.930733 0.000001
24.494804 0.930340 0.000001
24.462463 0.929963 0.000001
24.429437 0.929603 0.000001
24.395589 0.929259 0.000001
24.360765 0.928935 0.000001
24.324787 0.928631 0.000001
24.287454 0.928348 0.000001
24.248537 0.928090 0.000001
24.207778 0.927856 0.000001
24.164895 0.927647 0.000001
24.119594 0.927461 0.000001
24.071592 0.927292 0.000001
24.020640 0.927128 0.000001
23.966583 0.926943 0.000001
23.909425 0.926696 0.000001
23.849460 0.926320 0.000001
23.787513 0.925713 0.000001
23.725320 0.924725 0.000001
23.666020 0.923154 0.000001
23.614732 0.920758 0.000001
23.579088 0.917304 0.000000
23.569348 0.912686 0.000000
22.750091 0.907150 0.000000
21.930834 0.901615 0.000000
23.827188 1.000000 0.000000
23.827188 0.990502 0.000000
23.816769 0.980850 0.000000
23.795970 0.971717 0.000000
23.767607 0.963594 0.000000
23.734362 0.956748 0.000000
23.698533 0.951237 0.000000
23.661911 0.946969 0.000000
23.625754 0.943761 0.000000
23.590841 0.941393 0.000000
23.557555 0.939649 0.000000
23.525993 0.938338 0.000000
23.496054 0.937305 0.000000
23.467526 0.936433 0.000000
23.440143 0.935640 0.000000
23.413630 0.934871 0.000000
23.387728 0.934095 0.000000
23.362213 0.933296 0.000000
23.336896 0.932467 0.000000
23.311628 0.931608 0.000000
23.286296 0.930725 0.000000
23.260818 0.929821 0.000000
23.235134 0.928903 0.000000
23.209210 0.927976 0.000000
23.183023 0.927044 0.000000
23.156564 0.926111 0.000000
23.129832 0.925180 0.000000
23.102831 0.924251 0.000000
23.075572 0.923328 0.000000
23.048067 0.922411 0.000000
23.020329 0.921500 0.000000
22.992374 0.920598 0.000000
22.964218 0.919703 0.000000
22.935875 0.918816 0.000000
22.907363 0.917938 0.000000
22.878695 0.917069 0.000000
22.849889 0.916210 0.000000
22.820958 0.915360 0.000000
22.791916 0.914520 0.000000
22.762777 0.913691 0.000000
22.733554 0.912873 0.000000
22.704257 0.912065 0.000000
22.674899 0.911270 0.000000
22.645487 0.910486 0.000000
22.616029 0.909715 0.000000
22.586533 0.908956 0.000000
22.557001 0.908211 0.000000
22.527436 0.907479 0.000000
22.497836 0.906760 0.000000
22.468198 0.906056 0.000000
22.438514 0.905367 0.000000
22.408772 0.904692 0.000000
22.378957 0.904033 0.000000
22.349045 0.903389 0.000000
22.319010 0.902761 0.000000
22.288814 0.902149 0.000000
22.258414 0.901554 0.000000
22.227757 0.900976 0.000000
22.196776 0.900415 0.000000
22.165395 0.899873 0.000000
22.133519 0.899349 0.000000
22.101036 0.898844 0.000000
22.067813 0.898360 0.000000
22.033694 0.897897 0.000000
21.998500 0.897457 0.000000
21.962018 0.897042 0.000000
21.924003 0.896653 0.000000
21.884168 0.896292 0.000000
21.842178 0.895962 0.000000
21.797651 0.895662 0.000000
21.750165 0.895390 0.000000
21.699268 0.895140 0.000000
21.644494 0.894896 0.000000
21.585400 0.894632 0.000000
21.521617 0.894297 0.000000
21.452983 0.893812 0.000000
21.379834 0.893049 0.000000
21.303458 0.891821 0.000000
21.226783 0.889863 0.000000
21.155355 0.886843 0.000000
21.098495 0.882417 0.000000
21.070084 0.876396 0.000000
20.758379 0.869076 0.000000
20.446673 0.861756 0.000000
21.552122 1.000000 0.000000
21.552122 0.985366 0.000000
21.534131 0.970591 0.000000
21.503877 0.956771 0.000000
21.465433 0.944658 0.000000
21.422451 0.934614 0.000000
21.377858 0.926663 0.000000
21.333764 0.920608 0.000000
21.291513 0.916128 0.000000
21.251804 0.912870 0.000000
21.214861 0.910501 0.000000
21.180576 0.908737 0.000000
21.148649 0.907355 0.000000
21.118684 0.906191 0.000000
21.090260 0.905130 0.000000
21.062979 0.904102 0.000000
21.036488 0.903063 0.000000
21.010493 0.901994 0.000000
20.984756 0.900886 0.000000
20.959096 0.899742 0.000000
20.933380 0.898566 0.000000
20.907513 0.897368 0.000000
20.881434 0.896153 0.000000
20.855103 0.894929 0.000000
20.828502 0.893702 0.000000
20.801622 0.892475 0.000000
20.774466 0.891253 0.000000
20.747043 0.890037 0.000000
20.719364 0.888831 0.000000
20.691446 0.887634 0.000000
20.663305 0.886448 0.000000
20.634958 0.885273 0.000000
20.606422 0.884110 0.000000
20.577715 0.882960 0.000000
20.548853 0.881822 0.000000
20.519854 0.880698 0.000000
20.490732 0.879586 0.000000
20.461503 0.878489 0.000000
20.432182 0.877406 0.000000
20.402782 0.876337 0.000000
20.373316 0.875284 0.000000
20.343796 0.874245 0.000000
20.314233 0.873223 0.000000
20.284636 0.872216 0.000000
20.255012 0.871226 0.000000
20.225369 0.870253 0.000000
20.195709 0.869297 0.000000
20.166035 0.868359 0.000000
20.136346 0.867439 0.000000
20.106636 0.866538 0.000000
20.076899 0.865655 0.000000
20.047121 0.864791 0.000000
20.017287 0.863947 0.000000
19.987371 0.863123 0.000000
19.957346 0.862319 0.000000
19.927172 0.861536 0.000000
19.896804 0.860773 0.000000
19.866184 0.860032 0.000000
19.835242 0.859312 0.000000
19.803895 0.858614 0.000000
19.772040 0.857938 0.000000
19.739555 0.857286 0.000000
19.706294 0.856658 0.000000
19.672084 0.856055 0.000000
19.636721 0.855478 0.000000
19.599963 0.854929 0.000000
19.561521 0.854411 0.000000
19.521053 0.853925 0.000000
19.478146 0.853472 0.000000
19.432319 0.853052 0.000000
19.383011 0.852665 0.000000
19.329582 0.852301 0.000000
19.271313 0.851944 0.000000
19.207403 0.851565 0.000000
19.136992 0.851107 0.000000
19.059283 0.850480 0.000000
18.973826 0.849537 0.000000
18.880997 0.848056 0.000000
18.782907 0.845712 0.000000
18.684928 0.842076 0.000000
18.597787 0.836673 0.000000
18.539826 0.829186 0.000000
18.808295 0.819935 0.000000
19.076764 0.810683 0.000000
19.293866 1.000000 0.000000
19.293866 0.977676 0.000000
19.263743 0.955358 0.000000
19.219596 0.934823 0.000000
19.167304 0.917183 0.000000
19.111724 0.902863 0.000000
19.056407 0.891766 0.000000
19.003647 0.883483 0.000000
18.954683 0.877469 0.000000
18.909964 0.873168 0.000000
18.869398 0.870082 0.000000
18.832568 0.867807 0.000000
18.798892 0.866033 0.000000
18.767741 0.864538 0.000000
18.738511 0.863175 0.000000
18.710662 0.861850 0.000000
18.683743 0.860511 0.000000
18.657388 0.859133 0.000000
18.631317 0.857709 0.000000
18.605320 0.856241 0.000000
18.579249 0.854737 0.000000
18.553004 0.853208 0.000000
18.526522 0.851661 0.000000
18.499768 0.850107 0.000000
18.472726 0.848552 0.000000
18.445396 0.847001 0.000000
18.417785 0.845459 0.000000
18.389905 0.843928 0.000000
18.361775 0.842410 0.000000
18.333414 0.840908 0.000000
18.304841 0.839420 0.000000
18.276076 0.837950 0.000000
18.247138 0.836496 0.000000
18.218048 0.835060 0.000000
18.188822 0.833641 0.000000
18.159478 0.832241 0.000000
18.130033 0.830858 0.000000
18.100502 0.829494 0.000000
18.070901 0.828150 0.000000
18.041244 0.826824 0.000000
18.011543 0.825518 0.000000
17.981811 0.824233 0.000000
17.952059 0.822968 0.000000
17.922296 0.821723 0.000000
17.892529 0.820500 0.000000
17.862766 0.819299 0.000000
17.833009 0.818120 0.000000
17.803261 0.816963 0.000000
17.773521 0.815829 0.000000
17.743784 0.814718 0.000000
17.714043 0.813631 0.000000
17.684283 0.812567 0.000000
17.654489 0.811528 0.000000
17.624636 0.810513 0.000000
17.594694 0.809522 0.000000
17.564623 0.808556 0.000000
17.534375 0.807616 0.000000
17.503892 0.806700 0.000000
17.473099 0.805810 0.000000
17.441910 0.804946 0.000000
17.410215 0.804108 0.000000
17.377886 0.803296 0.000000
17.344765 0.802512 0.000000
17.310666 0.801755 0.000000
17.275366 0.801027 0.000000
17.238596 0.800329 0.000000
17.200032 0.799663 0.000000
17.159279 0.799030 0.000000
17.115855 0.798431 0.000000
17.069181 0.797865 0.000000
17.018561 0.797330 0.000000
16.963162 0.796816 0.000000
16.901983 0.796306 0.000000
16.833813 0.795766 0.000000
16.757201 0.795138 0.000000
16.670526 0.794324 0.000000
16.572190 0.793169 0.000000
16.461039 0.791426 0.000000
16.337455 0.788728 0.000000
16.205385 0.784565 0.000000
16.075828 0.778324 0.000000
15.971976 0.769520 0.000000
16.901483 0.758435 0.000000
17.830990 0.747350 0.000000
17.055312 1.000000 0.000000
17.055312 0.966121 0.000000
17.005885 0.932765 0.000000
16.941418 0.902811 0.000000
16.870388 0.877787 0.000000
16.798980 0.858040 0.000000
16.731107 0.843142 0.000000
16.668866 0.832292 0.000000
16.613042 0.824583 0.000000
16.563550 0.819170 0.000000
16.519788 0.815343 0.000000
16.480900 0.812546 0.000000
16.445947 0.810372 0.000000
16.414027 0.808539 0.000000
16.384334 0.806861 0.000000
16.356189 0.805227 0.000000
16.329044 0.803573 0.000000
16.302473 0.801873 0.000000
16.276160 0.800120 0.000000
16.249880 0.798317 0.000000
16.223478 0.796476 0.000000
16.196857 0.794608 0.000000
16.169959 0.792724 0.000000
16.142757 0.790835 0.000000
16.115245 0.788949 0.000000
16.087431 0.787073 0.000000
16.059329 0.785209 0.000000
16.030961 0.783363 0.000000
16.002348 0.781535 0.000000
15.973515 0.779728 0.000000
15.944485 0.777943 0.000000
15.915280 0.776180 0.000000
15.885924 0.774439 0.000000
15.856437 0.772721 0.000000
15.826837 0.771027 0.000000
15.797145 0.769356 0.000000
15.767376 0.767708 0.000000
15.737547 0.766084 0.000000
15.707674 0.764485 0.000000
15.677771 0.762910 0.000000
15.647851 0.761360 0.000000
15.617926 0.759835 0.000000
15.588008 0.758336 0.000000
15.558105 0.756862 0.000000
15.528227 0.755415 0.000000
15.498378 0.753994 0.000000
15.468564 0.752600 0.000000
15.438786 0.751233 0.000000
15.409043 0.749894 0.000000
15.379331 0.748583 0.000000
15.349642 0.747300 0.000000
15.319963 0.746044 0.000000
15.290277 0.744818 0.000000
15.260560 0.743620 0.000000
15.230781 0.742451 0.000000
15.200902 0.741310 0.000000
15.170873 0.740199 0.000000
15.140633 0.739116 0.000000
15.110110 0.738062 0.000000
15.079211 0.737037 0.000000
15.047827 0.736040 0.000000
15.015823 0.735072 0.000000
14.983035 0.734133 0.000000
14.949269 0.733223 0.000000
14.914286 0.732342 0.000000
14.877800 0.731491 0.000000
14.839457 0.730671 0.000000
14.798822 0.729881 0.000000
14.755356 0.729121 0.000000
14.708394 0.728390 0.000000
14.657119 0.727681 0.000000
14.600511 0.726985 0.000000
14.537291 0.726281 0.000000
14.465819 0.725534 0.000000
14.383995 0.724683 0.000000
14.289214 0.723631 0.000000
14.178370 0.722221 0.000000
14.048087 0.720208 0.000000
13.895711 0.717216 0.000000
13.721558 0.712696 0.000000
13.534044 0.705935 0.000000
13.359808 0.696268 0.000000
15.037262 0.683836 0.000000
16.714717 0.671405 0.000000
14.839084 1.000000 0.000000
14.839084 0.948462 0.000000
14.758678 0.898994 0.000000
14.664533 0.856185 0.000000
14.568768 0.821810 0.000000
14.478458 0.795684 0.000000
14.396986 0.776632 0.000000
14.325430 0.763160 0.000000
14.263524 0.753824 0.000000
14.210270 0.747399 0.000000
14.164338 0.742922 0.000000
14.124318 0.739675 0.000000
14.088868 0.737156 0.000000
14.056802 0.735023 0.000000
14.027121 0.733063 0.000000
13.999026 0.731147 0.000000
13.971894 0.729208 0.000000
13.945263 0.727216 0.000000
13.918802 0.725166 0.000000
13.892283 0.723064 0.000000
13.865561 0.720922 0.000000
13.838551 0.718756 0.000000
13.811210 0.716576 0.000000
13.783526 0.714396 0.000000
13.755506 0.712223 0.000000
13.727169 0.710065 0.000000
13.698540 0.707925 0.000000
13.669648 0.705809 0.000000
13.640522 0.703717 0.000000
13.611192 0.701652 0.000000
13.581684 0.699614 0.000000
13.552026 0.697604 0.000000
13.522241 0.695622 0.000000
13.492351 0.693668 0.000000
13.462377 0.691743 0.000000
13.432339 0.689847 0.000000
13.402255 0.687979 0.000000
13.372141 0.686141 0.000000
13.342013 0.684331 0.000000
13.311885 0.682551 0.000000
13.281770 0.680801 0.000000
13.251682 0.679080 0.000000
13.221630 0.677390 0.000000
13.191626 0.675730 0.000000
13.161675 0.674101 0.000000
13.131786 0.672502 0.000000
13.101962 0.670935 0.000000
13.072206 0.669399 0.000000
13.042516 0.667895 0.000000
13.012889 0.666422 0.000000
12.983318 0.664981 0.000000
12.953789 0.663572 0.000000
12.924287 0.662196 0.000000
12.894787 0.660851 0.000000
12.865261 0.659538 0.000000
12.835669 0.658257 0.000000
12.805963 0.657007 0.000000
12.776082 0.655789 0.000000
12.745955 0.654601 0.000000
12.715489 0.653444 0.000000
12.684573 0.652317 0.000000
12.653073 0.651219 0.000000
12.620823 0.650150 0.000000
12.587622 0.649109 0.000000
12.553229 0.648095 0.000000
12.517343 0.647109 0.000000
12.479595 0.646148 0.000000
12.439522 0.645211 0.000000
12.396547 0.644296 0.000000
12.349942 0.643399 0.000000
12.298793 0.642511 0.000000
12.241927 0.641618 0.000000
12.177816 0.640697 0.000000
12.104425 0.639710 0.000000
12.019020 0.638595 0.000000
11.917956 0.637260 0.000000
11.796393 0.635558 0.000000
11.648107 0.633270 0.000000
11.465846 0.630057 0.000000
11.242876 0.625413 0.000000
10.979138 0.618627 0.000000
10.698449 0.608904 0.000000
13.210137 0.596138 0.000000
15.721824 0.583371 0.000000
12.646881 1.000000 0.000000
12.646881 0.920465 0.000000
12.515101 0.847514 0.000000
12.377707 0.787965 0.000000
12.250911 0.742791 0.000000
12.140274 0.710140 0.000000
12.046331 0.687320 0.000000
11.967635 0.671738 0.000000
11.902047 0.661238 0.000000
11.847258 0.654162 0.000000
11.801049 0.649297 0.000000
11.761418 0.645791 0.000000
11.726643 0.643066 0.000000
11.695297 0.640747 0.000000
11.666247 0.638602 0.000000
11.638622 0.636497 0.000000
11.611773 0.634365 0.000000
11.585241 0.632178 0.000000
11.558708 0.629931 0.000000
11.531974 0.627634 0.000000
11.504919 0.625299 0.000000
11.477486 0.622942 0.000000
11.449655 0.620578 0.000000
11.421438 0.618216 0.000000
11.392858 0.615868 0.000000
11.363950 0.613538 0.000000
11.334752 0.611233 0.000000
11.305300 0.608956 0.000000
11.275633 0.606708 0.000000
11.245783 0.604491 0.000000
11.215783 0.602307 0.000000
11.185662 0.600154 0.000000
11.155445 0.598034 0.000000
11.125156 0.595947 0.000000
11.094817 0.593893 0.000000
11.064447 0.591871 0.000000
11.034066 0.589882 0.000000
11.003690 0.587925 0.000000
10.973333 0.586002 0.000000
10.943012 0.584111 0.000000
10.912739 0.582254 0.000000
10.882527 0.580430 0.000000
10.852386 0.578639 0.000000
10.822326 0.576881 0.000000
10.792355 0.575157 0.000000
10.762480 0.573467 0.000000
10.732706 0.571811 0.000000
10.703034 0.570188 0.000000
10.673464 0.568600 0.000000
10.643994 0.567045 0.000000
10.614615 0.565525 0.000000
10.585317 0.564039 0.000000
10.556085 0.562586 0.000000
10.526894 0.561167 0.000000
10.497718 0.559782 0.000000
10.468518 0.558429 0.000000
10.439249 0.557108 0.000000
10.409851 0.555820 0.000000
10.380255 0.554562 0.000000
10.350370 0.553335 0.000000
10.320089 0.552137 0.000000
10.289278 0.550967 0.000000
10.257775 0.549823 0.000000
10.225382 0.548704 0.000000
10.191856 0.547609 0.000000
10.156897 0.546535 0.000000
10.120130 0.545479 0.000000
10.081084 0.544438 0.000000
10.039164 0.543407 0.000000
9.993609 0.542379 0.000000
9.943446 0.541341 0.000000
9.887401 0.540276 0.000000
9.823768 0.539156 0.000000
9.750208 0.537939 0.000000
9.663469 0.536566 0.000000
9.558987 0.534947 0.000000
9.430247 0.532956 0.000000
9.267942 0.530416 0.000000
9.058914 0.527073 0.000000
8.785262 0.522560 0.000000
8.428371 0.516334 0.000000
7.991107 0.507664 0.000000
11.404001 0.496155 0.000000
14.816895 0.484646 0.000000
10.478086 1.000000 0.000000
10.478086 0.872946 0.000000
10.255100 0.766297 0.000000
10.056133 0.687163 0.000000
9.895351 0.631886 0.000000
9.768307 0.594509 0.000000
9.667818 0.569712 0.000000
9.587795 0.553443 0.000000
9.523488 0.542801 0.000000
9.471133 0.535776 0.000000
9.427694 0.531002 0.000000
9.390720 0.527570 0.000000
9.358254 0.524889 0.000000
9.328773 0.522588 0.000000
9.301121 0.520444 0.000000
9.274454 0.518331 0.000000
9.248175 0.516188 0.000000
9.221885 0.513991 0.000000
9.195330 0.511738 0.000000
9.168367 0.509440 0.000000
9.140931 0.507110 0.000000
9.113006 0.504764 0.000000
9.084612 0.502413 0.000000
9.055788 0.500070 0.000000
9.026583 0.497743 0.000000
8.997047 0.495438 0.000000
8.967232 0.493161 0.000000
8.937185 0.490913 0.000000
8.906950 0.488697 0.000000
8.876565 0.486514 0.000000
8.846065 0.484365 0.000000
8.815481 0.482249 0.000000
8.784841 0.480168 0.000000
8.754168 0.478121 0.000000
8.723485 0.476108 0.000000
8.692812 0.474129 0.000000
8.662166 0.472184 0.000000
8.631565 0.470273 0.000000
8.601024 0.468395 0.000000
8.570556 0.466551 0.000000
8.540176 0.464741 0.000000
8.509894 0.462965 0.000000
8.479722 0.461222 0.000000
8.449670 0.459513 0.000000
8.419746 0.457838 0.000000
8.389955 0.456196 0.000000
8.360303 0.454588 0.000000
8.330793 0.453014 0.000000
8.301425 0.451474 0.000000
8.272196 0.449967 0.000000
8.243099 0.448493 0.000000
8.214125 0.447052 0.000000
8.185259 0.445645 0.000000
8.156481 0.444269 0.000000
8.127763 0.442926 0.000000
8.099071 0.441614 0.000000
8.070360 0.440332 0.000000
8.041576 0.439081 0.000000
8.012651 0.437858 0.000000
7.983501 0.436662 0.000000
7.954021 0.435493 0.000000
7.924086 0.434347 0.000000
7.893539 0.433224 0.000000
7.862189 0.432121 0.000000
7.829802 0.431036 0.000000
7.796086 0.429964 0.000000
7.760676 0.428902 0.000000
7.723110 0.427844 0.000000
7.682797 0.426784 0.000000
7.638982 0.425710 0.000000
7.590677 0.424609 0.000000
7.536572 0.423459 0.000000
7.474884 0.422229 0.000000
7.403119 0.420876 0.000000
7.317732 0.419339 0.000000
7.213570 0.417537 0.000000
7.082940 0.415364 0.000000
6.914015 0.412690 0.000000
6.687882 0.409366 0.000000
6.372966 0.405230 0.000000
5.919102 0.400087 0.000000
5.267445 0.393620 0.000000
9.578640 0.385379 0.000000
13.889834 0.377139 0.000000
8.325269 1.000000 0.000000
8.325269 0.782567 0.000000
7.921568 0.631891 0.000000
7.646358 0.536703 0.000000
7.464495 0.477725 0.000000
7.338399 0.441135 0.000000
7.246350 0.418293 0.000000
7.176537 0.403929 0.000000
7.122048 0.394799 0.000000
7.078318 0.388877 0.000000
7.042074 0.384882 0.000000
7.010862 0.382004 0.000000
6.982834 0.379735 0.000000
6.956628 0.377765 0.000000
6.931268 0.375912 0.000000
6.906084 0.374077 0.000000
6.880647 0.372211 0.000000
6.854702 0.370299 0.000000
6.828121 0.368342 0.000000
6.800866 0.366348 0.000000
6.772952 0.364330 0.000000
6.744431 0.362300 0.000000
6.715371 0.360270 0.000000
6.685849 0.358249 0.000000
6.655940 0.356245 0.000000
6.625716 0.354262 0.000000
6.595240 0.352304 0.000000
6.564568 0.350373 0.000000
6.533749 0.348472 0.000000
6.502826 0.346600 0.000000
6.471834 0.344760 0.000000
6.440805 0.342950 0.000000
6.409768 0.341170 0.000000
6.378745 0.339422 0.000000
6.347758 0.337704 0.000000
6.316827 0.336016 0.000000
6.285968 0.334359 0.000000
6.255198 0.332732 0.000000
6.224532 0.331135 0.000000
6.193982 0.329568 0.000000
6.163563 0.328031 0.000000
6.133284 0.326523 0.000000
6.103157 0.325045 0.000000
6.073191 0.323597 0.000000
6.043394 0.322178 0.000000
6.013772 0.320788 0.000000
5.984331 0.319428 0.000000
5.955074 0.318097 0.000000
5.926000 0.316794 0.000000
5.897109 0.315521 0.000000
5.868394 0.314275 0.000000
5.839848 0.313058 0.000000
5.811456 0.311869 0.000000
5.783200 0.310707 0.000000
5.755056 0.309571 0.000000
5.726992 0.308462 0.000000
5.698967 0.307378 0.000000
5.670931 0.306318 0.000000
5.642820 0.305282 0.000000
5.614556 0.304267 0.000000
5.586044 0.303272 0.000000
5.557165 0.302296 0.000000
5.527774 0.301336 0.000000
5.497693 0.300390 0.000000
5.466702 0.299454 0.000000
5.434527 0.298525 0.000000
5.400826 0.297597 0.000000
5.365161 0.296666 0.000000
5.326976 0.295723 0.000000
5.285548 0.294757 0.000000
5.239928 0.293753 0.000000
5.188845 0.292690 0.000000
5.130548 0.291538 0.000000
5.062575 0.290257 0.000000
4.981380 0.288791 0.000000
4.881743 0.287070 0.000000
4.755702 0.285008 0.000000
4.590591 0.282515 0.000000
4.364890 0.279526 0.000000
4.037501 0.276061 0.000000
3.521767 0.272317 0.000000
2.632198 0.268714 0.000000
7.625591 0.265486 0.000000
12.618983 0.262259 0.000000
6.151272 1.000000 0.000000
6.151272 0.578530 0.000000
5.338616 0.398773 0.000000
5.039406 0.313163 0.000000
4.900325 0.268451 0.000000
4.819560 0.243429 0.000000
4.764806 0.228752 0.000000
4.724191 0.219865 0.000000
4.692266 0.214340 0.000000
4.665818 0.210795 0.000000
4.642632 0.208404 0.000000
4.621093 0.206668 0.000000
4.600042 0.205279 0.000000
4.578684 0.204055 0.000000
4.556521 0.202890 0.000000
4.533278 0.201728 0.000000
4.508848 0.200543 0.000000
4.483236 0.199328 0.000000
4.456518 0.198084 0.000000
4.428812 0.196817 0.000000
4.400251 0.195536 0.000000
4.370969 0.194250 0.000000
4.341101 0.192964 0.000000
4.310765 0.191685 0.000000
4.280066 0.190418 0.000000
4.249091 0.189164 0.000000
4.217915 0.187928 0.000000
4.186601 0.186710 0.000000
4.155199 0.185511 0.000000
4.123752 0.184332 0.000000
4.092296 0.183172 0.000000
4.060861 0.182034 0.000000
4.029473 0.180915 0.000000
3.998155 0.179817 0.000000
3.966925 0.178738 0.000000
3.935802 0.177680 0.000000
3.904802 0.176641 0.000000
3.873939 0.175622 0.000000
3.843227 0.174623 0.000000
3.812679 0.173643 0.000000
3.782307 0.172682 0.000000
3.752121 0.171740 0.000000
3.722131 0.170818 0.000000
3.692347 0.169914 0.000000
3.662776 0.169030 0.000000
3.633424 0.168164 0.000000
3.604298 0.167317 0.000000
3.575399 0.166488 0.000000
3.546729 0.165677 0.000000
3.518287 0.164885 0.000000
3.490069 0.164110 0.000000
3.462067 0.163353 0.000000
3.434270 0.162613 0.000000
3.406662 0.161891 0.000000
3.379220 0.161184 0.000000
3.351916 0.160494 0.000000
3.324714 0.159819 0.000000
3.297569 0.159158 0.000000
3.270424 0.158512 0.000000
3.243208 0.157878 0.000000
3.215834 0.157256 0.000000
3.188196 0.156644 0.000000
3.160163 0.156041 0.000000
3.131574 0.155444 0.000000
3.102230 0.154852 0.000000
3.071884 0.154261 0.000000
3.040225 0.153668 0.000000
3.006861 0.153069 0.000000
2.971287 0.152458 0.000000
2.932848 0.151826 0.000000
2.890679 0.151164 0.000000
2.843617 0.150455 0.000000
2.790059 0.149681 0.000000
2.727749 0.148812 0.000000
2.653454 0.147813 0.000000
2.562442 0.146634 0.000000
2.447592 0.145222 0.000000
2.297732 0.143521 0.000000
2.094689 0.141506 0.000000
1.804613 0.139251 0.000000
1.341128 0.137091 0.000000
0.389107 0.135929 0.000000
5.224705 0.137365 0.000000
10.060304 0.138801 0.000000
0.000000 1.000000 0.000000
0.000000 0.000000 0.000000
0.000000 0.000000 0.000000
0.000000 0.000000 0.000000
0.000000 0.000000 0.000000
0.000000 0.000000 0.000000
0.000000 0.000000 0.000000
0.000000 0.000000 0.000000
0.000000 0.000000 0.000000
0.000000 0.000000 0.000000
0.000000 0.000000 0.000000
0.000000 0.000000 0.000000
0.000000 0.000000 0.000000
0.000000 0.000000 0.000000
0.000000 0.000000 0.000000
0.000000 0.000000 0.000000
0.000000 0.000000 0.000000
0.000000 0.000000 0.000000
0.000000 0.000000 0.000000
0.000000 0.000000 0.000000
0.000000 0.000000 0.000000
0.000000 0.000000 0.000000
0.000000 0.000000 0.000000
0.000000 0.000000 0.000000
0.000000 0.000000 0.000000
0.000000 0.000000 0.000000
0.000000 0.000000 0.000000
0.000000 0.000000 0.000000
0.000000 0.000000 0.000000
0.000000 0.000000 0.000000
0.000000 0.000000 0.000000
0.000000 0.000000 0.000000
0.000000 0.000000 0.000000
0.000000 0.000000 0.000000
0.000000 0.000000 0.000000
0.000000 0.000000 0.000000
0.000000 0.000000 0.000000
0.000000 0.000000 0.000000
0.000000 0.000000 0.000000
0.000000 0.000000 0.000000
0.000000 0.000000 0.000000
0.000000 0.000000 0.000000
0.000000 0.000000 0.000000
0.000000 0.000000 0.000000
0.000000 0.000000 0.000000
0.000000 0.000000 0.000000
0.000000 0.000000 0.000000
0.000000 0.000000 0.000000
0.000000 0.000000 0.000000
0.000000 0.000000 0.000000
0.000000 0.000000 0.000000
0.000000 0.000000 0.000000
0.000000 0.000000 0.000000
0.000000 0.000000 0.000000
0.000000 0.000000 0.000000
0.000000 0.000000 0.000000
0.000000 0.000000 0.000000
0.000000 0.000000 0.000000
0.000000 0.000000 0.000000
0.000000 0.000000 0.000000
0.000000 0.000000 0.000000
0.000000 0.000000 0.000000
0.000000 0.000000 0.000000
0.000000 0.000000 0.000000
0.000000 0.000000 0.000000
0.000000 0.000000 0.000000
0.000000 0.000000 0.000000
0.000000 0.000000 0.000000
0.000000 0.000000 0.000000
0.000000 0.000000 0.000000
0.000000 0.000000 0.000000
0.000000 0.000000 0.000000
0.000000 0.000000 0.000000
0.000000 0.000000 0.000000
0.000000 0.000000 0.000000
0.000000 0.000000 0.000000
0.000000 0.000000 0.000000
0.000000 0.000000 0.000000
0.000000 0.000000 0.000000
0.000000 0.000000 0.000000
0.000000 0.000000 0.000000
0.000000 0.000000 0.000000
0.000000 0.000000 0.000000
0.000000 0.000000 0.000000
0.000000 1.000000 0.000000
0.000000 0.000000 0.000000
0.000000 0.000000 0.000000
0.000000 0.000000 0.000000
0.000000 0.000000 0.000000
0.000000 0.000000 0.000000
0.000000 0.000000 0.000000
0.000000 0.000000 0.000000
0.000000 0.000000 0.000000
0.000000 0.000000 0.000000
0.000000 0.000000 0.000000
0.000000 0.000000 0.000000
0.000000 0.000000 0.000000
0.000000 0.000000 0.000000
0.000000 0.000000 0.000000
0.000000 0.000000 0.000000
0.000000 0.000000 0.000000
0.000000 0.000000 0.000000
0.000000 0.000000 0.000000
0.000000 0.000000 0.000000
0.000000 0.000000 0.000000
0.000000 0.000000 0.000000
0.000000 0.000000 0.000000
0.000000 0.000000 0.000000
0.000000 0.000000 0.000000
0.000000 0.000000 0.000000
0.000000 0.000000 0.000000
0.000000 0.000000 0.000000
0.000000 0.000000 0.000000
0.000000 0.000000 0.000000
0.000000 0.000000 0.000000
0.000000 0.000000 0.000000
0.000000 0.000000 0.000000
0.000000 0.000000 0.000000
0.000000 0.000000 0.000000
0.000000 0.000000 0.000000
0.000000 0.000000 0.000000
0.000000 0.000000 0.000000
0.000000 0.000000 0.000000
0.000000 0.000000 0.000000
0.000000 0.000000 0.000000
0.000000 0.000000 0.000000
0.000000 0.000000 0.000000
0.000000 0.000000 0.000000
0.000000 0.000000 0.000000
0.000000 0.000000 0.000000
0.000000 0.000000 0.000000
0.000000 0.000000 0.000000
0.000000 0.000000 0.000000
0.000000 0.000000 0.000000
0.000000 0.000000 0.000000
0.000000 0.000000 0.000000
0.000000 0.000000 0.000000
0.000000 0.000000 0.000000
0.000000 0.000000 0.000000
0.000000 0.000000 0.000000
0.000000 0.000000 0.000000
0.000000 0.000000 0.000000
0.000000 0.000000 0.000000
0.000000 0.000000 0.000000
0.000000 0.000000 0.000000
0.000000 0.000000 0.000000
0.000000 0.000000 0.000000
0.000000 0.000000 0.000000
0.000000 0.000000 0.000000
0.000000 0.000000 0.000000
0.000000 0.000000 0.000000
0.000000 0.000000 0.000000
0.000000 0.000000 0.000000
0.000000 0.000000 0.000000
0.000000 0.000000 0.000000
0.000000 0.000000 0.000000
0.000000 0.000000 0.000000
0.000000 0.000000 0.000000
0.000000 0.000000 0.000000
0.000000 0.000000 0.000000
0.000000 0.000000 0.000000
0.000000 0.000000 0.000000
0.000000 0.000000 0.000000
0.000000 0.000000 0.000000
0.000000 0.000000 0.000000
0.000000 0.000000 0.000000
0.000000 0.000000 0.000000
0.000000 0.000000 0.000000
