   -6.000000000000000        0.5901827460185155     
   -6.000000000000000        0.6383246859879448     
   -6.000000000000000        0.6864867558185477     
   -6.000000000000000        0.7346703804507291     
   -6.000000000000000        0.7828769821661479     
   -6.000000000000000        0.8311079804142939     
   -6.000000000000000        0.8793647916398474     
   -6.000000000000000        0.9276488291108121     
   -6.000000000000000        0.9759615027474738     
   -6.000000000000000         1.024304218952232     
   -6.000000000000000         1.072678380440337     
   -6.000000000000000         1.121085386071610     
   -6.000000000000000         1.169526630683144     
   -6.000000000000000         1.218003504923040     
   -6.000000000000000         1.266517395085255     
   -6.000000000000000         1.315069682945545     
   -6.000000000000000         1.363661745598599     
   -6.000000000000000         1.412294955296358     
   -6.000000000000000         1.460970679287577     
   -6.000000000000000         1.509690279658703     
   -6.000000000000000         1.558455113176031     
   -6.000000000000000         1.607266531129257     
   -6.000000000000000         1.656125879176403     
   -6.000000000000000         1.705034497190180     
   -6.000000000000000         1.753993719105825     
   -6.000000000000000         1.803004872770455     
   -6.000000000000000         1.852069279793938     
   -6.000000000000000         1.901188255401346     
   -6.000000000000000         1.950363108287015     
   -6.000000000000000         1.999595140470237     
   -6.000000000000000         2.048885647152663     
   -6.000000000000000         2.098235916577331     
   -6.000000000000000         2.147647229889504     
   -6.000000000000000         2.197120860999235     
   -6.000000000000000         2.246658076445713     
   -6.000000000000000         2.296260135263459     
   -6.000000000000000         2.345928288850353     
   -6.000000000000000         2.395663780837530     
   -6.000000000000000         2.445467846961194     
   -6.000000000000000         2.495341714936336     
   -6.000000000000000         2.545286604332427     
   -6.000000000000000         2.595303726451066     
   -6.000000000000000         2.645394284205619     
   -6.000000000000000         2.695559472002917     
   -6.000000000000000         2.745800475626931     
   -6.000000000000000         2.796118472124562     
   -6.000000000000000         2.846514629693493     
   -6.000000000000000         2.896990107572124     
   -6.000000000000000         2.947546055931647     
   -6.000000000000000         2.998183615770246     
   -6.000000000000000         3.048903918809426     
   -6.000000000000000         3.099708087392552     
   -6.000000000000000         3.150597234385543     
   -6.000000000000000         3.201572463079744     
   -6.000000000000000         3.252634867097027     
   -6.000000000000000         3.303785530297104     
   -6.000000000000000         3.355025526687095     
   -6.000000000000000         3.406355920333276     
   -6.000000000000000         3.457777765275144     
   -6.000000000000000         3.509292105441697     
   -6.000000000000000         3.560899974569995     
   -6.000000000000000         3.612602396126019     
   -6.000000000000000         3.664400383227755     
   -6.000000000000000         3.716294938570621     
   -6.000000000000000         3.768287054355155     
   -6.000000000000000         3.820377712216992     
   -6.000000000000000         3.872567883159169     
   -6.000000000000000         3.924858527486697     
   -6.000000000000000         3.977250594743452     
   -6.000000000000000         4.029745023651369     
   -6.000000000000000         4.082342742051922     
   -6.000000000000000         4.135044666849921     
   -6.000000000000000         4.187851703959623     
   -6.000000000000000         4.240764748253083     
   -6.000000000000000         4.293784683510877     
   -6.000000000000000         4.346912382375035     
   -6.000000000000000         4.400148706304335     
   -6.000000000000000         4.453494505531812     
   -6.000000000000000         4.506950619024605     
   -6.000000000000000         4.560517874445989     
   -6.000000000000000         4.614197088119759     
   -6.000000000000000         4.667989064996787     
   -6.000000000000000         4.721894598623869     
   -6.000000000000000         4.775914471114810     
   -6.000000000000000         4.830049453123672     
   -6.000000000000000         4.884300303820300     
   -6.000000000000000         4.938667770868034     
   -6.000000000000000         4.993152590403565     
   -6.000000000000000         5.047755487019044     
   -6.000000000000000         5.102477173746276     
   -6.000000000000000         5.157318352043106     
   -6.000000000000000         5.212279711781952     
   -6.000000000000000         5.267361931240405     
   -6.000000000000000         5.322565677093978     
   -6.000000000000000         5.377891604410935     
   -6.000000000000000         5.433340356649176     
   -6.000000000000000         5.488912565655180     
   -6.000000000000000         5.544608851664999     
   -6.000000000000000         5.600429823307244     
   -6.000000000000000         5.656376077608095     
   -6.000000000000000         5.712448199998287     
   -6.000000000000000         5.768646764322033     
   -6.000000000000000         5.824972332847921     
   -6.000000000000000         5.881425456281713     
   -6.000000000000000         5.938006673781031     
   -6.000000000000000         5.994716512971964     
   -6.000000000000000         6.051555489967481     
   -6.000000000000000         6.108524109387715     
   -6.000000000000000         6.165622864382035     
   -6.000000000000000         6.222852236652933     
   -6.000000000000000         6.280212696481654     
   -6.000000000000000         6.337704702755588     
   -6.000000000000000         6.395328702997363     
   -6.000000000000000         6.453085133395653     
   -6.000000000000000         6.510974418837655     
   -6.000000000000000         6.568996972943191     
   -6.000000000000000         6.627153198100469     
   -6.000000000000000         6.685443485503412     
   -6.000000000000000         6.743868215190578     
   -6.000000000000000         6.802427756085615     
   -6.000000000000000         6.861122466039248     
   -6.000000000000000         6.919952691872765     
   -6.000000000000000         6.978918769422950     
   -6.000000000000000         7.038021023588496     
   -6.000000000000000         7.097259768377808     
   -6.000000000000000         7.156635306958210     
   -6.000000000000000         7.216147931706518     
   -6.000000000000000         7.275797924260956     
   -6.000000000000000         7.335585555574358     
   -6.000000000000000         7.395511085968706     
   -6.000000000000000         7.455574765190877     
   -6.000000000000000         7.515776832469648     
   -6.000000000000000         7.576117516573909     
   -6.000000000000000         7.636597035872039     
   -6.000000000000000         7.697215598392448     
   -6.000000000000000         7.757973401885232     
   -6.000000000000000         7.818870633884936     
   -6.000000000000000         7.879907471774390     
   -6.000000000000000         7.941084082849565     
   -6.000000000000000         8.002400624385478     
   -6.000000000000000         8.063857243703076     
   -6.000000000000000         8.125454078237061     
   -6.000000000000000         8.187191255604692     
   -6.000000000000000         8.249068893675465     
   -6.000000000000000         8.311087100641695     
   -6.000000000000000         8.373245975089930     
   -6.000000000000000         8.435545606073234     
   -6.000000000000000         8.497986073184252     
   -6.000000000000000         8.560567446629033     
   -6.000000000000000         8.623289787301651     
   -6.000000000000000         8.686153146859512     
   -6.000000000000000         8.749157567799386     
   -6.000000000000000         8.812303083534093     
   -6.000000000000000         8.875589718469866     
   -6.000000000000000         8.939017488084312     
   -6.000000000000000         9.002586399004974     
   -6.000000000000000         9.066296449088483     
   -6.000000000000000         9.130147627500254     
   -6.000000000000000         9.194139914794691     
   -6.000000000000000         9.258273282995903     
   -6.000000000000000         9.322547695678912     
   -6.000000000000000         9.386963108051271     
   -6.000000000000000         9.451519467035148     
   -6.000000000000000         9.516216711349808     
   -6.000000000000000         9.581054771594454     
   -6.000000000000000         9.646033570331447     
   -6.000000000000000         9.711153022169857     
   -6.000000000000000         9.776413033849320     
   -6.000000000000000         9.841813504324184     
   -6.000000000000000         9.907354324847942     
   -6.000000000000000         9.973035379057874     
   -6.000000000000000         10.03885654305996     
   -6.000000000000000         10.10481768551394     
   -6.000000000000000         10.17091866771861     
   -6.000000000000000         10.23715934369725     
   -6.000000000000000         10.30353956028320     
   -6.000000000000000         10.37005915720552     
   -6.000000000000000         10.43671796717483     
   -6.000000000000000         10.50351581596916     
   -6.000000000000000         10.57045252251987     
   -6.000000000000000         10.63752789899763     
   -6.000000000000000         10.70474175089845     
   -6.000000000000000         10.77209387712962     
   -6.000000000000000         10.83958407009575     
   -6.000000000000000         10.90721211578467     
   -6.000000000000000         10.97497779385340     
   -6.000000000000000         11.04288087771391     
   -6.000000000000000         11.11092113461890     
   -6.000000000000000         11.17909832574749     
   -6.000000000000000         11.24741220629066     
   -6.000000000000000         11.31586252553671     
   -6.000000000000000         11.38444902695649     
   -6.000000000000000         11.45317144828847     
   -6.000000000000000         11.52202952162362     
   -6.000000000000000         11.59102297349011     
   -6.000000000000000         11.66015152493785     
   -6.000000000000000         11.72941489162265     
   -6.000000000000000         11.79881278389032     
   -6.000000000000000         11.86834490686041     
   -6.000000000000000         11.93801096050970     
   -6.000000000000000         12.00781063975541     
   -6.000000000000000         12.07774363453811     
   -6.000000000000000         12.14780962990438     
   -6.000000000000000         12.21800830608907     
   -6.000000000000000         12.28833933859724     
   -6.000000000000000         12.35880239828584     
   -6.000000000000000         12.42939715144490     
   -6.000000000000000         12.50012325987849     
   -6.000000000000000         12.57098038098522     
   -6.000000000000000         12.64196816783834     
   -6.000000000000000         12.71308626926553     
   -6.000000000000000         12.78433432992817     
   -6.000000000000000         12.85571199040028     
   -6.000000000000000         12.92721888724701     
   -6.000000000000000         12.99885465310265     
   -6.000000000000000         13.07061891674822     
   -6.000000000000000         13.14251130318866     
   -6.000000000000000         13.21453143372946     
   -6.000000000000000         13.28667892605288     
   -6.000000000000000         13.35895339429368     
   -6.000000000000000         13.43135444911436     
   -6.000000000000000         13.50388169777991     
   -6.000000000000000         13.57653474423200     
   -6.000000000000000         13.64931318916281     
   -6.000000000000000         13.72221663008815     
   -6.000000000000000         13.79524466142022     
   -6.000000000000000         13.86839687453974     
   -6.000000000000000         13.94167285786762     
   -6.000000000000000         14.01507219693601     
   -6.000000000000000         14.08859447445888     
   -6.000000000000000         14.16223927040204     
   -6.000000000000000         14.23600616205252     
   -6.000000000000000         14.30989472408749     
   -6.000000000000000         14.38390452864260     
   -6.000000000000000         14.45803514537971     
   -6.000000000000000         14.53228614155403     
   -6.000000000000000         14.60665708208079     
   -6.000000000000000         14.68114752960122     
   -6.000000000000000         14.75575704454800     
   -6.000000000000000         14.83048518521008     
   -6.000000000000000         14.90533150779699     
   -6.000000000000000         14.98029556650246     
   -5.940886699507389        0.5901827460185155     
   -5.940886699507389        0.6383246859879448     
   -5.940886699507389        0.6864867558185477     
   -5.940886699507389        0.7346703804507291     
   -5.940886699507389        0.7828769821661479     
   -5.940886699507389        0.8311079804142939     
   -5.940886699507389        0.8793647916398474     
   -5.940886699507389        0.9276488291108121     
   -5.940886699507389        0.9759615027474738     
   -5.940886699507389         1.024304218952232     
   -5.940886699507389         1.072678380440337     
   -5.940886699507389         1.121085386071610     
   -5.940886699507389         1.169526630683144     
   -5.940886699507389         1.218003504923040     
   -5.940886699507389         1.266517395085255     
   -5.940886699507389         1.315069682945545     
   -5.940886699507389         1.363661745598599     
   -5.940886699507389         1.412294955296358     
   -5.940886699507389         1.460970679287577     
   -5.940886699507389         1.509690279658703     
   -5.940886699507389         1.558455113176031     
   -5.940886699507389         1.607266531129257     
   -5.940886699507389         1.656125879176403     
   -5.940886699507389         1.705034497190180     
   -5.940886699507389         1.753993719105825     
   -5.940886699507389         1.803004872770455     
   -5.940886699507389         1.852069279793938     
   -5.940886699507389         1.901188255401346     
   -5.940886699507389         1.950363108287015     
   -5.940886699507389         1.999595140470237     
   -5.940886699507389         2.048885647152663     
   -5.940886699507389         2.098235916577331     
   -5.940886699507389         2.147647229889504     
   -5.940886699507389         2.197120860999235     
   -5.940886699507389         2.246658076445713     
   -5.940886699507389         2.296260135263459     
   -5.940886699507389         2.345928288850353     
   -5.940886699507389         2.395663780837530     
   -5.940886699507389         2.445467846961194     
   -5.940886699507389         2.495341714936336     
   -5.940886699507389         2.545286604332427     
   -5.940886699507389         2.595303726451066     
   -5.940886699507389         2.645394284205619     
   -5.940886699507389         2.695559472002917     
   -5.940886699507389         2.745800475626931     
   -5.940886699507389         2.796118472124562     
   -5.940886699507389         2.846514629693493     
   -5.940886699507389         2.896990107572124     
   -5.940886699507389         2.947546055931647     
   -5.940886699507389         2.998183615770246     
   -5.940886699507389         3.048903918809426     
   -5.940886699507389         3.099708087392552     
   -5.940886699507389         3.150597234385543     
   -5.940886699507389         3.201572463079744     
   -5.940886699507389         3.252634867097027     
   -5.940886699507389         3.303785530297104     
   -5.940886699507389         3.355025526687095     
   -5.940886699507389         3.406355920333276     
   -5.940886699507389         3.457777765275144     
   -5.940886699507389         3.509292105441697     
   -5.940886699507389         3.560899974569995     
   -5.940886699507389         3.612602396126019     
   -5.940886699507389         3.664400383227755     
   -5.940886699507389         3.716294938570621     
   -5.940886699507389         3.768287054355155     
   -5.940886699507389         3.820377712216992     
   -5.940886699507389         3.872567883159169     
   -5.940886699507389         3.924858527486697     
   -5.940886699507389         3.977250594743452     
   -5.940886699507389         4.029745023651369     
   -5.940886699507389         4.082342742051922     
   -5.940886699507389         4.135044666849921     
   -5.940886699507389         4.187851703959623     
   -5.940886699507389         4.240764748253083     
   -5.940886699507389         4.293784683510877     
   -5.940886699507389         4.346912382375035     
   -5.940886699507389         4.400148706304335     
   -5.940886699507389         4.453494505531812     
   -5.940886699507389         4.506950619024605     
   -5.940886699507389         4.560517874445989     
   -5.940886699507389         4.614197088119759     
   -5.940886699507389         4.667989064996787     
   -5.940886699507389         4.721894598623869     
   -5.940886699507389         4.775914471114810     
   -5.940886699507389         4.830049453123672     
   -5.940886699507389         4.884300303820300     
   -5.940886699507389         4.938667770868034     
   -5.940886699507389         4.993152590403565     
   -5.940886699507389         5.047755487019044     
   -5.940886699507389         5.102477173746276     
   -5.940886699507389         5.157318352043106     
   -5.940886699507389         5.212279711781952     
   -5.940886699507389         5.267361931240405     
   -5.940886699507389         5.322565677093978     
   -5.940886699507389         5.377891604410935     
   -5.940886699507389         5.433340356649176     
   -5.940886699507389         5.488912565655180     
   -5.940886699507389         5.544608851664999     
   -5.940886699507389         5.600429823307244     
   -5.940886699507389         5.656376077608095     
   -5.940886699507389         5.712448199998287     
   -5.940886699507389         5.768646764322033     
   -5.940886699507389         5.824972332847921     
   -5.940886699507389         5.881425456281713     
   -5.940886699507389         5.938006673781031     
   -5.940886699507389         5.994716512971964     
   -5.940886699507389         6.051555489967481     
   -5.940886699507389         6.108524109387715     
   -5.940886699507389         6.165622864382035     
   -5.940886699507389         6.222852236652933     
   -5.940886699507389         6.280212696481654     
   -5.940886699507389         6.337704702755588     
   -5.940886699507389         6.395328702997363     
   -5.940886699507389         6.453085133395653     
   -5.940886699507389         6.510974418837655     
   -5.940886699507389         6.568996972943191     
   -5.940886699507389         6.627153198100469     
   -5.940886699507389         6.685443485503412     
   -5.940886699507389         6.743868215190578     
   -5.940886699507389         6.802427756085615     
   -5.940886699507389         6.861122466039248     
   -5.940886699507389         6.919952691872765     
   -5.940886699507389         6.978918769422950     
   -5.940886699507389         7.038021023588496     
   -5.940886699507389         7.097259768377808     
   -5.940886699507389         7.156635306958210     
   -5.940886699507389         7.216147931706518     
   -5.940886699507389         7.275797924260956     
   -5.940886699507389         7.335585555574358     
   -5.940886699507389         7.395511085968706     
   -5.940886699507389         7.455574765190877     
   -5.940886699507389         7.515776832469648     
   -5.940886699507389         7.576117516573909     
   -5.940886699507389         7.636597035872039     
   -5.940886699507389         7.697215598392448     
   -5.940886699507389         7.757973401885232     
   -5.940886699507389         7.818870633884936     
   -5.940886699507389         7.879907471774390     
   -5.940886699507389         7.941084082849565     
   -5.940886699507389         8.002400624385478     
   -5.940886699507389         8.063857243703076     
   -5.940886699507389         8.125454078237061     
   -5.940886699507389         8.187191255604692     
   -5.940886699507389         8.249068893675465     
   -5.940886699507389         8.311087100641695     
   -5.940886699507389         8.373245975089930     
   -5.940886699507389         8.435545606073234     
   -5.940886699507389         8.497986073184252     
   -5.940886699507389         8.560567446629033     
   -5.940886699507389         8.623289787301651     
   -5.940886699507389         8.686153146859512     
   -5.940886699507389         8.749157567799386     
   -5.940886699507389         8.812303083534093     
   -5.940886699507389         8.875589718469866     
   -5.940886699507389         8.939017488084312     
   -5.940886699507389         9.002586399004974     
   -5.940886699507389         9.066296449088483     
   -5.940886699507389         9.130147627500254     
   -5.940886699507389         9.194139914794691     
   -5.940886699507389         9.258273282995903     
   -5.940886699507389         9.322547695678912     
   -5.940886699507389         9.386963108051271     
   -5.940886699507389         9.451519467035148     
   -5.940886699507389         9.516216711349808     
   -5.940886699507389         9.581054771594454     
   -5.940886699507389         9.646033570331447     
   -5.940886699507389         9.711153022169857     
   -5.940886699507389         9.776413033849320     
   -5.940886699507389         9.841813504324184     
   -5.940886699507389         9.907354324847942     
   -5.940886699507389         9.973035379057874     
   -5.940886699507389         10.03885654305996     
   -5.940886699507389         10.10481768551394     
   -5.940886699507389         10.17091866771861     
   -5.940886699507389         10.23715934369725     
   -5.940886699507389         10.30353956028320     
   -5.940886699507389         10.37005915720552     
   -5.940886699507389         10.43671796717483     
   -5.940886699507389         10.50351581596916     
   -5.940886699507389         10.57045252251987     
   -5.940886699507389         10.63752789899763     
   -5.940886699507389         10.70474175089845     
   -5.940886699507389         10.77209387712962     
   -5.940886699507389         10.83958407009575     
   -5.940886699507389         10.90721211578467     
   -5.940886699507389         10.97497779385340     
   -5.940886699507389         11.04288087771391     
   -5.940886699507389         11.11092113461890     
   -5.940886699507389         11.17909832574749     
   -5.940886699507389         11.24741220629066     
   -5.940886699507389         11.31586252553671     
   -5.940886699507389         11.38444902695649     
   -5.940886699507389         11.45317144828847     
   -5.940886699507389         11.52202952162362     
   -5.940886699507389         11.59102297349011     
   -5.940886699507389         11.66015152493785     
   -5.940886699507389         11.72941489162265     
   -5.940886699507389         11.79881278389032     
   -5.940886699507389         11.86834490686041     
   -5.940886699507389         11.93801096050970     
   -5.940886699507389         12.00781063975541     
   -5.940886699507389         12.07774363453811     
   -5.940886699507389         12.14780962990438     
   -5.940886699507389         12.21800830608907     
   -5.940886699507389         12.28833933859724     
   -5.940886699507389         12.35880239828584     
   -5.940886699507389         12.42939715144490     
   -5.940886699507389         12.50012325987849     
   -5.940886699507389         12.57098038098522     
   -5.940886699507389         12.64196816783834     
   -5.940886699507389         12.71308626926553     
   -5.940886699507389         12.78433432992817     
   -5.940886699507389         12.85571199040028     
   -5.940886699507389         12.92721888724701     
   -5.940886699507389         12.99885465310265     
   -5.940886699507389         13.07061891674822     
   -5.940886699507389         13.14251130318866     
   -5.940886699507389         13.21453143372946     
   -5.940886699507389         13.28667892605288     
   -5.940886699507389         13.35895339429368     
   -5.940886699507389         13.43135444911436     
   -5.940886699507389         13.50388169777991     
   -5.940886699507389         13.57653474423200     
   -5.940886699507389         13.64931318916281     
   -5.940886699507389         13.72221663008815     
   -5.940886699507389         13.79524466142022     
   -5.940886699507389         13.86839687453974     
   -5.940886699507389         13.94167285786762     
   -5.940886699507389         14.01507219693601     
   -5.940886699507389         14.08859447445888     
   -5.940886699507389         14.16223927040204     
   -5.940886699507389         14.23600616205252     
   -5.940886699507389         14.30989472408749     
   -5.940886699507389         14.38390452864260     
   -5.940886699507389         14.45803514537971     
   -5.940886699507389         14.53228614155403     
   -5.940886699507389         14.60665708208079     
   -5.940886699507389         14.68114752960122     
   -5.940886699507389         14.75575704454800     
   -5.940886699507389         14.83048518521008     
   -5.940886699507389         14.90533150779699     
   -5.940886699507389         14.98029556650246     
   -5.881773399014778        0.5901827460185155     
   -5.881773399014778        0.6383246859879448     
   -5.881773399014778        0.6864867558185477     
   -5.881773399014778        0.7346703804507291     
   -5.881773399014778        0.7828769821661479     
   -5.881773399014778        0.8311079804142939     
   -5.881773399014778        0.8793647916398474     
   -5.881773399014778        0.9276488291108121     
   -5.881773399014778        0.9759615027474738     
   -5.881773399014778         1.024304218952232     
   -5.881773399014778         1.072678380440337     
   -5.881773399014778         1.121085386071610     
   -5.881773399014778         1.169526630683144     
   -5.881773399014778         1.218003504923040     
   -5.881773399014778         1.266517395085255     
   -5.881773399014778         1.315069682945545     
   -5.881773399014778         1.363661745598599     
   -5.881773399014778         1.412294955296358     
   -5.881773399014778         1.460970679287577     
   -5.881773399014778         1.509690279658703     
   -5.881773399014778         1.558455113176031     
   -5.881773399014778         1.607266531129257     
   -5.881773399014778         1.656125879176403     
   -5.881773399014778         1.705034497190180     
   -5.881773399014778         1.753993719105825     
   -5.881773399014778         1.803004872770455     
   -5.881773399014778         1.852069279793938     
   -5.881773399014778         1.901188255401346     
   -5.881773399014778         1.950363108287015     
   -5.881773399014778         1.999595140470237     
   -5.881773399014778         2.048885647152663     
   -5.881773399014778         2.098235916577331     
   -5.881773399014778         2.147647229889504     
   -5.881773399014778         2.197120860999235     
   -5.881773399014778         2.246658076445713     
   -5.881773399014778         2.296260135263459     
   -5.881773399014778         2.345928288850353     
   -5.881773399014778         2.395663780837530     
   -5.881773399014778         2.445467846961194     
   -5.881773399014778         2.495341714936336     
   -5.881773399014778         2.545286604332427     
   -5.881773399014778         2.595303726451066     
   -5.881773399014778         2.645394284205619     
   -5.881773399014778         2.695559472002917     
   -5.881773399014778         2.745800475626931     
   -5.881773399014778         2.796118472124562     
   -5.881773399014778         2.846514629693493     
   -5.881773399014778         2.896990107572124     
   -5.881773399014778         2.947546055931647     
   -5.881773399014778         2.998183615770246     
   -5.881773399014778         3.048903918809426     
   -5.881773399014778         3.099708087392552     
   -5.881773399014778         3.150597234385543     
   -5.881773399014778         3.201572463079744     
   -5.881773399014778         3.252634867097027     
   -5.881773399014778         3.303785530297104     
   -5.881773399014778         3.355025526687095     
   -5.881773399014778         3.406355920333276     
   -5.881773399014778         3.457777765275144     
   -5.881773399014778         3.509292105441697     
   -5.881773399014778         3.560899974569995     
   -5.881773399014778         3.612602396126019     
   -5.881773399014778         3.664400383227755     
   -5.881773399014778         3.716294938570621     
   -5.881773399014778         3.768287054355155     
   -5.881773399014778         3.820377712216992     
   -5.881773399014778         3.872567883159169     
   -5.881773399014778         3.924858527486697     
   -5.881773399014778         3.977250594743452     
   -5.881773399014778         4.029745023651369     
   -5.881773399014778         4.082342742051922     
   -5.881773399014778         4.135044666849921     
   -5.881773399014778         4.187851703959623     
   -5.881773399014778         4.240764748253083     
   -5.881773399014778         4.293784683510877     
   -5.881773399014778         4.346912382375035     
   -5.881773399014778         4.400148706304335     
   -5.881773399014778         4.453494505531812     
   -5.881773399014778         4.506950619024605     
   -5.881773399014778         4.560517874445989     
   -5.881773399014778         4.614197088119759     
   -5.881773399014778         4.667989064996787     
   -5.881773399014778         4.721894598623869     
   -5.881773399014778         4.775914471114810     
   -5.881773399014778         4.830049453123672     
   -5.881773399014778         4.884300303820300     
   -5.881773399014778         4.938667770868034     
   -5.881773399014778         4.993152590403565     
   -5.881773399014778         5.047755487019044     
   -5.881773399014778         5.102477173746276     
   -5.881773399014778         5.157318352043106     
   -5.881773399014778         5.212279711781952     
   -5.881773399014778         5.267361931240405     
   -5.881773399014778         5.322565677093978     
   -5.881773399014778         5.377891604410935     
   -5.881773399014778         5.433340356649176     
   -5.881773399014778         5.488912565655180     
   -5.881773399014778         5.544608851664999     
   -5.881773399014778         5.600429823307244     
   -5.881773399014778         5.656376077608095     
   -5.881773399014778         5.712448199998287     
   -5.881773399014778         5.768646764322033     
   -5.881773399014778         5.824972332847921     
   -5.881773399014778         5.881425456281713     
   -5.881773399014778         5.938006673781031     
   -5.881773399014778         5.994716512971964     
   -5.881773399014778         6.051555489967481     
   -5.881773399014778         6.108524109387715     
   -5.881773399014778         6.165622864382035     
   -5.881773399014778         6.222852236652933     
   -5.881773399014778         6.280212696481654     
   -5.881773399014778         6.337704702755588     
   -5.881773399014778         6.395328702997363     
   -5.881773399014778         6.453085133395653     
   -5.881773399014778         6.510974418837655     
   -5.881773399014778         6.568996972943191     
   -5.881773399014778         6.627153198100469     
   -5.881773399014778         6.685443485503412     
   -5.881773399014778         6.743868215190578     
   -5.881773399014778         6.802427756085615     
   -5.881773399014778         6.861122466039248     
   -5.881773399014778         6.919952691872765     
   -5.881773399014778         6.978918769422950     
   -5.881773399014778         7.038021023588496     
   -5.881773399014778         7.097259768377808     
   -5.881773399014778         7.156635306958210     
   -5.881773399014778         7.216147931706518     
   -5.881773399014778         7.275797924260956     
   -5.881773399014778         7.335585555574358     
   -5.881773399014778         7.395511085968706     
   -5.881773399014778         7.455574765190877     
   -5.881773399014778         7.515776832469648     
   -5.881773399014778         7.576117516573909     
   -5.881773399014778         7.636597035872039     
   -5.881773399014778         7.697215598392448     
   -5.881773399014778         7.757973401885232     
   -5.881773399014778         7.818870633884936     
   -5.881773399014778         7.879907471774390     
   -5.881773399014778         7.941084082849565     
   -5.881773399014778         8.002400624385478     
   -5.881773399014778         8.063857243703076     
   -5.881773399014778         8.125454078237061     
   -5.881773399014778         8.187191255604692     
   -5.881773399014778         8.249068893675465     
   -5.881773399014778         8.311087100641695     
   -5.881773399014778         8.373245975089930     
   -5.881773399014778         8.435545606073234     
   -5.881773399014778         8.497986073184252     
   -5.881773399014778         8.560567446629033     
   -5.881773399014778         8.623289787301651     
   -5.881773399014778         8.686153146859512     
   -5.881773399014778         8.749157567799386     
   -5.881773399014778         8.812303083534093     
   -5.881773399014778         8.875589718469866     
   -5.881773399014778         8.939017488084312     
   -5.881773399014778         9.002586399004974     
   -5.881773399014778         9.066296449088483     
   -5.881773399014778         9.130147627500254     
   -5.881773399014778         9.194139914794691     
   -5.881773399014778         9.258273282995903     
   -5.881773399014778         9.322547695678912     
   -5.881773399014778         9.386963108051271     
   -5.881773399014778         9.451519467035148     
   -5.881773399014778         9.516216711349808     
   -5.881773399014778         9.581054771594454     
   -5.881773399014778         9.646033570331447     
   -5.881773399014778         9.711153022169857     
   -5.881773399014778         9.776413033849320     
   -5.881773399014778         9.841813504324184     
   -5.881773399014778         9.907354324847942     
   -5.881773399014778         9.973035379057874     
   -5.881773399014778         10.03885654305996     
   -5.881773399014778         10.10481768551394     
   -5.881773399014778         10.17091866771861     
   -5.881773399014778         10.23715934369725     
   -5.881773399014778         10.30353956028320     
   -5.881773399014778         10.37005915720552     
   -5.881773399014778         10.43671796717483     
   -5.881773399014778         10.50351581596916     
   -5.881773399014778         10.57045252251987     
   -5.881773399014778         10.63752789899763     
   -5.881773399014778         10.70474175089845     
   -5.881773399014778         10.77209387712962     
   -5.881773399014778         10.83958407009575     
   -5.881773399014778         10.90721211578467     
   -5.881773399014778         10.97497779385340     
   -5.881773399014778         11.04288087771391     
   -5.881773399014778         11.11092113461890     
   -5.881773399014778         11.17909832574749     
   -5.881773399014778         11.24741220629066     
   -5.881773399014778         11.31586252553671     
   -5.881773399014778         11.38444902695649     
   -5.881773399014778         11.45317144828847     
   -5.881773399014778         11.52202952162362     
   -5.881773399014778         11.59102297349011     
   -5.881773399014778         11.66015152493785     
   -5.881773399014778         11.72941489162265     
   -5.881773399014778         11.79881278389032     
   -5.881773399014778         11.86834490686041     
   -5.881773399014778         11.93801096050970     
   -5.881773399014778         12.00781063975541     
   -5.881773399014778         12.07774363453811     
   -5.881773399014778         12.14780962990438     
   -5.881773399014778         12.21800830608907     
   -5.881773399014778         12.28833933859724     
   -5.881773399014778         12.35880239828584     
   -5.881773399014778         12.42939715144490     
   -5.881773399014778         12.50012325987849     
   -5.881773399014778         12.57098038098522     
   -5.881773399014778         12.64196816783834     
   -5.881773399014778         12.71308626926553     
   -5.881773399014778         12.78433432992817     
   -5.881773399014778         12.85571199040028     
   -5.881773399014778         12.92721888724701     
   -5.881773399014778         12.99885465310265     
   -5.881773399014778         13.07061891674822     
   -5.881773399014778         13.14251130318866     
   -5.881773399014778         13.21453143372946     
   -5.881773399014778         13.28667892605288     
   -5.881773399014778         13.35895339429368     
   -5.881773399014778         13.43135444911436     
   -5.881773399014778         13.50388169777991     
   -5.881773399014778         13.57653474423200     
   -5.881773399014778         13.64931318916281     
   -5.881773399014778         13.72221663008815     
   -5.881773399014778         13.79524466142022     
   -5.881773399014778         13.86839687453974     
   -5.881773399014778         13.94167285786762     
   -5.881773399014778         14.01507219693601     
   -5.881773399014778         14.08859447445888     
   -5.881773399014778         14.16223927040204     
   -5.881773399014778         14.23600616205252     
   -5.881773399014778         14.30989472408749     
   -5.881773399014778         14.38390452864260     
   -5.881773399014778         14.45803514537971     
   -5.881773399014778         14.53228614155403     
   -5.881773399014778         14.60665708208079     
   -5.881773399014778         14.68114752960122     
   -5.881773399014778         14.75575704454800     
   -5.881773399014778         14.83048518521008     
   -5.881773399014778         14.90533150779699     
   -5.881773399014778         14.98029556650246     
   -5.822660098522167        0.5901827460185155     
   -5.822660098522167        0.6383246859879448     
   -5.822660098522167        0.6864867558185477     
   -5.822660098522167        0.7346703804507291     
   -5.822660098522167        0.7828769821661479     
   -5.822660098522167        0.8311079804142939     
   -5.822660098522167        0.8793647916398474     
   -5.822660098522167        0.9276488291108121     
   -5.822660098522167        0.9759615027474738     
   -5.822660098522167         1.024304218952232     
   -5.822660098522167         1.072678380440337     
   -5.822660098522167         1.121085386071610     
   -5.822660098522167         1.169526630683144     
   -5.822660098522167         1.218003504923040     
   -5.822660098522167         1.266517395085255     
   -5.822660098522167         1.315069682945545     
   -5.822660098522167         1.363661745598599     
   -5.822660098522167         1.412294955296358     
   -5.822660098522167         1.460970679287577     
   -5.822660098522167         1.509690279658703     
   -5.822660098522167         1.558455113176031     
   -5.822660098522167         1.607266531129257     
   -5.822660098522167         1.656125879176403     
   -5.822660098522167         1.705034497190180     
   -5.822660098522167         1.753993719105825     
   -5.822660098522167         1.803004872770455     
   -5.822660098522167         1.852069279793938     
   -5.822660098522167         1.901188255401346     
   -5.822660098522167         1.950363108287015     
   -5.822660098522167         1.999595140470237     
   -5.822660098522167         2.048885647152663     
   -5.822660098522167         2.098235916577331     
   -5.822660098522167         2.147647229889504     
   -5.822660098522167         2.197120860999235     
   -5.822660098522167         2.246658076445713     
   -5.822660098522167         2.296260135263459     
   -5.822660098522167         2.345928288850353     
   -5.822660098522167         2.395663780837530     
   -5.822660098522167         2.445467846961194     
   -5.822660098522167         2.495341714936336     
   -5.822660098522167         2.545286604332427     
   -5.822660098522167         2.595303726451066     
   -5.822660098522167         2.645394284205619     
   -5.822660098522167         2.695559472002917     
   -5.822660098522167         2.745800475626931     
   -5.822660098522167         2.796118472124562     
   -5.822660098522167         2.846514629693493     
   -5.822660098522167         2.896990107572124     
   -5.822660098522167         2.947546055931647     
   -5.822660098522167         2.998183615770246     
   -5.822660098522167         3.048903918809426     
   -5.822660098522167         3.099708087392552     
   -5.822660098522167         3.150597234385543     
   -5.822660098522167         3.201572463079744     
   -5.822660098522167         3.252634867097027     
   -5.822660098522167         3.303785530297104     
   -5.822660098522167         3.355025526687095     
   -5.822660098522167         3.406355920333276     
   -5.822660098522167         3.457777765275144     
   -5.822660098522167         3.509292105441697     
   -5.822660098522167         3.560899974569995     
   -5.822660098522167         3.612602396126019     
   -5.822660098522167         3.664400383227755     
   -5.822660098522167         3.716294938570621     
   -5.822660098522167         3.768287054355155     
   -5.822660098522167         3.820377712216992     
   -5.822660098522167         3.872567883159169     
   -5.822660098522167         3.924858527486697     
   -5.822660098522167         3.977250594743452     
   -5.822660098522167         4.029745023651369     
   -5.822660098522167         4.082342742051922     
   -5.822660098522167         4.135044666849921     
   -5.822660098522167         4.187851703959623     
   -5.822660098522167         4.240764748253083     
   -5.822660098522167         4.293784683510877     
   -5.822660098522167         4.346912382375035     
   -5.822660098522167         4.400148706304335     
   -5.822660098522167         4.453494505531812     
   -5.822660098522167         4.506950619024605     
   -5.822660098522167         4.560517874445989     
   -5.822660098522167         4.614197088119759     
   -5.822660098522167         4.667989064996787     
   -5.822660098522167         4.721894598623869     
   -5.822660098522167         4.775914471114810     
   -5.822660098522167         4.830049453123672     
   -5.822660098522167         4.884300303820300     
   -5.822660098522167         4.938667770868034     
   -5.822660098522167         4.993152590403565     
   -5.822660098522167         5.047755487019044     
   -5.822660098522167         5.102477173746276     
   -5.822660098522167         5.157318352043106     
   -5.822660098522167         5.212279711781952     
   -5.822660098522167         5.267361931240405     
   -5.822660098522167         5.322565677093978     
   -5.822660098522167         5.377891604410935     
   -5.822660098522167         5.433340356649176     
   -5.822660098522167         5.488912565655180     
   -5.822660098522167         5.544608851664999     
   -5.822660098522167         5.600429823307244     
   -5.822660098522167         5.656376077608095     
   -5.822660098522167         5.712448199998287     
   -5.822660098522167         5.768646764322033     
   -5.822660098522167         5.824972332847921     
   -5.822660098522167         5.881425456281713     
   -5.822660098522167         5.938006673781031     
   -5.822660098522167         5.994716512971964     
   -5.822660098522167         6.051555489967481     
   -5.822660098522167         6.108524109387715     
   -5.822660098522167         6.165622864382035     
   -5.822660098522167         6.222852236652933     
   -5.822660098522167         6.280212696481654     
   -5.822660098522167         6.337704702755588     
   -5.822660098522167         6.395328702997363     
   -5.822660098522167         6.453085133395653     
   -5.822660098522167         6.510974418837655     
   -5.822660098522167         6.568996972943191     
   -5.822660098522167         6.627153198100469     
   -5.822660098522167         6.685443485503412     
   -5.822660098522167         6.743868215190578     
   -5.822660098522167         6.802427756085615     
   -5.822660098522167         6.861122466039248     
   -5.822660098522167         6.919952691872765     
   -5.822660098522167         6.978918769422950     
   -5.822660098522167         7.038021023588496     
   -5.822660098522167         7.097259768377808     
   -5.822660098522167         7.156635306958210     
   -5.822660098522167         7.216147931706518     
   -5.822660098522167         7.275797924260956     
   -5.822660098522167         7.335585555574358     
   -5.822660098522167         7.395511085968706     
   -5.822660098522167         7.455574765190877     
   -5.822660098522167         7.515776832469648     
   -5.822660098522167         7.576117516573909     
   -5.822660098522167         7.636597035872039     
   -5.822660098522167         7.697215598392448     
   -5.822660098522167         7.757973401885232     
   -5.822660098522167         7.818870633884936     
   -5.822660098522167         7.879907471774390     
   -5.822660098522167         7.941084082849565     
   -5.822660098522167         8.002400624385478     
   -5.822660098522167         8.063857243703076     
   -5.822660098522167         8.125454078237061     
   -5.822660098522167         8.187191255604692     
   -5.822660098522167         8.249068893675465     
   -5.822660098522167         8.311087100641695     
   -5.822660098522167         8.373245975089930     
   -5.822660098522167         8.435545606073234     
   -5.822660098522167         8.497986073184252     
   -5.822660098522167         8.560567446629033     
   -5.822660098522167         8.623289787301651     
   -5.822660098522167         8.686153146859512     
   -5.822660098522167         8.749157567799386     
   -5.822660098522167         8.812303083534093     
   -5.822660098522167         8.875589718469866     
   -5.822660098522167         8.939017488084312     
   -5.822660098522167         9.002586399004974     
   -5.822660098522167         9.066296449088483     
   -5.822660098522167         9.130147627500254     
   -5.822660098522167         9.194139914794691     
   -5.822660098522167         9.258273282995903     
   -5.822660098522167         9.322547695678912     
   -5.822660098522167         9.386963108051271     
   -5.822660098522167         9.451519467035148     
   -5.822660098522167         9.516216711349808     
   -5.822660098522167         9.581054771594454     
   -5.822660098522167         9.646033570331447     
   -5.822660098522167         9.711153022169857     
   -5.822660098522167         9.776413033849320     
   -5.822660098522167         9.841813504324184     
   -5.822660098522167         9.907354324847942     
   -5.822660098522167         9.973035379057874     
   -5.822660098522167         10.03885654305996     
   -5.822660098522167         10.10481768551394     
   -5.822660098522167         10.17091866771861     
   -5.822660098522167         10.23715934369725     
   -5.822660098522167         10.30353956028320     
   -5.822660098522167         10.37005915720552     
   -5.822660098522167         10.43671796717483     
   -5.822660098522167         10.50351581596916     
   -5.822660098522167         10.57045252251987     
   -5.822660098522167         10.63752789899763     
   -5.822660098522167         10.70474175089845     
   -5.822660098522167         10.77209387712962     
   -5.822660098522167         10.83958407009575     
   -5.822660098522167         10.90721211578467     
   -5.822660098522167         10.97497779385340     
   -5.822660098522167         11.04288087771391     
   -5.822660098522167         11.11092113461890     
   -5.822660098522167         11.17909832574749     
   -5.822660098522167         11.24741220629066     
   -5.822660098522167         11.31586252553671     
   -5.822660098522167         11.38444902695649     
   -5.822660098522167         11.45317144828847     
   -5.822660098522167         11.52202952162362     
   -5.822660098522167         11.59102297349011     
   -5.822660098522167         11.66015152493785     
   -5.822660098522167         11.72941489162265     
   -5.822660098522167         11.79881278389032     
   -5.822660098522167         11.86834490686041     
   -5.822660098522167         11.93801096050970     
   -5.822660098522167         12.00781063975541     
   -5.822660098522167         12.07774363453811     
   -5.822660098522167         12.14780962990438     
   -5.822660098522167         12.21800830608907     
   -5.822660098522167         12.28833933859724     
   -5.822660098522167         12.35880239828584     
   -5.822660098522167         12.42939715144490     
   -5.822660098522167         12.50012325987849     
   -5.822660098522167         12.57098038098522     
   -5.822660098522167         12.64196816783834     
   -5.822660098522167         12.71308626926553     
   -5.822660098522167         12.78433432992817     
   -5.822660098522167         12.85571199040028     
   -5.822660098522167         12.92721888724701     
   -5.822660098522167         12.99885465310265     
   -5.822660098522167         13.07061891674822     
   -5.822660098522167         13.14251130318866     
   -5.822660098522167         13.21453143372946     
   -5.822660098522167         13.28667892605288     
   -5.822660098522167         13.35895339429368     
   -5.822660098522167         13.43135444911436     
   -5.822660098522167         13.50388169777991     
   -5.822660098522167         13.57653474423200     
   -5.822660098522167         13.64931318916281     
   -5.822660098522167         13.72221663008815     
   -5.822660098522167         13.79524466142022     
   -5.822660098522167         13.86839687453974     
   -5.822660098522167         13.94167285786762     
   -5.822660098522167         14.01507219693601     
   -5.822660098522167         14.08859447445888     
   -5.822660098522167         14.16223927040204     
   -5.822660098522167         14.23600616205252     
   -5.822660098522167         14.30989472408749     
   -5.822660098522167         14.38390452864260     
   -5.822660098522167         14.45803514537971     
   -5.822660098522167         14.53228614155403     
   -5.822660098522167         14.60665708208079     
   -5.822660098522167         14.68114752960122     
   -5.822660098522167         14.75575704454800     
   -5.822660098522167         14.83048518521008     
   -5.822660098522167         14.90533150779699     
   -5.822660098522167         14.98029556650246     
   -5.763546798029557        0.5901827460185155     
   -5.763546798029557        0.6383246859879448     
   -5.763546798029557        0.6864867558185477     
   -5.763546798029557        0.7346703804507291     
   -5.763546798029557        0.7828769821661479     
   -5.763546798029557        0.8311079804142939     
   -5.763546798029557        0.8793647916398474     
   -5.763546798029557        0.9276488291108121     
   -5.763546798029557        0.9759615027474738     
   -5.763546798029557         1.024304218952232     
   -5.763546798029557         1.072678380440337     
   -5.763546798029557         1.121085386071610     
   -5.763546798029557         1.169526630683144     
   -5.763546798029557         1.218003504923040     
   -5.763546798029557         1.266517395085255     
   -5.763546798029557         1.315069682945545     
   -5.763546798029557         1.363661745598599     
   -5.763546798029557         1.412294955296358     
   -5.763546798029557         1.460970679287577     
   -5.763546798029557         1.509690279658703     
   -5.763546798029557         1.558455113176031     
   -5.763546798029557         1.607266531129257     
   -5.763546798029557         1.656125879176403     
   -5.763546798029557         1.705034497190180     
   -5.763546798029557         1.753993719105825     
   -5.763546798029557         1.803004872770455     
   -5.763546798029557         1.852069279793938     
   -5.763546798029557         1.901188255401346     
   -5.763546798029557         1.950363108287015     
   -5.763546798029557         1.999595140470237     
   -5.763546798029557         2.048885647152663     
   -5.763546798029557         2.098235916577331     
   -5.763546798029557         2.147647229889504     
   -5.763546798029557         2.197120860999235     
   -5.763546798029557         2.246658076445713     
   -5.763546798029557         2.296260135263459     
   -5.763546798029557         2.345928288850353     
   -5.763546798029557         2.395663780837530     
   -5.763546798029557         2.445467846961194     
   -5.763546798029557         2.495341714936336     
   -5.763546798029557         2.545286604332427     
   -5.763546798029557         2.595303726451066     
   -5.763546798029557         2.645394284205619     
   -5.763546798029557         2.695559472002917     
   -5.763546798029557         2.745800475626931     
   -5.763546798029557         2.796118472124562     
   -5.763546798029557         2.846514629693493     
   -5.763546798029557         2.896990107572124     
   -5.763546798029557         2.947546055931647     
   -5.763546798029557         2.998183615770246     
   -5.763546798029557         3.048903918809426     
   -5.763546798029557         3.099708087392552     
   -5.763546798029557         3.150597234385543     
   -5.763546798029557         3.201572463079744     
   -5.763546798029557         3.252634867097027     
   -5.763546798029557         3.303785530297104     
   -5.763546798029557         3.355025526687095     
   -5.763546798029557         3.406355920333276     
   -5.763546798029557         3.457777765275144     
   -5.763546798029557         3.509292105441697     
   -5.763546798029557         3.560899974569995     
   -5.763546798029557         3.612602396126019     
   -5.763546798029557         3.664400383227755     
   -5.763546798029557         3.716294938570621     
   -5.763546798029557         3.768287054355155     
   -5.763546798029557         3.820377712216992     
   -5.763546798029557         3.872567883159169     
   -5.763546798029557         3.924858527486697     
   -5.763546798029557         3.977250594743452     
   -5.763546798029557         4.029745023651369     
   -5.763546798029557         4.082342742051922     
   -5.763546798029557         4.135044666849921     
   -5.763546798029557         4.187851703959623     
   -5.763546798029557         4.240764748253083     
   -5.763546798029557         4.293784683510877     
   -5.763546798029557         4.346912382375035     
   -5.763546798029557         4.400148706304335     
   -5.763546798029557         4.453494505531812     
   -5.763546798029557         4.506950619024605     
   -5.763546798029557         4.560517874445989     
   -5.763546798029557         4.614197088119759     
   -5.763546798029557         4.667989064996787     
   -5.763546798029557         4.721894598623869     
   -5.763546798029557         4.775914471114810     
   -5.763546798029557         4.830049453123672     
   -5.763546798029557         4.884300303820300     
   -5.763546798029557         4.938667770868034     
   -5.763546798029557         4.993152590403565     
   -5.763546798029557         5.047755487019044     
   -5.763546798029557         5.102477173746276     
   -5.763546798029557         5.157318352043106     
   -5.763546798029557         5.212279711781952     
   -5.763546798029557         5.267361931240405     
   -5.763546798029557         5.322565677093978     
   -5.763546798029557         5.377891604410935     
   -5.763546798029557         5.433340356649176     
   -5.763546798029557         5.488912565655180     
   -5.763546798029557         5.544608851664999     
   -5.763546798029557         5.600429823307244     
   -5.763546798029557         5.656376077608095     
   -5.763546798029557         5.712448199998287     
   -5.763546798029557         5.768646764322033     
   -5.763546798029557         5.824972332847921     
   -5.763546798029557         5.881425456281713     
   -5.763546798029557         5.938006673781031     
   -5.763546798029557         5.994716512971964     
   -5.763546798029557         6.051555489967481     
   -5.763546798029557         6.108524109387715     
   -5.763546798029557         6.165622864382035     
   -5.763546798029557         6.222852236652933     
   -5.763546798029557         6.280212696481654     
   -5.763546798029557         6.337704702755588     
   -5.763546798029557         6.395328702997363     
   -5.763546798029557         6.453085133395653     
   -5.763546798029557         6.510974418837655     
   -5.763546798029557         6.568996972943191     
   -5.763546798029557         6.627153198100469     
   -5.763546798029557         6.685443485503412     
   -5.763546798029557         6.743868215190578     
   -5.763546798029557         6.802427756085615     
   -5.763546798029557         6.861122466039248     
   -5.763546798029557         6.919952691872765     
   -5.763546798029557         6.978918769422950     
   -5.763546798029557         7.038021023588496     
   -5.763546798029557         7.097259768377808     
   -5.763546798029557         7.156635306958210     
   -5.763546798029557         7.216147931706518     
   -5.763546798029557         7.275797924260956     
   -5.763546798029557         7.335585555574358     
   -5.763546798029557         7.395511085968706     
   -5.763546798029557         7.455574765190877     
   -5.763546798029557         7.515776832469648     
   -5.763546798029557         7.576117516573909     
   -5.763546798029557         7.636597035872039     
   -5.763546798029557         7.697215598392448     
   -5.763546798029557         7.757973401885232     
   -5.763546798029557         7.818870633884936     
   -5.763546798029557         7.879907471774390     
   -5.763546798029557         7.941084082849565     
   -5.763546798029557         8.002400624385478     
   -5.763546798029557         8.063857243703076     
   -5.763546798029557         8.125454078237061     
   -5.763546798029557         8.187191255604692     
   -5.763546798029557         8.249068893675465     
   -5.763546798029557         8.311087100641695     
   -5.763546798029557         8.373245975089930     
   -5.763546798029557         8.435545606073234     
   -5.763546798029557         8.497986073184252     
   -5.763546798029557         8.560567446629033     
   -5.763546798029557         8.623289787301651     
   -5.763546798029557         8.686153146859512     
   -5.763546798029557         8.749157567799386     
   -5.763546798029557         8.812303083534093     
   -5.763546798029557         8.875589718469866     
   -5.763546798029557         8.939017488084312     
   -5.763546798029557         9.002586399004974     
   -5.763546798029557         9.066296449088483     
   -5.763546798029557         9.130147627500254     
   -5.763546798029557         9.194139914794691     
   -5.763546798029557         9.258273282995903     
   -5.763546798029557         9.322547695678912     
   -5.763546798029557         9.386963108051271     
   -5.763546798029557         9.451519467035148     
   -5.763546798029557         9.516216711349808     
   -5.763546798029557         9.581054771594454     
   -5.763546798029557         9.646033570331447     
   -5.763546798029557         9.711153022169857     
   -5.763546798029557         9.776413033849320     
   -5.763546798029557         9.841813504324184     
   -5.763546798029557         9.907354324847942     
   -5.763546798029557         9.973035379057874     
   -5.763546798029557         10.03885654305996     
   -5.763546798029557         10.10481768551394     
   -5.763546798029557         10.17091866771861     
   -5.763546798029557         10.23715934369725     
   -5.763546798029557         10.30353956028320     
   -5.763546798029557         10.37005915720552     
   -5.763546798029557         10.43671796717483     
   -5.763546798029557         10.50351581596916     
   -5.763546798029557         10.57045252251987     
   -5.763546798029557         10.63752789899763     
   -5.763546798029557         10.70474175089845     
   -5.763546798029557         10.77209387712962     
   -5.763546798029557         10.83958407009575     
   -5.763546798029557         10.90721211578467     
   -5.763546798029557         10.97497779385340     
   -5.763546798029557         11.04288087771391     
   -5.763546798029557         11.11092113461890     
   -5.763546798029557         11.17909832574749     
   -5.763546798029557         11.24741220629066     
   -5.763546798029557         11.31586252553671     
   -5.763546798029557         11.38444902695649     
   -5.763546798029557         11.45317144828847     
   -5.763546798029557         11.52202952162362     
   -5.763546798029557         11.59102297349011     
   -5.763546798029557         11.66015152493785     
   -5.763546798029557         11.72941489162265     
   -5.763546798029557         11.79881278389032     
   -5.763546798029557         11.86834490686041     
   -5.763546798029557         11.93801096050970     
   -5.763546798029557         12.00781063975541     
   -5.763546798029557         12.07774363453811     
   -5.763546798029557         12.14780962990438     
   -5.763546798029557         12.21800830608907     
   -5.763546798029557         12.28833933859724     
   -5.763546798029557         12.35880239828584     
   -5.763546798029557         12.42939715144490     
   -5.763546798029557         12.50012325987849     
   -5.763546798029557         12.57098038098522     
   -5.763546798029557         12.64196816783834     
   -5.763546798029557         12.71308626926553     
   -5.763546798029557         12.78433432992817     
   -5.763546798029557         12.85571199040028     
   -5.763546798029557         12.92721888724701     
   -5.763546798029557         12.99885465310265     
   -5.763546798029557         13.07061891674822     
   -5.763546798029557         13.14251130318866     
   -5.763546798029557         13.21453143372946     
   -5.763546798029557         13.28667892605288     
   -5.763546798029557         13.35895339429368     
   -5.763546798029557         13.43135444911436     
   -5.763546798029557         13.50388169777991     
   -5.763546798029557         13.57653474423200     
   -5.763546798029557         13.64931318916281     
   -5.763546798029557         13.72221663008815     
   -5.763546798029557         13.79524466142022     
   -5.763546798029557         13.86839687453974     
   -5.763546798029557         13.94167285786762     
   -5.763546798029557         14.01507219693601     
   -5.763546798029557         14.08859447445888     
   -5.763546798029557         14.16223927040204     
   -5.763546798029557         14.23600616205252     
   -5.763546798029557         14.30989472408749     
   -5.763546798029557         14.38390452864260     
   -5.763546798029557         14.45803514537971     
   -5.763546798029557         14.53228614155403     
   -5.763546798029557         14.60665708208079     
   -5.763546798029557         14.68114752960122     
   -5.763546798029557         14.75575704454800     
   -5.763546798029557         14.83048518521008     
   -5.763546798029557         14.90533150779699     
   -5.763546798029557         14.98029556650246     
   -5.704433497536946        0.5901827460185155     
   -5.704433497536946        0.6383246859879448     
   -5.704433497536946        0.6864867558185477     
   -5.704433497536946        0.7346703804507291     
   -5.704433497536946        0.7828769821661479     
   -5.704433497536946        0.8311079804142939     
   -5.704433497536946        0.8793647916398474     
   -5.704433497536946        0.9276488291108121     
   -5.704433497536946        0.9759615027474738     
   -5.704433497536946         1.024304218952232     
   -5.704433497536946         1.072678380440337     
   -5.704433497536946         1.121085386071610     
   -5.704433497536946         1.169526630683144     
   -5.704433497536946         1.218003504923040     
   -5.704433497536946         1.266517395085255     
   -5.704433497536946         1.315069682945545     
   -5.704433497536946         1.363661745598599     
   -5.704433497536946         1.412294955296358     
   -5.704433497536946         1.460970679287577     
   -5.704433497536946         1.509690279658703     
   -5.704433497536946         1.558455113176031     
   -5.704433497536946         1.607266531129257     
   -5.704433497536946         1.656125879176403     
   -5.704433497536946         1.705034497190180     
   -5.704433497536946         1.753993719105825     
   -5.704433497536946         1.803004872770455     
   -5.704433497536946         1.852069279793938     
   -5.704433497536946         1.901188255401346     
   -5.704433497536946         1.950363108287015     
   -5.704433497536946         1.999595140470237     
   -5.704433497536946         2.048885647152663     
   -5.704433497536946         2.098235916577331     
   -5.704433497536946         2.147647229889504     
   -5.704433497536946         2.197120860999235     
   -5.704433497536946         2.246658076445713     
   -5.704433497536946         2.296260135263459     
   -5.704433497536946         2.345928288850353     
   -5.704433497536946         2.395663780837530     
   -5.704433497536946         2.445467846961194     
   -5.704433497536946         2.495341714936336     
   -5.704433497536946         2.545286604332427     
   -5.704433497536946         2.595303726451066     
   -5.704433497536946         2.645394284205619     
   -5.704433497536946         2.695559472002917     
   -5.704433497536946         2.745800475626931     
   -5.704433497536946         2.796118472124562     
   -5.704433497536946         2.846514629693493     
   -5.704433497536946         2.896990107572124     
   -5.704433497536946         2.947546055931647     
   -5.704433497536946         2.998183615770246     
   -5.704433497536946         3.048903918809426     
   -5.704433497536946         3.099708087392552     
   -5.704433497536946         3.150597234385543     
   -5.704433497536946         3.201572463079744     
   -5.704433497536946         3.252634867097027     
   -5.704433497536946         3.303785530297104     
   -5.704433497536946         3.355025526687095     
   -5.704433497536946         3.406355920333276     
   -5.704433497536946         3.457777765275144     
   -5.704433497536946         3.509292105441697     
   -5.704433497536946         3.560899974569995     
   -5.704433497536946         3.612602396126019     
   -5.704433497536946         3.664400383227755     
   -5.704433497536946         3.716294938570621     
   -5.704433497536946         3.768287054355155     
   -5.704433497536946         3.820377712216992     
   -5.704433497536946         3.872567883159169     
   -5.704433497536946         3.924858527486697     
   -5.704433497536946         3.977250594743452     
   -5.704433497536946         4.029745023651369     
   -5.704433497536946         4.082342742051922     
   -5.704433497536946         4.135044666849921     
   -5.704433497536946         4.187851703959623     
   -5.704433497536946         4.240764748253083     
   -5.704433497536946         4.293784683510877     
   -5.704433497536946         4.346912382375035     
   -5.704433497536946         4.400148706304335     
   -5.704433497536946         4.453494505531812     
   -5.704433497536946         4.506950619024605     
   -5.704433497536946         4.560517874445989     
   -5.704433497536946         4.614197088119759     
   -5.704433497536946         4.667989064996787     
   -5.704433497536946         4.721894598623869     
   -5.704433497536946         4.775914471114810     
   -5.704433497536946         4.830049453123672     
   -5.704433497536946         4.884300303820300     
   -5.704433497536946         4.938667770868034     
   -5.704433497536946         4.993152590403565     
   -5.704433497536946         5.047755487019044     
   -5.704433497536946         5.102477173746276     
   -5.704433497536946         5.157318352043106     
   -5.704433497536946         5.212279711781952     
   -5.704433497536946         5.267361931240405     
   -5.704433497536946         5.322565677093978     
   -5.704433497536946         5.377891604410935     
   -5.704433497536946         5.433340356649176     
   -5.704433497536946         5.488912565655180     
   -5.704433497536946         5.544608851664999     
   -5.704433497536946         5.600429823307244     
   -5.704433497536946         5.656376077608095     
   -5.704433497536946         5.712448199998287     
   -5.704433497536946         5.768646764322033     
   -5.704433497536946         5.824972332847921     
   -5.704433497536946         5.881425456281713     
   -5.704433497536946         5.938006673781031     
   -5.704433497536946         5.994716512971964     
   -5.704433497536946         6.051555489967481     
   -5.704433497536946         6.108524109387715     
   -5.704433497536946         6.165622864382035     
   -5.704433497536946         6.222852236652933     
   -5.704433497536946         6.280212696481654     
   -5.704433497536946         6.337704702755588     
   -5.704433497536946         6.395328702997363     
   -5.704433497536946         6.453085133395653     
   -5.704433497536946         6.510974418837655     
   -5.704433497536946         6.568996972943191     
   -5.704433497536946         6.627153198100469     
   -5.704433497536946         6.685443485503412     
   -5.704433497536946         6.743868215190578     
   -5.704433497536946         6.802427756085615     
   -5.704433497536946         6.861122466039248     
   -5.704433497536946         6.919952691872765     
   -5.704433497536946         6.978918769422950     
   -5.704433497536946         7.038021023588496     
   -5.704433497536946         7.097259768377808     
   -5.704433497536946         7.156635306958210     
   -5.704433497536946         7.216147931706518     
   -5.704433497536946         7.275797924260956     
   -5.704433497536946         7.335585555574358     
   -5.704433497536946         7.395511085968706     
   -5.704433497536946         7.455574765190877     
   -5.704433497536946         7.515776832469648     
   -5.704433497536946         7.576117516573909     
   -5.704433497536946         7.636597035872039     
   -5.704433497536946         7.697215598392448     
   -5.704433497536946         7.757973401885232     
   -5.704433497536946         7.818870633884936     
   -5.704433497536946         7.879907471774390     
   -5.704433497536946         7.941084082849565     
   -5.704433497536946         8.002400624385478     
   -5.704433497536946         8.063857243703076     
   -5.704433497536946         8.125454078237061     
   -5.704433497536946         8.187191255604692     
   -5.704433497536946         8.249068893675465     
   -5.704433497536946         8.311087100641695     
   -5.704433497536946         8.373245975089930     
   -5.704433497536946         8.435545606073234     
   -5.704433497536946         8.497986073184252     
   -5.704433497536946         8.560567446629033     
   -5.704433497536946         8.623289787301651     
   -5.704433497536946         8.686153146859512     
   -5.704433497536946         8.749157567799386     
   -5.704433497536946         8.812303083534093     
   -5.704433497536946         8.875589718469866     
   -5.704433497536946         8.939017488084312     
   -5.704433497536946         9.002586399004974     
   -5.704433497536946         9.066296449088483     
   -5.704433497536946         9.130147627500254     
   -5.704433497536946         9.194139914794691     
   -5.704433497536946         9.258273282995903     
   -5.704433497536946         9.322547695678912     
   -5.704433497536946         9.386963108051271     
   -5.704433497536946         9.451519467035148     
   -5.704433497536946         9.516216711349808     
   -5.704433497536946         9.581054771594454     
   -5.704433497536946         9.646033570331447     
   -5.704433497536946         9.711153022169857     
   -5.704433497536946         9.776413033849320     
   -5.704433497536946         9.841813504324184     
   -5.704433497536946         9.907354324847942     
   -5.704433497536946         9.973035379057874     
   -5.704433497536946         10.03885654305996     
   -5.704433497536946         10.10481768551394     
   -5.704433497536946         10.17091866771861     
   -5.704433497536946         10.23715934369725     
   -5.704433497536946         10.30353956028320     
   -5.704433497536946         10.37005915720552     
   -5.704433497536946         10.43671796717483     
   -5.704433497536946         10.50351581596916     
   -5.704433497536946         10.57045252251987     
   -5.704433497536946         10.63752789899763     
   -5.704433497536946         10.70474175089845     
   -5.704433497536946         10.77209387712962     
   -5.704433497536946         10.83958407009575     
   -5.704433497536946         10.90721211578467     
   -5.704433497536946         10.97497779385340     
   -5.704433497536946         11.04288087771391     
   -5.704433497536946         11.11092113461890     
   -5.704433497536946         11.17909832574749     
   -5.704433497536946         11.24741220629066     
   -5.704433497536946         11.31586252553671     
   -5.704433497536946         11.38444902695649     
   -5.704433497536946         11.45317144828847     
   -5.704433497536946         11.52202952162362     
   -5.704433497536946         11.59102297349011     
   -5.704433497536946         11.66015152493785     
   -5.704433497536946         11.72941489162265     
   -5.704433497536946         11.79881278389032     
   -5.704433497536946         11.86834490686041     
   -5.704433497536946         11.93801096050970     
   -5.704433497536946         12.00781063975541     
   -5.704433497536946         12.07774363453811     
   -5.704433497536946         12.14780962990438     
   -5.704433497536946         12.21800830608907     
   -5.704433497536946         12.28833933859724     
   -5.704433497536946         12.35880239828584     
   -5.704433497536946         12.42939715144490     
   -5.704433497536946         12.50012325987849     
   -5.704433497536946         12.57098038098522     
   -5.704433497536946         12.64196816783834     
   -5.704433497536946         12.71308626926553     
   -5.704433497536946         12.78433432992817     
   -5.704433497536946         12.85571199040028     
   -5.704433497536946         12.92721888724701     
   -5.704433497536946         12.99885465310265     
   -5.704433497536946         13.07061891674822     
   -5.704433497536946         13.14251130318866     
   -5.704433497536946         13.21453143372946     
   -5.704433497536946         13.28667892605288     
   -5.704433497536946         13.35895339429368     
   -5.704433497536946         13.43135444911436     
   -5.704433497536946         13.50388169777991     
   -5.704433497536946         13.57653474423200     
   -5.704433497536946         13.64931318916281     
   -5.704433497536946         13.72221663008815     
   -5.704433497536946         13.79524466142022     
   -5.704433497536946         13.86839687453974     
   -5.704433497536946         13.94167285786762     
   -5.704433497536946         14.01507219693601     
   -5.704433497536946         14.08859447445888     
   -5.704433497536946         14.16223927040204     
   -5.704433497536946         14.23600616205252     
   -5.704433497536946         14.30989472408749     
   -5.704433497536946         14.38390452864260     
   -5.704433497536946         14.45803514537971     
   -5.704433497536946         14.53228614155403     
   -5.704433497536946         14.60665708208079     
   -5.704433497536946         14.68114752960122     
   -5.704433497536946         14.75575704454800     
   -5.704433497536946         14.83048518521008     
   -5.704433497536946         14.90533150779699     
   -5.704433497536946         14.98029556650246     
   -5.645320197044335        0.5901827460185155     
   -5.645320197044335        0.6383246859879448     
   -5.645320197044335        0.6864867558185477     
   -5.645320197044335        0.7346703804507291     
   -5.645320197044335        0.7828769821661479     
   -5.645320197044335        0.8311079804142939     
   -5.645320197044335        0.8793647916398474     
   -5.645320197044335        0.9276488291108121     
   -5.645320197044335        0.9759615027474738     
   -5.645320197044335         1.024304218952232     
   -5.645320197044335         1.072678380440337     
   -5.645320197044335         1.121085386071610     
   -5.645320197044335         1.169526630683144     
   -5.645320197044335         1.218003504923040     
   -5.645320197044335         1.266517395085255     
   -5.645320197044335         1.315069682945545     
   -5.645320197044335         1.363661745598599     
   -5.645320197044335         1.412294955296358     
   -5.645320197044335         1.460970679287577     
   -5.645320197044335         1.509690279658703     
   -5.645320197044335         1.558455113176031     
   -5.645320197044335         1.607266531129257     
   -5.645320197044335         1.656125879176403     
   -5.645320197044335         1.705034497190180     
   -5.645320197044335         1.753993719105825     
   -5.645320197044335         1.803004872770455     
   -5.645320197044335         1.852069279793938     
   -5.645320197044335         1.901188255401346     
   -5.645320197044335         1.950363108287015     
   -5.645320197044335         1.999595140470237     
   -5.645320197044335         2.048885647152663     
   -5.645320197044335         2.098235916577331     
   -5.645320197044335         2.147647229889504     
   -5.645320197044335         2.197120860999235     
   -5.645320197044335         2.246658076445713     
   -5.645320197044335         2.296260135263459     
   -5.645320197044335         2.345928288850353     
   -5.645320197044335         2.395663780837530     
   -5.645320197044335         2.445467846961194     
   -5.645320197044335         2.495341714936336     
   -5.645320197044335         2.545286604332427     
   -5.645320197044335         2.595303726451066     
   -5.645320197044335         2.645394284205619     
   -5.645320197044335         2.695559472002917     
   -5.645320197044335         2.745800475626931     
   -5.645320197044335         2.796118472124562     
   -5.645320197044335         2.846514629693493     
   -5.645320197044335         2.896990107572124     
   -5.645320197044335         2.947546055931647     
   -5.645320197044335         2.998183615770246     
   -5.645320197044335         3.048903918809426     
   -5.645320197044335         3.099708087392552     
   -5.645320197044335         3.150597234385543     
   -5.645320197044335         3.201572463079744     
   -5.645320197044335         3.252634867097027     
   -5.645320197044335         3.303785530297104     
   -5.645320197044335         3.355025526687095     
   -5.645320197044335         3.406355920333276     
   -5.645320197044335         3.457777765275144     
   -5.645320197044335         3.509292105441697     
   -5.645320197044335         3.560899974569995     
   -5.645320197044335         3.612602396126019     
   -5.645320197044335         3.664400383227755     
   -5.645320197044335         3.716294938570621     
   -5.645320197044335         3.768287054355155     
   -5.645320197044335         3.820377712216992     
   -5.645320197044335         3.872567883159169     
   -5.645320197044335         3.924858527486697     
   -5.645320197044335         3.977250594743452     
   -5.645320197044335         4.029745023651369     
   -5.645320197044335         4.082342742051922     
   -5.645320197044335         4.135044666849921     
   -5.645320197044335         4.187851703959623     
   -5.645320197044335         4.240764748253083     
   -5.645320197044335         4.293784683510877     
   -5.645320197044335         4.346912382375035     
   -5.645320197044335         4.400148706304335     
   -5.645320197044335         4.453494505531812     
   -5.645320197044335         4.506950619024605     
   -5.645320197044335         4.560517874445989     
   -5.645320197044335         4.614197088119759     
   -5.645320197044335         4.667989064996787     
   -5.645320197044335         4.721894598623869     
   -5.645320197044335         4.775914471114810     
   -5.645320197044335         4.830049453123672     
   -5.645320197044335         4.884300303820300     
   -5.645320197044335         4.938667770868034     
   -5.645320197044335         4.993152590403565     
   -5.645320197044335         5.047755487019044     
   -5.645320197044335         5.102477173746276     
   -5.645320197044335         5.157318352043106     
   -5.645320197044335         5.212279711781952     
   -5.645320197044335         5.267361931240405     
   -5.645320197044335         5.322565677093978     
   -5.645320197044335         5.377891604410935     
   -5.645320197044335         5.433340356649176     
   -5.645320197044335         5.488912565655180     
   -5.645320197044335         5.544608851664999     
   -5.645320197044335         5.600429823307244     
   -5.645320197044335         5.656376077608095     
   -5.645320197044335         5.712448199998287     
   -5.645320197044335         5.768646764322033     
   -5.645320197044335         5.824972332847921     
   -5.645320197044335         5.881425456281713     
   -5.645320197044335         5.938006673781031     
   -5.645320197044335         5.994716512971964     
   -5.645320197044335         6.051555489967481     
   -5.645320197044335         6.108524109387715     
   -5.645320197044335         6.165622864382035     
   -5.645320197044335         6.222852236652933     
   -5.645320197044335         6.280212696481654     
   -5.645320197044335         6.337704702755588     
   -5.645320197044335         6.395328702997363     
   -5.645320197044335         6.453085133395653     
   -5.645320197044335         6.510974418837655     
   -5.645320197044335         6.568996972943191     
   -5.645320197044335         6.627153198100469     
   -5.645320197044335         6.685443485503412     
   -5.645320197044335         6.743868215190578     
   -5.645320197044335         6.802427756085615     
   -5.645320197044335         6.861122466039248     
   -5.645320197044335         6.919952691872765     
   -5.645320197044335         6.978918769422950     
   -5.645320197044335         7.038021023588496     
   -5.645320197044335         7.097259768377808     
   -5.645320197044335         7.156635306958210     
   -5.645320197044335         7.216147931706518     
   -5.645320197044335         7.275797924260956     
   -5.645320197044335         7.335585555574358     
   -5.645320197044335         7.395511085968706     
   -5.645320197044335         7.455574765190877     
   -5.645320197044335         7.515776832469648     
   -5.645320197044335         7.576117516573909     
   -5.645320197044335         7.636597035872039     
   -5.645320197044335         7.697215598392448     
   -5.645320197044335         7.757973401885232     
   -5.645320197044335         7.818870633884936     
   -5.645320197044335         7.879907471774390     
   -5.645320197044335         7.941084082849565     
   -5.645320197044335         8.002400624385478     
   -5.645320197044335         8.063857243703076     
   -5.645320197044335         8.125454078237061     
   -5.645320197044335         8.187191255604692     
   -5.645320197044335         8.249068893675465     
   -5.645320197044335         8.311087100641695     
   -5.645320197044335         8.373245975089930     
   -5.645320197044335         8.435545606073234     
   -5.645320197044335         8.497986073184252     
   -5.645320197044335         8.560567446629033     
   -5.645320197044335         8.623289787301651     
   -5.645320197044335         8.686153146859512     
   -5.645320197044335         8.749157567799386     
   -5.645320197044335         8.812303083534093     
   -5.645320197044335         8.875589718469866     
   -5.645320197044335         8.939017488084312     
   -5.645320197044335         9.002586399004974     
   -5.645320197044335         9.066296449088483     
   -5.645320197044335         9.130147627500254     
   -5.645320197044335         9.194139914794691     
   -5.645320197044335         9.258273282995903     
   -5.645320197044335         9.322547695678912     
   -5.645320197044335         9.386963108051271     
   -5.645320197044335         9.451519467035148     
   -5.645320197044335         9.516216711349808     
   -5.645320197044335         9.581054771594454     
   -5.645320197044335         9.646033570331447     
   -5.645320197044335         9.711153022169857     
   -5.645320197044335         9.776413033849320     
   -5.645320197044335         9.841813504324184     
   -5.645320197044335         9.907354324847942     
   -5.645320197044335         9.973035379057874     
   -5.645320197044335         10.03885654305996     
   -5.645320197044335         10.10481768551394     
   -5.645320197044335         10.17091866771861     
   -5.645320197044335         10.23715934369725     
   -5.645320197044335         10.30353956028320     
   -5.645320197044335         10.37005915720552     
   -5.645320197044335         10.43671796717483     
   -5.645320197044335         10.50351581596916     
   -5.645320197044335         10.57045252251987     
   -5.645320197044335         10.63752789899763     
   -5.645320197044335         10.70474175089845     
   -5.645320197044335         10.77209387712962     
   -5.645320197044335         10.83958407009575     
   -5.645320197044335         10.90721211578467     
   -5.645320197044335         10.97497779385340     
   -5.645320197044335         11.04288087771391     
   -5.645320197044335         11.11092113461890     
   -5.645320197044335         11.17909832574749     
   -5.645320197044335         11.24741220629066     
   -5.645320197044335         11.31586252553671     
   -5.645320197044335         11.38444902695649     
   -5.645320197044335         11.45317144828847     
   -5.645320197044335         11.52202952162362     
   -5.645320197044335         11.59102297349011     
   -5.645320197044335         11.66015152493785     
   -5.645320197044335         11.72941489162265     
   -5.645320197044335         11.79881278389032     
   -5.645320197044335         11.86834490686041     
   -5.645320197044335         11.93801096050970     
   -5.645320197044335         12.00781063975541     
   -5.645320197044335         12.07774363453811     
   -5.645320197044335         12.14780962990438     
   -5.645320197044335         12.21800830608907     
   -5.645320197044335         12.28833933859724     
   -5.645320197044335         12.35880239828584     
   -5.645320197044335         12.42939715144490     
   -5.645320197044335         12.50012325987849     
   -5.645320197044335         12.57098038098522     
   -5.645320197044335         12.64196816783834     
   -5.645320197044335         12.71308626926553     
   -5.645320197044335         12.78433432992817     
   -5.645320197044335         12.85571199040028     
   -5.645320197044335         12.92721888724701     
   -5.645320197044335         12.99885465310265     
   -5.645320197044335         13.07061891674822     
   -5.645320197044335         13.14251130318866     
   -5.645320197044335         13.21453143372946     
   -5.645320197044335         13.28667892605288     
   -5.645320197044335         13.35895339429368     
   -5.645320197044335         13.43135444911436     
   -5.645320197044335         13.50388169777991     
   -5.645320197044335         13.57653474423200     
   -5.645320197044335         13.64931318916281     
   -5.645320197044335         13.72221663008815     
   -5.645320197044335         13.79524466142022     
   -5.645320197044335         13.86839687453974     
   -5.645320197044335         13.94167285786762     
   -5.645320197044335         14.01507219693601     
   -5.645320197044335         14.08859447445888     
   -5.645320197044335         14.16223927040204     
   -5.645320197044335         14.23600616205252     
   -5.645320197044335         14.30989472408749     
   -5.645320197044335         14.38390452864260     
   -5.645320197044335         14.45803514537971     
   -5.645320197044335         14.53228614155403     
   -5.645320197044335         14.60665708208079     
   -5.645320197044335         14.68114752960122     
   -5.645320197044335         14.75575704454800     
   -5.645320197044335         14.83048518521008     
   -5.645320197044335         14.90533150779699     
   -5.645320197044335         14.98029556650246     
   -5.586206896551724        0.5901827460185155     
   -5.586206896551724        0.6383246859879448     
   -5.586206896551724        0.6864867558185477     
   -5.586206896551724        0.7346703804507291     
   -5.586206896551724        0.7828769821661479     
   -5.586206896551724        0.8311079804142939     
   -5.586206896551724        0.8793647916398474     
   -5.586206896551724        0.9276488291108121     
   -5.586206896551724        0.9759615027474738     
   -5.586206896551724         1.024304218952232     
   -5.586206896551724         1.072678380440337     
   -5.586206896551724         1.121085386071610     
   -5.586206896551724         1.169526630683144     
   -5.586206896551724         1.218003504923040     
   -5.586206896551724         1.266517395085255     
   -5.586206896551724         1.315069682945545     
   -5.586206896551724         1.363661745598599     
   -5.586206896551724         1.412294955296358     
   -5.586206896551724         1.460970679287577     
   -5.586206896551724         1.509690279658703     
   -5.586206896551724         1.558455113176031     
   -5.586206896551724         1.607266531129257     
   -5.586206896551724         1.656125879176403     
   -5.586206896551724         1.705034497190180     
   -5.586206896551724         1.753993719105825     
   -5.586206896551724         1.803004872770455     
   -5.586206896551724         1.852069279793938     
   -5.586206896551724         1.901188255401346     
   -5.586206896551724         1.950363108287015     
   -5.586206896551724         1.999595140470237     
   -5.586206896551724         2.048885647152663     
   -5.586206896551724         2.098235916577331     
   -5.586206896551724         2.147647229889504     
   -5.586206896551724         2.197120860999235     
   -5.586206896551724         2.246658076445713     
   -5.586206896551724         2.296260135263459     
   -5.586206896551724         2.345928288850353     
   -5.586206896551724         2.395663780837530     
   -5.586206896551724         2.445467846961194     
   -5.586206896551724         2.495341714936336     
   -5.586206896551724         2.545286604332427     
   -5.586206896551724         2.595303726451066     
   -5.586206896551724         2.645394284205619     
   -5.586206896551724         2.695559472002917     
   -5.586206896551724         2.745800475626931     
   -5.586206896551724         2.796118472124562     
   -5.586206896551724         2.846514629693493     
   -5.586206896551724         2.896990107572124     
   -5.586206896551724         2.947546055931647     
   -5.586206896551724         2.998183615770246     
   -5.586206896551724         3.048903918809426     
   -5.586206896551724         3.099708087392552     
   -5.586206896551724         3.150597234385543     
   -5.586206896551724         3.201572463079744     
   -5.586206896551724         3.252634867097027     
   -5.586206896551724         3.303785530297104     
   -5.586206896551724         3.355025526687095     
   -5.586206896551724         3.406355920333276     
   -5.586206896551724         3.457777765275144     
   -5.586206896551724         3.509292105441697     
   -5.586206896551724         3.560899974569995     
   -5.586206896551724         3.612602396126019     
   -5.586206896551724         3.664400383227755     
   -5.586206896551724         3.716294938570621     
   -5.586206896551724         3.768287054355155     
   -5.586206896551724         3.820377712216992     
   -5.586206896551724         3.872567883159169     
   -5.586206896551724         3.924858527486697     
   -5.586206896551724         3.977250594743452     
   -5.586206896551724         4.029745023651369     
   -5.586206896551724         4.082342742051922     
   -5.586206896551724         4.135044666849921     
   -5.586206896551724         4.187851703959623     
   -5.586206896551724         4.240764748253083     
   -5.586206896551724         4.293784683510877     
   -5.586206896551724         4.346912382375035     
   -5.586206896551724         4.400148706304335     
   -5.586206896551724         4.453494505531812     
   -5.586206896551724         4.506950619024605     
   -5.586206896551724         4.560517874445989     
   -5.586206896551724         4.614197088119759     
   -5.586206896551724         4.667989064996787     
   -5.586206896551724         4.721894598623869     
   -5.586206896551724         4.775914471114810     
   -5.586206896551724         4.830049453123672     
   -5.586206896551724         4.884300303820300     
   -5.586206896551724         4.938667770868034     
   -5.586206896551724         4.993152590403565     
   -5.586206896551724         5.047755487019044     
   -5.586206896551724         5.102477173746276     
   -5.586206896551724         5.157318352043106     
   -5.586206896551724         5.212279711781952     
   -5.586206896551724         5.267361931240405     
   -5.586206896551724         5.322565677093978     
   -5.586206896551724         5.377891604410935     
   -5.586206896551724         5.433340356649176     
   -5.586206896551724         5.488912565655180     
   -5.586206896551724         5.544608851664999     
   -5.586206896551724         5.600429823307244     
   -5.586206896551724         5.656376077608095     
   -5.586206896551724         5.712448199998287     
   -5.586206896551724         5.768646764322033     
   -5.586206896551724         5.824972332847921     
   -5.586206896551724         5.881425456281713     
   -5.586206896551724         5.938006673781031     
   -5.586206896551724         5.994716512971964     
   -5.586206896551724         6.051555489967481     
   -5.586206896551724         6.108524109387715     
   -5.586206896551724         6.165622864382035     
   -5.586206896551724         6.222852236652933     
   -5.586206896551724         6.280212696481654     
   -5.586206896551724         6.337704702755588     
   -5.586206896551724         6.395328702997363     
   -5.586206896551724         6.453085133395653     
   -5.586206896551724         6.510974418837655     
   -5.586206896551724         6.568996972943191     
   -5.586206896551724         6.627153198100469     
   -5.586206896551724         6.685443485503412     
   -5.586206896551724         6.743868215190578     
   -5.586206896551724         6.802427756085615     
   -5.586206896551724         6.861122466039248     
   -5.586206896551724         6.919952691872765     
   -5.586206896551724         6.978918769422950     
   -5.586206896551724         7.038021023588496     
   -5.586206896551724         7.097259768377808     
   -5.586206896551724         7.156635306958210     
   -5.586206896551724         7.216147931706518     
   -5.586206896551724         7.275797924260956     
   -5.586206896551724         7.335585555574358     
   -5.586206896551724         7.395511085968706     
   -5.586206896551724         7.455574765190877     
   -5.586206896551724         7.515776832469648     
   -5.586206896551724         7.576117516573909     
   -5.586206896551724         7.636597035872039     
   -5.586206896551724         7.697215598392448     
   -5.586206896551724         7.757973401885232     
   -5.586206896551724         7.818870633884936     
   -5.586206896551724         7.879907471774390     
   -5.586206896551724         7.941084082849565     
   -5.586206896551724         8.002400624385478     
   -5.586206896551724         8.063857243703076     
   -5.586206896551724         8.125454078237061     
   -5.586206896551724         8.187191255604692     
   -5.586206896551724         8.249068893675465     
   -5.586206896551724         8.311087100641695     
   -5.586206896551724         8.373245975089930     
   -5.586206896551724         8.435545606073234     
   -5.586206896551724         8.497986073184252     
   -5.586206896551724         8.560567446629033     
   -5.586206896551724         8.623289787301651     
   -5.586206896551724         8.686153146859512     
   -5.586206896551724         8.749157567799386     
   -5.586206896551724         8.812303083534093     
   -5.586206896551724         8.875589718469866     
   -5.586206896551724         8.939017488084312     
   -5.586206896551724         9.002586399004974     
   -5.586206896551724         9.066296449088483     
   -5.586206896551724         9.130147627500254     
   -5.586206896551724         9.194139914794691     
   -5.586206896551724         9.258273282995903     
   -5.586206896551724         9.322547695678912     
   -5.586206896551724         9.386963108051271     
   -5.586206896551724         9.451519467035148     
   -5.586206896551724         9.516216711349808     
   -5.586206896551724         9.581054771594454     
   -5.586206896551724         9.646033570331447     
   -5.586206896551724         9.711153022169857     
   -5.586206896551724         9.776413033849320     
   -5.586206896551724         9.841813504324184     
   -5.586206896551724         9.907354324847942     
   -5.586206896551724         9.973035379057874     
   -5.586206896551724         10.03885654305996     
   -5.586206896551724         10.10481768551394     
   -5.586206896551724         10.17091866771861     
   -5.586206896551724         10.23715934369725     
   -5.586206896551724         10.30353956028320     
   -5.586206896551724         10.37005915720552     
   -5.586206896551724         10.43671796717483     
   -5.586206896551724         10.50351581596916     
   -5.586206896551724         10.57045252251987     
   -5.586206896551724         10.63752789899763     
   -5.586206896551724         10.70474175089845     
   -5.586206896551724         10.77209387712962     
   -5.586206896551724         10.83958407009575     
   -5.586206896551724         10.90721211578467     
   -5.586206896551724         10.97497779385340     
   -5.586206896551724         11.04288087771391     
   -5.586206896551724         11.11092113461890     
   -5.586206896551724         11.17909832574749     
   -5.586206896551724         11.24741220629066     
   -5.586206896551724         11.31586252553671     
   -5.586206896551724         11.38444902695649     
   -5.586206896551724         11.45317144828847     
   -5.586206896551724         11.52202952162362     
   -5.586206896551724         11.59102297349011     
   -5.586206896551724         11.66015152493785     
   -5.586206896551724         11.72941489162265     
   -5.586206896551724         11.79881278389032     
   -5.586206896551724         11.86834490686041     
   -5.586206896551724         11.93801096050970     
   -5.586206896551724         12.00781063975541     
   -5.586206896551724         12.07774363453811     
   -5.586206896551724         12.14780962990438     
   -5.586206896551724         12.21800830608907     
   -5.586206896551724         12.28833933859724     
   -5.586206896551724         12.35880239828584     
   -5.586206896551724         12.42939715144490     
   -5.586206896551724         12.50012325987849     
   -5.586206896551724         12.57098038098522     
   -5.586206896551724         12.64196816783834     
   -5.586206896551724         12.71308626926553     
   -5.586206896551724         12.78433432992817     
   -5.586206896551724         12.85571199040028     
   -5.586206896551724         12.92721888724701     
   -5.586206896551724         12.99885465310265     
   -5.586206896551724         13.07061891674822     
   -5.586206896551724         13.14251130318866     
   -5.586206896551724         13.21453143372946     
   -5.586206896551724         13.28667892605288     
   -5.586206896551724         13.35895339429368     
   -5.586206896551724         13.43135444911436     
   -5.586206896551724         13.50388169777991     
   -5.586206896551724         13.57653474423200     
   -5.586206896551724         13.64931318916281     
   -5.586206896551724         13.72221663008815     
   -5.586206896551724         13.79524466142022     
   -5.586206896551724         13.86839687453974     
   -5.586206896551724         13.94167285786762     
   -5.586206896551724         14.01507219693601     
   -5.586206896551724         14.08859447445888     
   -5.586206896551724         14.16223927040204     
   -5.586206896551724         14.23600616205252     
   -5.586206896551724         14.30989472408749     
   -5.586206896551724         14.38390452864260     
   -5.586206896551724         14.45803514537971     
   -5.586206896551724         14.53228614155403     
   -5.586206896551724         14.60665708208079     
   -5.586206896551724         14.68114752960122     
   -5.586206896551724         14.75575704454800     
   -5.586206896551724         14.83048518521008     
   -5.586206896551724         14.90533150779699     
   -5.586206896551724         14.98029556650246     
   -5.527093596059113        0.5901827460185155     
   -5.527093596059113        0.6383246859879448     
   -5.527093596059113        0.6864867558185477     
   -5.527093596059113        0.7346703804507291     
   -5.527093596059113        0.7828769821661479     
   -5.527093596059113        0.8311079804142939     
   -5.527093596059113        0.8793647916398474     
   -5.527093596059113        0.9276488291108121     
   -5.527093596059113        0.9759615027474738     
   -5.527093596059113         1.024304218952232     
   -5.527093596059113         1.072678380440337     
   -5.527093596059113         1.121085386071610     
   -5.527093596059113         1.169526630683144     
   -5.527093596059113         1.218003504923040     
   -5.527093596059113         1.266517395085255     
   -5.527093596059113         1.315069682945545     
   -5.527093596059113         1.363661745598599     
   -5.527093596059113         1.412294955296358     
   -5.527093596059113         1.460970679287577     
   -5.527093596059113         1.509690279658703     
   -5.527093596059113         1.558455113176031     
   -5.527093596059113         1.607266531129257     
   -5.527093596059113         1.656125879176403     
   -5.527093596059113         1.705034497190180     
   -5.527093596059113         1.753993719105825     
   -5.527093596059113         1.803004872770455     
   -5.527093596059113         1.852069279793938     
   -5.527093596059113         1.901188255401346     
   -5.527093596059113         1.950363108287015     
   -5.527093596059113         1.999595140470237     
   -5.527093596059113         2.048885647152663     
   -5.527093596059113         2.098235916577331     
   -5.527093596059113         2.147647229889504     
   -5.527093596059113         2.197120860999235     
   -5.527093596059113         2.246658076445713     
   -5.527093596059113         2.296260135263459     
   -5.527093596059113         2.345928288850353     
   -5.527093596059113         2.395663780837530     
   -5.527093596059113         2.445467846961194     
   -5.527093596059113         2.495341714936336     
   -5.527093596059113         2.545286604332427     
   -5.527093596059113         2.595303726451066     
   -5.527093596059113         2.645394284205619     
   -5.527093596059113         2.695559472002917     
   -5.527093596059113         2.745800475626931     
   -5.527093596059113         2.796118472124562     
   -5.527093596059113         2.846514629693493     
   -5.527093596059113         2.896990107572124     
   -5.527093596059113         2.947546055931647     
   -5.527093596059113         2.998183615770246     
   -5.527093596059113         3.048903918809426     
   -5.527093596059113         3.099708087392552     
   -5.527093596059113         3.150597234385543     
   -5.527093596059113         3.201572463079744     
   -5.527093596059113         3.252634867097027     
   -5.527093596059113         3.303785530297104     
   -5.527093596059113         3.355025526687095     
   -5.527093596059113         3.406355920333276     
   -5.527093596059113         3.457777765275144     
   -5.527093596059113         3.509292105441697     
   -5.527093596059113         3.560899974569995     
   -5.527093596059113         3.612602396126019     
   -5.527093596059113         3.664400383227755     
   -5.527093596059113         3.716294938570621     
   -5.527093596059113         3.768287054355155     
   -5.527093596059113         3.820377712216992     
   -5.527093596059113         3.872567883159169     
   -5.527093596059113         3.924858527486697     
   -5.527093596059113         3.977250594743452     
   -5.527093596059113         4.029745023651369     
   -5.527093596059113         4.082342742051922     
   -5.527093596059113         4.135044666849921     
   -5.527093596059113         4.187851703959623     
   -5.527093596059113         4.240764748253083     
   -5.527093596059113         4.293784683510877     
   -5.527093596059113         4.346912382375035     
   -5.527093596059113         4.400148706304335     
   -5.527093596059113         4.453494505531812     
   -5.527093596059113         4.506950619024605     
   -5.527093596059113         4.560517874445989     
   -5.527093596059113         4.614197088119759     
   -5.527093596059113         4.667989064996787     
   -5.527093596059113         4.721894598623869     
   -5.527093596059113         4.775914471114810     
   -5.527093596059113         4.830049453123672     
   -5.527093596059113         4.884300303820300     
   -5.527093596059113         4.938667770868034     
   -5.527093596059113         4.993152590403565     
   -5.527093596059113         5.047755487019044     
   -5.527093596059113         5.102477173746276     
   -5.527093596059113         5.157318352043106     
   -5.527093596059113         5.212279711781952     
   -5.527093596059113         5.267361931240405     
   -5.527093596059113         5.322565677093978     
   -5.527093596059113         5.377891604410935     
   -5.527093596059113         5.433340356649176     
   -5.527093596059113         5.488912565655180     
   -5.527093596059113         5.544608851664999     
   -5.527093596059113         5.600429823307244     
   -5.527093596059113         5.656376077608095     
   -5.527093596059113         5.712448199998287     
   -5.527093596059113         5.768646764322033     
   -5.527093596059113         5.824972332847921     
   -5.527093596059113         5.881425456281713     
   -5.527093596059113         5.938006673781031     
   -5.527093596059113         5.994716512971964     
   -5.527093596059113         6.051555489967481     
   -5.527093596059113         6.108524109387715     
   -5.527093596059113         6.165622864382035     
   -5.527093596059113         6.222852236652933     
   -5.527093596059113         6.280212696481654     
   -5.527093596059113         6.337704702755588     
   -5.527093596059113         6.395328702997363     
   -5.527093596059113         6.453085133395653     
   -5.527093596059113         6.510974418837655     
   -5.527093596059113         6.568996972943191     
   -5.527093596059113         6.627153198100469     
   -5.527093596059113         6.685443485503412     
   -5.527093596059113         6.743868215190578     
   -5.527093596059113         6.802427756085615     
   -5.527093596059113         6.861122466039248     
   -5.527093596059113         6.919952691872765     
   -5.527093596059113         6.978918769422950     
   -5.527093596059113         7.038021023588496     
   -5.527093596059113         7.097259768377808     
   -5.527093596059113         7.156635306958210     
   -5.527093596059113         7.216147931706518     
   -5.527093596059113         7.275797924260956     
   -5.527093596059113         7.335585555574358     
   -5.527093596059113         7.395511085968706     
   -5.527093596059113         7.455574765190877     
   -5.527093596059113         7.515776832469648     
   -5.527093596059113         7.576117516573909     
   -5.527093596059113         7.636597035872039     
   -5.527093596059113         7.697215598392448     
   -5.527093596059113         7.757973401885232     
   -5.527093596059113         7.818870633884936     
   -5.527093596059113         7.879907471774390     
   -5.527093596059113         7.941084082849565     
   -5.527093596059113         8.002400624385478     
   -5.527093596059113         8.063857243703076     
   -5.527093596059113         8.125454078237061     
   -5.527093596059113         8.187191255604692     
   -5.527093596059113         8.249068893675465     
   -5.527093596059113         8.311087100641695     
   -5.527093596059113         8.373245975089930     
   -5.527093596059113         8.435545606073234     
   -5.527093596059113         8.497986073184252     
   -5.527093596059113         8.560567446629033     
   -5.527093596059113         8.623289787301651     
   -5.527093596059113         8.686153146859512     
   -5.527093596059113         8.749157567799386     
   -5.527093596059113         8.812303083534093     
   -5.527093596059113         8.875589718469866     
   -5.527093596059113         8.939017488084312     
   -5.527093596059113         9.002586399004974     
   -5.527093596059113         9.066296449088483     
   -5.527093596059113         9.130147627500254     
   -5.527093596059113         9.194139914794691     
   -5.527093596059113         9.258273282995903     
   -5.527093596059113         9.322547695678912     
   -5.527093596059113         9.386963108051271     
   -5.527093596059113         9.451519467035148     
   -5.527093596059113         9.516216711349808     
   -5.527093596059113         9.581054771594454     
   -5.527093596059113         9.646033570331447     
   -5.527093596059113         9.711153022169857     
   -5.527093596059113         9.776413033849320     
   -5.527093596059113         9.841813504324184     
   -5.527093596059113         9.907354324847942     
   -5.527093596059113         9.973035379057874     
   -5.527093596059113         10.03885654305996     
   -5.527093596059113         10.10481768551394     
   -5.527093596059113         10.17091866771861     
   -5.527093596059113         10.23715934369725     
   -5.527093596059113         10.30353956028320     
   -5.527093596059113         10.37005915720552     
   -5.527093596059113         10.43671796717483     
   -5.527093596059113         10.50351581596916     
   -5.527093596059113         10.57045252251987     
   -5.527093596059113         10.63752789899763     
   -5.527093596059113         10.70474175089845     
   -5.527093596059113         10.77209387712962     
   -5.527093596059113         10.83958407009575     
   -5.527093596059113         10.90721211578467     
   -5.527093596059113         10.97497779385340     
   -5.527093596059113         11.04288087771391     
   -5.527093596059113         11.11092113461890     
   -5.527093596059113         11.17909832574749     
   -5.527093596059113         11.24741220629066     
   -5.527093596059113         11.31586252553671     
   -5.527093596059113         11.38444902695649     
   -5.527093596059113         11.45317144828847     
   -5.527093596059113         11.52202952162362     
   -5.527093596059113         11.59102297349011     
   -5.527093596059113         11.66015152493785     
   -5.527093596059113         11.72941489162265     
   -5.527093596059113         11.79881278389032     
   -5.527093596059113         11.86834490686041     
   -5.527093596059113         11.93801096050970     
   -5.527093596059113         12.00781063975541     
   -5.527093596059113         12.07774363453811     
   -5.527093596059113         12.14780962990438     
   -5.527093596059113         12.21800830608907     
   -5.527093596059113         12.28833933859724     
   -5.527093596059113         12.35880239828584     
   -5.527093596059113         12.42939715144490     
   -5.527093596059113         12.50012325987849     
   -5.527093596059113         12.57098038098522     
   -5.527093596059113         12.64196816783834     
   -5.527093596059113         12.71308626926553     
   -5.527093596059113         12.78433432992817     
   -5.527093596059113         12.85571199040028     
   -5.527093596059113         12.92721888724701     
   -5.527093596059113         12.99885465310265     
   -5.527093596059113         13.07061891674822     
   -5.527093596059113         13.14251130318866     
   -5.527093596059113         13.21453143372946     
   -5.527093596059113         13.28667892605288     
   -5.527093596059113         13.35895339429368     
   -5.527093596059113         13.43135444911436     
   -5.527093596059113         13.50388169777991     
   -5.527093596059113         13.57653474423200     
   -5.527093596059113         13.64931318916281     
   -5.527093596059113         13.72221663008815     
   -5.527093596059113         13.79524466142022     
   -5.527093596059113         13.86839687453974     
   -5.527093596059113         13.94167285786762     
   -5.527093596059113         14.01507219693601     
   -5.527093596059113         14.08859447445888     
   -5.527093596059113         14.16223927040204     
   -5.527093596059113         14.23600616205252     
   -5.527093596059113         14.30989472408749     
   -5.527093596059113         14.38390452864260     
   -5.527093596059113         14.45803514537971     
   -5.527093596059113         14.53228614155403     
   -5.527093596059113         14.60665708208079     
   -5.527093596059113         14.68114752960122     
   -5.527093596059113         14.75575704454800     
   -5.527093596059113         14.83048518521008     
   -5.527093596059113         14.90533150779699     
   -5.527093596059113         14.98029556650246     
   -5.467980295566503        0.5901827460185155     
   -5.467980295566503        0.6383246859879448     
   -5.467980295566503        0.6864867558185477     
   -5.467980295566503        0.7346703804507291     
   -5.467980295566503        0.7828769821661479     
   -5.467980295566503        0.8311079804142939     
   -5.467980295566503        0.8793647916398474     
   -5.467980295566503        0.9276488291108121     
   -5.467980295566503        0.9759615027474738     
   -5.467980295566503         1.024304218952232     
   -5.467980295566503         1.072678380440337     
   -5.467980295566503         1.121085386071610     
   -5.467980295566503         1.169526630683144     
   -5.467980295566503         1.218003504923040     
   -5.467980295566503         1.266517395085255     
   -5.467980295566503         1.315069682945545     
   -5.467980295566503         1.363661745598599     
   -5.467980295566503         1.412294955296358     
   -5.467980295566503         1.460970679287577     
   -5.467980295566503         1.509690279658703     
   -5.467980295566503         1.558455113176031     
   -5.467980295566503         1.607266531129257     
   -5.467980295566503         1.656125879176403     
   -5.467980295566503         1.705034497190180     
   -5.467980295566503         1.753993719105825     
   -5.467980295566503         1.803004872770455     
   -5.467980295566503         1.852069279793938     
   -5.467980295566503         1.901188255401346     
   -5.467980295566503         1.950363108287015     
   -5.467980295566503         1.999595140470237     
   -5.467980295566503         2.048885647152663     
   -5.467980295566503         2.098235916577331     
   -5.467980295566503         2.147647229889504     
   -5.467980295566503         2.197120860999235     
   -5.467980295566503         2.246658076445713     
   -5.467980295566503         2.296260135263459     
   -5.467980295566503         2.345928288850353     
   -5.467980295566503         2.395663780837530     
   -5.467980295566503         2.445467846961194     
   -5.467980295566503         2.495341714936336     
   -5.467980295566503         2.545286604332427     
   -5.467980295566503         2.595303726451066     
   -5.467980295566503         2.645394284205619     
   -5.467980295566503         2.695559472002917     
   -5.467980295566503         2.745800475626931     
   -5.467980295566503         2.796118472124562     
   -5.467980295566503         2.846514629693493     
   -5.467980295566503         2.896990107572124     
   -5.467980295566503         2.947546055931647     
   -5.467980295566503         2.998183615770246     
   -5.467980295566503         3.048903918809426     
   -5.467980295566503         3.099708087392552     
   -5.467980295566503         3.150597234385543     
   -5.467980295566503         3.201572463079744     
   -5.467980295566503         3.252634867097027     
   -5.467980295566503         3.303785530297104     
   -5.467980295566503         3.355025526687095     
   -5.467980295566503         3.406355920333276     
   -5.467980295566503         3.457777765275144     
   -5.467980295566503         3.509292105441697     
   -5.467980295566503         3.560899974569995     
   -5.467980295566503         3.612602396126019     
   -5.467980295566503         3.664400383227755     
   -5.467980295566503         3.716294938570621     
   -5.467980295566503         3.768287054355155     
   -5.467980295566503         3.820377712216992     
   -5.467980295566503         3.872567883159169     
   -5.467980295566503         3.924858527486697     
   -5.467980295566503         3.977250594743452     
   -5.467980295566503         4.029745023651369     
   -5.467980295566503         4.082342742051922     
   -5.467980295566503         4.135044666849921     
   -5.467980295566503         4.187851703959623     
   -5.467980295566503         4.240764748253083     
   -5.467980295566503         4.293784683510877     
   -5.467980295566503         4.346912382375035     
   -5.467980295566503         4.400148706304335     
   -5.467980295566503         4.453494505531812     
   -5.467980295566503         4.506950619024605     
   -5.467980295566503         4.560517874445989     
   -5.467980295566503         4.614197088119759     
   -5.467980295566503         4.667989064996787     
   -5.467980295566503         4.721894598623869     
   -5.467980295566503         4.775914471114810     
   -5.467980295566503         4.830049453123672     
   -5.467980295566503         4.884300303820300     
   -5.467980295566503         4.938667770868034     
   -5.467980295566503         4.993152590403565     
   -5.467980295566503         5.047755487019044     
   -5.467980295566503         5.102477173746276     
   -5.467980295566503         5.157318352043106     
   -5.467980295566503         5.212279711781952     
   -5.467980295566503         5.267361931240405     
   -5.467980295566503         5.322565677093978     
   -5.467980295566503         5.377891604410935     
   -5.467980295566503         5.433340356649176     
   -5.467980295566503         5.488912565655180     
   -5.467980295566503         5.544608851664999     
   -5.467980295566503         5.600429823307244     
   -5.467980295566503         5.656376077608095     
   -5.467980295566503         5.712448199998287     
   -5.467980295566503         5.768646764322033     
   -5.467980295566503         5.824972332847921     
   -5.467980295566503         5.881425456281713     
   -5.467980295566503         5.938006673781031     
   -5.467980295566503         5.994716512971964     
   -5.467980295566503         6.051555489967481     
   -5.467980295566503         6.108524109387715     
   -5.467980295566503         6.165622864382035     
   -5.467980295566503         6.222852236652933     
   -5.467980295566503         6.280212696481654     
   -5.467980295566503         6.337704702755588     
   -5.467980295566503         6.395328702997363     
   -5.467980295566503         6.453085133395653     
   -5.467980295566503         6.510974418837655     
   -5.467980295566503         6.568996972943191     
   -5.467980295566503         6.627153198100469     
   -5.467980295566503         6.685443485503412     
   -5.467980295566503         6.743868215190578     
   -5.467980295566503         6.802427756085615     
   -5.467980295566503         6.861122466039248     
   -5.467980295566503         6.919952691872765     
   -5.467980295566503         6.978918769422950     
   -5.467980295566503         7.038021023588496     
   -5.467980295566503         7.097259768377808     
   -5.467980295566503         7.156635306958210     
   -5.467980295566503         7.216147931706518     
   -5.467980295566503         7.275797924260956     
   -5.467980295566503         7.335585555574358     
   -5.467980295566503         7.395511085968706     
   -5.467980295566503         7.455574765190877     
   -5.467980295566503         7.515776832469648     
   -5.467980295566503         7.576117516573909     
   -5.467980295566503         7.636597035872039     
   -5.467980295566503         7.697215598392448     
   -5.467980295566503         7.757973401885232     
   -5.467980295566503         7.818870633884936     
   -5.467980295566503         7.879907471774390     
   -5.467980295566503         7.941084082849565     
   -5.467980295566503         8.002400624385478     
   -5.467980295566503         8.063857243703076     
   -5.467980295566503         8.125454078237061     
   -5.467980295566503         8.187191255604692     
   -5.467980295566503         8.249068893675465     
   -5.467980295566503         8.311087100641695     
   -5.467980295566503         8.373245975089930     
   -5.467980295566503         8.435545606073234     
   -5.467980295566503         8.497986073184252     
   -5.467980295566503         8.560567446629033     
   -5.467980295566503         8.623289787301651     
   -5.467980295566503         8.686153146859512     
   -5.467980295566503         8.749157567799386     
   -5.467980295566503         8.812303083534093     
   -5.467980295566503         8.875589718469866     
   -5.467980295566503         8.939017488084312     
   -5.467980295566503         9.002586399004974     
   -5.467980295566503         9.066296449088483     
   -5.467980295566503         9.130147627500254     
   -5.467980295566503         9.194139914794691     
   -5.467980295566503         9.258273282995903     
   -5.467980295566503         9.322547695678912     
   -5.467980295566503         9.386963108051271     
   -5.467980295566503         9.451519467035148     
   -5.467980295566503         9.516216711349808     
   -5.467980295566503         9.581054771594454     
   -5.467980295566503         9.646033570331447     
   -5.467980295566503         9.711153022169857     
   -5.467980295566503         9.776413033849320     
   -5.467980295566503         9.841813504324184     
   -5.467980295566503         9.907354324847942     
   -5.467980295566503         9.973035379057874     
   -5.467980295566503         10.03885654305996     
   -5.467980295566503         10.10481768551394     
   -5.467980295566503         10.17091866771861     
   -5.467980295566503         10.23715934369725     
   -5.467980295566503         10.30353956028320     
   -5.467980295566503         10.37005915720552     
   -5.467980295566503         10.43671796717483     
   -5.467980295566503         10.50351581596916     
   -5.467980295566503         10.57045252251987     
   -5.467980295566503         10.63752789899763     
   -5.467980295566503         10.70474175089845     
   -5.467980295566503         10.77209387712962     
   -5.467980295566503         10.83958407009575     
   -5.467980295566503         10.90721211578467     
   -5.467980295566503         10.97497779385340     
   -5.467980295566503         11.04288087771391     
   -5.467980295566503         11.11092113461890     
   -5.467980295566503         11.17909832574749     
   -5.467980295566503         11.24741220629066     
   -5.467980295566503         11.31586252553671     
   -5.467980295566503         11.38444902695649     
   -5.467980295566503         11.45317144828847     
   -5.467980295566503         11.52202952162362     
   -5.467980295566503         11.59102297349011     
   -5.467980295566503         11.66015152493785     
   -5.467980295566503         11.72941489162265     
   -5.467980295566503         11.79881278389032     
   -5.467980295566503         11.86834490686041     
   -5.467980295566503         11.93801096050970     
   -5.467980295566503         12.00781063975541     
   -5.467980295566503         12.07774363453811     
   -5.467980295566503         12.14780962990438     
   -5.467980295566503         12.21800830608907     
   -5.467980295566503         12.28833933859724     
   -5.467980295566503         12.35880239828584     
   -5.467980295566503         12.42939715144490     
   -5.467980295566503         12.50012325987849     
   -5.467980295566503         12.57098038098522     
   -5.467980295566503         12.64196816783834     
   -5.467980295566503         12.71308626926553     
   -5.467980295566503         12.78433432992817     
   -5.467980295566503         12.85571199040028     
   -5.467980295566503         12.92721888724701     
   -5.467980295566503         12.99885465310265     
   -5.467980295566503         13.07061891674822     
   -5.467980295566503         13.14251130318866     
   -5.467980295566503         13.21453143372946     
   -5.467980295566503         13.28667892605288     
   -5.467980295566503         13.35895339429368     
   -5.467980295566503         13.43135444911436     
   -5.467980295566503         13.50388169777991     
   -5.467980295566503         13.57653474423200     
   -5.467980295566503         13.64931318916281     
   -5.467980295566503         13.72221663008815     
   -5.467980295566503         13.79524466142022     
   -5.467980295566503         13.86839687453974     
   -5.467980295566503         13.94167285786762     
   -5.467980295566503         14.01507219693601     
   -5.467980295566503         14.08859447445888     
   -5.467980295566503         14.16223927040204     
   -5.467980295566503         14.23600616205252     
   -5.467980295566503         14.30989472408749     
   -5.467980295566503         14.38390452864260     
   -5.467980295566503         14.45803514537971     
   -5.467980295566503         14.53228614155403     
   -5.467980295566503         14.60665708208079     
   -5.467980295566503         14.68114752960122     
   -5.467980295566503         14.75575704454800     
   -5.467980295566503         14.83048518521008     
   -5.467980295566503         14.90533150779699     
   -5.467980295566503         14.98029556650246     
   -5.408866995073891        0.5901827460185155     
   -5.408866995073891        0.6383246859879448     
   -5.408866995073891        0.6864867558185477     
   -5.408866995073891        0.7346703804507291     
   -5.408866995073891        0.7828769821661479     
   -5.408866995073891        0.8311079804142939     
   -5.408866995073891        0.8793647916398474     
   -5.408866995073891        0.9276488291108121     
   -5.408866995073891        0.9759615027474738     
   -5.408866995073891         1.024304218952232     
   -5.408866995073891         1.072678380440337     
   -5.408866995073891         1.121085386071610     
   -5.408866995073891         1.169526630683144     
   -5.408866995073891         1.218003504923040     
   -5.408866995073891         1.266517395085255     
   -5.408866995073891         1.315069682945545     
   -5.408866995073891         1.363661745598599     
   -5.408866995073891         1.412294955296358     
   -5.408866995073891         1.460970679287577     
   -5.408866995073891         1.509690279658703     
   -5.408866995073891         1.558455113176031     
   -5.408866995073891         1.607266531129257     
   -5.408866995073891         1.656125879176403     
   -5.408866995073891         1.705034497190180     
   -5.408866995073891         1.753993719105825     
   -5.408866995073891         1.803004872770455     
   -5.408866995073891         1.852069279793938     
   -5.408866995073891         1.901188255401346     
   -5.408866995073891         1.950363108287015     
   -5.408866995073891         1.999595140470237     
   -5.408866995073891         2.048885647152663     
   -5.408866995073891         2.098235916577331     
   -5.408866995073891         2.147647229889504     
   -5.408866995073891         2.197120860999235     
   -5.408866995073891         2.246658076445713     
   -5.408866995073891         2.296260135263459     
   -5.408866995073891         2.345928288850353     
   -5.408866995073891         2.395663780837530     
   -5.408866995073891         2.445467846961194     
   -5.408866995073891         2.495341714936336     
   -5.408866995073891         2.545286604332427     
   -5.408866995073891         2.595303726451066     
   -5.408866995073891         2.645394284205619     
   -5.408866995073891         2.695559472002917     
   -5.408866995073891         2.745800475626931     
   -5.408866995073891         2.796118472124562     
   -5.408866995073891         2.846514629693493     
   -5.408866995073891         2.896990107572124     
   -5.408866995073891         2.947546055931647     
   -5.408866995073891         2.998183615770246     
   -5.408866995073891         3.048903918809426     
   -5.408866995073891         3.099708087392552     
   -5.408866995073891         3.150597234385543     
   -5.408866995073891         3.201572463079744     
   -5.408866995073891         3.252634867097027     
   -5.408866995073891         3.303785530297104     
   -5.408866995073891         3.355025526687095     
   -5.408866995073891         3.406355920333276     
   -5.408866995073891         3.457777765275144     
   -5.408866995073891         3.509292105441697     
   -5.408866995073891         3.560899974569995     
   -5.408866995073891         3.612602396126019     
   -5.408866995073891         3.664400383227755     
   -5.408866995073891         3.716294938570621     
   -5.408866995073891         3.768287054355155     
   -5.408866995073891         3.820377712216992     
   -5.408866995073891         3.872567883159169     
   -5.408866995073891         3.924858527486697     
   -5.408866995073891         3.977250594743452     
   -5.408866995073891         4.029745023651369     
   -5.408866995073891         4.082342742051922     
   -5.408866995073891         4.135044666849921     
   -5.408866995073891         4.187851703959623     
   -5.408866995073891         4.240764748253083     
   -5.408866995073891         4.293784683510877     
   -5.408866995073891         4.346912382375035     
   -5.408866995073891         4.400148706304335     
   -5.408866995073891         4.453494505531812     
   -5.408866995073891         4.506950619024605     
   -5.408866995073891         4.560517874445989     
   -5.408866995073891         4.614197088119759     
   -5.408866995073891         4.667989064996787     
   -5.408866995073891         4.721894598623869     
   -5.408866995073891         4.775914471114810     
   -5.408866995073891         4.830049453123672     
   -5.408866995073891         4.884300303820300     
   -5.408866995073891         4.938667770868034     
   -5.408866995073891         4.993152590403565     
   -5.408866995073891         5.047755487019044     
   -5.408866995073891         5.102477173746276     
   -5.408866995073891         5.157318352043106     
   -5.408866995073891         5.212279711781952     
   -5.408866995073891         5.267361931240405     
   -5.408866995073891         5.322565677093978     
   -5.408866995073891         5.377891604410935     
   -5.408866995073891         5.433340356649176     
   -5.408866995073891         5.488912565655180     
   -5.408866995073891         5.544608851664999     
   -5.408866995073891         5.600429823307244     
   -5.408866995073891         5.656376077608095     
   -5.408866995073891         5.712448199998287     
   -5.408866995073891         5.768646764322033     
   -5.408866995073891         5.824972332847921     
   -5.408866995073891         5.881425456281713     
   -5.408866995073891         5.938006673781031     
   -5.408866995073891         5.994716512971964     
   -5.408866995073891         6.051555489967481     
   -5.408866995073891         6.108524109387715     
   -5.408866995073891         6.165622864382035     
   -5.408866995073891         6.222852236652933     
   -5.408866995073891         6.280212696481654     
   -5.408866995073891         6.337704702755588     
   -5.408866995073891         6.395328702997363     
   -5.408866995073891         6.453085133395653     
   -5.408866995073891         6.510974418837655     
   -5.408866995073891         6.568996972943191     
   -5.408866995073891         6.627153198100469     
   -5.408866995073891         6.685443485503412     
   -5.408866995073891         6.743868215190578     
   -5.408866995073891         6.802427756085615     
   -5.408866995073891         6.861122466039248     
   -5.408866995073891         6.919952691872765     
   -5.408866995073891         6.978918769422950     
   -5.408866995073891         7.038021023588496     
   -5.408866995073891         7.097259768377808     
   -5.408866995073891         7.156635306958210     
   -5.408866995073891         7.216147931706518     
   -5.408866995073891         7.275797924260956     
   -5.408866995073891         7.335585555574358     
   -5.408866995073891         7.395511085968706     
   -5.408866995073891         7.455574765190877     
   -5.408866995073891         7.515776832469648     
   -5.408866995073891         7.576117516573909     
   -5.408866995073891         7.636597035872039     
   -5.408866995073891         7.697215598392448     
   -5.408866995073891         7.757973401885232     
   -5.408866995073891         7.818870633884936     
   -5.408866995073891         7.879907471774390     
   -5.408866995073891         7.941084082849565     
   -5.408866995073891         8.002400624385478     
   -5.408866995073891         8.063857243703076     
   -5.408866995073891         8.125454078237061     
   -5.408866995073891         8.187191255604692     
   -5.408866995073891         8.249068893675465     
   -5.408866995073891         8.311087100641695     
   -5.408866995073891         8.373245975089930     
   -5.408866995073891         8.435545606073234     
   -5.408866995073891         8.497986073184252     
   -5.408866995073891         8.560567446629033     
   -5.408866995073891         8.623289787301651     
   -5.408866995073891         8.686153146859512     
   -5.408866995073891         8.749157567799386     
   -5.408866995073891         8.812303083534093     
   -5.408866995073891         8.875589718469866     
   -5.408866995073891         8.939017488084312     
   -5.408866995073891         9.002586399004974     
   -5.408866995073891         9.066296449088483     
   -5.408866995073891         9.130147627500254     
   -5.408866995073891         9.194139914794691     
   -5.408866995073891         9.258273282995903     
   -5.408866995073891         9.322547695678912     
   -5.408866995073891         9.386963108051271     
   -5.408866995073891         9.451519467035148     
   -5.408866995073891         9.516216711349808     
   -5.408866995073891         9.581054771594454     
   -5.408866995073891         9.646033570331447     
   -5.408866995073891         9.711153022169857     
   -5.408866995073891         9.776413033849320     
   -5.408866995073891         9.841813504324184     
   -5.408866995073891         9.907354324847942     
   -5.408866995073891         9.973035379057874     
   -5.408866995073891         10.03885654305996     
   -5.408866995073891         10.10481768551394     
   -5.408866995073891         10.17091866771861     
   -5.408866995073891         10.23715934369725     
   -5.408866995073891         10.30353956028320     
   -5.408866995073891         10.37005915720552     
   -5.408866995073891         10.43671796717483     
   -5.408866995073891         10.50351581596916     
   -5.408866995073891         10.57045252251987     
   -5.408866995073891         10.63752789899763     
   -5.408866995073891         10.70474175089845     
   -5.408866995073891         10.77209387712962     
   -5.408866995073891         10.83958407009575     
   -5.408866995073891         10.90721211578467     
   -5.408866995073891         10.97497779385340     
   -5.408866995073891         11.04288087771391     
   -5.408866995073891         11.11092113461890     
   -5.408866995073891         11.17909832574749     
   -5.408866995073891         11.24741220629066     
   -5.408866995073891         11.31586252553671     
   -5.408866995073891         11.38444902695649     
   -5.408866995073891         11.45317144828847     
   -5.408866995073891         11.52202952162362     
   -5.408866995073891         11.59102297349011     
   -5.408866995073891         11.66015152493785     
   -5.408866995073891         11.72941489162265     
   -5.408866995073891         11.79881278389032     
   -5.408866995073891         11.86834490686041     
   -5.408866995073891         11.93801096050970     
   -5.408866995073891         12.00781063975541     
   -5.408866995073891         12.07774363453811     
   -5.408866995073891         12.14780962990438     
   -5.408866995073891         12.21800830608907     
   -5.408866995073891         12.28833933859724     
   -5.408866995073891         12.35880239828584     
   -5.408866995073891         12.42939715144490     
   -5.408866995073891         12.50012325987849     
   -5.408866995073891         12.57098038098522     
   -5.408866995073891         12.64196816783834     
   -5.408866995073891         12.71308626926553     
   -5.408866995073891         12.78433432992817     
   -5.408866995073891         12.85571199040028     
   -5.408866995073891         12.92721888724701     
   -5.408866995073891         12.99885465310265     
   -5.408866995073891         13.07061891674822     
   -5.408866995073891         13.14251130318866     
   -5.408866995073891         13.21453143372946     
   -5.408866995073891         13.28667892605288     
   -5.408866995073891         13.35895339429368     
   -5.408866995073891         13.43135444911436     
   -5.408866995073891         13.50388169777991     
   -5.408866995073891         13.57653474423200     
   -5.408866995073891         13.64931318916281     
   -5.408866995073891         13.72221663008815     
   -5.408866995073891         13.79524466142022     
   -5.408866995073891         13.86839687453974     
   -5.408866995073891         13.94167285786762     
   -5.408866995073891         14.01507219693601     
   -5.408866995073891         14.08859447445888     
   -5.408866995073891         14.16223927040204     
   -5.408866995073891         14.23600616205252     
   -5.408866995073891         14.30989472408749     
   -5.408866995073891         14.38390452864260     
   -5.408866995073891         14.45803514537971     
   -5.408866995073891         14.53228614155403     
   -5.408866995073891         14.60665708208079     
   -5.408866995073891         14.68114752960122     
   -5.408866995073891         14.75575704454800     
   -5.408866995073891         14.83048518521008     
   -5.408866995073891         14.90533150779699     
   -5.408866995073891         14.98029556650246     
   -5.349753694581281        0.5901827460185155     
   -5.349753694581281        0.6383246859879448     
   -5.349753694581281        0.6864867558185477     
   -5.349753694581281        0.7346703804507291     
   -5.349753694581281        0.7828769821661479     
   -5.349753694581281        0.8311079804142939     
   -5.349753694581281        0.8793647916398474     
   -5.349753694581281        0.9276488291108121     
   -5.349753694581281        0.9759615027474738     
   -5.349753694581281         1.024304218952232     
   -5.349753694581281         1.072678380440337     
   -5.349753694581281         1.121085386071610     
   -5.349753694581281         1.169526630683144     
   -5.349753694581281         1.218003504923040     
   -5.349753694581281         1.266517395085255     
   -5.349753694581281         1.315069682945545     
   -5.349753694581281         1.363661745598599     
   -5.349753694581281         1.412294955296358     
   -5.349753694581281         1.460970679287577     
   -5.349753694581281         1.509690279658703     
   -5.349753694581281         1.558455113176031     
   -5.349753694581281         1.607266531129257     
   -5.349753694581281         1.656125879176403     
   -5.349753694581281         1.705034497190180     
   -5.349753694581281         1.753993719105825     
   -5.349753694581281         1.803004872770455     
   -5.349753694581281         1.852069279793938     
   -5.349753694581281         1.901188255401346     
   -5.349753694581281         1.950363108287015     
   -5.349753694581281         1.999595140470237     
   -5.349753694581281         2.048885647152663     
   -5.349753694581281         2.098235916577331     
   -5.349753694581281         2.147647229889504     
   -5.349753694581281         2.197120860999235     
   -5.349753694581281         2.246658076445713     
   -5.349753694581281         2.296260135263459     
   -5.349753694581281         2.345928288850353     
   -5.349753694581281         2.395663780837530     
   -5.349753694581281         2.445467846961194     
   -5.349753694581281         2.495341714936336     
   -5.349753694581281         2.545286604332427     
   -5.349753694581281         2.595303726451066     
   -5.349753694581281         2.645394284205619     
   -5.349753694581281         2.695559472002917     
   -5.349753694581281         2.745800475626931     
   -5.349753694581281         2.796118472124562     
   -5.349753694581281         2.846514629693493     
   -5.349753694581281         2.896990107572124     
   -5.349753694581281         2.947546055931647     
   -5.349753694581281         2.998183615770246     
   -5.349753694581281         3.048903918809426     
   -5.349753694581281         3.099708087392552     
   -5.349753694581281         3.150597234385543     
   -5.349753694581281         3.201572463079744     
   -5.349753694581281         3.252634867097027     
   -5.349753694581281         3.303785530297104     
   -5.349753694581281         3.355025526687095     
   -5.349753694581281         3.406355920333276     
   -5.349753694581281         3.457777765275144     
   -5.349753694581281         3.509292105441697     
   -5.349753694581281         3.560899974569995     
   -5.349753694581281         3.612602396126019     
   -5.349753694581281         3.664400383227755     
   -5.349753694581281         3.716294938570621     
   -5.349753694581281         3.768287054355155     
   -5.349753694581281         3.820377712216992     
   -5.349753694581281         3.872567883159169     
   -5.349753694581281         3.924858527486697     
   -5.349753694581281         3.977250594743452     
   -5.349753694581281         4.029745023651369     
   -5.349753694581281         4.082342742051922     
   -5.349753694581281         4.135044666849921     
   -5.349753694581281         4.187851703959623     
   -5.349753694581281         4.240764748253083     
   -5.349753694581281         4.293784683510877     
   -5.349753694581281         4.346912382375035     
   -5.349753694581281         4.400148706304335     
   -5.349753694581281         4.453494505531812     
   -5.349753694581281         4.506950619024605     
   -5.349753694581281         4.560517874445989     
   -5.349753694581281         4.614197088119759     
   -5.349753694581281         4.667989064996787     
   -5.349753694581281         4.721894598623869     
   -5.349753694581281         4.775914471114810     
   -5.349753694581281         4.830049453123672     
   -5.349753694581281         4.884300303820300     
   -5.349753694581281         4.938667770868034     
   -5.349753694581281         4.993152590403565     
   -5.349753694581281         5.047755487019044     
   -5.349753694581281         5.102477173746276     
   -5.349753694581281         5.157318352043106     
   -5.349753694581281         5.212279711781952     
   -5.349753694581281         5.267361931240405     
   -5.349753694581281         5.322565677093978     
   -5.349753694581281         5.377891604410935     
   -5.349753694581281         5.433340356649176     
   -5.349753694581281         5.488912565655180     
   -5.349753694581281         5.544608851664999     
   -5.349753694581281         5.600429823307244     
   -5.349753694581281         5.656376077608095     
   -5.349753694581281         5.712448199998287     
   -5.349753694581281         5.768646764322033     
   -5.349753694581281         5.824972332847921     
   -5.349753694581281         5.881425456281713     
   -5.349753694581281         5.938006673781031     
   -5.349753694581281         5.994716512971964     
   -5.349753694581281         6.051555489967481     
   -5.349753694581281         6.108524109387715     
   -5.349753694581281         6.165622864382035     
   -5.349753694581281         6.222852236652933     
   -5.349753694581281         6.280212696481654     
   -5.349753694581281         6.337704702755588     
   -5.349753694581281         6.395328702997363     
   -5.349753694581281         6.453085133395653     
   -5.349753694581281         6.510974418837655     
   -5.349753694581281         6.568996972943191     
   -5.349753694581281         6.627153198100469     
   -5.349753694581281         6.685443485503412     
   -5.349753694581281         6.743868215190578     
   -5.349753694581281         6.802427756085615     
   -5.349753694581281         6.861122466039248     
   -5.349753694581281         6.919952691872765     
   -5.349753694581281         6.978918769422950     
   -5.349753694581281         7.038021023588496     
   -5.349753694581281         7.097259768377808     
   -5.349753694581281         7.156635306958210     
   -5.349753694581281         7.216147931706518     
   -5.349753694581281         7.275797924260956     
   -5.349753694581281         7.335585555574358     
   -5.349753694581281         7.395511085968706     
   -5.349753694581281         7.455574765190877     
   -5.349753694581281         7.515776832469648     
   -5.349753694581281         7.576117516573909     
   -5.349753694581281         7.636597035872039     
   -5.349753694581281         7.697215598392448     
   -5.349753694581281         7.757973401885232     
   -5.349753694581281         7.818870633884936     
   -5.349753694581281         7.879907471774390     
   -5.349753694581281         7.941084082849565     
   -5.349753694581281         8.002400624385478     
   -5.349753694581281         8.063857243703076     
   -5.349753694581281         8.125454078237061     
   -5.349753694581281         8.187191255604692     
   -5.349753694581281         8.249068893675465     
   -5.349753694581281         8.311087100641695     
   -5.349753694581281         8.373245975089930     
   -5.349753694581281         8.435545606073234     
   -5.349753694581281         8.497986073184252     
   -5.349753694581281         8.560567446629033     
   -5.349753694581281         8.623289787301651     
   -5.349753694581281         8.686153146859512     
   -5.349753694581281         8.749157567799386     
   -5.349753694581281         8.812303083534093     
   -5.349753694581281         8.875589718469866     
   -5.349753694581281         8.939017488084312     
   -5.349753694581281         9.002586399004974     
   -5.349753694581281         9.066296449088483     
   -5.349753694581281         9.130147627500254     
   -5.349753694581281         9.194139914794691     
   -5.349753694581281         9.258273282995903     
   -5.349753694581281         9.322547695678912     
   -5.349753694581281         9.386963108051271     
   -5.349753694581281         9.451519467035148     
   -5.349753694581281         9.516216711349808     
   -5.349753694581281         9.581054771594454     
   -5.349753694581281         9.646033570331447     
   -5.349753694581281         9.711153022169857     
   -5.349753694581281         9.776413033849320     
   -5.349753694581281         9.841813504324184     
   -5.349753694581281         9.907354324847942     
   -5.349753694581281         9.973035379057874     
   -5.349753694581281         10.03885654305996     
   -5.349753694581281         10.10481768551394     
   -5.349753694581281         10.17091866771861     
   -5.349753694581281         10.23715934369725     
   -5.349753694581281         10.30353956028320     
   -5.349753694581281         10.37005915720552     
   -5.349753694581281         10.43671796717483     
   -5.349753694581281         10.50351581596916     
   -5.349753694581281         10.57045252251987     
   -5.349753694581281         10.63752789899763     
   -5.349753694581281         10.70474175089845     
   -5.349753694581281         10.77209387712962     
   -5.349753694581281         10.83958407009575     
   -5.349753694581281         10.90721211578467     
   -5.349753694581281         10.97497779385340     
   -5.349753694581281         11.04288087771391     
   -5.349753694581281         11.11092113461890     
   -5.349753694581281         11.17909832574749     
   -5.349753694581281         11.24741220629066     
   -5.349753694581281         11.31586252553671     
   -5.349753694581281         11.38444902695649     
   -5.349753694581281         11.45317144828847     
   -5.349753694581281         11.52202952162362     
   -5.349753694581281         11.59102297349011     
   -5.349753694581281         11.66015152493785     
   -5.349753694581281         11.72941489162265     
   -5.349753694581281         11.79881278389032     
   -5.349753694581281         11.86834490686041     
   -5.349753694581281         11.93801096050970     
   -5.349753694581281         12.00781063975541     
   -5.349753694581281         12.07774363453811     
   -5.349753694581281         12.14780962990438     
   -5.349753694581281         12.21800830608907     
   -5.349753694581281         12.28833933859724     
   -5.349753694581281         12.35880239828584     
   -5.349753694581281         12.42939715144490     
   -5.349753694581281         12.50012325987849     
   -5.349753694581281         12.57098038098522     
   -5.349753694581281         12.64196816783834     
   -5.349753694581281         12.71308626926553     
   -5.349753694581281         12.78433432992817     
   -5.349753694581281         12.85571199040028     
   -5.349753694581281         12.92721888724701     
   -5.349753694581281         12.99885465310265     
   -5.349753694581281         13.07061891674822     
   -5.349753694581281         13.14251130318866     
   -5.349753694581281         13.21453143372946     
   -5.349753694581281         13.28667892605288     
   -5.349753694581281         13.35895339429368     
   -5.349753694581281         13.43135444911436     
   -5.349753694581281         13.50388169777991     
   -5.349753694581281         13.57653474423200     
   -5.349753694581281         13.64931318916281     
   -5.349753694581281         13.72221663008815     
   -5.349753694581281         13.79524466142022     
   -5.349753694581281         13.86839687453974     
   -5.349753694581281         13.94167285786762     
   -5.349753694581281         14.01507219693601     
   -5.349753694581281         14.08859447445888     
   -5.349753694581281         14.16223927040204     
   -5.349753694581281         14.23600616205252     
   -5.349753694581281         14.30989472408749     
   -5.349753694581281         14.38390452864260     
   -5.349753694581281         14.45803514537971     
   -5.349753694581281         14.53228614155403     
   -5.349753694581281         14.60665708208079     
   -5.349753694581281         14.68114752960122     
   -5.349753694581281         14.75575704454800     
   -5.349753694581281         14.83048518521008     
   -5.349753694581281         14.90533150779699     
   -5.349753694581281         14.98029556650246     
   -5.290640394088670        0.5901827460185155     
   -5.290640394088670        0.6383246859879448     
   -5.290640394088670        0.6864867558185477     
   -5.290640394088670        0.7346703804507291     
   -5.290640394088670        0.7828769821661479     
   -5.290640394088670        0.8311079804142939     
   -5.290640394088670        0.8793647916398474     
   -5.290640394088670        0.9276488291108121     
   -5.290640394088670        0.9759615027474738     
   -5.290640394088670         1.024304218952232     
   -5.290640394088670         1.072678380440337     
   -5.290640394088670         1.121085386071610     
   -5.290640394088670         1.169526630683144     
   -5.290640394088670         1.218003504923040     
   -5.290640394088670         1.266517395085255     
   -5.290640394088670         1.315069682945545     
   -5.290640394088670         1.363661745598599     
   -5.290640394088670         1.412294955296358     
   -5.290640394088670         1.460970679287577     
   -5.290640394088670         1.509690279658703     
   -5.290640394088670         1.558455113176031     
   -5.290640394088670         1.607266531129257     
   -5.290640394088670         1.656125879176403     
   -5.290640394088670         1.705034497190180     
   -5.290640394088670         1.753993719105825     
   -5.290640394088670         1.803004872770455     
   -5.290640394088670         1.852069279793938     
   -5.290640394088670         1.901188255401346     
   -5.290640394088670         1.950363108287015     
   -5.290640394088670         1.999595140470237     
   -5.290640394088670         2.048885647152663     
   -5.290640394088670         2.098235916577331     
   -5.290640394088670         2.147647229889504     
   -5.290640394088670         2.197120860999235     
   -5.290640394088670         2.246658076445713     
   -5.290640394088670         2.296260135263459     
   -5.290640394088670         2.345928288850353     
   -5.290640394088670         2.395663780837530     
   -5.290640394088670         2.445467846961194     
   -5.290640394088670         2.495341714936336     
   -5.290640394088670         2.545286604332427     
   -5.290640394088670         2.595303726451066     
   -5.290640394088670         2.645394284205619     
   -5.290640394088670         2.695559472002917     
   -5.290640394088670         2.745800475626931     
   -5.290640394088670         2.796118472124562     
   -5.290640394088670         2.846514629693493     
   -5.290640394088670         2.896990107572124     
   -5.290640394088670         2.947546055931647     
   -5.290640394088670         2.998183615770246     
   -5.290640394088670         3.048903918809426     
   -5.290640394088670         3.099708087392552     
   -5.290640394088670         3.150597234385543     
   -5.290640394088670         3.201572463079744     
   -5.290640394088670         3.252634867097027     
   -5.290640394088670         3.303785530297104     
   -5.290640394088670         3.355025526687095     
   -5.290640394088670         3.406355920333276     
   -5.290640394088670         3.457777765275144     
   -5.290640394088670         3.509292105441697     
   -5.290640394088670         3.560899974569995     
   -5.290640394088670         3.612602396126019     
   -5.290640394088670         3.664400383227755     
   -5.290640394088670         3.716294938570621     
   -5.290640394088670         3.768287054355155     
   -5.290640394088670         3.820377712216992     
   -5.290640394088670         3.872567883159169     
   -5.290640394088670         3.924858527486697     
   -5.290640394088670         3.977250594743452     
   -5.290640394088670         4.029745023651369     
   -5.290640394088670         4.082342742051922     
   -5.290640394088670         4.135044666849921     
   -5.290640394088670         4.187851703959623     
   -5.290640394088670         4.240764748253083     
   -5.290640394088670         4.293784683510877     
   -5.290640394088670         4.346912382375035     
   -5.290640394088670         4.400148706304335     
   -5.290640394088670         4.453494505531812     
   -5.290640394088670         4.506950619024605     
   -5.290640394088670         4.560517874445989     
   -5.290640394088670         4.614197088119759     
   -5.290640394088670         4.667989064996787     
   -5.290640394088670         4.721894598623869     
   -5.290640394088670         4.775914471114810     
   -5.290640394088670         4.830049453123672     
   -5.290640394088670         4.884300303820300     
   -5.290640394088670         4.938667770868034     
   -5.290640394088670         4.993152590403565     
   -5.290640394088670         5.047755487019044     
   -5.290640394088670         5.102477173746276     
   -5.290640394088670         5.157318352043106     
   -5.290640394088670         5.212279711781952     
   -5.290640394088670         5.267361931240405     
   -5.290640394088670         5.322565677093978     
   -5.290640394088670         5.377891604410935     
   -5.290640394088670         5.433340356649176     
   -5.290640394088670         5.488912565655180     
   -5.290640394088670         5.544608851664999     
   -5.290640394088670         5.600429823307244     
   -5.290640394088670         5.656376077608095     
   -5.290640394088670         5.712448199998287     
   -5.290640394088670         5.768646764322033     
   -5.290640394088670         5.824972332847921     
   -5.290640394088670         5.881425456281713     
   -5.290640394088670         5.938006673781031     
   -5.290640394088670         5.994716512971964     
   -5.290640394088670         6.051555489967481     
   -5.290640394088670         6.108524109387715     
   -5.290640394088670         6.165622864382035     
   -5.290640394088670         6.222852236652933     
   -5.290640394088670         6.280212696481654     
   -5.290640394088670         6.337704702755588     
   -5.290640394088670         6.395328702997363     
   -5.290640394088670         6.453085133395653     
   -5.290640394088670         6.510974418837655     
   -5.290640394088670         6.568996972943191     
   -5.290640394088670         6.627153198100469     
   -5.290640394088670         6.685443485503412     
   -5.290640394088670         6.743868215190578     
   -5.290640394088670         6.802427756085615     
   -5.290640394088670         6.861122466039248     
   -5.290640394088670         6.919952691872765     
   -5.290640394088670         6.978918769422950     
   -5.290640394088670         7.038021023588496     
   -5.290640394088670         7.097259768377808     
   -5.290640394088670         7.156635306958210     
   -5.290640394088670         7.216147931706518     
   -5.290640394088670         7.275797924260956     
   -5.290640394088670         7.335585555574358     
   -5.290640394088670         7.395511085968706     
   -5.290640394088670         7.455574765190877     
   -5.290640394088670         7.515776832469648     
   -5.290640394088670         7.576117516573909     
   -5.290640394088670         7.636597035872039     
   -5.290640394088670         7.697215598392448     
   -5.290640394088670         7.757973401885232     
   -5.290640394088670         7.818870633884936     
   -5.290640394088670         7.879907471774390     
   -5.290640394088670         7.941084082849565     
   -5.290640394088670         8.002400624385478     
   -5.290640394088670         8.063857243703076     
   -5.290640394088670         8.125454078237061     
   -5.290640394088670         8.187191255604692     
   -5.290640394088670         8.249068893675465     
   -5.290640394088670         8.311087100641695     
   -5.290640394088670         8.373245975089930     
   -5.290640394088670         8.435545606073234     
   -5.290640394088670         8.497986073184252     
   -5.290640394088670         8.560567446629033     
   -5.290640394088670         8.623289787301651     
   -5.290640394088670         8.686153146859512     
   -5.290640394088670         8.749157567799386     
   -5.290640394088670         8.812303083534093     
   -5.290640394088670         8.875589718469866     
   -5.290640394088670         8.939017488084312     
   -5.290640394088670         9.002586399004974     
   -5.290640394088670         9.066296449088483     
   -5.290640394088670         9.130147627500254     
   -5.290640394088670         9.194139914794691     
   -5.290640394088670         9.258273282995903     
   -5.290640394088670         9.322547695678912     
   -5.290640394088670         9.386963108051271     
   -5.290640394088670         9.451519467035148     
   -5.290640394088670         9.516216711349808     
   -5.290640394088670         9.581054771594454     
   -5.290640394088670         9.646033570331447     
   -5.290640394088670         9.711153022169857     
   -5.290640394088670         9.776413033849320     
   -5.290640394088670         9.841813504324184     
   -5.290640394088670         9.907354324847942     
   -5.290640394088670         9.973035379057874     
   -5.290640394088670         10.03885654305996     
   -5.290640394088670         10.10481768551394     
   -5.290640394088670         10.17091866771861     
   -5.290640394088670         10.23715934369725     
   -5.290640394088670         10.30353956028320     
   -5.290640394088670         10.37005915720552     
   -5.290640394088670         10.43671796717483     
   -5.290640394088670         10.50351581596916     
   -5.290640394088670         10.57045252251987     
   -5.290640394088670         10.63752789899763     
   -5.290640394088670         10.70474175089845     
   -5.290640394088670         10.77209387712962     
   -5.290640394088670         10.83958407009575     
   -5.290640394088670         10.90721211578467     
   -5.290640394088670         10.97497779385340     
   -5.290640394088670         11.04288087771391     
   -5.290640394088670         11.11092113461890     
   -5.290640394088670         11.17909832574749     
   -5.290640394088670         11.24741220629066     
   -5.290640394088670         11.31586252553671     
   -5.290640394088670         11.38444902695649     
   -5.290640394088670         11.45317144828847     
   -5.290640394088670         11.52202952162362     
   -5.290640394088670         11.59102297349011     
   -5.290640394088670         11.66015152493785     
   -5.290640394088670         11.72941489162265     
   -5.290640394088670         11.79881278389032     
   -5.290640394088670         11.86834490686041     
   -5.290640394088670         11.93801096050970     
   -5.290640394088670         12.00781063975541     
   -5.290640394088670         12.07774363453811     
   -5.290640394088670         12.14780962990438     
   -5.290640394088670         12.21800830608907     
   -5.290640394088670         12.28833933859724     
   -5.290640394088670         12.35880239828584     
   -5.290640394088670         12.42939715144490     
   -5.290640394088670         12.50012325987849     
   -5.290640394088670         12.57098038098522     
   -5.290640394088670         12.64196816783834     
   -5.290640394088670         12.71308626926553     
   -5.290640394088670         12.78433432992817     
   -5.290640394088670         12.85571199040028     
   -5.290640394088670         12.92721888724701     
   -5.290640394088670         12.99885465310265     
   -5.290640394088670         13.07061891674822     
   -5.290640394088670         13.14251130318866     
   -5.290640394088670         13.21453143372946     
   -5.290640394088670         13.28667892605288     
   -5.290640394088670         13.35895339429368     
   -5.290640394088670         13.43135444911436     
   -5.290640394088670         13.50388169777991     
   -5.290640394088670         13.57653474423200     
   -5.290640394088670         13.64931318916281     
   -5.290640394088670         13.72221663008815     
   -5.290640394088670         13.79524466142022     
   -5.290640394088670         13.86839687453974     
   -5.290640394088670         13.94167285786762     
   -5.290640394088670         14.01507219693601     
   -5.290640394088670         14.08859447445888     
   -5.290640394088670         14.16223927040204     
   -5.290640394088670         14.23600616205252     
   -5.290640394088670         14.30989472408749     
   -5.290640394088670         14.38390452864260     
   -5.290640394088670         14.45803514537971     
   -5.290640394088670         14.53228614155403     
   -5.290640394088670         14.60665708208079     
   -5.290640394088670         14.68114752960122     
   -5.290640394088670         14.75575704454800     
   -5.290640394088670         14.83048518521008     
   -5.290640394088670         14.90533150779699     
   -5.290640394088670         14.98029556650246     
   -5.231527093596059        0.5901827460185155     
   -5.231527093596059        0.6383246859879448     
   -5.231527093596059        0.6864867558185477     
   -5.231527093596059        0.7346703804507291     
   -5.231527093596059        0.7828769821661479     
   -5.231527093596059        0.8311079804142939     
   -5.231527093596059        0.8793647916398474     
   -5.231527093596059        0.9276488291108121     
   -5.231527093596059        0.9759615027474738     
   -5.231527093596059         1.024304218952232     
   -5.231527093596059         1.072678380440337     
   -5.231527093596059         1.121085386071610     
   -5.231527093596059         1.169526630683144     
   -5.231527093596059         1.218003504923040     
   -5.231527093596059         1.266517395085255     
   -5.231527093596059         1.315069682945545     
   -5.231527093596059         1.363661745598599     
   -5.231527093596059         1.412294955296358     
   -5.231527093596059         1.460970679287577     
   -5.231527093596059         1.509690279658703     
   -5.231527093596059         1.558455113176031     
   -5.231527093596059         1.607266531129257     
   -5.231527093596059         1.656125879176403     
   -5.231527093596059         1.705034497190180     
   -5.231527093596059         1.753993719105825     
   -5.231527093596059         1.803004872770455     
   -5.231527093596059         1.852069279793938     
   -5.231527093596059         1.901188255401346     
   -5.231527093596059         1.950363108287015     
   -5.231527093596059         1.999595140470237     
   -5.231527093596059         2.048885647152663     
   -5.231527093596059         2.098235916577331     
   -5.231527093596059         2.147647229889504     
   -5.231527093596059         2.197120860999235     
   -5.231527093596059         2.246658076445713     
   -5.231527093596059         2.296260135263459     
   -5.231527093596059         2.345928288850353     
   -5.231527093596059         2.395663780837530     
   -5.231527093596059         2.445467846961194     
   -5.231527093596059         2.495341714936336     
   -5.231527093596059         2.545286604332427     
   -5.231527093596059         2.595303726451066     
   -5.231527093596059         2.645394284205619     
   -5.231527093596059         2.695559472002917     
   -5.231527093596059         2.745800475626931     
   -5.231527093596059         2.796118472124562     
   -5.231527093596059         2.846514629693493     
   -5.231527093596059         2.896990107572124     
   -5.231527093596059         2.947546055931647     
   -5.231527093596059         2.998183615770246     
   -5.231527093596059         3.048903918809426     
   -5.231527093596059         3.099708087392552     
   -5.231527093596059         3.150597234385543     
   -5.231527093596059         3.201572463079744     
   -5.231527093596059         3.252634867097027     
   -5.231527093596059         3.303785530297104     
   -5.231527093596059         3.355025526687095     
   -5.231527093596059         3.406355920333276     
   -5.231527093596059         3.457777765275144     
   -5.231527093596059         3.509292105441697     
   -5.231527093596059         3.560899974569995     
   -5.231527093596059         3.612602396126019     
   -5.231527093596059         3.664400383227755     
   -5.231527093596059         3.716294938570621     
   -5.231527093596059         3.768287054355155     
   -5.231527093596059         3.820377712216992     
   -5.231527093596059         3.872567883159169     
   -5.231527093596059         3.924858527486697     
   -5.231527093596059         3.977250594743452     
   -5.231527093596059         4.029745023651369     
   -5.231527093596059         4.082342742051922     
   -5.231527093596059         4.135044666849921     
   -5.231527093596059         4.187851703959623     
   -5.231527093596059         4.240764748253083     
   -5.231527093596059         4.293784683510877     
   -5.231527093596059         4.346912382375035     
   -5.231527093596059         4.400148706304335     
   -5.231527093596059         4.453494505531812     
   -5.231527093596059         4.506950619024605     
   -5.231527093596059         4.560517874445989     
   -5.231527093596059         4.614197088119759     
   -5.231527093596059         4.667989064996787     
   -5.231527093596059         4.721894598623869     
   -5.231527093596059         4.775914471114810     
   -5.231527093596059         4.830049453123672     
   -5.231527093596059         4.884300303820300     
   -5.231527093596059         4.938667770868034     
   -5.231527093596059         4.993152590403565     
   -5.231527093596059         5.047755487019044     
   -5.231527093596059         5.102477173746276     
   -5.231527093596059         5.157318352043106     
   -5.231527093596059         5.212279711781952     
   -5.231527093596059         5.267361931240405     
   -5.231527093596059         5.322565677093978     
   -5.231527093596059         5.377891604410935     
   -5.231527093596059         5.433340356649176     
   -5.231527093596059         5.488912565655180     
   -5.231527093596059         5.544608851664999     
   -5.231527093596059         5.600429823307244     
   -5.231527093596059         5.656376077608095     
   -5.231527093596059         5.712448199998287     
   -5.231527093596059         5.768646764322033     
   -5.231527093596059         5.824972332847921     
   -5.231527093596059         5.881425456281713     
   -5.231527093596059         5.938006673781031     
   -5.231527093596059         5.994716512971964     
   -5.231527093596059         6.051555489967481     
   -5.231527093596059         6.108524109387715     
   -5.231527093596059         6.165622864382035     
   -5.231527093596059         6.222852236652933     
   -5.231527093596059         6.280212696481654     
   -5.231527093596059         6.337704702755588     
   -5.231527093596059         6.395328702997363     
   -5.231527093596059         6.453085133395653     
   -5.231527093596059         6.510974418837655     
   -5.231527093596059         6.568996972943191     
   -5.231527093596059         6.627153198100469     
   -5.231527093596059         6.685443485503412     
   -5.231527093596059         6.743868215190578     
   -5.231527093596059         6.802427756085615     
   -5.231527093596059         6.861122466039248     
   -5.231527093596059         6.919952691872765     
   -5.231527093596059         6.978918769422950     
   -5.231527093596059         7.038021023588496     
   -5.231527093596059         7.097259768377808     
   -5.231527093596059         7.156635306958210     
   -5.231527093596059         7.216147931706518     
   -5.231527093596059         7.275797924260956     
   -5.231527093596059         7.335585555574358     
   -5.231527093596059         7.395511085968706     
   -5.231527093596059         7.455574765190877     
   -5.231527093596059         7.515776832469648     
   -5.231527093596059         7.576117516573909     
   -5.231527093596059         7.636597035872039     
   -5.231527093596059         7.697215598392448     
   -5.231527093596059         7.757973401885232     
   -5.231527093596059         7.818870633884936     
   -5.231527093596059         7.879907471774390     
   -5.231527093596059         7.941084082849565     
   -5.231527093596059         8.002400624385478     
   -5.231527093596059         8.063857243703076     
   -5.231527093596059         8.125454078237061     
   -5.231527093596059         8.187191255604692     
   -5.231527093596059         8.249068893675465     
   -5.231527093596059         8.311087100641695     
   -5.231527093596059         8.373245975089930     
   -5.231527093596059         8.435545606073234     
   -5.231527093596059         8.497986073184252     
   -5.231527093596059         8.560567446629033     
   -5.231527093596059         8.623289787301651     
   -5.231527093596059         8.686153146859512     
   -5.231527093596059         8.749157567799386     
   -5.231527093596059         8.812303083534093     
   -5.231527093596059         8.875589718469866     
   -5.231527093596059         8.939017488084312     
   -5.231527093596059         9.002586399004974     
   -5.231527093596059         9.066296449088483     
   -5.231527093596059         9.130147627500254     
   -5.231527093596059         9.194139914794691     
   -5.231527093596059         9.258273282995903     
   -5.231527093596059         9.322547695678912     
   -5.231527093596059         9.386963108051271     
   -5.231527093596059         9.451519467035148     
   -5.231527093596059         9.516216711349808     
   -5.231527093596059         9.581054771594454     
   -5.231527093596059         9.646033570331447     
   -5.231527093596059         9.711153022169857     
   -5.231527093596059         9.776413033849320     
   -5.231527093596059         9.841813504324184     
   -5.231527093596059         9.907354324847942     
   -5.231527093596059         9.973035379057874     
   -5.231527093596059         10.03885654305996     
   -5.231527093596059         10.10481768551394     
   -5.231527093596059         10.17091866771861     
   -5.231527093596059         10.23715934369725     
   -5.231527093596059         10.30353956028320     
   -5.231527093596059         10.37005915720552     
   -5.231527093596059         10.43671796717483     
   -5.231527093596059         10.50351581596916     
   -5.231527093596059         10.57045252251987     
   -5.231527093596059         10.63752789899763     
   -5.231527093596059         10.70474175089845     
   -5.231527093596059         10.77209387712962     
   -5.231527093596059         10.83958407009575     
   -5.231527093596059         10.90721211578467     
   -5.231527093596059         10.97497779385340     
   -5.231527093596059         11.04288087771391     
   -5.231527093596059         11.11092113461890     
   -5.231527093596059         11.17909832574749     
   -5.231527093596059         11.24741220629066     
   -5.231527093596059         11.31586252553671     
   -5.231527093596059         11.38444902695649     
   -5.231527093596059         11.45317144828847     
   -5.231527093596059         11.52202952162362     
   -5.231527093596059         11.59102297349011     
   -5.231527093596059         11.66015152493785     
   -5.231527093596059         11.72941489162265     
   -5.231527093596059         11.79881278389032     
   -5.231527093596059         11.86834490686041     
   -5.231527093596059         11.93801096050970     
   -5.231527093596059         12.00781063975541     
   -5.231527093596059         12.07774363453811     
   -5.231527093596059         12.14780962990438     
   -5.231527093596059         12.21800830608907     
   -5.231527093596059         12.28833933859724     
   -5.231527093596059         12.35880239828584     
   -5.231527093596059         12.42939715144490     
   -5.231527093596059         12.50012325987849     
   -5.231527093596059         12.57098038098522     
   -5.231527093596059         12.64196816783834     
   -5.231527093596059         12.71308626926553     
   -5.231527093596059         12.78433432992817     
   -5.231527093596059         12.85571199040028     
   -5.231527093596059         12.92721888724701     
   -5.231527093596059         12.99885465310265     
   -5.231527093596059         13.07061891674822     
   -5.231527093596059         13.14251130318866     
   -5.231527093596059         13.21453143372946     
   -5.231527093596059         13.28667892605288     
   -5.231527093596059         13.35895339429368     
   -5.231527093596059         13.43135444911436     
   -5.231527093596059         13.50388169777991     
   -5.231527093596059         13.57653474423200     
   -5.231527093596059         13.64931318916281     
   -5.231527093596059         13.72221663008815     
   -5.231527093596059         13.79524466142022     
   -5.231527093596059         13.86839687453974     
   -5.231527093596059         13.94167285786762     
   -5.231527093596059         14.01507219693601     
   -5.231527093596059         14.08859447445888     
   -5.231527093596059         14.16223927040204     
   -5.231527093596059         14.23600616205252     
   -5.231527093596059         14.30989472408749     
   -5.231527093596059         14.38390452864260     
   -5.231527093596059         14.45803514537971     
   -5.231527093596059         14.53228614155403     
   -5.231527093596059         14.60665708208079     
   -5.231527093596059         14.68114752960122     
   -5.231527093596059         14.75575704454800     
   -5.231527093596059         14.83048518521008     
   -5.231527093596059         14.90533150779699     
   -5.231527093596059         14.98029556650246     
   -5.172413793103448        0.5901827460185155     
   -5.172413793103448        0.6383246859879448     
   -5.172413793103448        0.6864867558185477     
   -5.172413793103448        0.7346703804507291     
   -5.172413793103448        0.7828769821661479     
   -5.172413793103448        0.8311079804142939     
   -5.172413793103448        0.8793647916398474     
   -5.172413793103448        0.9276488291108121     
   -5.172413793103448        0.9759615027474738     
   -5.172413793103448         1.024304218952232     
   -5.172413793103448         1.072678380440337     
   -5.172413793103448         1.121085386071610     
   -5.172413793103448         1.169526630683144     
   -5.172413793103448         1.218003504923040     
   -5.172413793103448         1.266517395085255     
   -5.172413793103448         1.315069682945545     
   -5.172413793103448         1.363661745598599     
   -5.172413793103448         1.412294955296358     
   -5.172413793103448         1.460970679287577     
   -5.172413793103448         1.509690279658703     
   -5.172413793103448         1.558455113176031     
   -5.172413793103448         1.607266531129257     
   -5.172413793103448         1.656125879176403     
   -5.172413793103448         1.705034497190180     
   -5.172413793103448         1.753993719105825     
   -5.172413793103448         1.803004872770455     
   -5.172413793103448         1.852069279793938     
   -5.172413793103448         1.901188255401346     
   -5.172413793103448         1.950363108287015     
   -5.172413793103448         1.999595140470237     
   -5.172413793103448         2.048885647152663     
   -5.172413793103448         2.098235916577331     
   -5.172413793103448         2.147647229889504     
   -5.172413793103448         2.197120860999235     
   -5.172413793103448         2.246658076445713     
   -5.172413793103448         2.296260135263459     
   -5.172413793103448         2.345928288850353     
   -5.172413793103448         2.395663780837530     
   -5.172413793103448         2.445467846961194     
   -5.172413793103448         2.495341714936336     
   -5.172413793103448         2.545286604332427     
   -5.172413793103448         2.595303726451066     
   -5.172413793103448         2.645394284205619     
   -5.172413793103448         2.695559472002917     
   -5.172413793103448         2.745800475626931     
   -5.172413793103448         2.796118472124562     
   -5.172413793103448         2.846514629693493     
   -5.172413793103448         2.896990107572124     
   -5.172413793103448         2.947546055931647     
   -5.172413793103448         2.998183615770246     
   -5.172413793103448         3.048903918809426     
   -5.172413793103448         3.099708087392552     
   -5.172413793103448         3.150597234385543     
   -5.172413793103448         3.201572463079744     
   -5.172413793103448         3.252634867097027     
   -5.172413793103448         3.303785530297104     
   -5.172413793103448         3.355025526687095     
   -5.172413793103448         3.406355920333276     
   -5.172413793103448         3.457777765275144     
   -5.172413793103448         3.509292105441697     
   -5.172413793103448         3.560899974569995     
   -5.172413793103448         3.612602396126019     
   -5.172413793103448         3.664400383227755     
   -5.172413793103448         3.716294938570621     
   -5.172413793103448         3.768287054355155     
   -5.172413793103448         3.820377712216992     
   -5.172413793103448         3.872567883159169     
   -5.172413793103448         3.924858527486697     
   -5.172413793103448         3.977250594743452     
   -5.172413793103448         4.029745023651369     
   -5.172413793103448         4.082342742051922     
   -5.172413793103448         4.135044666849921     
   -5.172413793103448         4.187851703959623     
   -5.172413793103448         4.240764748253083     
   -5.172413793103448         4.293784683510877     
   -5.172413793103448         4.346912382375035     
   -5.172413793103448         4.400148706304335     
   -5.172413793103448         4.453494505531812     
   -5.172413793103448         4.506950619024605     
   -5.172413793103448         4.560517874445989     
   -5.172413793103448         4.614197088119759     
   -5.172413793103448         4.667989064996787     
   -5.172413793103448         4.721894598623869     
   -5.172413793103448         4.775914471114810     
   -5.172413793103448         4.830049453123672     
   -5.172413793103448         4.884300303820300     
   -5.172413793103448         4.938667770868034     
   -5.172413793103448         4.993152590403565     
   -5.172413793103448         5.047755487019044     
   -5.172413793103448         5.102477173746276     
   -5.172413793103448         5.157318352043106     
   -5.172413793103448         5.212279711781952     
   -5.172413793103448         5.267361931240405     
   -5.172413793103448         5.322565677093978     
   -5.172413793103448         5.377891604410935     
   -5.172413793103448         5.433340356649176     
   -5.172413793103448         5.488912565655180     
   -5.172413793103448         5.544608851664999     
   -5.172413793103448         5.600429823307244     
   -5.172413793103448         5.656376077608095     
   -5.172413793103448         5.712448199998287     
   -5.172413793103448         5.768646764322033     
   -5.172413793103448         5.824972332847921     
   -5.172413793103448         5.881425456281713     
   -5.172413793103448         5.938006673781031     
   -5.172413793103448         5.994716512971964     
   -5.172413793103448         6.051555489967481     
   -5.172413793103448         6.108524109387715     
   -5.172413793103448         6.165622864382035     
   -5.172413793103448         6.222852236652933     
   -5.172413793103448         6.280212696481654     
   -5.172413793103448         6.337704702755588     
   -5.172413793103448         6.395328702997363     
   -5.172413793103448         6.453085133395653     
   -5.172413793103448         6.510974418837655     
   -5.172413793103448         6.568996972943191     
   -5.172413793103448         6.627153198100469     
   -5.172413793103448         6.685443485503412     
   -5.172413793103448         6.743868215190578     
   -5.172413793103448         6.802427756085615     
   -5.172413793103448         6.861122466039248     
   -5.172413793103448         6.919952691872765     
   -5.172413793103448         6.978918769422950     
   -5.172413793103448         7.038021023588496     
   -5.172413793103448         7.097259768377808     
   -5.172413793103448         7.156635306958210     
   -5.172413793103448         7.216147931706518     
   -5.172413793103448         7.275797924260956     
   -5.172413793103448         7.335585555574358     
   -5.172413793103448         7.395511085968706     
   -5.172413793103448         7.455574765190877     
   -5.172413793103448         7.515776832469648     
   -5.172413793103448         7.576117516573909     
   -5.172413793103448         7.636597035872039     
   -5.172413793103448         7.697215598392448     
   -5.172413793103448         7.757973401885232     
   -5.172413793103448         7.818870633884936     
   -5.172413793103448         7.879907471774390     
   -5.172413793103448         7.941084082849565     
   -5.172413793103448         8.002400624385478     
   -5.172413793103448         8.063857243703076     
   -5.172413793103448         8.125454078237061     
   -5.172413793103448         8.187191255604692     
   -5.172413793103448         8.249068893675465     
   -5.172413793103448         8.311087100641695     
   -5.172413793103448         8.373245975089930     
   -5.172413793103448         8.435545606073234     
   -5.172413793103448         8.497986073184252     
   -5.172413793103448         8.560567446629033     
   -5.172413793103448         8.623289787301651     
   -5.172413793103448         8.686153146859512     
   -5.172413793103448         8.749157567799386     
   -5.172413793103448         8.812303083534093     
   -5.172413793103448         8.875589718469866     
   -5.172413793103448         8.939017488084312     
   -5.172413793103448         9.002586399004974     
   -5.172413793103448         9.066296449088483     
   -5.172413793103448         9.130147627500254     
   -5.172413793103448         9.194139914794691     
   -5.172413793103448         9.258273282995903     
   -5.172413793103448         9.322547695678912     
   -5.172413793103448         9.386963108051271     
   -5.172413793103448         9.451519467035148     
   -5.172413793103448         9.516216711349808     
   -5.172413793103448         9.581054771594454     
   -5.172413793103448         9.646033570331447     
   -5.172413793103448         9.711153022169857     
   -5.172413793103448         9.776413033849320     
   -5.172413793103448         9.841813504324184     
   -5.172413793103448         9.907354324847942     
   -5.172413793103448         9.973035379057874     
   -5.172413793103448         10.03885654305996     
   -5.172413793103448         10.10481768551394     
   -5.172413793103448         10.17091866771861     
   -5.172413793103448         10.23715934369725     
   -5.172413793103448         10.30353956028320     
   -5.172413793103448         10.37005915720552     
   -5.172413793103448         10.43671796717483     
   -5.172413793103448         10.50351581596916     
   -5.172413793103448         10.57045252251987     
   -5.172413793103448         10.63752789899763     
   -5.172413793103448         10.70474175089845     
   -5.172413793103448         10.77209387712962     
   -5.172413793103448         10.83958407009575     
   -5.172413793103448         10.90721211578467     
   -5.172413793103448         10.97497779385340     
   -5.172413793103448         11.04288087771391     
   -5.172413793103448         11.11092113461890     
   -5.172413793103448         11.17909832574749     
   -5.172413793103448         11.24741220629066     
   -5.172413793103448         11.31586252553671     
   -5.172413793103448         11.38444902695649     
   -5.172413793103448         11.45317144828847     
   -5.172413793103448         11.52202952162362     
   -5.172413793103448         11.59102297349011     
   -5.172413793103448         11.66015152493785     
   -5.172413793103448         11.72941489162265     
   -5.172413793103448         11.79881278389032     
   -5.172413793103448         11.86834490686041     
   -5.172413793103448         11.93801096050970     
   -5.172413793103448         12.00781063975541     
   -5.172413793103448         12.07774363453811     
   -5.172413793103448         12.14780962990438     
   -5.172413793103448         12.21800830608907     
   -5.172413793103448         12.28833933859724     
   -5.172413793103448         12.35880239828584     
   -5.172413793103448         12.42939715144490     
   -5.172413793103448         12.50012325987849     
   -5.172413793103448         12.57098038098522     
   -5.172413793103448         12.64196816783834     
   -5.172413793103448         12.71308626926553     
   -5.172413793103448         12.78433432992817     
   -5.172413793103448         12.85571199040028     
   -5.172413793103448         12.92721888724701     
   -5.172413793103448         12.99885465310265     
   -5.172413793103448         13.07061891674822     
   -5.172413793103448         13.14251130318866     
   -5.172413793103448         13.21453143372946     
   -5.172413793103448         13.28667892605288     
   -5.172413793103448         13.35895339429368     
   -5.172413793103448         13.43135444911436     
   -5.172413793103448         13.50388169777991     
   -5.172413793103448         13.57653474423200     
   -5.172413793103448         13.64931318916281     
   -5.172413793103448         13.72221663008815     
   -5.172413793103448         13.79524466142022     
   -5.172413793103448         13.86839687453974     
   -5.172413793103448         13.94167285786762     
   -5.172413793103448         14.01507219693601     
   -5.172413793103448         14.08859447445888     
   -5.172413793103448         14.16223927040204     
   -5.172413793103448         14.23600616205252     
   -5.172413793103448         14.30989472408749     
   -5.172413793103448         14.38390452864260     
   -5.172413793103448         14.45803514537971     
   -5.172413793103448         14.53228614155403     
   -5.172413793103448         14.60665708208079     
   -5.172413793103448         14.68114752960122     
   -5.172413793103448         14.75575704454800     
   -5.172413793103448         14.83048518521008     
   -5.172413793103448         14.90533150779699     
   -5.172413793103448         14.98029556650246     
   -5.113300492610837        0.5901827460185155     
   -5.113300492610837        0.6383246859879448     
   -5.113300492610837        0.6864867558185477     
   -5.113300492610837        0.7346703804507291     
   -5.113300492610837        0.7828769821661479     
   -5.113300492610837        0.8311079804142939     
   -5.113300492610837        0.8793647916398474     
   -5.113300492610837        0.9276488291108121     
   -5.113300492610837        0.9759615027474738     
   -5.113300492610837         1.024304218952232     
   -5.113300492610837         1.072678380440337     
   -5.113300492610837         1.121085386071610     
   -5.113300492610837         1.169526630683144     
   -5.113300492610837         1.218003504923040     
   -5.113300492610837         1.266517395085255     
   -5.113300492610837         1.315069682945545     
   -5.113300492610837         1.363661745598599     
   -5.113300492610837         1.412294955296358     
   -5.113300492610837         1.460970679287577     
   -5.113300492610837         1.509690279658703     
   -5.113300492610837         1.558455113176031     
   -5.113300492610837         1.607266531129257     
   -5.113300492610837         1.656125879176403     
   -5.113300492610837         1.705034497190180     
   -5.113300492610837         1.753993719105825     
   -5.113300492610837         1.803004872770455     
   -5.113300492610837         1.852069279793938     
   -5.113300492610837         1.901188255401346     
   -5.113300492610837         1.950363108287015     
   -5.113300492610837         1.999595140470237     
   -5.113300492610837         2.048885647152663     
   -5.113300492610837         2.098235916577331     
   -5.113300492610837         2.147647229889504     
   -5.113300492610837         2.197120860999235     
   -5.113300492610837         2.246658076445713     
   -5.113300492610837         2.296260135263459     
   -5.113300492610837         2.345928288850353     
   -5.113300492610837         2.395663780837530     
   -5.113300492610837         2.445467846961194     
   -5.113300492610837         2.495341714936336     
   -5.113300492610837         2.545286604332427     
   -5.113300492610837         2.595303726451066     
   -5.113300492610837         2.645394284205619     
   -5.113300492610837         2.695559472002917     
   -5.113300492610837         2.745800475626931     
   -5.113300492610837         2.796118472124562     
   -5.113300492610837         2.846514629693493     
   -5.113300492610837         2.896990107572124     
   -5.113300492610837         2.947546055931647     
   -5.113300492610837         2.998183615770246     
   -5.113300492610837         3.048903918809426     
   -5.113300492610837         3.099708087392552     
   -5.113300492610837         3.150597234385543     
   -5.113300492610837         3.201572463079744     
   -5.113300492610837         3.252634867097027     
   -5.113300492610837         3.303785530297104     
   -5.113300492610837         3.355025526687095     
   -5.113300492610837         3.406355920333276     
   -5.113300492610837         3.457777765275144     
   -5.113300492610837         3.509292105441697     
   -5.113300492610837         3.560899974569995     
   -5.113300492610837         3.612602396126019     
   -5.113300492610837         3.664400383227755     
   -5.113300492610837         3.716294938570621     
   -5.113300492610837         3.768287054355155     
   -5.113300492610837         3.820377712216992     
   -5.113300492610837         3.872567883159169     
   -5.113300492610837         3.924858527486697     
   -5.113300492610837         3.977250594743452     
   -5.113300492610837         4.029745023651369     
   -5.113300492610837         4.082342742051922     
   -5.113300492610837         4.135044666849921     
   -5.113300492610837         4.187851703959623     
   -5.113300492610837         4.240764748253083     
   -5.113300492610837         4.293784683510877     
   -5.113300492610837         4.346912382375035     
   -5.113300492610837         4.400148706304335     
   -5.113300492610837         4.453494505531812     
   -5.113300492610837         4.506950619024605     
   -5.113300492610837         4.560517874445989     
   -5.113300492610837         4.614197088119759     
   -5.113300492610837         4.667989064996787     
   -5.113300492610837         4.721894598623869     
   -5.113300492610837         4.775914471114810     
   -5.113300492610837         4.830049453123672     
   -5.113300492610837         4.884300303820300     
   -5.113300492610837         4.938667770868034     
   -5.113300492610837         4.993152590403565     
   -5.113300492610837         5.047755487019044     
   -5.113300492610837         5.102477173746276     
   -5.113300492610837         5.157318352043106     
   -5.113300492610837         5.212279711781952     
   -5.113300492610837         5.267361931240405     
   -5.113300492610837         5.322565677093978     
   -5.113300492610837         5.377891604410935     
   -5.113300492610837         5.433340356649176     
   -5.113300492610837         5.488912565655180     
   -5.113300492610837         5.544608851664999     
   -5.113300492610837         5.600429823307244     
   -5.113300492610837         5.656376077608095     
   -5.113300492610837         5.712448199998287     
   -5.113300492610837         5.768646764322033     
   -5.113300492610837         5.824972332847921     
   -5.113300492610837         5.881425456281713     
   -5.113300492610837         5.938006673781031     
   -5.113300492610837         5.994716512971964     
   -5.113300492610837         6.051555489967481     
   -5.113300492610837         6.108524109387715     
   -5.113300492610837         6.165622864382035     
   -5.113300492610837         6.222852236652933     
   -5.113300492610837         6.280212696481654     
   -5.113300492610837         6.337704702755588     
   -5.113300492610837         6.395328702997363     
   -5.113300492610837         6.453085133395653     
   -5.113300492610837         6.510974418837655     
   -5.113300492610837         6.568996972943191     
   -5.113300492610837         6.627153198100469     
   -5.113300492610837         6.685443485503412     
   -5.113300492610837         6.743868215190578     
   -5.113300492610837         6.802427756085615     
   -5.113300492610837         6.861122466039248     
   -5.113300492610837         6.919952691872765     
   -5.113300492610837         6.978918769422950     
   -5.113300492610837         7.038021023588496     
   -5.113300492610837         7.097259768377808     
   -5.113300492610837         7.156635306958210     
   -5.113300492610837         7.216147931706518     
   -5.113300492610837         7.275797924260956     
   -5.113300492610837         7.335585555574358     
   -5.113300492610837         7.395511085968706     
   -5.113300492610837         7.455574765190877     
   -5.113300492610837         7.515776832469648     
   -5.113300492610837         7.576117516573909     
   -5.113300492610837         7.636597035872039     
   -5.113300492610837         7.697215598392448     
   -5.113300492610837         7.757973401885232     
   -5.113300492610837         7.818870633884936     
   -5.113300492610837         7.879907471774390     
   -5.113300492610837         7.941084082849565     
   -5.113300492610837         8.002400624385478     
   -5.113300492610837         8.063857243703076     
   -5.113300492610837         8.125454078237061     
   -5.113300492610837         8.187191255604692     
   -5.113300492610837         8.249068893675465     
   -5.113300492610837         8.311087100641695     
   -5.113300492610837         8.373245975089930     
   -5.113300492610837         8.435545606073234     
   -5.113300492610837         8.497986073184252     
   -5.113300492610837         8.560567446629033     
   -5.113300492610837         8.623289787301651     
   -5.113300492610837         8.686153146859512     
   -5.113300492610837         8.749157567799386     
   -5.113300492610837         8.812303083534093     
   -5.113300492610837         8.875589718469866     
   -5.113300492610837         8.939017488084312     
   -5.113300492610837         9.002586399004974     
   -5.113300492610837         9.066296449088483     
   -5.113300492610837         9.130147627500254     
   -5.113300492610837         9.194139914794691     
   -5.113300492610837         9.258273282995903     
   -5.113300492610837         9.322547695678912     
   -5.113300492610837         9.386963108051271     
   -5.113300492610837         9.451519467035148     
   -5.113300492610837         9.516216711349808     
   -5.113300492610837         9.581054771594454     
   -5.113300492610837         9.646033570331447     
   -5.113300492610837         9.711153022169857     
   -5.113300492610837         9.776413033849320     
   -5.113300492610837         9.841813504324184     
   -5.113300492610837         9.907354324847942     
   -5.113300492610837         9.973035379057874     
   -5.113300492610837         10.03885654305996     
   -5.113300492610837         10.10481768551394     
   -5.113300492610837         10.17091866771861     
   -5.113300492610837         10.23715934369725     
   -5.113300492610837         10.30353956028320     
   -5.113300492610837         10.37005915720552     
   -5.113300492610837         10.43671796717483     
   -5.113300492610837         10.50351581596916     
   -5.113300492610837         10.57045252251987     
   -5.113300492610837         10.63752789899763     
   -5.113300492610837         10.70474175089845     
   -5.113300492610837         10.77209387712962     
   -5.113300492610837         10.83958407009575     
   -5.113300492610837         10.90721211578467     
   -5.113300492610837         10.97497779385340     
   -5.113300492610837         11.04288087771391     
   -5.113300492610837         11.11092113461890     
   -5.113300492610837         11.17909832574749     
   -5.113300492610837         11.24741220629066     
   -5.113300492610837         11.31586252553671     
   -5.113300492610837         11.38444902695649     
   -5.113300492610837         11.45317144828847     
   -5.113300492610837         11.52202952162362     
   -5.113300492610837         11.59102297349011     
   -5.113300492610837         11.66015152493785     
   -5.113300492610837         11.72941489162265     
   -5.113300492610837         11.79881278389032     
   -5.113300492610837         11.86834490686041     
   -5.113300492610837         11.93801096050970     
   -5.113300492610837         12.00781063975541     
   -5.113300492610837         12.07774363453811     
   -5.113300492610837         12.14780962990438     
   -5.113300492610837         12.21800830608907     
   -5.113300492610837         12.28833933859724     
   -5.113300492610837         12.35880239828584     
   -5.113300492610837         12.42939715144490     
   -5.113300492610837         12.50012325987849     
   -5.113300492610837         12.57098038098522     
   -5.113300492610837         12.64196816783834     
   -5.113300492610837         12.71308626926553     
   -5.113300492610837         12.78433432992817     
   -5.113300492610837         12.85571199040028     
   -5.113300492610837         12.92721888724701     
   -5.113300492610837         12.99885465310265     
   -5.113300492610837         13.07061891674822     
   -5.113300492610837         13.14251130318866     
   -5.113300492610837         13.21453143372946     
   -5.113300492610837         13.28667892605288     
   -5.113300492610837         13.35895339429368     
   -5.113300492610837         13.43135444911436     
   -5.113300492610837         13.50388169777991     
   -5.113300492610837         13.57653474423200     
   -5.113300492610837         13.64931318916281     
   -5.113300492610837         13.72221663008815     
   -5.113300492610837         13.79524466142022     
   -5.113300492610837         13.86839687453974     
   -5.113300492610837         13.94167285786762     
   -5.113300492610837         14.01507219693601     
   -5.113300492610837         14.08859447445888     
   -5.113300492610837         14.16223927040204     
   -5.113300492610837         14.23600616205252     
   -5.113300492610837         14.30989472408749     
   -5.113300492610837         14.38390452864260     
   -5.113300492610837         14.45803514537971     
   -5.113300492610837         14.53228614155403     
   -5.113300492610837         14.60665708208079     
   -5.113300492610837         14.68114752960122     
   -5.113300492610837         14.75575704454800     
   -5.113300492610837         14.83048518521008     
   -5.113300492610837         14.90533150779699     
   -5.113300492610837         14.98029556650246     
   -5.054187192118227        0.5901827460185155     
   -5.054187192118227        0.6383246859879448     
   -5.054187192118227        0.6864867558185477     
   -5.054187192118227        0.7346703804507291     
   -5.054187192118227        0.7828769821661479     
   -5.054187192118227        0.8311079804142939     
   -5.054187192118227        0.8793647916398474     
   -5.054187192118227        0.9276488291108121     
   -5.054187192118227        0.9759615027474738     
   -5.054187192118227         1.024304218952232     
   -5.054187192118227         1.072678380440337     
   -5.054187192118227         1.121085386071610     
   -5.054187192118227         1.169526630683144     
   -5.054187192118227         1.218003504923040     
   -5.054187192118227         1.266517395085255     
   -5.054187192118227         1.315069682945545     
   -5.054187192118227         1.363661745598599     
   -5.054187192118227         1.412294955296358     
   -5.054187192118227         1.460970679287577     
   -5.054187192118227         1.509690279658703     
   -5.054187192118227         1.558455113176031     
   -5.054187192118227         1.607266531129257     
   -5.054187192118227         1.656125879176403     
   -5.054187192118227         1.705034497190180     
   -5.054187192118227         1.753993719105825     
   -5.054187192118227         1.803004872770455     
   -5.054187192118227         1.852069279793938     
   -5.054187192118227         1.901188255401346     
   -5.054187192118227         1.950363108287015     
   -5.054187192118227         1.999595140470237     
   -5.054187192118227         2.048885647152663     
   -5.054187192118227         2.098235916577331     
   -5.054187192118227         2.147647229889504     
   -5.054187192118227         2.197120860999235     
   -5.054187192118227         2.246658076445713     
   -5.054187192118227         2.296260135263459     
   -5.054187192118227         2.345928288850353     
   -5.054187192118227         2.395663780837530     
   -5.054187192118227         2.445467846961194     
   -5.054187192118227         2.495341714936336     
   -5.054187192118227         2.545286604332427     
   -5.054187192118227         2.595303726451066     
   -5.054187192118227         2.645394284205619     
   -5.054187192118227         2.695559472002917     
   -5.054187192118227         2.745800475626931     
   -5.054187192118227         2.796118472124562     
   -5.054187192118227         2.846514629693493     
   -5.054187192118227         2.896990107572124     
   -5.054187192118227         2.947546055931647     
   -5.054187192118227         2.998183615770246     
   -5.054187192118227         3.048903918809426     
   -5.054187192118227         3.099708087392552     
   -5.054187192118227         3.150597234385543     
   -5.054187192118227         3.201572463079744     
   -5.054187192118227         3.252634867097027     
   -5.054187192118227         3.303785530297104     
   -5.054187192118227         3.355025526687095     
   -5.054187192118227         3.406355920333276     
   -5.054187192118227         3.457777765275144     
   -5.054187192118227         3.509292105441697     
   -5.054187192118227         3.560899974569995     
   -5.054187192118227         3.612602396126019     
   -5.054187192118227         3.664400383227755     
   -5.054187192118227         3.716294938570621     
   -5.054187192118227         3.768287054355155     
   -5.054187192118227         3.820377712216992     
   -5.054187192118227         3.872567883159169     
   -5.054187192118227         3.924858527486697     
   -5.054187192118227         3.977250594743452     
   -5.054187192118227         4.029745023651369     
   -5.054187192118227         4.082342742051922     
   -5.054187192118227         4.135044666849921     
   -5.054187192118227         4.187851703959623     
   -5.054187192118227         4.240764748253083     
   -5.054187192118227         4.293784683510877     
   -5.054187192118227         4.346912382375035     
   -5.054187192118227         4.400148706304335     
   -5.054187192118227         4.453494505531812     
   -5.054187192118227         4.506950619024605     
   -5.054187192118227         4.560517874445989     
   -5.054187192118227         4.614197088119759     
   -5.054187192118227         4.667989064996787     
   -5.054187192118227         4.721894598623869     
   -5.054187192118227         4.775914471114810     
   -5.054187192118227         4.830049453123672     
   -5.054187192118227         4.884300303820300     
   -5.054187192118227         4.938667770868034     
   -5.054187192118227         4.993152590403565     
   -5.054187192118227         5.047755487019044     
   -5.054187192118227         5.102477173746276     
   -5.054187192118227         5.157318352043106     
   -5.054187192118227         5.212279711781952     
   -5.054187192118227         5.267361931240405     
   -5.054187192118227         5.322565677093978     
   -5.054187192118227         5.377891604410935     
   -5.054187192118227         5.433340356649176     
   -5.054187192118227         5.488912565655180     
   -5.054187192118227         5.544608851664999     
   -5.054187192118227         5.600429823307244     
   -5.054187192118227         5.656376077608095     
   -5.054187192118227         5.712448199998287     
   -5.054187192118227         5.768646764322033     
   -5.054187192118227         5.824972332847921     
   -5.054187192118227         5.881425456281713     
   -5.054187192118227         5.938006673781031     
   -5.054187192118227         5.994716512971964     
   -5.054187192118227         6.051555489967481     
   -5.054187192118227         6.108524109387715     
   -5.054187192118227         6.165622864382035     
   -5.054187192118227         6.222852236652933     
   -5.054187192118227         6.280212696481654     
   -5.054187192118227         6.337704702755588     
   -5.054187192118227         6.395328702997363     
   -5.054187192118227         6.453085133395653     
   -5.054187192118227         6.510974418837655     
   -5.054187192118227         6.568996972943191     
   -5.054187192118227         6.627153198100469     
   -5.054187192118227         6.685443485503412     
   -5.054187192118227         6.743868215190578     
   -5.054187192118227         6.802427756085615     
   -5.054187192118227         6.861122466039248     
   -5.054187192118227         6.919952691872765     
   -5.054187192118227         6.978918769422950     
   -5.054187192118227         7.038021023588496     
   -5.054187192118227         7.097259768377808     
   -5.054187192118227         7.156635306958210     
   -5.054187192118227         7.216147931706518     
   -5.054187192118227         7.275797924260956     
   -5.054187192118227         7.335585555574358     
   -5.054187192118227         7.395511085968706     
   -5.054187192118227         7.455574765190877     
   -5.054187192118227         7.515776832469648     
   -5.054187192118227         7.576117516573909     
   -5.054187192118227         7.636597035872039     
   -5.054187192118227         7.697215598392448     
   -5.054187192118227         7.757973401885232     
   -5.054187192118227         7.818870633884936     
   -5.054187192118227         7.879907471774390     
   -5.054187192118227         7.941084082849565     
   -5.054187192118227         8.002400624385478     
   -5.054187192118227         8.063857243703076     
   -5.054187192118227         8.125454078237061     
   -5.054187192118227         8.187191255604692     
   -5.054187192118227         8.249068893675465     
   -5.054187192118227         8.311087100641695     
   -5.054187192118227         8.373245975089930     
   -5.054187192118227         8.435545606073234     
   -5.054187192118227         8.497986073184252     
   -5.054187192118227         8.560567446629033     
   -5.054187192118227         8.623289787301651     
   -5.054187192118227         8.686153146859512     
   -5.054187192118227         8.749157567799386     
   -5.054187192118227         8.812303083534093     
   -5.054187192118227         8.875589718469866     
   -5.054187192118227         8.939017488084312     
   -5.054187192118227         9.002586399004974     
   -5.054187192118227         9.066296449088483     
   -5.054187192118227         9.130147627500254     
   -5.054187192118227         9.194139914794691     
   -5.054187192118227         9.258273282995903     
   -5.054187192118227         9.322547695678912     
   -5.054187192118227         9.386963108051271     
   -5.054187192118227         9.451519467035148     
   -5.054187192118227         9.516216711349808     
   -5.054187192118227         9.581054771594454     
   -5.054187192118227         9.646033570331447     
   -5.054187192118227         9.711153022169857     
   -5.054187192118227         9.776413033849320     
   -5.054187192118227         9.841813504324184     
   -5.054187192118227         9.907354324847942     
   -5.054187192118227         9.973035379057874     
   -5.054187192118227         10.03885654305996     
   -5.054187192118227         10.10481768551394     
   -5.054187192118227         10.17091866771861     
   -5.054187192118227         10.23715934369725     
   -5.054187192118227         10.30353956028320     
   -5.054187192118227         10.37005915720552     
   -5.054187192118227         10.43671796717483     
   -5.054187192118227         10.50351581596916     
   -5.054187192118227         10.57045252251987     
   -5.054187192118227         10.63752789899763     
   -5.054187192118227         10.70474175089845     
   -5.054187192118227         10.77209387712962     
   -5.054187192118227         10.83958407009575     
   -5.054187192118227         10.90721211578467     
   -5.054187192118227         10.97497779385340     
   -5.054187192118227         11.04288087771391     
   -5.054187192118227         11.11092113461890     
   -5.054187192118227         11.17909832574749     
   -5.054187192118227         11.24741220629066     
   -5.054187192118227         11.31586252553671     
   -5.054187192118227         11.38444902695649     
   -5.054187192118227         11.45317144828847     
   -5.054187192118227         11.52202952162362     
   -5.054187192118227         11.59102297349011     
   -5.054187192118227         11.66015152493785     
   -5.054187192118227         11.72941489162265     
   -5.054187192118227         11.79881278389032     
   -5.054187192118227         11.86834490686041     
   -5.054187192118227         11.93801096050970     
   -5.054187192118227         12.00781063975541     
   -5.054187192118227         12.07774363453811     
   -5.054187192118227         12.14780962990438     
   -5.054187192118227         12.21800830608907     
   -5.054187192118227         12.28833933859724     
   -5.054187192118227         12.35880239828584     
   -5.054187192118227         12.42939715144490     
   -5.054187192118227         12.50012325987849     
   -5.054187192118227         12.57098038098522     
   -5.054187192118227         12.64196816783834     
   -5.054187192118227         12.71308626926553     
   -5.054187192118227         12.78433432992817     
   -5.054187192118227         12.85571199040028     
   -5.054187192118227         12.92721888724701     
   -5.054187192118227         12.99885465310265     
   -5.054187192118227         13.07061891674822     
   -5.054187192118227         13.14251130318866     
   -5.054187192118227         13.21453143372946     
   -5.054187192118227         13.28667892605288     
   -5.054187192118227         13.35895339429368     
   -5.054187192118227         13.43135444911436     
   -5.054187192118227         13.50388169777991     
   -5.054187192118227         13.57653474423200     
   -5.054187192118227         13.64931318916281     
   -5.054187192118227         13.72221663008815     
   -5.054187192118227         13.79524466142022     
   -5.054187192118227         13.86839687453974     
   -5.054187192118227         13.94167285786762     
   -5.054187192118227         14.01507219693601     
   -5.054187192118227         14.08859447445888     
   -5.054187192118227         14.16223927040204     
   -5.054187192118227         14.23600616205252     
   -5.054187192118227         14.30989472408749     
   -5.054187192118227         14.38390452864260     
   -5.054187192118227         14.45803514537971     
   -5.054187192118227         14.53228614155403     
   -5.054187192118227         14.60665708208079     
   -5.054187192118227         14.68114752960122     
   -5.054187192118227         14.75575704454800     
   -5.054187192118227         14.83048518521008     
   -5.054187192118227         14.90533150779699     
   -5.054187192118227         14.98029556650246     
   -4.995073891625616        0.5901827460185155     
   -4.995073891625616        0.6383246859879448     
   -4.995073891625616        0.6864867558185477     
   -4.995073891625616        0.7346703804507291     
   -4.995073891625616        0.7828769821661479     
   -4.995073891625616        0.8311079804142939     
   -4.995073891625616        0.8793647916398474     
   -4.995073891625616        0.9276488291108121     
   -4.995073891625616        0.9759615027474738     
   -4.995073891625616         1.024304218952232     
   -4.995073891625616         1.072678380440337     
   -4.995073891625616         1.121085386071610     
   -4.995073891625616         1.169526630683144     
   -4.995073891625616         1.218003504923040     
   -4.995073891625616         1.266517395085255     
   -4.995073891625616         1.315069682945545     
   -4.995073891625616         1.363661745598599     
   -4.995073891625616         1.412294955296358     
   -4.995073891625616         1.460970679287577     
   -4.995073891625616         1.509690279658703     
   -4.995073891625616         1.558455113176031     
   -4.995073891625616         1.607266531129257     
   -4.995073891625616         1.656125879176403     
   -4.995073891625616         1.705034497190180     
   -4.995073891625616         1.753993719105825     
   -4.995073891625616         1.803004872770455     
   -4.995073891625616         1.852069279793938     
   -4.995073891625616         1.901188255401346     
   -4.995073891625616         1.950363108287015     
   -4.995073891625616         1.999595140470237     
   -4.995073891625616         2.048885647152663     
   -4.995073891625616         2.098235916577331     
   -4.995073891625616         2.147647229889504     
   -4.995073891625616         2.197120860999235     
   -4.995073891625616         2.246658076445713     
   -4.995073891625616         2.296260135263459     
   -4.995073891625616         2.345928288850353     
   -4.995073891625616         2.395663780837530     
   -4.995073891625616         2.445467846961194     
   -4.995073891625616         2.495341714936336     
   -4.995073891625616         2.545286604332427     
   -4.995073891625616         2.595303726451066     
   -4.995073891625616         2.645394284205619     
   -4.995073891625616         2.695559472002917     
   -4.995073891625616         2.745800475626931     
   -4.995073891625616         2.796118472124562     
   -4.995073891625616         2.846514629693493     
   -4.995073891625616         2.896990107572124     
   -4.995073891625616         2.947546055931647     
   -4.995073891625616         2.998183615770246     
   -4.995073891625616         3.048903918809426     
   -4.995073891625616         3.099708087392552     
   -4.995073891625616         3.150597234385543     
   -4.995073891625616         3.201572463079744     
   -4.995073891625616         3.252634867097027     
   -4.995073891625616         3.303785530297104     
   -4.995073891625616         3.355025526687095     
   -4.995073891625616         3.406355920333276     
   -4.995073891625616         3.457777765275144     
   -4.995073891625616         3.509292105441697     
   -4.995073891625616         3.560899974569995     
   -4.995073891625616         3.612602396126019     
   -4.995073891625616         3.664400383227755     
   -4.995073891625616         3.716294938570621     
   -4.995073891625616         3.768287054355155     
   -4.995073891625616         3.820377712216992     
   -4.995073891625616         3.872567883159169     
   -4.995073891625616         3.924858527486697     
   -4.995073891625616         3.977250594743452     
   -4.995073891625616         4.029745023651369     
   -4.995073891625616         4.082342742051922     
   -4.995073891625616         4.135044666849921     
   -4.995073891625616         4.187851703959623     
   -4.995073891625616         4.240764748253083     
   -4.995073891625616         4.293784683510877     
   -4.995073891625616         4.346912382375035     
   -4.995073891625616         4.400148706304335     
   -4.995073891625616         4.453494505531812     
   -4.995073891625616         4.506950619024605     
   -4.995073891625616         4.560517874445989     
   -4.995073891625616         4.614197088119759     
   -4.995073891625616         4.667989064996787     
   -4.995073891625616         4.721894598623869     
   -4.995073891625616         4.775914471114810     
   -4.995073891625616         4.830049453123672     
   -4.995073891625616         4.884300303820300     
   -4.995073891625616         4.938667770868034     
   -4.995073891625616         4.993152590403565     
   -4.995073891625616         5.047755487019044     
   -4.995073891625616         5.102477173746276     
   -4.995073891625616         5.157318352043106     
   -4.995073891625616         5.212279711781952     
   -4.995073891625616         5.267361931240405     
   -4.995073891625616         5.322565677093978     
   -4.995073891625616         5.377891604410935     
   -4.995073891625616         5.433340356649176     
   -4.995073891625616         5.488912565655180     
   -4.995073891625616         5.544608851664999     
   -4.995073891625616         5.600429823307244     
   -4.995073891625616         5.656376077608095     
   -4.995073891625616         5.712448199998287     
   -4.995073891625616         5.768646764322033     
   -4.995073891625616         5.824972332847921     
   -4.995073891625616         5.881425456281713     
   -4.995073891625616         5.938006673781031     
   -4.995073891625616         5.994716512971964     
   -4.995073891625616         6.051555489967481     
   -4.995073891625616         6.108524109387715     
   -4.995073891625616         6.165622864382035     
   -4.995073891625616         6.222852236652933     
   -4.995073891625616         6.280212696481654     
   -4.995073891625616         6.337704702755588     
   -4.995073891625616         6.395328702997363     
   -4.995073891625616         6.453085133395653     
   -4.995073891625616         6.510974418837655     
   -4.995073891625616         6.568996972943191     
   -4.995073891625616         6.627153198100469     
   -4.995073891625616         6.685443485503412     
   -4.995073891625616         6.743868215190578     
   -4.995073891625616         6.802427756085615     
   -4.995073891625616         6.861122466039248     
   -4.995073891625616         6.919952691872765     
   -4.995073891625616         6.978918769422950     
   -4.995073891625616         7.038021023588496     
   -4.995073891625616         7.097259768377808     
   -4.995073891625616         7.156635306958210     
   -4.995073891625616         7.216147931706518     
   -4.995073891625616         7.275797924260956     
   -4.995073891625616         7.335585555574358     
   -4.995073891625616         7.395511085968706     
   -4.995073891625616         7.455574765190877     
   -4.995073891625616         7.515776832469648     
   -4.995073891625616         7.576117516573909     
   -4.995073891625616         7.636597035872039     
   -4.995073891625616         7.697215598392448     
   -4.995073891625616         7.757973401885232     
   -4.995073891625616         7.818870633884936     
   -4.995073891625616         7.879907471774390     
   -4.995073891625616         7.941084082849565     
   -4.995073891625616         8.002400624385478     
   -4.995073891625616         8.063857243703076     
   -4.995073891625616         8.125454078237061     
   -4.995073891625616         8.187191255604692     
   -4.995073891625616         8.249068893675465     
   -4.995073891625616         8.311087100641695     
   -4.995073891625616         8.373245975089930     
   -4.995073891625616         8.435545606073234     
   -4.995073891625616         8.497986073184252     
   -4.995073891625616         8.560567446629033     
   -4.995073891625616         8.623289787301651     
   -4.995073891625616         8.686153146859512     
   -4.995073891625616         8.749157567799386     
   -4.995073891625616         8.812303083534093     
   -4.995073891625616         8.875589718469866     
   -4.995073891625616         8.939017488084312     
   -4.995073891625616         9.002586399004974     
   -4.995073891625616         9.066296449088483     
   -4.995073891625616         9.130147627500254     
   -4.995073891625616         9.194139914794691     
   -4.995073891625616         9.258273282995903     
   -4.995073891625616         9.322547695678912     
   -4.995073891625616         9.386963108051271     
   -4.995073891625616         9.451519467035148     
   -4.995073891625616         9.516216711349808     
   -4.995073891625616         9.581054771594454     
   -4.995073891625616         9.646033570331447     
   -4.995073891625616         9.711153022169857     
   -4.995073891625616         9.776413033849320     
   -4.995073891625616         9.841813504324184     
   -4.995073891625616         9.907354324847942     
   -4.995073891625616         9.973035379057874     
   -4.995073891625616         10.03885654305996     
   -4.995073891625616         10.10481768551394     
   -4.995073891625616         10.17091866771861     
   -4.995073891625616         10.23715934369725     
   -4.995073891625616         10.30353956028320     
   -4.995073891625616         10.37005915720552     
   -4.995073891625616         10.43671796717483     
   -4.995073891625616         10.50351581596916     
   -4.995073891625616         10.57045252251987     
   -4.995073891625616         10.63752789899763     
   -4.995073891625616         10.70474175089845     
   -4.995073891625616         10.77209387712962     
   -4.995073891625616         10.83958407009575     
   -4.995073891625616         10.90721211578467     
   -4.995073891625616         10.97497779385340     
   -4.995073891625616         11.04288087771391     
   -4.995073891625616         11.11092113461890     
   -4.995073891625616         11.17909832574749     
   -4.995073891625616         11.24741220629066     
   -4.995073891625616         11.31586252553671     
   -4.995073891625616         11.38444902695649     
   -4.995073891625616         11.45317144828847     
   -4.995073891625616         11.52202952162362     
   -4.995073891625616         11.59102297349011     
   -4.995073891625616         11.66015152493785     
   -4.995073891625616         11.72941489162265     
   -4.995073891625616         11.79881278389032     
   -4.995073891625616         11.86834490686041     
   -4.995073891625616         11.93801096050970     
   -4.995073891625616         12.00781063975541     
   -4.995073891625616         12.07774363453811     
   -4.995073891625616         12.14780962990438     
   -4.995073891625616         12.21800830608907     
   -4.995073891625616         12.28833933859724     
   -4.995073891625616         12.35880239828584     
   -4.995073891625616         12.42939715144490     
   -4.995073891625616         12.50012325987849     
   -4.995073891625616         12.57098038098522     
   -4.995073891625616         12.64196816783834     
   -4.995073891625616         12.71308626926553     
   -4.995073891625616         12.78433432992817     
   -4.995073891625616         12.85571199040028     
   -4.995073891625616         12.92721888724701     
   -4.995073891625616         12.99885465310265     
   -4.995073891625616         13.07061891674822     
   -4.995073891625616         13.14251130318866     
   -4.995073891625616         13.21453143372946     
   -4.995073891625616         13.28667892605288     
   -4.995073891625616         13.35895339429368     
   -4.995073891625616         13.43135444911436     
   -4.995073891625616         13.50388169777991     
   -4.995073891625616         13.57653474423200     
   -4.995073891625616         13.64931318916281     
   -4.995073891625616         13.72221663008815     
   -4.995073891625616         13.79524466142022     
   -4.995073891625616         13.86839687453974     
   -4.995073891625616         13.94167285786762     
   -4.995073891625616         14.01507219693601     
   -4.995073891625616         14.08859447445888     
   -4.995073891625616         14.16223927040204     
   -4.995073891625616         14.23600616205252     
   -4.995073891625616         14.30989472408749     
   -4.995073891625616         14.38390452864260     
   -4.995073891625616         14.45803514537971     
   -4.995073891625616         14.53228614155403     
   -4.995073891625616         14.60665708208079     
   -4.995073891625616         14.68114752960122     
   -4.995073891625616         14.75575704454800     
   -4.995073891625616         14.83048518521008     
   -4.995073891625616         14.90533150779699     
   -4.995073891625616         14.98029556650246     
   -4.935960591133005        0.5901827460185155     
   -4.935960591133005        0.6383246859879448     
   -4.935960591133005        0.6864867558185477     
   -4.935960591133005        0.7346703804507291     
   -4.935960591133005        0.7828769821661479     
   -4.935960591133005        0.8311079804142939     
   -4.935960591133005        0.8793647916398474     
   -4.935960591133005        0.9276488291108121     
   -4.935960591133005        0.9759615027474738     
   -4.935960591133005         1.024304218952232     
   -4.935960591133005         1.072678380440337     
   -4.935960591133005         1.121085386071610     
   -4.935960591133005         1.169526630683144     
   -4.935960591133005         1.218003504923040     
   -4.935960591133005         1.266517395085255     
   -4.935960591133005         1.315069682945545     
   -4.935960591133005         1.363661745598599     
   -4.935960591133005         1.412294955296358     
   -4.935960591133005         1.460970679287577     
   -4.935960591133005         1.509690279658703     
   -4.935960591133005         1.558455113176031     
   -4.935960591133005         1.607266531129257     
   -4.935960591133005         1.656125879176403     
   -4.935960591133005         1.705034497190180     
   -4.935960591133005         1.753993719105825     
   -4.935960591133005         1.803004872770455     
   -4.935960591133005         1.852069279793938     
   -4.935960591133005         1.901188255401346     
   -4.935960591133005         1.950363108287015     
   -4.935960591133005         1.999595140470237     
   -4.935960591133005         2.048885647152663     
   -4.935960591133005         2.098235916577331     
   -4.935960591133005         2.147647229889504     
   -4.935960591133005         2.197120860999235     
   -4.935960591133005         2.246658076445713     
   -4.935960591133005         2.296260135263459     
   -4.935960591133005         2.345928288850353     
   -4.935960591133005         2.395663780837530     
   -4.935960591133005         2.445467846961194     
   -4.935960591133005         2.495341714936336     
   -4.935960591133005         2.545286604332427     
   -4.935960591133005         2.595303726451066     
   -4.935960591133005         2.645394284205619     
   -4.935960591133005         2.695559472002917     
   -4.935960591133005         2.745800475626931     
   -4.935960591133005         2.796118472124562     
   -4.935960591133005         2.846514629693493     
   -4.935960591133005         2.896990107572124     
   -4.935960591133005         2.947546055931647     
   -4.935960591133005         2.998183615770246     
   -4.935960591133005         3.048903918809426     
   -4.935960591133005         3.099708087392552     
   -4.935960591133005         3.150597234385543     
   -4.935960591133005         3.201572463079744     
   -4.935960591133005         3.252634867097027     
   -4.935960591133005         3.303785530297104     
   -4.935960591133005         3.355025526687095     
   -4.935960591133005         3.406355920333276     
   -4.935960591133005         3.457777765275144     
   -4.935960591133005         3.509292105441697     
   -4.935960591133005         3.560899974569995     
   -4.935960591133005         3.612602396126019     
   -4.935960591133005         3.664400383227755     
   -4.935960591133005         3.716294938570621     
   -4.935960591133005         3.768287054355155     
   -4.935960591133005         3.820377712216992     
   -4.935960591133005         3.872567883159169     
   -4.935960591133005         3.924858527486697     
   -4.935960591133005         3.977250594743452     
   -4.935960591133005         4.029745023651369     
   -4.935960591133005         4.082342742051922     
   -4.935960591133005         4.135044666849921     
   -4.935960591133005         4.187851703959623     
   -4.935960591133005         4.240764748253083     
   -4.935960591133005         4.293784683510877     
   -4.935960591133005         4.346912382375035     
   -4.935960591133005         4.400148706304335     
   -4.935960591133005         4.453494505531812     
   -4.935960591133005         4.506950619024605     
   -4.935960591133005         4.560517874445989     
   -4.935960591133005         4.614197088119759     
   -4.935960591133005         4.667989064996787     
   -4.935960591133005         4.721894598623869     
   -4.935960591133005         4.775914471114810     
   -4.935960591133005         4.830049453123672     
   -4.935960591133005         4.884300303820300     
   -4.935960591133005         4.938667770868034     
   -4.935960591133005         4.993152590403565     
   -4.935960591133005         5.047755487019044     
   -4.935960591133005         5.102477173746276     
   -4.935960591133005         5.157318352043106     
   -4.935960591133005         5.212279711781952     
   -4.935960591133005         5.267361931240405     
   -4.935960591133005         5.322565677093978     
   -4.935960591133005         5.377891604410935     
   -4.935960591133005         5.433340356649176     
   -4.935960591133005         5.488912565655180     
   -4.935960591133005         5.544608851664999     
   -4.935960591133005         5.600429823307244     
   -4.935960591133005         5.656376077608095     
   -4.935960591133005         5.712448199998287     
   -4.935960591133005         5.768646764322033     
   -4.935960591133005         5.824972332847921     
   -4.935960591133005         5.881425456281713     
   -4.935960591133005         5.938006673781031     
   -4.935960591133005         5.994716512971964     
   -4.935960591133005         6.051555489967481     
   -4.935960591133005         6.108524109387715     
   -4.935960591133005         6.165622864382035     
   -4.935960591133005         6.222852236652933     
   -4.935960591133005         6.280212696481654     
   -4.935960591133005         6.337704702755588     
   -4.935960591133005         6.395328702997363     
   -4.935960591133005         6.453085133395653     
   -4.935960591133005         6.510974418837655     
   -4.935960591133005         6.568996972943191     
   -4.935960591133005         6.627153198100469     
   -4.935960591133005         6.685443485503412     
   -4.935960591133005         6.743868215190578     
   -4.935960591133005         6.802427756085615     
   -4.935960591133005         6.861122466039248     
   -4.935960591133005         6.919952691872765     
   -4.935960591133005         6.978918769422950     
   -4.935960591133005         7.038021023588496     
   -4.935960591133005         7.097259768377808     
   -4.935960591133005         7.156635306958210     
   -4.935960591133005         7.216147931706518     
   -4.935960591133005         7.275797924260956     
   -4.935960591133005         7.335585555574358     
   -4.935960591133005         7.395511085968706     
   -4.935960591133005         7.455574765190877     
   -4.935960591133005         7.515776832469648     
   -4.935960591133005         7.576117516573909     
   -4.935960591133005         7.636597035872039     
   -4.935960591133005         7.697215598392448     
   -4.935960591133005         7.757973401885232     
   -4.935960591133005         7.818870633884936     
   -4.935960591133005         7.879907471774390     
   -4.935960591133005         7.941084082849565     
   -4.935960591133005         8.002400624385478     
   -4.935960591133005         8.063857243703076     
   -4.935960591133005         8.125454078237061     
   -4.935960591133005         8.187191255604692     
   -4.935960591133005         8.249068893675465     
   -4.935960591133005         8.311087100641695     
   -4.935960591133005         8.373245975089930     
   -4.935960591133005         8.435545606073234     
   -4.935960591133005         8.497986073184252     
   -4.935960591133005         8.560567446629033     
   -4.935960591133005         8.623289787301651     
   -4.935960591133005         8.686153146859512     
   -4.935960591133005         8.749157567799386     
   -4.935960591133005         8.812303083534093     
   -4.935960591133005         8.875589718469866     
   -4.935960591133005         8.939017488084312     
   -4.935960591133005         9.002586399004974     
   -4.935960591133005         9.066296449088483     
   -4.935960591133005         9.130147627500254     
   -4.935960591133005         9.194139914794691     
   -4.935960591133005         9.258273282995903     
   -4.935960591133005         9.322547695678912     
   -4.935960591133005         9.386963108051271     
   -4.935960591133005         9.451519467035148     
   -4.935960591133005         9.516216711349808     
   -4.935960591133005         9.581054771594454     
   -4.935960591133005         9.646033570331447     
   -4.935960591133005         9.711153022169857     
   -4.935960591133005         9.776413033849320     
   -4.935960591133005         9.841813504324184     
   -4.935960591133005         9.907354324847942     
   -4.935960591133005         9.973035379057874     
   -4.935960591133005         10.03885654305996     
   -4.935960591133005         10.10481768551394     
   -4.935960591133005         10.17091866771861     
   -4.935960591133005         10.23715934369725     
   -4.935960591133005         10.30353956028320     
   -4.935960591133005         10.37005915720552     
   -4.935960591133005         10.43671796717483     
   -4.935960591133005         10.50351581596916     
   -4.935960591133005         10.57045252251987     
   -4.935960591133005         10.63752789899763     
   -4.935960591133005         10.70474175089845     
   -4.935960591133005         10.77209387712962     
   -4.935960591133005         10.83958407009575     
   -4.935960591133005         10.90721211578467     
   -4.935960591133005         10.97497779385340     
   -4.935960591133005         11.04288087771391     
   -4.935960591133005         11.11092113461890     
   -4.935960591133005         11.17909832574749     
   -4.935960591133005         11.24741220629066     
   -4.935960591133005         11.31586252553671     
   -4.935960591133005         11.38444902695649     
   -4.935960591133005         11.45317144828847     
   -4.935960591133005         11.52202952162362     
   -4.935960591133005         11.59102297349011     
   -4.935960591133005         11.66015152493785     
   -4.935960591133005         11.72941489162265     
   -4.935960591133005         11.79881278389032     
   -4.935960591133005         11.86834490686041     
   -4.935960591133005         11.93801096050970     
   -4.935960591133005         12.00781063975541     
   -4.935960591133005         12.07774363453811     
   -4.935960591133005         12.14780962990438     
   -4.935960591133005         12.21800830608907     
   -4.935960591133005         12.28833933859724     
   -4.935960591133005         12.35880239828584     
   -4.935960591133005         12.42939715144490     
   -4.935960591133005         12.50012325987849     
   -4.935960591133005         12.57098038098522     
   -4.935960591133005         12.64196816783834     
   -4.935960591133005         12.71308626926553     
   -4.935960591133005         12.78433432992817     
   -4.935960591133005         12.85571199040028     
   -4.935960591133005         12.92721888724701     
   -4.935960591133005         12.99885465310265     
   -4.935960591133005         13.07061891674822     
   -4.935960591133005         13.14251130318866     
   -4.935960591133005         13.21453143372946     
   -4.935960591133005         13.28667892605288     
   -4.935960591133005         13.35895339429368     
   -4.935960591133005         13.43135444911436     
   -4.935960591133005         13.50388169777991     
   -4.935960591133005         13.57653474423200     
   -4.935960591133005         13.64931318916281     
   -4.935960591133005         13.72221663008815     
   -4.935960591133005         13.79524466142022     
   -4.935960591133005         13.86839687453974     
   -4.935960591133005         13.94167285786762     
   -4.935960591133005         14.01507219693601     
   -4.935960591133005         14.08859447445888     
   -4.935960591133005         14.16223927040204     
   -4.935960591133005         14.23600616205252     
   -4.935960591133005         14.30989472408749     
   -4.935960591133005         14.38390452864260     
   -4.935960591133005         14.45803514537971     
   -4.935960591133005         14.53228614155403     
   -4.935960591133005         14.60665708208079     
   -4.935960591133005         14.68114752960122     
   -4.935960591133005         14.75575704454800     
   -4.935960591133005         14.83048518521008     
   -4.935960591133005         14.90533150779699     
   -4.935960591133005         14.98029556650246     
   -4.876847290640394        0.5901827460185155     
   -4.876847290640394        0.6383246859879448     
   -4.876847290640394        0.6864867558185477     
   -4.876847290640394        0.7346703804507291     
   -4.876847290640394        0.7828769821661479     
   -4.876847290640394        0.8311079804142939     
   -4.876847290640394        0.8793647916398474     
   -4.876847290640394        0.9276488291108121     
   -4.876847290640394        0.9759615027474738     
   -4.876847290640394         1.024304218952232     
   -4.876847290640394         1.072678380440337     
   -4.876847290640394         1.121085386071610     
   -4.876847290640394         1.169526630683144     
   -4.876847290640394         1.218003504923040     
   -4.876847290640394         1.266517395085255     
   -4.876847290640394         1.315069682945545     
   -4.876847290640394         1.363661745598599     
   -4.876847290640394         1.412294955296358     
   -4.876847290640394         1.460970679287577     
   -4.876847290640394         1.509690279658703     
   -4.876847290640394         1.558455113176031     
   -4.876847290640394         1.607266531129257     
   -4.876847290640394         1.656125879176403     
   -4.876847290640394         1.705034497190180     
   -4.876847290640394         1.753993719105825     
   -4.876847290640394         1.803004872770455     
   -4.876847290640394         1.852069279793938     
   -4.876847290640394         1.901188255401346     
   -4.876847290640394         1.950363108287015     
   -4.876847290640394         1.999595140470237     
   -4.876847290640394         2.048885647152663     
   -4.876847290640394         2.098235916577331     
   -4.876847290640394         2.147647229889504     
   -4.876847290640394         2.197120860999235     
   -4.876847290640394         2.246658076445713     
   -4.876847290640394         2.296260135263459     
   -4.876847290640394         2.345928288850353     
   -4.876847290640394         2.395663780837530     
   -4.876847290640394         2.445467846961194     
   -4.876847290640394         2.495341714936336     
   -4.876847290640394         2.545286604332427     
   -4.876847290640394         2.595303726451066     
   -4.876847290640394         2.645394284205619     
   -4.876847290640394         2.695559472002917     
   -4.876847290640394         2.745800475626931     
   -4.876847290640394         2.796118472124562     
   -4.876847290640394         2.846514629693493     
   -4.876847290640394         2.896990107572124     
   -4.876847290640394         2.947546055931647     
   -4.876847290640394         2.998183615770246     
   -4.876847290640394         3.048903918809426     
   -4.876847290640394         3.099708087392552     
   -4.876847290640394         3.150597234385543     
   -4.876847290640394         3.201572463079744     
   -4.876847290640394         3.252634867097027     
   -4.876847290640394         3.303785530297104     
   -4.876847290640394         3.355025526687095     
   -4.876847290640394         3.406355920333276     
   -4.876847290640394         3.457777765275144     
   -4.876847290640394         3.509292105441697     
   -4.876847290640394         3.560899974569995     
   -4.876847290640394         3.612602396126019     
   -4.876847290640394         3.664400383227755     
   -4.876847290640394         3.716294938570621     
   -4.876847290640394         3.768287054355155     
   -4.876847290640394         3.820377712216992     
   -4.876847290640394         3.872567883159169     
   -4.876847290640394         3.924858527486697     
   -4.876847290640394         3.977250594743452     
   -4.876847290640394         4.029745023651369     
   -4.876847290640394         4.082342742051922     
   -4.876847290640394         4.135044666849921     
   -4.876847290640394         4.187851703959623     
   -4.876847290640394         4.240764748253083     
   -4.876847290640394         4.293784683510877     
   -4.876847290640394         4.346912382375035     
   -4.876847290640394         4.400148706304335     
   -4.876847290640394         4.453494505531812     
   -4.876847290640394         4.506950619024605     
   -4.876847290640394         4.560517874445989     
   -4.876847290640394         4.614197088119759     
   -4.876847290640394         4.667989064996787     
   -4.876847290640394         4.721894598623869     
   -4.876847290640394         4.775914471114810     
   -4.876847290640394         4.830049453123672     
   -4.876847290640394         4.884300303820300     
   -4.876847290640394         4.938667770868034     
   -4.876847290640394         4.993152590403565     
   -4.876847290640394         5.047755487019044     
   -4.876847290640394         5.102477173746276     
   -4.876847290640394         5.157318352043106     
   -4.876847290640394         5.212279711781952     
   -4.876847290640394         5.267361931240405     
   -4.876847290640394         5.322565677093978     
   -4.876847290640394         5.377891604410935     
   -4.876847290640394         5.433340356649176     
   -4.876847290640394         5.488912565655180     
   -4.876847290640394         5.544608851664999     
   -4.876847290640394         5.600429823307244     
   -4.876847290640394         5.656376077608095     
   -4.876847290640394         5.712448199998287     
   -4.876847290640394         5.768646764322033     
   -4.876847290640394         5.824972332847921     
   -4.876847290640394         5.881425456281713     
   -4.876847290640394         5.938006673781031     
   -4.876847290640394         5.994716512971964     
   -4.876847290640394         6.051555489967481     
   -4.876847290640394         6.108524109387715     
   -4.876847290640394         6.165622864382035     
   -4.876847290640394         6.222852236652933     
   -4.876847290640394         6.280212696481654     
   -4.876847290640394         6.337704702755588     
   -4.876847290640394         6.395328702997363     
   -4.876847290640394         6.453085133395653     
   -4.876847290640394         6.510974418837655     
   -4.876847290640394         6.568996972943191     
   -4.876847290640394         6.627153198100469     
   -4.876847290640394         6.685443485503412     
   -4.876847290640394         6.743868215190578     
   -4.876847290640394         6.802427756085615     
   -4.876847290640394         6.861122466039248     
   -4.876847290640394         6.919952691872765     
   -4.876847290640394         6.978918769422950     
   -4.876847290640394         7.038021023588496     
   -4.876847290640394         7.097259768377808     
   -4.876847290640394         7.156635306958210     
   -4.876847290640394         7.216147931706518     
   -4.876847290640394         7.275797924260956     
   -4.876847290640394         7.335585555574358     
   -4.876847290640394         7.395511085968706     
   -4.876847290640394         7.455574765190877     
   -4.876847290640394         7.515776832469648     
   -4.876847290640394         7.576117516573909     
   -4.876847290640394         7.636597035872039     
   -4.876847290640394         7.697215598392448     
   -4.876847290640394         7.757973401885232     
   -4.876847290640394         7.818870633884936     
   -4.876847290640394         7.879907471774390     
   -4.876847290640394         7.941084082849565     
   -4.876847290640394         8.002400624385478     
   -4.876847290640394         8.063857243703076     
   -4.876847290640394         8.125454078237061     
   -4.876847290640394         8.187191255604692     
   -4.876847290640394         8.249068893675465     
   -4.876847290640394         8.311087100641695     
   -4.876847290640394         8.373245975089930     
   -4.876847290640394         8.435545606073234     
   -4.876847290640394         8.497986073184252     
   -4.876847290640394         8.560567446629033     
   -4.876847290640394         8.623289787301651     
   -4.876847290640394         8.686153146859512     
   -4.876847290640394         8.749157567799386     
   -4.876847290640394         8.812303083534093     
   -4.876847290640394         8.875589718469866     
   -4.876847290640394         8.939017488084312     
   -4.876847290640394         9.002586399004974     
   -4.876847290640394         9.066296449088483     
   -4.876847290640394         9.130147627500254     
   -4.876847290640394         9.194139914794691     
   -4.876847290640394         9.258273282995903     
   -4.876847290640394         9.322547695678912     
   -4.876847290640394         9.386963108051271     
   -4.876847290640394         9.451519467035148     
   -4.876847290640394         9.516216711349808     
   -4.876847290640394         9.581054771594454     
   -4.876847290640394         9.646033570331447     
   -4.876847290640394         9.711153022169857     
   -4.876847290640394         9.776413033849320     
   -4.876847290640394         9.841813504324184     
   -4.876847290640394         9.907354324847942     
   -4.876847290640394         9.973035379057874     
   -4.876847290640394         10.03885654305996     
   -4.876847290640394         10.10481768551394     
   -4.876847290640394         10.17091866771861     
   -4.876847290640394         10.23715934369725     
   -4.876847290640394         10.30353956028320     
   -4.876847290640394         10.37005915720552     
   -4.876847290640394         10.43671796717483     
   -4.876847290640394         10.50351581596916     
   -4.876847290640394         10.57045252251987     
   -4.876847290640394         10.63752789899763     
   -4.876847290640394         10.70474175089845     
   -4.876847290640394         10.77209387712962     
   -4.876847290640394         10.83958407009575     
   -4.876847290640394         10.90721211578467     
   -4.876847290640394         10.97497779385340     
   -4.876847290640394         11.04288087771391     
   -4.876847290640394         11.11092113461890     
   -4.876847290640394         11.17909832574749     
   -4.876847290640394         11.24741220629066     
   -4.876847290640394         11.31586252553671     
   -4.876847290640394         11.38444902695649     
   -4.876847290640394         11.45317144828847     
   -4.876847290640394         11.52202952162362     
   -4.876847290640394         11.59102297349011     
   -4.876847290640394         11.66015152493785     
   -4.876847290640394         11.72941489162265     
   -4.876847290640394         11.79881278389032     
   -4.876847290640394         11.86834490686041     
   -4.876847290640394         11.93801096050970     
   -4.876847290640394         12.00781063975541     
   -4.876847290640394         12.07774363453811     
   -4.876847290640394         12.14780962990438     
   -4.876847290640394         12.21800830608907     
   -4.876847290640394         12.28833933859724     
   -4.876847290640394         12.35880239828584     
   -4.876847290640394         12.42939715144490     
   -4.876847290640394         12.50012325987849     
   -4.876847290640394         12.57098038098522     
   -4.876847290640394         12.64196816783834     
   -4.876847290640394         12.71308626926553     
   -4.876847290640394         12.78433432992817     
   -4.876847290640394         12.85571199040028     
   -4.876847290640394         12.92721888724701     
   -4.876847290640394         12.99885465310265     
   -4.876847290640394         13.07061891674822     
   -4.876847290640394         13.14251130318866     
   -4.876847290640394         13.21453143372946     
   -4.876847290640394         13.28667892605288     
   -4.876847290640394         13.35895339429368     
   -4.876847290640394         13.43135444911436     
   -4.876847290640394         13.50388169777991     
   -4.876847290640394         13.57653474423200     
   -4.876847290640394         13.64931318916281     
   -4.876847290640394         13.72221663008815     
   -4.876847290640394         13.79524466142022     
   -4.876847290640394         13.86839687453974     
   -4.876847290640394         13.94167285786762     
   -4.876847290640394         14.01507219693601     
   -4.876847290640394         14.08859447445888     
   -4.876847290640394         14.16223927040204     
   -4.876847290640394         14.23600616205252     
   -4.876847290640394         14.30989472408749     
   -4.876847290640394         14.38390452864260     
   -4.876847290640394         14.45803514537971     
   -4.876847290640394         14.53228614155403     
   -4.876847290640394         14.60665708208079     
   -4.876847290640394         14.68114752960122     
   -4.876847290640394         14.75575704454800     
   -4.876847290640394         14.83048518521008     
   -4.876847290640394         14.90533150779699     
   -4.876847290640394         14.98029556650246     
   -4.817733990147783        0.5901827460185155     
   -4.817733990147783        0.6383246859879448     
   -4.817733990147783        0.6864867558185477     
   -4.817733990147783        0.7346703804507291     
   -4.817733990147783        0.7828769821661479     
   -4.817733990147783        0.8311079804142939     
   -4.817733990147783        0.8793647916398474     
   -4.817733990147783        0.9276488291108121     
   -4.817733990147783        0.9759615027474738     
   -4.817733990147783         1.024304218952232     
   -4.817733990147783         1.072678380440337     
   -4.817733990147783         1.121085386071610     
   -4.817733990147783         1.169526630683144     
   -4.817733990147783         1.218003504923040     
   -4.817733990147783         1.266517395085255     
   -4.817733990147783         1.315069682945545     
   -4.817733990147783         1.363661745598599     
   -4.817733990147783         1.412294955296358     
   -4.817733990147783         1.460970679287577     
   -4.817733990147783         1.509690279658703     
   -4.817733990147783         1.558455113176031     
   -4.817733990147783         1.607266531129257     
   -4.817733990147783         1.656125879176403     
   -4.817733990147783         1.705034497190180     
   -4.817733990147783         1.753993719105825     
   -4.817733990147783         1.803004872770455     
   -4.817733990147783         1.852069279793938     
   -4.817733990147783         1.901188255401346     
   -4.817733990147783         1.950363108287015     
   -4.817733990147783         1.999595140470237     
   -4.817733990147783         2.048885647152663     
   -4.817733990147783         2.098235916577331     
   -4.817733990147783         2.147647229889504     
   -4.817733990147783         2.197120860999235     
   -4.817733990147783         2.246658076445713     
   -4.817733990147783         2.296260135263459     
   -4.817733990147783         2.345928288850353     
   -4.817733990147783         2.395663780837530     
   -4.817733990147783         2.445467846961194     
   -4.817733990147783         2.495341714936336     
   -4.817733990147783         2.545286604332427     
   -4.817733990147783         2.595303726451066     
   -4.817733990147783         2.645394284205619     
   -4.817733990147783         2.695559472002917     
   -4.817733990147783         2.745800475626931     
   -4.817733990147783         2.796118472124562     
   -4.817733990147783         2.846514629693493     
   -4.817733990147783         2.896990107572124     
   -4.817733990147783         2.947546055931647     
   -4.817733990147783         2.998183615770246     
   -4.817733990147783         3.048903918809426     
   -4.817733990147783         3.099708087392552     
   -4.817733990147783         3.150597234385543     
   -4.817733990147783         3.201572463079744     
   -4.817733990147783         3.252634867097027     
   -4.817733990147783         3.303785530297104     
   -4.817733990147783         3.355025526687095     
   -4.817733990147783         3.406355920333276     
   -4.817733990147783         3.457777765275144     
   -4.817733990147783         3.509292105441697     
   -4.817733990147783         3.560899974569995     
   -4.817733990147783         3.612602396126019     
   -4.817733990147783         3.664400383227755     
   -4.817733990147783         3.716294938570621     
   -4.817733990147783         3.768287054355155     
   -4.817733990147783         3.820377712216992     
   -4.817733990147783         3.872567883159169     
   -4.817733990147783         3.924858527486697     
   -4.817733990147783         3.977250594743452     
   -4.817733990147783         4.029745023651369     
   -4.817733990147783         4.082342742051922     
   -4.817733990147783         4.135044666849921     
   -4.817733990147783         4.187851703959623     
   -4.817733990147783         4.240764748253083     
   -4.817733990147783         4.293784683510877     
   -4.817733990147783         4.346912382375035     
   -4.817733990147783         4.400148706304335     
   -4.817733990147783         4.453494505531812     
   -4.817733990147783         4.506950619024605     
   -4.817733990147783         4.560517874445989     
   -4.817733990147783         4.614197088119759     
   -4.817733990147783         4.667989064996787     
   -4.817733990147783         4.721894598623869     
   -4.817733990147783         4.775914471114810     
   -4.817733990147783         4.830049453123672     
   -4.817733990147783         4.884300303820300     
   -4.817733990147783         4.938667770868034     
   -4.817733990147783         4.993152590403565     
   -4.817733990147783         5.047755487019044     
   -4.817733990147783         5.102477173746276     
   -4.817733990147783         5.157318352043106     
   -4.817733990147783         5.212279711781952     
   -4.817733990147783         5.267361931240405     
   -4.817733990147783         5.322565677093978     
   -4.817733990147783         5.377891604410935     
   -4.817733990147783         5.433340356649176     
   -4.817733990147783         5.488912565655180     
   -4.817733990147783         5.544608851664999     
   -4.817733990147783         5.600429823307244     
   -4.817733990147783         5.656376077608095     
   -4.817733990147783         5.712448199998287     
   -4.817733990147783         5.768646764322033     
   -4.817733990147783         5.824972332847921     
   -4.817733990147783         5.881425456281713     
   -4.817733990147783         5.938006673781031     
   -4.817733990147783         5.994716512971964     
   -4.817733990147783         6.051555489967481     
   -4.817733990147783         6.108524109387715     
   -4.817733990147783         6.165622864382035     
   -4.817733990147783         6.222852236652933     
   -4.817733990147783         6.280212696481654     
   -4.817733990147783         6.337704702755588     
   -4.817733990147783         6.395328702997363     
   -4.817733990147783         6.453085133395653     
   -4.817733990147783         6.510974418837655     
   -4.817733990147783         6.568996972943191     
   -4.817733990147783         6.627153198100469     
   -4.817733990147783         6.685443485503412     
   -4.817733990147783         6.743868215190578     
   -4.817733990147783         6.802427756085615     
   -4.817733990147783         6.861122466039248     
   -4.817733990147783         6.919952691872765     
   -4.817733990147783         6.978918769422950     
   -4.817733990147783         7.038021023588496     
   -4.817733990147783         7.097259768377808     
   -4.817733990147783         7.156635306958210     
   -4.817733990147783         7.216147931706518     
   -4.817733990147783         7.275797924260956     
   -4.817733990147783         7.335585555574358     
   -4.817733990147783         7.395511085968706     
   -4.817733990147783         7.455574765190877     
   -4.817733990147783         7.515776832469648     
   -4.817733990147783         7.576117516573909     
   -4.817733990147783         7.636597035872039     
   -4.817733990147783         7.697215598392448     
   -4.817733990147783         7.757973401885232     
   -4.817733990147783         7.818870633884936     
   -4.817733990147783         7.879907471774390     
   -4.817733990147783         7.941084082849565     
   -4.817733990147783         8.002400624385478     
   -4.817733990147783         8.063857243703076     
   -4.817733990147783         8.125454078237061     
   -4.817733990147783         8.187191255604692     
   -4.817733990147783         8.249068893675465     
   -4.817733990147783         8.311087100641695     
   -4.817733990147783         8.373245975089930     
   -4.817733990147783         8.435545606073234     
   -4.817733990147783         8.497986073184252     
   -4.817733990147783         8.560567446629033     
   -4.817733990147783         8.623289787301651     
   -4.817733990147783         8.686153146859512     
   -4.817733990147783         8.749157567799386     
   -4.817733990147783         8.812303083534093     
   -4.817733990147783         8.875589718469866     
   -4.817733990147783         8.939017488084312     
   -4.817733990147783         9.002586399004974     
   -4.817733990147783         9.066296449088483     
   -4.817733990147783         9.130147627500254     
   -4.817733990147783         9.194139914794691     
   -4.817733990147783         9.258273282995903     
   -4.817733990147783         9.322547695678912     
   -4.817733990147783         9.386963108051271     
   -4.817733990147783         9.451519467035148     
   -4.817733990147783         9.516216711349808     
   -4.817733990147783         9.581054771594454     
   -4.817733990147783         9.646033570331447     
   -4.817733990147783         9.711153022169857     
   -4.817733990147783         9.776413033849320     
   -4.817733990147783         9.841813504324184     
   -4.817733990147783         9.907354324847942     
   -4.817733990147783         9.973035379057874     
   -4.817733990147783         10.03885654305996     
   -4.817733990147783         10.10481768551394     
   -4.817733990147783         10.17091866771861     
   -4.817733990147783         10.23715934369725     
   -4.817733990147783         10.30353956028320     
   -4.817733990147783         10.37005915720552     
   -4.817733990147783         10.43671796717483     
   -4.817733990147783         10.50351581596916     
   -4.817733990147783         10.57045252251987     
   -4.817733990147783         10.63752789899763     
   -4.817733990147783         10.70474175089845     
   -4.817733990147783         10.77209387712962     
   -4.817733990147783         10.83958407009575     
   -4.817733990147783         10.90721211578467     
   -4.817733990147783         10.97497779385340     
   -4.817733990147783         11.04288087771391     
   -4.817733990147783         11.11092113461890     
   -4.817733990147783         11.17909832574749     
   -4.817733990147783         11.24741220629066     
   -4.817733990147783         11.31586252553671     
   -4.817733990147783         11.38444902695649     
   -4.817733990147783         11.45317144828847     
   -4.817733990147783         11.52202952162362     
   -4.817733990147783         11.59102297349011     
   -4.817733990147783         11.66015152493785     
   -4.817733990147783         11.72941489162265     
   -4.817733990147783         11.79881278389032     
   -4.817733990147783         11.86834490686041     
   -4.817733990147783         11.93801096050970     
   -4.817733990147783         12.00781063975541     
   -4.817733990147783         12.07774363453811     
   -4.817733990147783         12.14780962990438     
   -4.817733990147783         12.21800830608907     
   -4.817733990147783         12.28833933859724     
   -4.817733990147783         12.35880239828584     
   -4.817733990147783         12.42939715144490     
   -4.817733990147783         12.50012325987849     
   -4.817733990147783         12.57098038098522     
   -4.817733990147783         12.64196816783834     
   -4.817733990147783         12.71308626926553     
   -4.817733990147783         12.78433432992817     
   -4.817733990147783         12.85571199040028     
   -4.817733990147783         12.92721888724701     
   -4.817733990147783         12.99885465310265     
   -4.817733990147783         13.07061891674822     
   -4.817733990147783         13.14251130318866     
   -4.817733990147783         13.21453143372946     
   -4.817733990147783         13.28667892605288     
   -4.817733990147783         13.35895339429368     
   -4.817733990147783         13.43135444911436     
   -4.817733990147783         13.50388169777991     
   -4.817733990147783         13.57653474423200     
   -4.817733990147783         13.64931318916281     
   -4.817733990147783         13.72221663008815     
   -4.817733990147783         13.79524466142022     
   -4.817733990147783         13.86839687453974     
   -4.817733990147783         13.94167285786762     
   -4.817733990147783         14.01507219693601     
   -4.817733990147783         14.08859447445888     
   -4.817733990147783         14.16223927040204     
   -4.817733990147783         14.23600616205252     
   -4.817733990147783         14.30989472408749     
   -4.817733990147783         14.38390452864260     
   -4.817733990147783         14.45803514537971     
   -4.817733990147783         14.53228614155403     
   -4.817733990147783         14.60665708208079     
   -4.817733990147783         14.68114752960122     
   -4.817733990147783         14.75575704454800     
   -4.817733990147783         14.83048518521008     
   -4.817733990147783         14.90533150779699     
   -4.817733990147783         14.98029556650246     
   -4.758620689655173        0.5901827460185155     
   -4.758620689655173        0.6383246859879448     
   -4.758620689655173        0.6864867558185477     
   -4.758620689655173        0.7346703804507291     
   -4.758620689655173        0.7828769821661479     
   -4.758620689655173        0.8311079804142939     
   -4.758620689655173        0.8793647916398474     
   -4.758620689655173        0.9276488291108121     
   -4.758620689655173        0.9759615027474738     
   -4.758620689655173         1.024304218952232     
   -4.758620689655173         1.072678380440337     
   -4.758620689655173         1.121085386071610     
   -4.758620689655173         1.169526630683144     
   -4.758620689655173         1.218003504923040     
   -4.758620689655173         1.266517395085255     
   -4.758620689655173         1.315069682945545     
   -4.758620689655173         1.363661745598599     
   -4.758620689655173         1.412294955296358     
   -4.758620689655173         1.460970679287577     
   -4.758620689655173         1.509690279658703     
   -4.758620689655173         1.558455113176031     
   -4.758620689655173         1.607266531129257     
   -4.758620689655173         1.656125879176403     
   -4.758620689655173         1.705034497190180     
   -4.758620689655173         1.753993719105825     
   -4.758620689655173         1.803004872770455     
   -4.758620689655173         1.852069279793938     
   -4.758620689655173         1.901188255401346     
   -4.758620689655173         1.950363108287015     
   -4.758620689655173         1.999595140470237     
   -4.758620689655173         2.048885647152663     
   -4.758620689655173         2.098235916577331     
   -4.758620689655173         2.147647229889504     
   -4.758620689655173         2.197120860999235     
   -4.758620689655173         2.246658076445713     
   -4.758620689655173         2.296260135263459     
   -4.758620689655173         2.345928288850353     
   -4.758620689655173         2.395663780837530     
   -4.758620689655173         2.445467846961194     
   -4.758620689655173         2.495341714936336     
   -4.758620689655173         2.545286604332427     
   -4.758620689655173         2.595303726451066     
   -4.758620689655173         2.645394284205619     
   -4.758620689655173         2.695559472002917     
   -4.758620689655173         2.745800475626931     
   -4.758620689655173         2.796118472124562     
   -4.758620689655173         2.846514629693493     
   -4.758620689655173         2.896990107572124     
   -4.758620689655173         2.947546055931647     
   -4.758620689655173         2.998183615770246     
   -4.758620689655173         3.048903918809426     
   -4.758620689655173         3.099708087392552     
   -4.758620689655173         3.150597234385543     
   -4.758620689655173         3.201572463079744     
   -4.758620689655173         3.252634867097027     
   -4.758620689655173         3.303785530297104     
   -4.758620689655173         3.355025526687095     
   -4.758620689655173         3.406355920333276     
   -4.758620689655173         3.457777765275144     
   -4.758620689655173         3.509292105441697     
   -4.758620689655173         3.560899974569995     
   -4.758620689655173         3.612602396126019     
   -4.758620689655173         3.664400383227755     
   -4.758620689655173         3.716294938570621     
   -4.758620689655173         3.768287054355155     
   -4.758620689655173         3.820377712216992     
   -4.758620689655173         3.872567883159169     
   -4.758620689655173         3.924858527486697     
   -4.758620689655173         3.977250594743452     
   -4.758620689655173         4.029745023651369     
   -4.758620689655173         4.082342742051922     
   -4.758620689655173         4.135044666849921     
   -4.758620689655173         4.187851703959623     
   -4.758620689655173         4.240764748253083     
   -4.758620689655173         4.293784683510877     
   -4.758620689655173         4.346912382375035     
   -4.758620689655173         4.400148706304335     
   -4.758620689655173         4.453494505531812     
   -4.758620689655173         4.506950619024605     
   -4.758620689655173         4.560517874445989     
   -4.758620689655173         4.614197088119759     
   -4.758620689655173         4.667989064996787     
   -4.758620689655173         4.721894598623869     
   -4.758620689655173         4.775914471114810     
   -4.758620689655173         4.830049453123672     
   -4.758620689655173         4.884300303820300     
   -4.758620689655173         4.938667770868034     
   -4.758620689655173         4.993152590403565     
   -4.758620689655173         5.047755487019044     
   -4.758620689655173         5.102477173746276     
   -4.758620689655173         5.157318352043106     
   -4.758620689655173         5.212279711781952     
   -4.758620689655173         5.267361931240405     
   -4.758620689655173         5.322565677093978     
   -4.758620689655173         5.377891604410935     
   -4.758620689655173         5.433340356649176     
   -4.758620689655173         5.488912565655180     
   -4.758620689655173         5.544608851664999     
   -4.758620689655173         5.600429823307244     
   -4.758620689655173         5.656376077608095     
   -4.758620689655173         5.712448199998287     
   -4.758620689655173         5.768646764322033     
   -4.758620689655173         5.824972332847921     
   -4.758620689655173         5.881425456281713     
   -4.758620689655173         5.938006673781031     
   -4.758620689655173         5.994716512971964     
   -4.758620689655173         6.051555489967481     
   -4.758620689655173         6.108524109387715     
   -4.758620689655173         6.165622864382035     
   -4.758620689655173         6.222852236652933     
   -4.758620689655173         6.280212696481654     
   -4.758620689655173         6.337704702755588     
   -4.758620689655173         6.395328702997363     
   -4.758620689655173         6.453085133395653     
   -4.758620689655173         6.510974418837655     
   -4.758620689655173         6.568996972943191     
   -4.758620689655173         6.627153198100469     
   -4.758620689655173         6.685443485503412     
   -4.758620689655173         6.743868215190578     
   -4.758620689655173         6.802427756085615     
   -4.758620689655173         6.861122466039248     
   -4.758620689655173         6.919952691872765     
   -4.758620689655173         6.978918769422950     
   -4.758620689655173         7.038021023588496     
   -4.758620689655173         7.097259768377808     
   -4.758620689655173         7.156635306958210     
   -4.758620689655173         7.216147931706518     
   -4.758620689655173         7.275797924260956     
   -4.758620689655173         7.335585555574358     
   -4.758620689655173         7.395511085968706     
   -4.758620689655173         7.455574765190877     
   -4.758620689655173         7.515776832469648     
   -4.758620689655173         7.576117516573909     
   -4.758620689655173         7.636597035872039     
   -4.758620689655173         7.697215598392448     
   -4.758620689655173         7.757973401885232     
   -4.758620689655173         7.818870633884936     
   -4.758620689655173         7.879907471774390     
   -4.758620689655173         7.941084082849565     
   -4.758620689655173         8.002400624385478     
   -4.758620689655173         8.063857243703076     
   -4.758620689655173         8.125454078237061     
   -4.758620689655173         8.187191255604692     
   -4.758620689655173         8.249068893675465     
   -4.758620689655173         8.311087100641695     
   -4.758620689655173         8.373245975089930     
   -4.758620689655173         8.435545606073234     
   -4.758620689655173         8.497986073184252     
   -4.758620689655173         8.560567446629033     
   -4.758620689655173         8.623289787301651     
   -4.758620689655173         8.686153146859512     
   -4.758620689655173         8.749157567799386     
   -4.758620689655173         8.812303083534093     
   -4.758620689655173         8.875589718469866     
   -4.758620689655173         8.939017488084312     
   -4.758620689655173         9.002586399004974     
   -4.758620689655173         9.066296449088483     
   -4.758620689655173         9.130147627500254     
   -4.758620689655173         9.194139914794691     
   -4.758620689655173         9.258273282995903     
   -4.758620689655173         9.322547695678912     
   -4.758620689655173         9.386963108051271     
   -4.758620689655173         9.451519467035148     
   -4.758620689655173         9.516216711349808     
   -4.758620689655173         9.581054771594454     
   -4.758620689655173         9.646033570331447     
   -4.758620689655173         9.711153022169857     
   -4.758620689655173         9.776413033849320     
   -4.758620689655173         9.841813504324184     
   -4.758620689655173         9.907354324847942     
   -4.758620689655173         9.973035379057874     
   -4.758620689655173         10.03885654305996     
   -4.758620689655173         10.10481768551394     
   -4.758620689655173         10.17091866771861     
   -4.758620689655173         10.23715934369725     
   -4.758620689655173         10.30353956028320     
   -4.758620689655173         10.37005915720552     
   -4.758620689655173         10.43671796717483     
   -4.758620689655173         10.50351581596916     
   -4.758620689655173         10.57045252251987     
   -4.758620689655173         10.63752789899763     
   -4.758620689655173         10.70474175089845     
   -4.758620689655173         10.77209387712962     
   -4.758620689655173         10.83958407009575     
   -4.758620689655173         10.90721211578467     
   -4.758620689655173         10.97497779385340     
   -4.758620689655173         11.04288087771391     
   -4.758620689655173         11.11092113461890     
   -4.758620689655173         11.17909832574749     
   -4.758620689655173         11.24741220629066     
   -4.758620689655173         11.31586252553671     
   -4.758620689655173         11.38444902695649     
   -4.758620689655173         11.45317144828847     
   -4.758620689655173         11.52202952162362     
   -4.758620689655173         11.59102297349011     
   -4.758620689655173         11.66015152493785     
   -4.758620689655173         11.72941489162265     
   -4.758620689655173         11.79881278389032     
   -4.758620689655173         11.86834490686041     
   -4.758620689655173         11.93801096050970     
   -4.758620689655173         12.00781063975541     
   -4.758620689655173         12.07774363453811     
   -4.758620689655173         12.14780962990438     
   -4.758620689655173         12.21800830608907     
   -4.758620689655173         12.28833933859724     
   -4.758620689655173         12.35880239828584     
   -4.758620689655173         12.42939715144490     
   -4.758620689655173         12.50012325987849     
   -4.758620689655173         12.57098038098522     
   -4.758620689655173         12.64196816783834     
   -4.758620689655173         12.71308626926553     
   -4.758620689655173         12.78433432992817     
   -4.758620689655173         12.85571199040028     
   -4.758620689655173         12.92721888724701     
   -4.758620689655173         12.99885465310265     
   -4.758620689655173         13.07061891674822     
   -4.758620689655173         13.14251130318866     
   -4.758620689655173         13.21453143372946     
   -4.758620689655173         13.28667892605288     
   -4.758620689655173         13.35895339429368     
   -4.758620689655173         13.43135444911436     
   -4.758620689655173         13.50388169777991     
   -4.758620689655173         13.57653474423200     
   -4.758620689655173         13.64931318916281     
   -4.758620689655173         13.72221663008815     
   -4.758620689655173         13.79524466142022     
   -4.758620689655173         13.86839687453974     
   -4.758620689655173         13.94167285786762     
   -4.758620689655173         14.01507219693601     
   -4.758620689655173         14.08859447445888     
   -4.758620689655173         14.16223927040204     
   -4.758620689655173         14.23600616205252     
   -4.758620689655173         14.30989472408749     
   -4.758620689655173         14.38390452864260     
   -4.758620689655173         14.45803514537971     
   -4.758620689655173         14.53228614155403     
   -4.758620689655173         14.60665708208079     
   -4.758620689655173         14.68114752960122     
   -4.758620689655173         14.75575704454800     
   -4.758620689655173         14.83048518521008     
   -4.758620689655173         14.90533150779699     
   -4.758620689655173         14.98029556650246     
   -4.699507389162561        0.5901827460185155     
   -4.699507389162561        0.6383246859879448     
   -4.699507389162561        0.6864867558185477     
   -4.699507389162561        0.7346703804507291     
   -4.699507389162561        0.7828769821661479     
   -4.699507389162561        0.8311079804142939     
   -4.699507389162561        0.8793647916398474     
   -4.699507389162561        0.9276488291108121     
   -4.699507389162561        0.9759615027474738     
   -4.699507389162561         1.024304218952232     
   -4.699507389162561         1.072678380440337     
   -4.699507389162561         1.121085386071610     
   -4.699507389162561         1.169526630683144     
   -4.699507389162561         1.218003504923040     
   -4.699507389162561         1.266517395085255     
   -4.699507389162561         1.315069682945545     
   -4.699507389162561         1.363661745598599     
   -4.699507389162561         1.412294955296358     
   -4.699507389162561         1.460970679287577     
   -4.699507389162561         1.509690279658703     
   -4.699507389162561         1.558455113176031     
   -4.699507389162561         1.607266531129257     
   -4.699507389162561         1.656125879176403     
   -4.699507389162561         1.705034497190180     
   -4.699507389162561         1.753993719105825     
   -4.699507389162561         1.803004872770455     
   -4.699507389162561         1.852069279793938     
   -4.699507389162561         1.901188255401346     
   -4.699507389162561         1.950363108287015     
   -4.699507389162561         1.999595140470237     
   -4.699507389162561         2.048885647152663     
   -4.699507389162561         2.098235916577331     
   -4.699507389162561         2.147647229889504     
   -4.699507389162561         2.197120860999235     
   -4.699507389162561         2.246658076445713     
   -4.699507389162561         2.296260135263459     
   -4.699507389162561         2.345928288850353     
   -4.699507389162561         2.395663780837530     
   -4.699507389162561         2.445467846961194     
   -4.699507389162561         2.495341714936336     
   -4.699507389162561         2.545286604332427     
   -4.699507389162561         2.595303726451066     
   -4.699507389162561         2.645394284205619     
   -4.699507389162561         2.695559472002917     
   -4.699507389162561         2.745800475626931     
   -4.699507389162561         2.796118472124562     
   -4.699507389162561         2.846514629693493     
   -4.699507389162561         2.896990107572124     
   -4.699507389162561         2.947546055931647     
   -4.699507389162561         2.998183615770246     
   -4.699507389162561         3.048903918809426     
   -4.699507389162561         3.099708087392552     
   -4.699507389162561         3.150597234385543     
   -4.699507389162561         3.201572463079744     
   -4.699507389162561         3.252634867097027     
   -4.699507389162561         3.303785530297104     
   -4.699507389162561         3.355025526687095     
   -4.699507389162561         3.406355920333276     
   -4.699507389162561         3.457777765275144     
   -4.699507389162561         3.509292105441697     
   -4.699507389162561         3.560899974569995     
   -4.699507389162561         3.612602396126019     
   -4.699507389162561         3.664400383227755     
   -4.699507389162561         3.716294938570621     
   -4.699507389162561         3.768287054355155     
   -4.699507389162561         3.820377712216992     
   -4.699507389162561         3.872567883159169     
   -4.699507389162561         3.924858527486697     
   -4.699507389162561         3.977250594743452     
   -4.699507389162561         4.029745023651369     
   -4.699507389162561         4.082342742051922     
   -4.699507389162561         4.135044666849921     
   -4.699507389162561         4.187851703959623     
   -4.699507389162561         4.240764748253083     
   -4.699507389162561         4.293784683510877     
   -4.699507389162561         4.346912382375035     
   -4.699507389162561         4.400148706304335     
   -4.699507389162561         4.453494505531812     
   -4.699507389162561         4.506950619024605     
   -4.699507389162561         4.560517874445989     
   -4.699507389162561         4.614197088119759     
   -4.699507389162561         4.667989064996787     
   -4.699507389162561         4.721894598623869     
   -4.699507389162561         4.775914471114810     
   -4.699507389162561         4.830049453123672     
   -4.699507389162561         4.884300303820300     
   -4.699507389162561         4.938667770868034     
   -4.699507389162561         4.993152590403565     
   -4.699507389162561         5.047755487019044     
   -4.699507389162561         5.102477173746276     
   -4.699507389162561         5.157318352043106     
   -4.699507389162561         5.212279711781952     
   -4.699507389162561         5.267361931240405     
   -4.699507389162561         5.322565677093978     
   -4.699507389162561         5.377891604410935     
   -4.699507389162561         5.433340356649176     
   -4.699507389162561         5.488912565655180     
   -4.699507389162561         5.544608851664999     
   -4.699507389162561         5.600429823307244     
   -4.699507389162561         5.656376077608095     
   -4.699507389162561         5.712448199998287     
   -4.699507389162561         5.768646764322033     
   -4.699507389162561         5.824972332847921     
   -4.699507389162561         5.881425456281713     
   -4.699507389162561         5.938006673781031     
   -4.699507389162561         5.994716512971964     
   -4.699507389162561         6.051555489967481     
   -4.699507389162561         6.108524109387715     
   -4.699507389162561         6.165622864382035     
   -4.699507389162561         6.222852236652933     
   -4.699507389162561         6.280212696481654     
   -4.699507389162561         6.337704702755588     
   -4.699507389162561         6.395328702997363     
   -4.699507389162561         6.453085133395653     
   -4.699507389162561         6.510974418837655     
   -4.699507389162561         6.568996972943191     
   -4.699507389162561         6.627153198100469     
   -4.699507389162561         6.685443485503412     
   -4.699507389162561         6.743868215190578     
   -4.699507389162561         6.802427756085615     
   -4.699507389162561         6.861122466039248     
   -4.699507389162561         6.919952691872765     
   -4.699507389162561         6.978918769422950     
   -4.699507389162561         7.038021023588496     
   -4.699507389162561         7.097259768377808     
   -4.699507389162561         7.156635306958210     
   -4.699507389162561         7.216147931706518     
   -4.699507389162561         7.275797924260956     
   -4.699507389162561         7.335585555574358     
   -4.699507389162561         7.395511085968706     
   -4.699507389162561         7.455574765190877     
   -4.699507389162561         7.515776832469648     
   -4.699507389162561         7.576117516573909     
   -4.699507389162561         7.636597035872039     
   -4.699507389162561         7.697215598392448     
   -4.699507389162561         7.757973401885232     
   -4.699507389162561         7.818870633884936     
   -4.699507389162561         7.879907471774390     
   -4.699507389162561         7.941084082849565     
   -4.699507389162561         8.002400624385478     
   -4.699507389162561         8.063857243703076     
   -4.699507389162561         8.125454078237061     
   -4.699507389162561         8.187191255604692     
   -4.699507389162561         8.249068893675465     
   -4.699507389162561         8.311087100641695     
   -4.699507389162561         8.373245975089930     
   -4.699507389162561         8.435545606073234     
   -4.699507389162561         8.497986073184252     
   -4.699507389162561         8.560567446629033     
   -4.699507389162561         8.623289787301651     
   -4.699507389162561         8.686153146859512     
   -4.699507389162561         8.749157567799386     
   -4.699507389162561         8.812303083534093     
   -4.699507389162561         8.875589718469866     
   -4.699507389162561         8.939017488084312     
   -4.699507389162561         9.002586399004974     
   -4.699507389162561         9.066296449088483     
   -4.699507389162561         9.130147627500254     
   -4.699507389162561         9.194139914794691     
   -4.699507389162561         9.258273282995903     
   -4.699507389162561         9.322547695678912     
   -4.699507389162561         9.386963108051271     
   -4.699507389162561         9.451519467035148     
   -4.699507389162561         9.516216711349808     
   -4.699507389162561         9.581054771594454     
   -4.699507389162561         9.646033570331447     
   -4.699507389162561         9.711153022169857     
   -4.699507389162561         9.776413033849320     
   -4.699507389162561         9.841813504324184     
   -4.699507389162561         9.907354324847942     
   -4.699507389162561         9.973035379057874     
   -4.699507389162561         10.03885654305996     
   -4.699507389162561         10.10481768551394     
   -4.699507389162561         10.17091866771861     
   -4.699507389162561         10.23715934369725     
   -4.699507389162561         10.30353956028320     
   -4.699507389162561         10.37005915720552     
   -4.699507389162561         10.43671796717483     
   -4.699507389162561         10.50351581596916     
   -4.699507389162561         10.57045252251987     
   -4.699507389162561         10.63752789899763     
   -4.699507389162561         10.70474175089845     
   -4.699507389162561         10.77209387712962     
   -4.699507389162561         10.83958407009575     
   -4.699507389162561         10.90721211578467     
   -4.699507389162561         10.97497779385340     
   -4.699507389162561         11.04288087771391     
   -4.699507389162561         11.11092113461890     
   -4.699507389162561         11.17909832574749     
   -4.699507389162561         11.24741220629066     
   -4.699507389162561         11.31586252553671     
   -4.699507389162561         11.38444902695649     
   -4.699507389162561         11.45317144828847     
   -4.699507389162561         11.52202952162362     
   -4.699507389162561         11.59102297349011     
   -4.699507389162561         11.66015152493785     
   -4.699507389162561         11.72941489162265     
   -4.699507389162561         11.79881278389032     
   -4.699507389162561         11.86834490686041     
   -4.699507389162561         11.93801096050970     
   -4.699507389162561         12.00781063975541     
   -4.699507389162561         12.07774363453811     
   -4.699507389162561         12.14780962990438     
   -4.699507389162561         12.21800830608907     
   -4.699507389162561         12.28833933859724     
   -4.699507389162561         12.35880239828584     
   -4.699507389162561         12.42939715144490     
   -4.699507389162561         12.50012325987849     
   -4.699507389162561         12.57098038098522     
   -4.699507389162561         12.64196816783834     
   -4.699507389162561         12.71308626926553     
   -4.699507389162561         12.78433432992817     
   -4.699507389162561         12.85571199040028     
   -4.699507389162561         12.92721888724701     
   -4.699507389162561         12.99885465310265     
   -4.699507389162561         13.07061891674822     
   -4.699507389162561         13.14251130318866     
   -4.699507389162561         13.21453143372946     
   -4.699507389162561         13.28667892605288     
   -4.699507389162561         13.35895339429368     
   -4.699507389162561         13.43135444911436     
   -4.699507389162561         13.50388169777991     
   -4.699507389162561         13.57653474423200     
   -4.699507389162561         13.64931318916281     
   -4.699507389162561         13.72221663008815     
   -4.699507389162561         13.79524466142022     
   -4.699507389162561         13.86839687453974     
   -4.699507389162561         13.94167285786762     
   -4.699507389162561         14.01507219693601     
   -4.699507389162561         14.08859447445888     
   -4.699507389162561         14.16223927040204     
   -4.699507389162561         14.23600616205252     
   -4.699507389162561         14.30989472408749     
   -4.699507389162561         14.38390452864260     
   -4.699507389162561         14.45803514537971     
   -4.699507389162561         14.53228614155403     
   -4.699507389162561         14.60665708208079     
   -4.699507389162561         14.68114752960122     
   -4.699507389162561         14.75575704454800     
   -4.699507389162561         14.83048518521008     
   -4.699507389162561         14.90533150779699     
   -4.699507389162561         14.98029556650246     
   -4.640394088669951        0.5901827460185155     
   -4.640394088669951        0.6383246859879448     
   -4.640394088669951        0.6864867558185477     
   -4.640394088669951        0.7346703804507291     
   -4.640394088669951        0.7828769821661479     
   -4.640394088669951        0.8311079804142939     
   -4.640394088669951        0.8793647916398474     
   -4.640394088669951        0.9276488291108121     
   -4.640394088669951        0.9759615027474738     
   -4.640394088669951         1.024304218952232     
   -4.640394088669951         1.072678380440337     
   -4.640394088669951         1.121085386071610     
   -4.640394088669951         1.169526630683144     
   -4.640394088669951         1.218003504923040     
   -4.640394088669951         1.266517395085255     
   -4.640394088669951         1.315069682945545     
   -4.640394088669951         1.363661745598599     
   -4.640394088669951         1.412294955296358     
   -4.640394088669951         1.460970679287577     
   -4.640394088669951         1.509690279658703     
   -4.640394088669951         1.558455113176031     
   -4.640394088669951         1.607266531129257     
   -4.640394088669951         1.656125879176403     
   -4.640394088669951         1.705034497190180     
   -4.640394088669951         1.753993719105825     
   -4.640394088669951         1.803004872770455     
   -4.640394088669951         1.852069279793938     
   -4.640394088669951         1.901188255401346     
   -4.640394088669951         1.950363108287015     
   -4.640394088669951         1.999595140470237     
   -4.640394088669951         2.048885647152663     
   -4.640394088669951         2.098235916577331     
   -4.640394088669951         2.147647229889504     
   -4.640394088669951         2.197120860999235     
   -4.640394088669951         2.246658076445713     
   -4.640394088669951         2.296260135263459     
   -4.640394088669951         2.345928288850353     
   -4.640394088669951         2.395663780837530     
   -4.640394088669951         2.445467846961194     
   -4.640394088669951         2.495341714936336     
   -4.640394088669951         2.545286604332427     
   -4.640394088669951         2.595303726451066     
   -4.640394088669951         2.645394284205619     
   -4.640394088669951         2.695559472002917     
   -4.640394088669951         2.745800475626931     
   -4.640394088669951         2.796118472124562     
   -4.640394088669951         2.846514629693493     
   -4.640394088669951         2.896990107572124     
   -4.640394088669951         2.947546055931647     
   -4.640394088669951         2.998183615770246     
   -4.640394088669951         3.048903918809426     
   -4.640394088669951         3.099708087392552     
   -4.640394088669951         3.150597234385543     
   -4.640394088669951         3.201572463079744     
   -4.640394088669951         3.252634867097027     
   -4.640394088669951         3.303785530297104     
   -4.640394088669951         3.355025526687095     
   -4.640394088669951         3.406355920333276     
   -4.640394088669951         3.457777765275144     
   -4.640394088669951         3.509292105441697     
   -4.640394088669951         3.560899974569995     
   -4.640394088669951         3.612602396126019     
   -4.640394088669951         3.664400383227755     
   -4.640394088669951         3.716294938570621     
   -4.640394088669951         3.768287054355155     
   -4.640394088669951         3.820377712216992     
   -4.640394088669951         3.872567883159169     
   -4.640394088669951         3.924858527486697     
   -4.640394088669951         3.977250594743452     
   -4.640394088669951         4.029745023651369     
   -4.640394088669951         4.082342742051922     
   -4.640394088669951         4.135044666849921     
   -4.640394088669951         4.187851703959623     
   -4.640394088669951         4.240764748253083     
   -4.640394088669951         4.293784683510877     
   -4.640394088669951         4.346912382375035     
   -4.640394088669951         4.400148706304335     
   -4.640394088669951         4.453494505531812     
   -4.640394088669951         4.506950619024605     
   -4.640394088669951         4.560517874445989     
   -4.640394088669951         4.614197088119759     
   -4.640394088669951         4.667989064996787     
   -4.640394088669951         4.721894598623869     
   -4.640394088669951         4.775914471114810     
   -4.640394088669951         4.830049453123672     
   -4.640394088669951         4.884300303820300     
   -4.640394088669951         4.938667770868034     
   -4.640394088669951         4.993152590403565     
   -4.640394088669951         5.047755487019044     
   -4.640394088669951         5.102477173746276     
   -4.640394088669951         5.157318352043106     
   -4.640394088669951         5.212279711781952     
   -4.640394088669951         5.267361931240405     
   -4.640394088669951         5.322565677093978     
   -4.640394088669951         5.377891604410935     
   -4.640394088669951         5.433340356649176     
   -4.640394088669951         5.488912565655180     
   -4.640394088669951         5.544608851664999     
   -4.640394088669951         5.600429823307244     
   -4.640394088669951         5.656376077608095     
   -4.640394088669951         5.712448199998287     
   -4.640394088669951         5.768646764322033     
   -4.640394088669951         5.824972332847921     
   -4.640394088669951         5.881425456281713     
   -4.640394088669951         5.938006673781031     
   -4.640394088669951         5.994716512971964     
   -4.640394088669951         6.051555489967481     
   -4.640394088669951         6.108524109387715     
   -4.640394088669951         6.165622864382035     
   -4.640394088669951         6.222852236652933     
   -4.640394088669951         6.280212696481654     
   -4.640394088669951         6.337704702755588     
   -4.640394088669951         6.395328702997363     
   -4.640394088669951         6.453085133395653     
   -4.640394088669951         6.510974418837655     
   -4.640394088669951         6.568996972943191     
   -4.640394088669951         6.627153198100469     
   -4.640394088669951         6.685443485503412     
   -4.640394088669951         6.743868215190578     
   -4.640394088669951         6.802427756085615     
   -4.640394088669951         6.861122466039248     
   -4.640394088669951         6.919952691872765     
   -4.640394088669951         6.978918769422950     
   -4.640394088669951         7.038021023588496     
   -4.640394088669951         7.097259768377808     
   -4.640394088669951         7.156635306958210     
   -4.640394088669951         7.216147931706518     
   -4.640394088669951         7.275797924260956     
   -4.640394088669951         7.335585555574358     
   -4.640394088669951         7.395511085968706     
   -4.640394088669951         7.455574765190877     
   -4.640394088669951         7.515776832469648     
   -4.640394088669951         7.576117516573909     
   -4.640394088669951         7.636597035872039     
   -4.640394088669951         7.697215598392448     
   -4.640394088669951         7.757973401885232     
   -4.640394088669951         7.818870633884936     
   -4.640394088669951         7.879907471774390     
   -4.640394088669951         7.941084082849565     
   -4.640394088669951         8.002400624385478     
   -4.640394088669951         8.063857243703076     
   -4.640394088669951         8.125454078237061     
   -4.640394088669951         8.187191255604692     
   -4.640394088669951         8.249068893675465     
   -4.640394088669951         8.311087100641695     
   -4.640394088669951         8.373245975089930     
   -4.640394088669951         8.435545606073234     
   -4.640394088669951         8.497986073184252     
   -4.640394088669951         8.560567446629033     
   -4.640394088669951         8.623289787301651     
   -4.640394088669951         8.686153146859512     
   -4.640394088669951         8.749157567799386     
   -4.640394088669951         8.812303083534093     
   -4.640394088669951         8.875589718469866     
   -4.640394088669951         8.939017488084312     
   -4.640394088669951         9.002586399004974     
   -4.640394088669951         9.066296449088483     
   -4.640394088669951         9.130147627500254     
   -4.640394088669951         9.194139914794691     
   -4.640394088669951         9.258273282995903     
   -4.640394088669951         9.322547695678912     
   -4.640394088669951         9.386963108051271     
   -4.640394088669951         9.451519467035148     
   -4.640394088669951         9.516216711349808     
   -4.640394088669951         9.581054771594454     
   -4.640394088669951         9.646033570331447     
   -4.640394088669951         9.711153022169857     
   -4.640394088669951         9.776413033849320     
   -4.640394088669951         9.841813504324184     
   -4.640394088669951         9.907354324847942     
   -4.640394088669951         9.973035379057874     
   -4.640394088669951         10.03885654305996     
   -4.640394088669951         10.10481768551394     
   -4.640394088669951         10.17091866771861     
   -4.640394088669951         10.23715934369725     
   -4.640394088669951         10.30353956028320     
   -4.640394088669951         10.37005915720552     
   -4.640394088669951         10.43671796717483     
   -4.640394088669951         10.50351581596916     
   -4.640394088669951         10.57045252251987     
   -4.640394088669951         10.63752789899763     
   -4.640394088669951         10.70474175089845     
   -4.640394088669951         10.77209387712962     
   -4.640394088669951         10.83958407009575     
   -4.640394088669951         10.90721211578467     
   -4.640394088669951         10.97497779385340     
   -4.640394088669951         11.04288087771391     
   -4.640394088669951         11.11092113461890     
   -4.640394088669951         11.17909832574749     
   -4.640394088669951         11.24741220629066     
   -4.640394088669951         11.31586252553671     
   -4.640394088669951         11.38444902695649     
   -4.640394088669951         11.45317144828847     
   -4.640394088669951         11.52202952162362     
   -4.640394088669951         11.59102297349011     
   -4.640394088669951         11.66015152493785     
   -4.640394088669951         11.72941489162265     
   -4.640394088669951         11.79881278389032     
   -4.640394088669951         11.86834490686041     
   -4.640394088669951         11.93801096050970     
   -4.640394088669951         12.00781063975541     
   -4.640394088669951         12.07774363453811     
   -4.640394088669951         12.14780962990438     
   -4.640394088669951         12.21800830608907     
   -4.640394088669951         12.28833933859724     
   -4.640394088669951         12.35880239828584     
   -4.640394088669951         12.42939715144490     
   -4.640394088669951         12.50012325987849     
   -4.640394088669951         12.57098038098522     
   -4.640394088669951         12.64196816783834     
   -4.640394088669951         12.71308626926553     
   -4.640394088669951         12.78433432992817     
   -4.640394088669951         12.85571199040028     
   -4.640394088669951         12.92721888724701     
   -4.640394088669951         12.99885465310265     
   -4.640394088669951         13.07061891674822     
   -4.640394088669951         13.14251130318866     
   -4.640394088669951         13.21453143372946     
   -4.640394088669951         13.28667892605288     
   -4.640394088669951         13.35895339429368     
   -4.640394088669951         13.43135444911436     
   -4.640394088669951         13.50388169777991     
   -4.640394088669951         13.57653474423200     
   -4.640394088669951         13.64931318916281     
   -4.640394088669951         13.72221663008815     
   -4.640394088669951         13.79524466142022     
   -4.640394088669951         13.86839687453974     
   -4.640394088669951         13.94167285786762     
   -4.640394088669951         14.01507219693601     
   -4.640394088669951         14.08859447445888     
   -4.640394088669951         14.16223927040204     
   -4.640394088669951         14.23600616205252     
   -4.640394088669951         14.30989472408749     
   -4.640394088669951         14.38390452864260     
   -4.640394088669951         14.45803514537971     
   -4.640394088669951         14.53228614155403     
   -4.640394088669951         14.60665708208079     
   -4.640394088669951         14.68114752960122     
   -4.640394088669951         14.75575704454800     
   -4.640394088669951         14.83048518521008     
   -4.640394088669951         14.90533150779699     
   -4.640394088669951         14.98029556650246     
   -4.581280788177340        0.5901827460185155     
   -4.581280788177340        0.6383246859879448     
   -4.581280788177340        0.6864867558185477     
   -4.581280788177340        0.7346703804507291     
   -4.581280788177340        0.7828769821661479     
   -4.581280788177340        0.8311079804142939     
   -4.581280788177340        0.8793647916398474     
   -4.581280788177340        0.9276488291108121     
   -4.581280788177340        0.9759615027474738     
   -4.581280788177340         1.024304218952232     
   -4.581280788177340         1.072678380440337     
   -4.581280788177340         1.121085386071610     
   -4.581280788177340         1.169526630683144     
   -4.581280788177340         1.218003504923040     
   -4.581280788177340         1.266517395085255     
   -4.581280788177340         1.315069682945545     
   -4.581280788177340         1.363661745598599     
   -4.581280788177340         1.412294955296358     
   -4.581280788177340         1.460970679287577     
   -4.581280788177340         1.509690279658703     
   -4.581280788177340         1.558455113176031     
   -4.581280788177340         1.607266531129257     
   -4.581280788177340         1.656125879176403     
   -4.581280788177340         1.705034497190180     
   -4.581280788177340         1.753993719105825     
   -4.581280788177340         1.803004872770455     
   -4.581280788177340         1.852069279793938     
   -4.581280788177340         1.901188255401346     
   -4.581280788177340         1.950363108287015     
   -4.581280788177340         1.999595140470237     
   -4.581280788177340         2.048885647152663     
   -4.581280788177340         2.098235916577331     
   -4.581280788177340         2.147647229889504     
   -4.581280788177340         2.197120860999235     
   -4.581280788177340         2.246658076445713     
   -4.581280788177340         2.296260135263459     
   -4.581280788177340         2.345928288850353     
   -4.581280788177340         2.395663780837530     
   -4.581280788177340         2.445467846961194     
   -4.581280788177340         2.495341714936336     
   -4.581280788177340         2.545286604332427     
   -4.581280788177340         2.595303726451066     
   -4.581280788177340         2.645394284205619     
   -4.581280788177340         2.695559472002917     
   -4.581280788177340         2.745800475626931     
   -4.581280788177340         2.796118472124562     
   -4.581280788177340         2.846514629693493     
   -4.581280788177340         2.896990107572124     
   -4.581280788177340         2.947546055931647     
   -4.581280788177340         2.998183615770246     
   -4.581280788177340         3.048903918809426     
   -4.581280788177340         3.099708087392552     
   -4.581280788177340         3.150597234385543     
   -4.581280788177340         3.201572463079744     
   -4.581280788177340         3.252634867097027     
   -4.581280788177340         3.303785530297104     
   -4.581280788177340         3.355025526687095     
   -4.581280788177340         3.406355920333276     
   -4.581280788177340         3.457777765275144     
   -4.581280788177340         3.509292105441697     
   -4.581280788177340         3.560899974569995     
   -4.581280788177340         3.612602396126019     
   -4.581280788177340         3.664400383227755     
   -4.581280788177340         3.716294938570621     
   -4.581280788177340         3.768287054355155     
   -4.581280788177340         3.820377712216992     
   -4.581280788177340         3.872567883159169     
   -4.581280788177340         3.924858527486697     
   -4.581280788177340         3.977250594743452     
   -4.581280788177340         4.029745023651369     
   -4.581280788177340         4.082342742051922     
   -4.581280788177340         4.135044666849921     
   -4.581280788177340         4.187851703959623     
   -4.581280788177340         4.240764748253083     
   -4.581280788177340         4.293784683510877     
   -4.581280788177340         4.346912382375035     
   -4.581280788177340         4.400148706304335     
   -4.581280788177340         4.453494505531812     
   -4.581280788177340         4.506950619024605     
   -4.581280788177340         4.560517874445989     
   -4.581280788177340         4.614197088119759     
   -4.581280788177340         4.667989064996787     
   -4.581280788177340         4.721894598623869     
   -4.581280788177340         4.775914471114810     
   -4.581280788177340         4.830049453123672     
   -4.581280788177340         4.884300303820300     
   -4.581280788177340         4.938667770868034     
   -4.581280788177340         4.993152590403565     
   -4.581280788177340         5.047755487019044     
   -4.581280788177340         5.102477173746276     
   -4.581280788177340         5.157318352043106     
   -4.581280788177340         5.212279711781952     
   -4.581280788177340         5.267361931240405     
   -4.581280788177340         5.322565677093978     
   -4.581280788177340         5.377891604410935     
   -4.581280788177340         5.433340356649176     
   -4.581280788177340         5.488912565655180     
   -4.581280788177340         5.544608851664999     
   -4.581280788177340         5.600429823307244     
   -4.581280788177340         5.656376077608095     
   -4.581280788177340         5.712448199998287     
   -4.581280788177340         5.768646764322033     
   -4.581280788177340         5.824972332847921     
   -4.581280788177340         5.881425456281713     
   -4.581280788177340         5.938006673781031     
   -4.581280788177340         5.994716512971964     
   -4.581280788177340         6.051555489967481     
   -4.581280788177340         6.108524109387715     
   -4.581280788177340         6.165622864382035     
   -4.581280788177340         6.222852236652933     
   -4.581280788177340         6.280212696481654     
   -4.581280788177340         6.337704702755588     
   -4.581280788177340         6.395328702997363     
   -4.581280788177340         6.453085133395653     
   -4.581280788177340         6.510974418837655     
   -4.581280788177340         6.568996972943191     
   -4.581280788177340         6.627153198100469     
   -4.581280788177340         6.685443485503412     
   -4.581280788177340         6.743868215190578     
   -4.581280788177340         6.802427756085615     
   -4.581280788177340         6.861122466039248     
   -4.581280788177340         6.919952691872765     
   -4.581280788177340         6.978918769422950     
   -4.581280788177340         7.038021023588496     
   -4.581280788177340         7.097259768377808     
   -4.581280788177340         7.156635306958210     
   -4.581280788177340         7.216147931706518     
   -4.581280788177340         7.275797924260956     
   -4.581280788177340         7.335585555574358     
   -4.581280788177340         7.395511085968706     
   -4.581280788177340         7.455574765190877     
   -4.581280788177340         7.515776832469648     
   -4.581280788177340         7.576117516573909     
   -4.581280788177340         7.636597035872039     
   -4.581280788177340         7.697215598392448     
   -4.581280788177340         7.757973401885232     
   -4.581280788177340         7.818870633884936     
   -4.581280788177340         7.879907471774390     
   -4.581280788177340         7.941084082849565     
   -4.581280788177340         8.002400624385478     
   -4.581280788177340         8.063857243703076     
   -4.581280788177340         8.125454078237061     
   -4.581280788177340         8.187191255604692     
   -4.581280788177340         8.249068893675465     
   -4.581280788177340         8.311087100641695     
   -4.581280788177340         8.373245975089930     
   -4.581280788177340         8.435545606073234     
   -4.581280788177340         8.497986073184252     
   -4.581280788177340         8.560567446629033     
   -4.581280788177340         8.623289787301651     
   -4.581280788177340         8.686153146859512     
   -4.581280788177340         8.749157567799386     
   -4.581280788177340         8.812303083534093     
   -4.581280788177340         8.875589718469866     
   -4.581280788177340         8.939017488084312     
   -4.581280788177340         9.002586399004974     
   -4.581280788177340         9.066296449088483     
   -4.581280788177340         9.130147627500254     
   -4.581280788177340         9.194139914794691     
   -4.581280788177340         9.258273282995903     
   -4.581280788177340         9.322547695678912     
   -4.581280788177340         9.386963108051271     
   -4.581280788177340         9.451519467035148     
   -4.581280788177340         9.516216711349808     
   -4.581280788177340         9.581054771594454     
   -4.581280788177340         9.646033570331447     
   -4.581280788177340         9.711153022169857     
   -4.581280788177340         9.776413033849320     
   -4.581280788177340         9.841813504324184     
   -4.581280788177340         9.907354324847942     
   -4.581280788177340         9.973035379057874     
   -4.581280788177340         10.03885654305996     
   -4.581280788177340         10.10481768551394     
   -4.581280788177340         10.17091866771861     
   -4.581280788177340         10.23715934369725     
   -4.581280788177340         10.30353956028320     
   -4.581280788177340         10.37005915720552     
   -4.581280788177340         10.43671796717483     
   -4.581280788177340         10.50351581596916     
   -4.581280788177340         10.57045252251987     
   -4.581280788177340         10.63752789899763     
   -4.581280788177340         10.70474175089845     
   -4.581280788177340         10.77209387712962     
   -4.581280788177340         10.83958407009575     
   -4.581280788177340         10.90721211578467     
   -4.581280788177340         10.97497779385340     
   -4.581280788177340         11.04288087771391     
   -4.581280788177340         11.11092113461890     
   -4.581280788177340         11.17909832574749     
   -4.581280788177340         11.24741220629066     
   -4.581280788177340         11.31586252553671     
   -4.581280788177340         11.38444902695649     
   -4.581280788177340         11.45317144828847     
   -4.581280788177340         11.52202952162362     
   -4.581280788177340         11.59102297349011     
   -4.581280788177340         11.66015152493785     
   -4.581280788177340         11.72941489162265     
   -4.581280788177340         11.79881278389032     
   -4.581280788177340         11.86834490686041     
   -4.581280788177340         11.93801096050970     
   -4.581280788177340         12.00781063975541     
   -4.581280788177340         12.07774363453811     
   -4.581280788177340         12.14780962990438     
   -4.581280788177340         12.21800830608907     
   -4.581280788177340         12.28833933859724     
   -4.581280788177340         12.35880239828584     
   -4.581280788177340         12.42939715144490     
   -4.581280788177340         12.50012325987849     
   -4.581280788177340         12.57098038098522     
   -4.581280788177340         12.64196816783834     
   -4.581280788177340         12.71308626926553     
   -4.581280788177340         12.78433432992817     
   -4.581280788177340         12.85571199040028     
   -4.581280788177340         12.92721888724701     
   -4.581280788177340         12.99885465310265     
   -4.581280788177340         13.07061891674822     
   -4.581280788177340         13.14251130318866     
   -4.581280788177340         13.21453143372946     
   -4.581280788177340         13.28667892605288     
   -4.581280788177340         13.35895339429368     
   -4.581280788177340         13.43135444911436     
   -4.581280788177340         13.50388169777991     
   -4.581280788177340         13.57653474423200     
   -4.581280788177340         13.64931318916281     
   -4.581280788177340         13.72221663008815     
   -4.581280788177340         13.79524466142022     
   -4.581280788177340         13.86839687453974     
   -4.581280788177340         13.94167285786762     
   -4.581280788177340         14.01507219693601     
   -4.581280788177340         14.08859447445888     
   -4.581280788177340         14.16223927040204     
   -4.581280788177340         14.23600616205252     
   -4.581280788177340         14.30989472408749     
   -4.581280788177340         14.38390452864260     
   -4.581280788177340         14.45803514537971     
   -4.581280788177340         14.53228614155403     
   -4.581280788177340         14.60665708208079     
   -4.581280788177340         14.68114752960122     
   -4.581280788177340         14.75575704454800     
   -4.581280788177340         14.83048518521008     
   -4.581280788177340         14.90533150779699     
   -4.581280788177340         14.98029556650246     
   -4.522167487684730        0.5901827460185155     
   -4.522167487684730        0.6383246859879448     
   -4.522167487684730        0.6864867558185477     
   -4.522167487684730        0.7346703804507291     
   -4.522167487684730        0.7828769821661479     
   -4.522167487684730        0.8311079804142939     
   -4.522167487684730        0.8793647916398474     
   -4.522167487684730        0.9276488291108121     
   -4.522167487684730        0.9759615027474738     
   -4.522167487684730         1.024304218952232     
   -4.522167487684730         1.072678380440337     
   -4.522167487684730         1.121085386071610     
   -4.522167487684730         1.169526630683144     
   -4.522167487684730         1.218003504923040     
   -4.522167487684730         1.266517395085255     
   -4.522167487684730         1.315069682945545     
   -4.522167487684730         1.363661745598599     
   -4.522167487684730         1.412294955296358     
   -4.522167487684730         1.460970679287577     
   -4.522167487684730         1.509690279658703     
   -4.522167487684730         1.558455113176031     
   -4.522167487684730         1.607266531129257     
   -4.522167487684730         1.656125879176403     
   -4.522167487684730         1.705034497190180     
   -4.522167487684730         1.753993719105825     
   -4.522167487684730         1.803004872770455     
   -4.522167487684730         1.852069279793938     
   -4.522167487684730         1.901188255401346     
   -4.522167487684730         1.950363108287015     
   -4.522167487684730         1.999595140470237     
   -4.522167487684730         2.048885647152663     
   -4.522167487684730         2.098235916577331     
   -4.522167487684730         2.147647229889504     
   -4.522167487684730         2.197120860999235     
   -4.522167487684730         2.246658076445713     
   -4.522167487684730         2.296260135263459     
   -4.522167487684730         2.345928288850353     
   -4.522167487684730         2.395663780837530     
   -4.522167487684730         2.445467846961194     
   -4.522167487684730         2.495341714936336     
   -4.522167487684730         2.545286604332427     
   -4.522167487684730         2.595303726451066     
   -4.522167487684730         2.645394284205619     
   -4.522167487684730         2.695559472002917     
   -4.522167487684730         2.745800475626931     
   -4.522167487684730         2.796118472124562     
   -4.522167487684730         2.846514629693493     
   -4.522167487684730         2.896990107572124     
   -4.522167487684730         2.947546055931647     
   -4.522167487684730         2.998183615770246     
   -4.522167487684730         3.048903918809426     
   -4.522167487684730         3.099708087392552     
   -4.522167487684730         3.150597234385543     
   -4.522167487684730         3.201572463079744     
   -4.522167487684730         3.252634867097027     
   -4.522167487684730         3.303785530297104     
   -4.522167487684730         3.355025526687095     
   -4.522167487684730         3.406355920333276     
   -4.522167487684730         3.457777765275144     
   -4.522167487684730         3.509292105441697     
   -4.522167487684730         3.560899974569995     
   -4.522167487684730         3.612602396126019     
   -4.522167487684730         3.664400383227755     
   -4.522167487684730         3.716294938570621     
   -4.522167487684730         3.768287054355155     
   -4.522167487684730         3.820377712216992     
   -4.522167487684730         3.872567883159169     
   -4.522167487684730         3.924858527486697     
   -4.522167487684730         3.977250594743452     
   -4.522167487684730         4.029745023651369     
   -4.522167487684730         4.082342742051922     
   -4.522167487684730         4.135044666849921     
   -4.522167487684730         4.187851703959623     
   -4.522167487684730         4.240764748253083     
   -4.522167487684730         4.293784683510877     
   -4.522167487684730         4.346912382375035     
   -4.522167487684730         4.400148706304335     
   -4.522167487684730         4.453494505531812     
   -4.522167487684730         4.506950619024605     
   -4.522167487684730         4.560517874445989     
   -4.522167487684730         4.614197088119759     
   -4.522167487684730         4.667989064996787     
   -4.522167487684730         4.721894598623869     
   -4.522167487684730         4.775914471114810     
   -4.522167487684730         4.830049453123672     
   -4.522167487684730         4.884300303820300     
   -4.522167487684730         4.938667770868034     
   -4.522167487684730         4.993152590403565     
   -4.522167487684730         5.047755487019044     
   -4.522167487684730         5.102477173746276     
   -4.522167487684730         5.157318352043106     
   -4.522167487684730         5.212279711781952     
   -4.522167487684730         5.267361931240405     
   -4.522167487684730         5.322565677093978     
   -4.522167487684730         5.377891604410935     
   -4.522167487684730         5.433340356649176     
   -4.522167487684730         5.488912565655180     
   -4.522167487684730         5.544608851664999     
   -4.522167487684730         5.600429823307244     
   -4.522167487684730         5.656376077608095     
   -4.522167487684730         5.712448199998287     
   -4.522167487684730         5.768646764322033     
   -4.522167487684730         5.824972332847921     
   -4.522167487684730         5.881425456281713     
   -4.522167487684730         5.938006673781031     
   -4.522167487684730         5.994716512971964     
   -4.522167487684730         6.051555489967481     
   -4.522167487684730         6.108524109387715     
   -4.522167487684730         6.165622864382035     
   -4.522167487684730         6.222852236652933     
   -4.522167487684730         6.280212696481654     
   -4.522167487684730         6.337704702755588     
   -4.522167487684730         6.395328702997363     
   -4.522167487684730         6.453085133395653     
   -4.522167487684730         6.510974418837655     
   -4.522167487684730         6.568996972943191     
   -4.522167487684730         6.627153198100469     
   -4.522167487684730         6.685443485503412     
   -4.522167487684730         6.743868215190578     
   -4.522167487684730         6.802427756085615     
   -4.522167487684730         6.861122466039248     
   -4.522167487684730         6.919952691872765     
   -4.522167487684730         6.978918769422950     
   -4.522167487684730         7.038021023588496     
   -4.522167487684730         7.097259768377808     
   -4.522167487684730         7.156635306958210     
   -4.522167487684730         7.216147931706518     
   -4.522167487684730         7.275797924260956     
   -4.522167487684730         7.335585555574358     
   -4.522167487684730         7.395511085968706     
   -4.522167487684730         7.455574765190877     
   -4.522167487684730         7.515776832469648     
   -4.522167487684730         7.576117516573909     
   -4.522167487684730         7.636597035872039     
   -4.522167487684730         7.697215598392448     
   -4.522167487684730         7.757973401885232     
   -4.522167487684730         7.818870633884936     
   -4.522167487684730         7.879907471774390     
   -4.522167487684730         7.941084082849565     
   -4.522167487684730         8.002400624385478     
   -4.522167487684730         8.063857243703076     
   -4.522167487684730         8.125454078237061     
   -4.522167487684730         8.187191255604692     
   -4.522167487684730         8.249068893675465     
   -4.522167487684730         8.311087100641695     
   -4.522167487684730         8.373245975089930     
   -4.522167487684730         8.435545606073234     
   -4.522167487684730         8.497986073184252     
   -4.522167487684730         8.560567446629033     
   -4.522167487684730         8.623289787301651     
   -4.522167487684730         8.686153146859512     
   -4.522167487684730         8.749157567799386     
   -4.522167487684730         8.812303083534093     
   -4.522167487684730         8.875589718469866     
   -4.522167487684730         8.939017488084312     
   -4.522167487684730         9.002586399004974     
   -4.522167487684730         9.066296449088483     
   -4.522167487684730         9.130147627500254     
   -4.522167487684730         9.194139914794691     
   -4.522167487684730         9.258273282995903     
   -4.522167487684730         9.322547695678912     
   -4.522167487684730         9.386963108051271     
   -4.522167487684730         9.451519467035148     
   -4.522167487684730         9.516216711349808     
   -4.522167487684730         9.581054771594454     
   -4.522167487684730         9.646033570331447     
   -4.522167487684730         9.711153022169857     
   -4.522167487684730         9.776413033849320     
   -4.522167487684730         9.841813504324184     
   -4.522167487684730         9.907354324847942     
   -4.522167487684730         9.973035379057874     
   -4.522167487684730         10.03885654305996     
   -4.522167487684730         10.10481768551394     
   -4.522167487684730         10.17091866771861     
   -4.522167487684730         10.23715934369725     
   -4.522167487684730         10.30353956028320     
   -4.522167487684730         10.37005915720552     
   -4.522167487684730         10.43671796717483     
   -4.522167487684730         10.50351581596916     
   -4.522167487684730         10.57045252251987     
   -4.522167487684730         10.63752789899763     
   -4.522167487684730         10.70474175089845     
   -4.522167487684730         10.77209387712962     
   -4.522167487684730         10.83958407009575     
   -4.522167487684730         10.90721211578467     
   -4.522167487684730         10.97497779385340     
   -4.522167487684730         11.04288087771391     
   -4.522167487684730         11.11092113461890     
   -4.522167487684730         11.17909832574749     
   -4.522167487684730         11.24741220629066     
   -4.522167487684730         11.31586252553671     
   -4.522167487684730         11.38444902695649     
   -4.522167487684730         11.45317144828847     
   -4.522167487684730         11.52202952162362     
   -4.522167487684730         11.59102297349011     
   -4.522167487684730         11.66015152493785     
   -4.522167487684730         11.72941489162265     
   -4.522167487684730         11.79881278389032     
   -4.522167487684730         11.86834490686041     
   -4.522167487684730         11.93801096050970     
   -4.522167487684730         12.00781063975541     
   -4.522167487684730         12.07774363453811     
   -4.522167487684730         12.14780962990438     
   -4.522167487684730         12.21800830608907     
   -4.522167487684730         12.28833933859724     
   -4.522167487684730         12.35880239828584     
   -4.522167487684730         12.42939715144490     
   -4.522167487684730         12.50012325987849     
   -4.522167487684730         12.57098038098522     
   -4.522167487684730         12.64196816783834     
   -4.522167487684730         12.71308626926553     
   -4.522167487684730         12.78433432992817     
   -4.522167487684730         12.85571199040028     
   -4.522167487684730         12.92721888724701     
   -4.522167487684730         12.99885465310265     
   -4.522167487684730         13.07061891674822     
   -4.522167487684730         13.14251130318866     
   -4.522167487684730         13.21453143372946     
   -4.522167487684730         13.28667892605288     
   -4.522167487684730         13.35895339429368     
   -4.522167487684730         13.43135444911436     
   -4.522167487684730         13.50388169777991     
   -4.522167487684730         13.57653474423200     
   -4.522167487684730         13.64931318916281     
   -4.522167487684730         13.72221663008815     
   -4.522167487684730         13.79524466142022     
   -4.522167487684730         13.86839687453974     
   -4.522167487684730         13.94167285786762     
   -4.522167487684730         14.01507219693601     
   -4.522167487684730         14.08859447445888     
   -4.522167487684730         14.16223927040204     
   -4.522167487684730         14.23600616205252     
   -4.522167487684730         14.30989472408749     
   -4.522167487684730         14.38390452864260     
   -4.522167487684730         14.45803514537971     
   -4.522167487684730         14.53228614155403     
   -4.522167487684730         14.60665708208079     
   -4.522167487684730         14.68114752960122     
   -4.522167487684730         14.75575704454800     
   -4.522167487684730         14.83048518521008     
   -4.522167487684730         14.90533150779699     
   -4.522167487684730         14.98029556650246     
   -4.463054187192118        0.5901827460185155     
   -4.463054187192118        0.6383246859879448     
   -4.463054187192118        0.6864867558185477     
   -4.463054187192118        0.7346703804507291     
   -4.463054187192118        0.7828769821661479     
   -4.463054187192118        0.8311079804142939     
   -4.463054187192118        0.8793647916398474     
   -4.463054187192118        0.9276488291108121     
   -4.463054187192118        0.9759615027474738     
   -4.463054187192118         1.024304218952232     
   -4.463054187192118         1.072678380440337     
   -4.463054187192118         1.121085386071610     
   -4.463054187192118         1.169526630683144     
   -4.463054187192118         1.218003504923040     
   -4.463054187192118         1.266517395085255     
   -4.463054187192118         1.315069682945545     
   -4.463054187192118         1.363661745598599     
   -4.463054187192118         1.412294955296358     
   -4.463054187192118         1.460970679287577     
   -4.463054187192118         1.509690279658703     
   -4.463054187192118         1.558455113176031     
   -4.463054187192118         1.607266531129257     
   -4.463054187192118         1.656125879176403     
   -4.463054187192118         1.705034497190180     
   -4.463054187192118         1.753993719105825     
   -4.463054187192118         1.803004872770455     
   -4.463054187192118         1.852069279793938     
   -4.463054187192118         1.901188255401346     
   -4.463054187192118         1.950363108287015     
   -4.463054187192118         1.999595140470237     
   -4.463054187192118         2.048885647152663     
   -4.463054187192118         2.098235916577331     
   -4.463054187192118         2.147647229889504     
   -4.463054187192118         2.197120860999235     
   -4.463054187192118         2.246658076445713     
   -4.463054187192118         2.296260135263459     
   -4.463054187192118         2.345928288850353     
   -4.463054187192118         2.395663780837530     
   -4.463054187192118         2.445467846961194     
   -4.463054187192118         2.495341714936336     
   -4.463054187192118         2.545286604332427     
   -4.463054187192118         2.595303726451066     
   -4.463054187192118         2.645394284205619     
   -4.463054187192118         2.695559472002917     
   -4.463054187192118         2.745800475626931     
   -4.463054187192118         2.796118472124562     
   -4.463054187192118         2.846514629693493     
   -4.463054187192118         2.896990107572124     
   -4.463054187192118         2.947546055931647     
   -4.463054187192118         2.998183615770246     
   -4.463054187192118         3.048903918809426     
   -4.463054187192118         3.099708087392552     
   -4.463054187192118         3.150597234385543     
   -4.463054187192118         3.201572463079744     
   -4.463054187192118         3.252634867097027     
   -4.463054187192118         3.303785530297104     
   -4.463054187192118         3.355025526687095     
   -4.463054187192118         3.406355920333276     
   -4.463054187192118         3.457777765275144     
   -4.463054187192118         3.509292105441697     
   -4.463054187192118         3.560899974569995     
   -4.463054187192118         3.612602396126019     
   -4.463054187192118         3.664400383227755     
   -4.463054187192118         3.716294938570621     
   -4.463054187192118         3.768287054355155     
   -4.463054187192118         3.820377712216992     
   -4.463054187192118         3.872567883159169     
   -4.463054187192118         3.924858527486697     
   -4.463054187192118         3.977250594743452     
   -4.463054187192118         4.029745023651369     
   -4.463054187192118         4.082342742051922     
   -4.463054187192118         4.135044666849921     
   -4.463054187192118         4.187851703959623     
   -4.463054187192118         4.240764748253083     
   -4.463054187192118         4.293784683510877     
   -4.463054187192118         4.346912382375035     
   -4.463054187192118         4.400148706304335     
   -4.463054187192118         4.453494505531812     
   -4.463054187192118         4.506950619024605     
   -4.463054187192118         4.560517874445989     
   -4.463054187192118         4.614197088119759     
   -4.463054187192118         4.667989064996787     
   -4.463054187192118         4.721894598623869     
   -4.463054187192118         4.775914471114810     
   -4.463054187192118         4.830049453123672     
   -4.463054187192118         4.884300303820300     
   -4.463054187192118         4.938667770868034     
   -4.463054187192118         4.993152590403565     
   -4.463054187192118         5.047755487019044     
   -4.463054187192118         5.102477173746276     
   -4.463054187192118         5.157318352043106     
   -4.463054187192118         5.212279711781952     
   -4.463054187192118         5.267361931240405     
   -4.463054187192118         5.322565677093978     
   -4.463054187192118         5.377891604410935     
   -4.463054187192118         5.433340356649176     
   -4.463054187192118         5.488912565655180     
   -4.463054187192118         5.544608851664999     
   -4.463054187192118         5.600429823307244     
   -4.463054187192118         5.656376077608095     
   -4.463054187192118         5.712448199998287     
   -4.463054187192118         5.768646764322033     
   -4.463054187192118         5.824972332847921     
   -4.463054187192118         5.881425456281713     
   -4.463054187192118         5.938006673781031     
   -4.463054187192118         5.994716512971964     
   -4.463054187192118         6.051555489967481     
   -4.463054187192118         6.108524109387715     
   -4.463054187192118         6.165622864382035     
   -4.463054187192118         6.222852236652933     
   -4.463054187192118         6.280212696481654     
   -4.463054187192118         6.337704702755588     
   -4.463054187192118         6.395328702997363     
   -4.463054187192118         6.453085133395653     
   -4.463054187192118         6.510974418837655     
   -4.463054187192118         6.568996972943191     
   -4.463054187192118         6.627153198100469     
   -4.463054187192118         6.685443485503412     
   -4.463054187192118         6.743868215190578     
   -4.463054187192118         6.802427756085615     
   -4.463054187192118         6.861122466039248     
   -4.463054187192118         6.919952691872765     
   -4.463054187192118         6.978918769422950     
   -4.463054187192118         7.038021023588496     
   -4.463054187192118         7.097259768377808     
   -4.463054187192118         7.156635306958210     
   -4.463054187192118         7.216147931706518     
   -4.463054187192118         7.275797924260956     
   -4.463054187192118         7.335585555574358     
   -4.463054187192118         7.395511085968706     
   -4.463054187192118         7.455574765190877     
   -4.463054187192118         7.515776832469648     
   -4.463054187192118         7.576117516573909     
   -4.463054187192118         7.636597035872039     
   -4.463054187192118         7.697215598392448     
   -4.463054187192118         7.757973401885232     
   -4.463054187192118         7.818870633884936     
   -4.463054187192118         7.879907471774390     
   -4.463054187192118         7.941084082849565     
   -4.463054187192118         8.002400624385478     
   -4.463054187192118         8.063857243703076     
   -4.463054187192118         8.125454078237061     
   -4.463054187192118         8.187191255604692     
   -4.463054187192118         8.249068893675465     
   -4.463054187192118         8.311087100641695     
   -4.463054187192118         8.373245975089930     
   -4.463054187192118         8.435545606073234     
   -4.463054187192118         8.497986073184252     
   -4.463054187192118         8.560567446629033     
   -4.463054187192118         8.623289787301651     
   -4.463054187192118         8.686153146859512     
   -4.463054187192118         8.749157567799386     
   -4.463054187192118         8.812303083534093     
   -4.463054187192118         8.875589718469866     
   -4.463054187192118         8.939017488084312     
   -4.463054187192118         9.002586399004974     
   -4.463054187192118         9.066296449088483     
   -4.463054187192118         9.130147627500254     
   -4.463054187192118         9.194139914794691     
   -4.463054187192118         9.258273282995903     
   -4.463054187192118         9.322547695678912     
   -4.463054187192118         9.386963108051271     
   -4.463054187192118         9.451519467035148     
   -4.463054187192118         9.516216711349808     
   -4.463054187192118         9.581054771594454     
   -4.463054187192118         9.646033570331447     
   -4.463054187192118         9.711153022169857     
   -4.463054187192118         9.776413033849320     
   -4.463054187192118         9.841813504324184     
   -4.463054187192118         9.907354324847942     
   -4.463054187192118         9.973035379057874     
   -4.463054187192118         10.03885654305996     
   -4.463054187192118         10.10481768551394     
   -4.463054187192118         10.17091866771861     
   -4.463054187192118         10.23715934369725     
   -4.463054187192118         10.30353956028320     
   -4.463054187192118         10.37005915720552     
   -4.463054187192118         10.43671796717483     
   -4.463054187192118         10.50351581596916     
   -4.463054187192118         10.57045252251987     
   -4.463054187192118         10.63752789899763     
   -4.463054187192118         10.70474175089845     
   -4.463054187192118         10.77209387712962     
   -4.463054187192118         10.83958407009575     
   -4.463054187192118         10.90721211578467     
   -4.463054187192118         10.97497779385340     
   -4.463054187192118         11.04288087771391     
   -4.463054187192118         11.11092113461890     
   -4.463054187192118         11.17909832574749     
   -4.463054187192118         11.24741220629066     
   -4.463054187192118         11.31586252553671     
   -4.463054187192118         11.38444902695649     
   -4.463054187192118         11.45317144828847     
   -4.463054187192118         11.52202952162362     
   -4.463054187192118         11.59102297349011     
   -4.463054187192118         11.66015152493785     
   -4.463054187192118         11.72941489162265     
   -4.463054187192118         11.79881278389032     
   -4.463054187192118         11.86834490686041     
   -4.463054187192118         11.93801096050970     
   -4.463054187192118         12.00781063975541     
   -4.463054187192118         12.07774363453811     
   -4.463054187192118         12.14780962990438     
   -4.463054187192118         12.21800830608907     
   -4.463054187192118         12.28833933859724     
   -4.463054187192118         12.35880239828584     
   -4.463054187192118         12.42939715144490     
   -4.463054187192118         12.50012325987849     
   -4.463054187192118         12.57098038098522     
   -4.463054187192118         12.64196816783834     
   -4.463054187192118         12.71308626926553     
   -4.463054187192118         12.78433432992817     
   -4.463054187192118         12.85571199040028     
   -4.463054187192118         12.92721888724701     
   -4.463054187192118         12.99885465310265     
   -4.463054187192118         13.07061891674822     
   -4.463054187192118         13.14251130318866     
   -4.463054187192118         13.21453143372946     
   -4.463054187192118         13.28667892605288     
   -4.463054187192118         13.35895339429368     
   -4.463054187192118         13.43135444911436     
   -4.463054187192118         13.50388169777991     
   -4.463054187192118         13.57653474423200     
   -4.463054187192118         13.64931318916281     
   -4.463054187192118         13.72221663008815     
   -4.463054187192118         13.79524466142022     
   -4.463054187192118         13.86839687453974     
   -4.463054187192118         13.94167285786762     
   -4.463054187192118         14.01507219693601     
   -4.463054187192118         14.08859447445888     
   -4.463054187192118         14.16223927040204     
   -4.463054187192118         14.23600616205252     
   -4.463054187192118         14.30989472408749     
   -4.463054187192118         14.38390452864260     
   -4.463054187192118         14.45803514537971     
   -4.463054187192118         14.53228614155403     
   -4.463054187192118         14.60665708208079     
   -4.463054187192118         14.68114752960122     
   -4.463054187192118         14.75575704454800     
   -4.463054187192118         14.83048518521008     
   -4.463054187192118         14.90533150779699     
   -4.463054187192118         14.98029556650246     
   -4.403940886699507        0.5901827460185155     
   -4.403940886699507        0.6383246859879448     
   -4.403940886699507        0.6864867558185477     
   -4.403940886699507        0.7346703804507291     
   -4.403940886699507        0.7828769821661479     
   -4.403940886699507        0.8311079804142939     
   -4.403940886699507        0.8793647916398474     
   -4.403940886699507        0.9276488291108121     
   -4.403940886699507        0.9759615027474738     
   -4.403940886699507         1.024304218952232     
   -4.403940886699507         1.072678380440337     
   -4.403940886699507         1.121085386071610     
   -4.403940886699507         1.169526630683144     
   -4.403940886699507         1.218003504923040     
   -4.403940886699507         1.266517395085255     
   -4.403940886699507         1.315069682945545     
   -4.403940886699507         1.363661745598599     
   -4.403940886699507         1.412294955296358     
   -4.403940886699507         1.460970679287577     
   -4.403940886699507         1.509690279658703     
   -4.403940886699507         1.558455113176031     
   -4.403940886699507         1.607266531129257     
   -4.403940886699507         1.656125879176403     
   -4.403940886699507         1.705034497190180     
   -4.403940886699507         1.753993719105825     
   -4.403940886699507         1.803004872770455     
   -4.403940886699507         1.852069279793938     
   -4.403940886699507         1.901188255401346     
   -4.403940886699507         1.950363108287015     
   -4.403940886699507         1.999595140470237     
   -4.403940886699507         2.048885647152663     
   -4.403940886699507         2.098235916577331     
   -4.403940886699507         2.147647229889504     
   -4.403940886699507         2.197120860999235     
   -4.403940886699507         2.246658076445713     
   -4.403940886699507         2.296260135263459     
   -4.403940886699507         2.345928288850353     
   -4.403940886699507         2.395663780837530     
   -4.403940886699507         2.445467846961194     
   -4.403940886699507         2.495341714936336     
   -4.403940886699507         2.545286604332427     
   -4.403940886699507         2.595303726451066     
   -4.403940886699507         2.645394284205619     
   -4.403940886699507         2.695559472002917     
   -4.403940886699507         2.745800475626931     
   -4.403940886699507         2.796118472124562     
   -4.403940886699507         2.846514629693493     
   -4.403940886699507         2.896990107572124     
   -4.403940886699507         2.947546055931647     
   -4.403940886699507         2.998183615770246     
   -4.403940886699507         3.048903918809426     
   -4.403940886699507         3.099708087392552     
   -4.403940886699507         3.150597234385543     
   -4.403940886699507         3.201572463079744     
   -4.403940886699507         3.252634867097027     
   -4.403940886699507         3.303785530297104     
   -4.403940886699507         3.355025526687095     
   -4.403940886699507         3.406355920333276     
   -4.403940886699507         3.457777765275144     
   -4.403940886699507         3.509292105441697     
   -4.403940886699507         3.560899974569995     
   -4.403940886699507         3.612602396126019     
   -4.403940886699507         3.664400383227755     
   -4.403940886699507         3.716294938570621     
   -4.403940886699507         3.768287054355155     
   -4.403940886699507         3.820377712216992     
   -4.403940886699507         3.872567883159169     
   -4.403940886699507         3.924858527486697     
   -4.403940886699507         3.977250594743452     
   -4.403940886699507         4.029745023651369     
   -4.403940886699507         4.082342742051922     
   -4.403940886699507         4.135044666849921     
   -4.403940886699507         4.187851703959623     
   -4.403940886699507         4.240764748253083     
   -4.403940886699507         4.293784683510877     
   -4.403940886699507         4.346912382375035     
   -4.403940886699507         4.400148706304335     
   -4.403940886699507         4.453494505531812     
   -4.403940886699507         4.506950619024605     
   -4.403940886699507         4.560517874445989     
   -4.403940886699507         4.614197088119759     
   -4.403940886699507         4.667989064996787     
   -4.403940886699507         4.721894598623869     
   -4.403940886699507         4.775914471114810     
   -4.403940886699507         4.830049453123672     
   -4.403940886699507         4.884300303820300     
   -4.403940886699507         4.938667770868034     
   -4.403940886699507         4.993152590403565     
   -4.403940886699507         5.047755487019044     
   -4.403940886699507         5.102477173746276     
   -4.403940886699507         5.157318352043106     
   -4.403940886699507         5.212279711781952     
   -4.403940886699507         5.267361931240405     
   -4.403940886699507         5.322565677093978     
   -4.403940886699507         5.377891604410935     
   -4.403940886699507         5.433340356649176     
   -4.403940886699507         5.488912565655180     
   -4.403940886699507         5.544608851664999     
   -4.403940886699507         5.600429823307244     
   -4.403940886699507         5.656376077608095     
   -4.403940886699507         5.712448199998287     
   -4.403940886699507         5.768646764322033     
   -4.403940886699507         5.824972332847921     
   -4.403940886699507         5.881425456281713     
   -4.403940886699507         5.938006673781031     
   -4.403940886699507         5.994716512971964     
   -4.403940886699507         6.051555489967481     
   -4.403940886699507         6.108524109387715     
   -4.403940886699507         6.165622864382035     
   -4.403940886699507         6.222852236652933     
   -4.403940886699507         6.280212696481654     
   -4.403940886699507         6.337704702755588     
   -4.403940886699507         6.395328702997363     
   -4.403940886699507         6.453085133395653     
   -4.403940886699507         6.510974418837655     
   -4.403940886699507         6.568996972943191     
   -4.403940886699507         6.627153198100469     
   -4.403940886699507         6.685443485503412     
   -4.403940886699507         6.743868215190578     
   -4.403940886699507         6.802427756085615     
   -4.403940886699507         6.861122466039248     
   -4.403940886699507         6.919952691872765     
   -4.403940886699507         6.978918769422950     
   -4.403940886699507         7.038021023588496     
   -4.403940886699507         7.097259768377808     
   -4.403940886699507         7.156635306958210     
   -4.403940886699507         7.216147931706518     
   -4.403940886699507         7.275797924260956     
   -4.403940886699507         7.335585555574358     
   -4.403940886699507         7.395511085968706     
   -4.403940886699507         7.455574765190877     
   -4.403940886699507         7.515776832469648     
   -4.403940886699507         7.576117516573909     
   -4.403940886699507         7.636597035872039     
   -4.403940886699507         7.697215598392448     
   -4.403940886699507         7.757973401885232     
   -4.403940886699507         7.818870633884936     
   -4.403940886699507         7.879907471774390     
   -4.403940886699507         7.941084082849565     
   -4.403940886699507         8.002400624385478     
   -4.403940886699507         8.063857243703076     
   -4.403940886699507         8.125454078237061     
   -4.403940886699507         8.187191255604692     
   -4.403940886699507         8.249068893675465     
   -4.403940886699507         8.311087100641695     
   -4.403940886699507         8.373245975089930     
   -4.403940886699507         8.435545606073234     
   -4.403940886699507         8.497986073184252     
   -4.403940886699507         8.560567446629033     
   -4.403940886699507         8.623289787301651     
   -4.403940886699507         8.686153146859512     
   -4.403940886699507         8.749157567799386     
   -4.403940886699507         8.812303083534093     
   -4.403940886699507         8.875589718469866     
   -4.403940886699507         8.939017488084312     
   -4.403940886699507         9.002586399004974     
   -4.403940886699507         9.066296449088483     
   -4.403940886699507         9.130147627500254     
   -4.403940886699507         9.194139914794691     
   -4.403940886699507         9.258273282995903     
   -4.403940886699507         9.322547695678912     
   -4.403940886699507         9.386963108051271     
   -4.403940886699507         9.451519467035148     
   -4.403940886699507         9.516216711349808     
   -4.403940886699507         9.581054771594454     
   -4.403940886699507         9.646033570331447     
   -4.403940886699507         9.711153022169857     
   -4.403940886699507         9.776413033849320     
   -4.403940886699507         9.841813504324184     
   -4.403940886699507         9.907354324847942     
   -4.403940886699507         9.973035379057874     
   -4.403940886699507         10.03885654305996     
   -4.403940886699507         10.10481768551394     
   -4.403940886699507         10.17091866771861     
   -4.403940886699507         10.23715934369725     
   -4.403940886699507         10.30353956028320     
   -4.403940886699507         10.37005915720552     
   -4.403940886699507         10.43671796717483     
   -4.403940886699507         10.50351581596916     
   -4.403940886699507         10.57045252251987     
   -4.403940886699507         10.63752789899763     
   -4.403940886699507         10.70474175089845     
   -4.403940886699507         10.77209387712962     
   -4.403940886699507         10.83958407009575     
   -4.403940886699507         10.90721211578467     
   -4.403940886699507         10.97497779385340     
   -4.403940886699507         11.04288087771391     
   -4.403940886699507         11.11092113461890     
   -4.403940886699507         11.17909832574749     
   -4.403940886699507         11.24741220629066     
   -4.403940886699507         11.31586252553671     
   -4.403940886699507         11.38444902695649     
   -4.403940886699507         11.45317144828847     
   -4.403940886699507         11.52202952162362     
   -4.403940886699507         11.59102297349011     
   -4.403940886699507         11.66015152493785     
   -4.403940886699507         11.72941489162265     
   -4.403940886699507         11.79881278389032     
   -4.403940886699507         11.86834490686041     
   -4.403940886699507         11.93801096050970     
   -4.403940886699507         12.00781063975541     
   -4.403940886699507         12.07774363453811     
   -4.403940886699507         12.14780962990438     
   -4.403940886699507         12.21800830608907     
   -4.403940886699507         12.28833933859724     
   -4.403940886699507         12.35880239828584     
   -4.403940886699507         12.42939715144490     
   -4.403940886699507         12.50012325987849     
   -4.403940886699507         12.57098038098522     
   -4.403940886699507         12.64196816783834     
   -4.403940886699507         12.71308626926553     
   -4.403940886699507         12.78433432992817     
   -4.403940886699507         12.85571199040028     
   -4.403940886699507         12.92721888724701     
   -4.403940886699507         12.99885465310265     
   -4.403940886699507         13.07061891674822     
   -4.403940886699507         13.14251130318866     
   -4.403940886699507         13.21453143372946     
   -4.403940886699507         13.28667892605288     
   -4.403940886699507         13.35895339429368     
   -4.403940886699507         13.43135444911436     
   -4.403940886699507         13.50388169777991     
   -4.403940886699507         13.57653474423200     
   -4.403940886699507         13.64931318916281     
   -4.403940886699507         13.72221663008815     
   -4.403940886699507         13.79524466142022     
   -4.403940886699507         13.86839687453974     
   -4.403940886699507         13.94167285786762     
   -4.403940886699507         14.01507219693601     
   -4.403940886699507         14.08859447445888     
   -4.403940886699507         14.16223927040204     
   -4.403940886699507         14.23600616205252     
   -4.403940886699507         14.30989472408749     
   -4.403940886699507         14.38390452864260     
   -4.403940886699507         14.45803514537971     
   -4.403940886699507         14.53228614155403     
   -4.403940886699507         14.60665708208079     
   -4.403940886699507         14.68114752960122     
   -4.403940886699507         14.75575704454800     
   -4.403940886699507         14.83048518521008     
   -4.403940886699507         14.90533150779699     
   -4.403940886699507         14.98029556650246     
   -4.344827586206897        0.5901827460185155     
   -4.344827586206897        0.6383246859879448     
   -4.344827586206897        0.6864867558185477     
   -4.344827586206897        0.7346703804507291     
   -4.344827586206897        0.7828769821661479     
   -4.344827586206897        0.8311079804142939     
   -4.344827586206897        0.8793647916398474     
   -4.344827586206897        0.9276488291108121     
   -4.344827586206897        0.9759615027474738     
   -4.344827586206897         1.024304218952232     
   -4.344827586206897         1.072678380440337     
   -4.344827586206897         1.121085386071610     
   -4.344827586206897         1.169526630683144     
   -4.344827586206897         1.218003504923040     
   -4.344827586206897         1.266517395085255     
   -4.344827586206897         1.315069682945545     
   -4.344827586206897         1.363661745598599     
   -4.344827586206897         1.412294955296358     
   -4.344827586206897         1.460970679287577     
   -4.344827586206897         1.509690279658703     
   -4.344827586206897         1.558455113176031     
   -4.344827586206897         1.607266531129257     
   -4.344827586206897         1.656125879176403     
   -4.344827586206897         1.705034497190180     
   -4.344827586206897         1.753993719105825     
   -4.344827586206897         1.803004872770455     
   -4.344827586206897         1.852069279793938     
   -4.344827586206897         1.901188255401346     
   -4.344827586206897         1.950363108287015     
   -4.344827586206897         1.999595140470237     
   -4.344827586206897         2.048885647152663     
   -4.344827586206897         2.098235916577331     
   -4.344827586206897         2.147647229889504     
   -4.344827586206897         2.197120860999235     
   -4.344827586206897         2.246658076445713     
   -4.344827586206897         2.296260135263459     
   -4.344827586206897         2.345928288850353     
   -4.344827586206897         2.395663780837530     
   -4.344827586206897         2.445467846961194     
   -4.344827586206897         2.495341714936336     
   -4.344827586206897         2.545286604332427     
   -4.344827586206897         2.595303726451066     
   -4.344827586206897         2.645394284205619     
   -4.344827586206897         2.695559472002917     
   -4.344827586206897         2.745800475626931     
   -4.344827586206897         2.796118472124562     
   -4.344827586206897         2.846514629693493     
   -4.344827586206897         2.896990107572124     
   -4.344827586206897         2.947546055931647     
   -4.344827586206897         2.998183615770246     
   -4.344827586206897         3.048903918809426     
   -4.344827586206897         3.099708087392552     
   -4.344827586206897         3.150597234385543     
   -4.344827586206897         3.201572463079744     
   -4.344827586206897         3.252634867097027     
   -4.344827586206897         3.303785530297104     
   -4.344827586206897         3.355025526687095     
   -4.344827586206897         3.406355920333276     
   -4.344827586206897         3.457777765275144     
   -4.344827586206897         3.509292105441697     
   -4.344827586206897         3.560899974569995     
   -4.344827586206897         3.612602396126019     
   -4.344827586206897         3.664400383227755     
   -4.344827586206897         3.716294938570621     
   -4.344827586206897         3.768287054355155     
   -4.344827586206897         3.820377712216992     
   -4.344827586206897         3.872567883159169     
   -4.344827586206897         3.924858527486697     
   -4.344827586206897         3.977250594743452     
   -4.344827586206897         4.029745023651369     
   -4.344827586206897         4.082342742051922     
   -4.344827586206897         4.135044666849921     
   -4.344827586206897         4.187851703959623     
   -4.344827586206897         4.240764748253083     
   -4.344827586206897         4.293784683510877     
   -4.344827586206897         4.346912382375035     
   -4.344827586206897         4.400148706304335     
   -4.344827586206897         4.453494505531812     
   -4.344827586206897         4.506950619024605     
   -4.344827586206897         4.560517874445989     
   -4.344827586206897         4.614197088119759     
   -4.344827586206897         4.667989064996787     
   -4.344827586206897         4.721894598623869     
   -4.344827586206897         4.775914471114810     
   -4.344827586206897         4.830049453123672     
   -4.344827586206897         4.884300303820300     
   -4.344827586206897         4.938667770868034     
   -4.344827586206897         4.993152590403565     
   -4.344827586206897         5.047755487019044     
   -4.344827586206897         5.102477173746276     
   -4.344827586206897         5.157318352043106     
   -4.344827586206897         5.212279711781952     
   -4.344827586206897         5.267361931240405     
   -4.344827586206897         5.322565677093978     
   -4.344827586206897         5.377891604410935     
   -4.344827586206897         5.433340356649176     
   -4.344827586206897         5.488912565655180     
   -4.344827586206897         5.544608851664999     
   -4.344827586206897         5.600429823307244     
   -4.344827586206897         5.656376077608095     
   -4.344827586206897         5.712448199998287     
   -4.344827586206897         5.768646764322033     
   -4.344827586206897         5.824972332847921     
   -4.344827586206897         5.881425456281713     
   -4.344827586206897         5.938006673781031     
   -4.344827586206897         5.994716512971964     
   -4.344827586206897         6.051555489967481     
   -4.344827586206897         6.108524109387715     
   -4.344827586206897         6.165622864382035     
   -4.344827586206897         6.222852236652933     
   -4.344827586206897         6.280212696481654     
   -4.344827586206897         6.337704702755588     
   -4.344827586206897         6.395328702997363     
   -4.344827586206897         6.453085133395653     
   -4.344827586206897         6.510974418837655     
   -4.344827586206897         6.568996972943191     
   -4.344827586206897         6.627153198100469     
   -4.344827586206897         6.685443485503412     
   -4.344827586206897         6.743868215190578     
   -4.344827586206897         6.802427756085615     
   -4.344827586206897         6.861122466039248     
   -4.344827586206897         6.919952691872765     
   -4.344827586206897         6.978918769422950     
   -4.344827586206897         7.038021023588496     
   -4.344827586206897         7.097259768377808     
   -4.344827586206897         7.156635306958210     
   -4.344827586206897         7.216147931706518     
   -4.344827586206897         7.275797924260956     
   -4.344827586206897         7.335585555574358     
   -4.344827586206897         7.395511085968706     
   -4.344827586206897         7.455574765190877     
   -4.344827586206897         7.515776832469648     
   -4.344827586206897         7.576117516573909     
   -4.344827586206897         7.636597035872039     
   -4.344827586206897         7.697215598392448     
   -4.344827586206897         7.757973401885232     
   -4.344827586206897         7.818870633884936     
   -4.344827586206897         7.879907471774390     
   -4.344827586206897         7.941084082849565     
   -4.344827586206897         8.002400624385478     
   -4.344827586206897         8.063857243703076     
   -4.344827586206897         8.125454078237061     
   -4.344827586206897         8.187191255604692     
   -4.344827586206897         8.249068893675465     
   -4.344827586206897         8.311087100641695     
   -4.344827586206897         8.373245975089930     
   -4.344827586206897         8.435545606073234     
   -4.344827586206897         8.497986073184252     
   -4.344827586206897         8.560567446629033     
   -4.344827586206897         8.623289787301651     
   -4.344827586206897         8.686153146859512     
   -4.344827586206897         8.749157567799386     
   -4.344827586206897         8.812303083534093     
   -4.344827586206897         8.875589718469866     
   -4.344827586206897         8.939017488084312     
   -4.344827586206897         9.002586399004974     
   -4.344827586206897         9.066296449088483     
   -4.344827586206897         9.130147627500254     
   -4.344827586206897         9.194139914794691     
   -4.344827586206897         9.258273282995903     
   -4.344827586206897         9.322547695678912     
   -4.344827586206897         9.386963108051271     
   -4.344827586206897         9.451519467035148     
   -4.344827586206897         9.516216711349808     
   -4.344827586206897         9.581054771594454     
   -4.344827586206897         9.646033570331447     
   -4.344827586206897         9.711153022169857     
   -4.344827586206897         9.776413033849320     
   -4.344827586206897         9.841813504324184     
   -4.344827586206897         9.907354324847942     
   -4.344827586206897         9.973035379057874     
   -4.344827586206897         10.03885654305996     
   -4.344827586206897         10.10481768551394     
   -4.344827586206897         10.17091866771861     
   -4.344827586206897         10.23715934369725     
   -4.344827586206897         10.30353956028320     
   -4.344827586206897         10.37005915720552     
   -4.344827586206897         10.43671796717483     
   -4.344827586206897         10.50351581596916     
   -4.344827586206897         10.57045252251987     
   -4.344827586206897         10.63752789899763     
   -4.344827586206897         10.70474175089845     
   -4.344827586206897         10.77209387712962     
   -4.344827586206897         10.83958407009575     
   -4.344827586206897         10.90721211578467     
   -4.344827586206897         10.97497779385340     
   -4.344827586206897         11.04288087771391     
   -4.344827586206897         11.11092113461890     
   -4.344827586206897         11.17909832574749     
   -4.344827586206897         11.24741220629066     
   -4.344827586206897         11.31586252553671     
   -4.344827586206897         11.38444902695649     
   -4.344827586206897         11.45317144828847     
   -4.344827586206897         11.52202952162362     
   -4.344827586206897         11.59102297349011     
   -4.344827586206897         11.66015152493785     
   -4.344827586206897         11.72941489162265     
   -4.344827586206897         11.79881278389032     
   -4.344827586206897         11.86834490686041     
   -4.344827586206897         11.93801096050970     
   -4.344827586206897         12.00781063975541     
   -4.344827586206897         12.07774363453811     
   -4.344827586206897         12.14780962990438     
   -4.344827586206897         12.21800830608907     
   -4.344827586206897         12.28833933859724     
   -4.344827586206897         12.35880239828584     
   -4.344827586206897         12.42939715144490     
   -4.344827586206897         12.50012325987849     
   -4.344827586206897         12.57098038098522     
   -4.344827586206897         12.64196816783834     
   -4.344827586206897         12.71308626926553     
   -4.344827586206897         12.78433432992817     
   -4.344827586206897         12.85571199040028     
   -4.344827586206897         12.92721888724701     
   -4.344827586206897         12.99885465310265     
   -4.344827586206897         13.07061891674822     
   -4.344827586206897         13.14251130318866     
   -4.344827586206897         13.21453143372946     
   -4.344827586206897         13.28667892605288     
   -4.344827586206897         13.35895339429368     
   -4.344827586206897         13.43135444911436     
   -4.344827586206897         13.50388169777991     
   -4.344827586206897         13.57653474423200     
   -4.344827586206897         13.64931318916281     
   -4.344827586206897         13.72221663008815     
   -4.344827586206897         13.79524466142022     
   -4.344827586206897         13.86839687453974     
   -4.344827586206897         13.94167285786762     
   -4.344827586206897         14.01507219693601     
   -4.344827586206897         14.08859447445888     
   -4.344827586206897         14.16223927040204     
   -4.344827586206897         14.23600616205252     
   -4.344827586206897         14.30989472408749     
   -4.344827586206897         14.38390452864260     
   -4.344827586206897         14.45803514537971     
   -4.344827586206897         14.53228614155403     
   -4.344827586206897         14.60665708208079     
   -4.344827586206897         14.68114752960122     
   -4.344827586206897         14.75575704454800     
   -4.344827586206897         14.83048518521008     
   -4.344827586206897         14.90533150779699     
   -4.344827586206897         14.98029556650246     
   -4.285714285714286        0.5901827460185155     
   -4.285714285714286        0.6383246859879448     
   -4.285714285714286        0.6864867558185477     
   -4.285714285714286        0.7346703804507291     
   -4.285714285714286        0.7828769821661479     
   -4.285714285714286        0.8311079804142939     
   -4.285714285714286        0.8793647916398474     
   -4.285714285714286        0.9276488291108121     
   -4.285714285714286        0.9759615027474738     
   -4.285714285714286         1.024304218952232     
   -4.285714285714286         1.072678380440337     
   -4.285714285714286         1.121085386071610     
   -4.285714285714286         1.169526630683144     
   -4.285714285714286         1.218003504923040     
   -4.285714285714286         1.266517395085255     
   -4.285714285714286         1.315069682945545     
   -4.285714285714286         1.363661745598599     
   -4.285714285714286         1.412294955296358     
   -4.285714285714286         1.460970679287577     
   -4.285714285714286         1.509690279658703     
   -4.285714285714286         1.558455113176031     
   -4.285714285714286         1.607266531129257     
   -4.285714285714286         1.656125879176403     
   -4.285714285714286         1.705034497190180     
   -4.285714285714286         1.753993719105825     
   -4.285714285714286         1.803004872770455     
   -4.285714285714286         1.852069279793938     
   -4.285714285714286         1.901188255401346     
   -4.285714285714286         1.950363108287015     
   -4.285714285714286         1.999595140470237     
   -4.285714285714286         2.048885647152663     
   -4.285714285714286         2.098235916577331     
   -4.285714285714286         2.147647229889504     
   -4.285714285714286         2.197120860999235     
   -4.285714285714286         2.246658076445713     
   -4.285714285714286         2.296260135263459     
   -4.285714285714286         2.345928288850353     
   -4.285714285714286         2.395663780837530     
   -4.285714285714286         2.445467846961194     
   -4.285714285714286         2.495341714936336     
   -4.285714285714286         2.545286604332427     
   -4.285714285714286         2.595303726451066     
   -4.285714285714286         2.645394284205619     
   -4.285714285714286         2.695559472002917     
   -4.285714285714286         2.745800475626931     
   -4.285714285714286         2.796118472124562     
   -4.285714285714286         2.846514629693493     
   -4.285714285714286         2.896990107572124     
   -4.285714285714286         2.947546055931647     
   -4.285714285714286         2.998183615770246     
   -4.285714285714286         3.048903918809426     
   -4.285714285714286         3.099708087392552     
   -4.285714285714286         3.150597234385543     
   -4.285714285714286         3.201572463079744     
   -4.285714285714286         3.252634867097027     
   -4.285714285714286         3.303785530297104     
   -4.285714285714286         3.355025526687095     
   -4.285714285714286         3.406355920333276     
   -4.285714285714286         3.457777765275144     
   -4.285714285714286         3.509292105441697     
   -4.285714285714286         3.560899974569995     
   -4.285714285714286         3.612602396126019     
   -4.285714285714286         3.664400383227755     
   -4.285714285714286         3.716294938570621     
   -4.285714285714286         3.768287054355155     
   -4.285714285714286         3.820377712216992     
   -4.285714285714286         3.872567883159169     
   -4.285714285714286         3.924858527486697     
   -4.285714285714286         3.977250594743452     
   -4.285714285714286         4.029745023651369     
   -4.285714285714286         4.082342742051922     
   -4.285714285714286         4.135044666849921     
   -4.285714285714286         4.187851703959623     
   -4.285714285714286         4.240764748253083     
   -4.285714285714286         4.293784683510877     
   -4.285714285714286         4.346912382375035     
   -4.285714285714286         4.400148706304335     
   -4.285714285714286         4.453494505531812     
   -4.285714285714286         4.506950619024605     
   -4.285714285714286         4.560517874445989     
   -4.285714285714286         4.614197088119759     
   -4.285714285714286         4.667989064996787     
   -4.285714285714286         4.721894598623869     
   -4.285714285714286         4.775914471114810     
   -4.285714285714286         4.830049453123672     
   -4.285714285714286         4.884300303820300     
   -4.285714285714286         4.938667770868034     
   -4.285714285714286         4.993152590403565     
   -4.285714285714286         5.047755487019044     
   -4.285714285714286         5.102477173746276     
   -4.285714285714286         5.157318352043106     
   -4.285714285714286         5.212279711781952     
   -4.285714285714286         5.267361931240405     
   -4.285714285714286         5.322565677093978     
   -4.285714285714286         5.377891604410935     
   -4.285714285714286         5.433340356649176     
   -4.285714285714286         5.488912565655180     
   -4.285714285714286         5.544608851664999     
   -4.285714285714286         5.600429823307244     
   -4.285714285714286         5.656376077608095     
   -4.285714285714286         5.712448199998287     
   -4.285714285714286         5.768646764322033     
   -4.285714285714286         5.824972332847921     
   -4.285714285714286         5.881425456281713     
   -4.285714285714286         5.938006673781031     
   -4.285714285714286         5.994716512971964     
   -4.285714285714286         6.051555489967481     
   -4.285714285714286         6.108524109387715     
   -4.285714285714286         6.165622864382035     
   -4.285714285714286         6.222852236652933     
   -4.285714285714286         6.280212696481654     
   -4.285714285714286         6.337704702755588     
   -4.285714285714286         6.395328702997363     
   -4.285714285714286         6.453085133395653     
   -4.285714285714286         6.510974418837655     
   -4.285714285714286         6.568996972943191     
   -4.285714285714286         6.627153198100469     
   -4.285714285714286         6.685443485503412     
   -4.285714285714286         6.743868215190578     
   -4.285714285714286         6.802427756085615     
   -4.285714285714286         6.861122466039248     
   -4.285714285714286         6.919952691872765     
   -4.285714285714286         6.978918769422950     
   -4.285714285714286         7.038021023588496     
   -4.285714285714286         7.097259768377808     
   -4.285714285714286         7.156635306958210     
   -4.285714285714286         7.216147931706518     
   -4.285714285714286         7.275797924260956     
   -4.285714285714286         7.335585555574358     
   -4.285714285714286         7.395511085968706     
   -4.285714285714286         7.455574765190877     
   -4.285714285714286         7.515776832469648     
   -4.285714285714286         7.576117516573909     
   -4.285714285714286         7.636597035872039     
   -4.285714285714286         7.697215598392448     
   -4.285714285714286         7.757973401885232     
   -4.285714285714286         7.818870633884936     
   -4.285714285714286         7.879907471774390     
   -4.285714285714286         7.941084082849565     
   -4.285714285714286         8.002400624385478     
   -4.285714285714286         8.063857243703076     
   -4.285714285714286         8.125454078237061     
   -4.285714285714286         8.187191255604692     
   -4.285714285714286         8.249068893675465     
   -4.285714285714286         8.311087100641695     
   -4.285714285714286         8.373245975089930     
   -4.285714285714286         8.435545606073234     
   -4.285714285714286         8.497986073184252     
   -4.285714285714286         8.560567446629033     
   -4.285714285714286         8.623289787301651     
   -4.285714285714286         8.686153146859512     
   -4.285714285714286         8.749157567799386     
   -4.285714285714286         8.812303083534093     
   -4.285714285714286         8.875589718469866     
   -4.285714285714286         8.939017488084312     
   -4.285714285714286         9.002586399004974     
   -4.285714285714286         9.066296449088483     
   -4.285714285714286         9.130147627500254     
   -4.285714285714286         9.194139914794691     
   -4.285714285714286         9.258273282995903     
   -4.285714285714286         9.322547695678912     
   -4.285714285714286         9.386963108051271     
   -4.285714285714286         9.451519467035148     
   -4.285714285714286         9.516216711349808     
   -4.285714285714286         9.581054771594454     
   -4.285714285714286         9.646033570331447     
   -4.285714285714286         9.711153022169857     
   -4.285714285714286         9.776413033849320     
   -4.285714285714286         9.841813504324184     
   -4.285714285714286         9.907354324847942     
   -4.285714285714286         9.973035379057874     
   -4.285714285714286         10.03885654305996     
   -4.285714285714286         10.10481768551394     
   -4.285714285714286         10.17091866771861     
   -4.285714285714286         10.23715934369725     
   -4.285714285714286         10.30353956028320     
   -4.285714285714286         10.37005915720552     
   -4.285714285714286         10.43671796717483     
   -4.285714285714286         10.50351581596916     
   -4.285714285714286         10.57045252251987     
   -4.285714285714286         10.63752789899763     
   -4.285714285714286         10.70474175089845     
   -4.285714285714286         10.77209387712962     
   -4.285714285714286         10.83958407009575     
   -4.285714285714286         10.90721211578467     
   -4.285714285714286         10.97497779385340     
   -4.285714285714286         11.04288087771391     
   -4.285714285714286         11.11092113461890     
   -4.285714285714286         11.17909832574749     
   -4.285714285714286         11.24741220629066     
   -4.285714285714286         11.31586252553671     
   -4.285714285714286         11.38444902695649     
   -4.285714285714286         11.45317144828847     
   -4.285714285714286         11.52202952162362     
   -4.285714285714286         11.59102297349011     
   -4.285714285714286         11.66015152493785     
   -4.285714285714286         11.72941489162265     
   -4.285714285714286         11.79881278389032     
   -4.285714285714286         11.86834490686041     
   -4.285714285714286         11.93801096050970     
   -4.285714285714286         12.00781063975541     
   -4.285714285714286         12.07774363453811     
   -4.285714285714286         12.14780962990438     
   -4.285714285714286         12.21800830608907     
   -4.285714285714286         12.28833933859724     
   -4.285714285714286         12.35880239828584     
   -4.285714285714286         12.42939715144490     
   -4.285714285714286         12.50012325987849     
   -4.285714285714286         12.57098038098522     
   -4.285714285714286         12.64196816783834     
   -4.285714285714286         12.71308626926553     
   -4.285714285714286         12.78433432992817     
   -4.285714285714286         12.85571199040028     
   -4.285714285714286         12.92721888724701     
   -4.285714285714286         12.99885465310265     
   -4.285714285714286         13.07061891674822     
   -4.285714285714286         13.14251130318866     
   -4.285714285714286         13.21453143372946     
   -4.285714285714286         13.28667892605288     
   -4.285714285714286         13.35895339429368     
   -4.285714285714286         13.43135444911436     
   -4.285714285714286         13.50388169777991     
   -4.285714285714286         13.57653474423200     
   -4.285714285714286         13.64931318916281     
   -4.285714285714286         13.72221663008815     
   -4.285714285714286         13.79524466142022     
   -4.285714285714286         13.86839687453974     
   -4.285714285714286         13.94167285786762     
   -4.285714285714286         14.01507219693601     
   -4.285714285714286         14.08859447445888     
   -4.285714285714286         14.16223927040204     
   -4.285714285714286         14.23600616205252     
   -4.285714285714286         14.30989472408749     
   -4.285714285714286         14.38390452864260     
   -4.285714285714286         14.45803514537971     
   -4.285714285714286         14.53228614155403     
   -4.285714285714286         14.60665708208079     
   -4.285714285714286         14.68114752960122     
   -4.285714285714286         14.75575704454800     
   -4.285714285714286         14.83048518521008     
   -4.285714285714286         14.90533150779699     
   -4.285714285714286         14.98029556650246     
   -4.226600985221675        0.5901827460185155     
   -4.226600985221675        0.6383246859879448     
   -4.226600985221675        0.6864867558185477     
   -4.226600985221675        0.7346703804507291     
   -4.226600985221675        0.7828769821661479     
   -4.226600985221675        0.8311079804142939     
   -4.226600985221675        0.8793647916398474     
   -4.226600985221675        0.9276488291108121     
   -4.226600985221675        0.9759615027474738     
   -4.226600985221675         1.024304218952232     
   -4.226600985221675         1.072678380440337     
   -4.226600985221675         1.121085386071610     
   -4.226600985221675         1.169526630683144     
   -4.226600985221675         1.218003504923040     
   -4.226600985221675         1.266517395085255     
   -4.226600985221675         1.315069682945545     
   -4.226600985221675         1.363661745598599     
   -4.226600985221675         1.412294955296358     
   -4.226600985221675         1.460970679287577     
   -4.226600985221675         1.509690279658703     
   -4.226600985221675         1.558455113176031     
   -4.226600985221675         1.607266531129257     
   -4.226600985221675         1.656125879176403     
   -4.226600985221675         1.705034497190180     
   -4.226600985221675         1.753993719105825     
   -4.226600985221675         1.803004872770455     
   -4.226600985221675         1.852069279793938     
   -4.226600985221675         1.901188255401346     
   -4.226600985221675         1.950363108287015     
   -4.226600985221675         1.999595140470237     
   -4.226600985221675         2.048885647152663     
   -4.226600985221675         2.098235916577331     
   -4.226600985221675         2.147647229889504     
   -4.226600985221675         2.197120860999235     
   -4.226600985221675         2.246658076445713     
   -4.226600985221675         2.296260135263459     
   -4.226600985221675         2.345928288850353     
   -4.226600985221675         2.395663780837530     
   -4.226600985221675         2.445467846961194     
   -4.226600985221675         2.495341714936336     
   -4.226600985221675         2.545286604332427     
   -4.226600985221675         2.595303726451066     
   -4.226600985221675         2.645394284205619     
   -4.226600985221675         2.695559472002917     
   -4.226600985221675         2.745800475626931     
   -4.226600985221675         2.796118472124562     
   -4.226600985221675         2.846514629693493     
   -4.226600985221675         2.896990107572124     
   -4.226600985221675         2.947546055931647     
   -4.226600985221675         2.998183615770246     
   -4.226600985221675         3.048903918809426     
   -4.226600985221675         3.099708087392552     
   -4.226600985221675         3.150597234385543     
   -4.226600985221675         3.201572463079744     
   -4.226600985221675         3.252634867097027     
   -4.226600985221675         3.303785530297104     
   -4.226600985221675         3.355025526687095     
   -4.226600985221675         3.406355920333276     
   -4.226600985221675         3.457777765275144     
   -4.226600985221675         3.509292105441697     
   -4.226600985221675         3.560899974569995     
   -4.226600985221675         3.612602396126019     
   -4.226600985221675         3.664400383227755     
   -4.226600985221675         3.716294938570621     
   -4.226600985221675         3.768287054355155     
   -4.226600985221675         3.820377712216992     
   -4.226600985221675         3.872567883159169     
   -4.226600985221675         3.924858527486697     
   -4.226600985221675         3.977250594743452     
   -4.226600985221675         4.029745023651369     
   -4.226600985221675         4.082342742051922     
   -4.226600985221675         4.135044666849921     
   -4.226600985221675         4.187851703959623     
   -4.226600985221675         4.240764748253083     
   -4.226600985221675         4.293784683510877     
   -4.226600985221675         4.346912382375035     
   -4.226600985221675         4.400148706304335     
   -4.226600985221675         4.453494505531812     
   -4.226600985221675         4.506950619024605     
   -4.226600985221675         4.560517874445989     
   -4.226600985221675         4.614197088119759     
   -4.226600985221675         4.667989064996787     
   -4.226600985221675         4.721894598623869     
   -4.226600985221675         4.775914471114810     
   -4.226600985221675         4.830049453123672     
   -4.226600985221675         4.884300303820300     
   -4.226600985221675         4.938667770868034     
   -4.226600985221675         4.993152590403565     
   -4.226600985221675         5.047755487019044     
   -4.226600985221675         5.102477173746276     
   -4.226600985221675         5.157318352043106     
   -4.226600985221675         5.212279711781952     
   -4.226600985221675         5.267361931240405     
   -4.226600985221675         5.322565677093978     
   -4.226600985221675         5.377891604410935     
   -4.226600985221675         5.433340356649176     
   -4.226600985221675         5.488912565655180     
   -4.226600985221675         5.544608851664999     
   -4.226600985221675         5.600429823307244     
   -4.226600985221675         5.656376077608095     
   -4.226600985221675         5.712448199998287     
   -4.226600985221675         5.768646764322033     
   -4.226600985221675         5.824972332847921     
   -4.226600985221675         5.881425456281713     
   -4.226600985221675         5.938006673781031     
   -4.226600985221675         5.994716512971964     
   -4.226600985221675         6.051555489967481     
   -4.226600985221675         6.108524109387715     
   -4.226600985221675         6.165622864382035     
   -4.226600985221675         6.222852236652933     
   -4.226600985221675         6.280212696481654     
   -4.226600985221675         6.337704702755588     
   -4.226600985221675         6.395328702997363     
   -4.226600985221675         6.453085133395653     
   -4.226600985221675         6.510974418837655     
   -4.226600985221675         6.568996972943191     
   -4.226600985221675         6.627153198100469     
   -4.226600985221675         6.685443485503412     
   -4.226600985221675         6.743868215190578     
   -4.226600985221675         6.802427756085615     
   -4.226600985221675         6.861122466039248     
   -4.226600985221675         6.919952691872765     
   -4.226600985221675         6.978918769422950     
   -4.226600985221675         7.038021023588496     
   -4.226600985221675         7.097259768377808     
   -4.226600985221675         7.156635306958210     
   -4.226600985221675         7.216147931706518     
   -4.226600985221675         7.275797924260956     
   -4.226600985221675         7.335585555574358     
   -4.226600985221675         7.395511085968706     
   -4.226600985221675         7.455574765190877     
   -4.226600985221675         7.515776832469648     
   -4.226600985221675         7.576117516573909     
   -4.226600985221675         7.636597035872039     
   -4.226600985221675         7.697215598392448     
   -4.226600985221675         7.757973401885232     
   -4.226600985221675         7.818870633884936     
   -4.226600985221675         7.879907471774390     
   -4.226600985221675         7.941084082849565     
   -4.226600985221675         8.002400624385478     
   -4.226600985221675         8.063857243703076     
   -4.226600985221675         8.125454078237061     
   -4.226600985221675         8.187191255604692     
   -4.226600985221675         8.249068893675465     
   -4.226600985221675         8.311087100641695     
   -4.226600985221675         8.373245975089930     
   -4.226600985221675         8.435545606073234     
   -4.226600985221675         8.497986073184252     
   -4.226600985221675         8.560567446629033     
   -4.226600985221675         8.623289787301651     
   -4.226600985221675         8.686153146859512     
   -4.226600985221675         8.749157567799386     
   -4.226600985221675         8.812303083534093     
   -4.226600985221675         8.875589718469866     
   -4.226600985221675         8.939017488084312     
   -4.226600985221675         9.002586399004974     
   -4.226600985221675         9.066296449088483     
   -4.226600985221675         9.130147627500254     
   -4.226600985221675         9.194139914794691     
   -4.226600985221675         9.258273282995903     
   -4.226600985221675         9.322547695678912     
   -4.226600985221675         9.386963108051271     
   -4.226600985221675         9.451519467035148     
   -4.226600985221675         9.516216711349808     
   -4.226600985221675         9.581054771594454     
   -4.226600985221675         9.646033570331447     
   -4.226600985221675         9.711153022169857     
   -4.226600985221675         9.776413033849320     
   -4.226600985221675         9.841813504324184     
   -4.226600985221675         9.907354324847942     
   -4.226600985221675         9.973035379057874     
   -4.226600985221675         10.03885654305996     
   -4.226600985221675         10.10481768551394     
   -4.226600985221675         10.17091866771861     
   -4.226600985221675         10.23715934369725     
   -4.226600985221675         10.30353956028320     
   -4.226600985221675         10.37005915720552     
   -4.226600985221675         10.43671796717483     
   -4.226600985221675         10.50351581596916     
   -4.226600985221675         10.57045252251987     
   -4.226600985221675         10.63752789899763     
   -4.226600985221675         10.70474175089845     
   -4.226600985221675         10.77209387712962     
   -4.226600985221675         10.83958407009575     
   -4.226600985221675         10.90721211578467     
   -4.226600985221675         10.97497779385340     
   -4.226600985221675         11.04288087771391     
   -4.226600985221675         11.11092113461890     
   -4.226600985221675         11.17909832574749     
   -4.226600985221675         11.24741220629066     
   -4.226600985221675         11.31586252553671     
   -4.226600985221675         11.38444902695649     
   -4.226600985221675         11.45317144828847     
   -4.226600985221675         11.52202952162362     
   -4.226600985221675         11.59102297349011     
   -4.226600985221675         11.66015152493785     
   -4.226600985221675         11.72941489162265     
   -4.226600985221675         11.79881278389032     
   -4.226600985221675         11.86834490686041     
   -4.226600985221675         11.93801096050970     
   -4.226600985221675         12.00781063975541     
   -4.226600985221675         12.07774363453811     
   -4.226600985221675         12.14780962990438     
   -4.226600985221675         12.21800830608907     
   -4.226600985221675         12.28833933859724     
   -4.226600985221675         12.35880239828584     
   -4.226600985221675         12.42939715144490     
   -4.226600985221675         12.50012325987849     
   -4.226600985221675         12.57098038098522     
   -4.226600985221675         12.64196816783834     
   -4.226600985221675         12.71308626926553     
   -4.226600985221675         12.78433432992817     
   -4.226600985221675         12.85571199040028     
   -4.226600985221675         12.92721888724701     
   -4.226600985221675         12.99885465310265     
   -4.226600985221675         13.07061891674822     
   -4.226600985221675         13.14251130318866     
   -4.226600985221675         13.21453143372946     
   -4.226600985221675         13.28667892605288     
   -4.226600985221675         13.35895339429368     
   -4.226600985221675         13.43135444911436     
   -4.226600985221675         13.50388169777991     
   -4.226600985221675         13.57653474423200     
   -4.226600985221675         13.64931318916281     
   -4.226600985221675         13.72221663008815     
   -4.226600985221675         13.79524466142022     
   -4.226600985221675         13.86839687453974     
   -4.226600985221675         13.94167285786762     
   -4.226600985221675         14.01507219693601     
   -4.226600985221675         14.08859447445888     
   -4.226600985221675         14.16223927040204     
   -4.226600985221675         14.23600616205252     
   -4.226600985221675         14.30989472408749     
   -4.226600985221675         14.38390452864260     
   -4.226600985221675         14.45803514537971     
   -4.226600985221675         14.53228614155403     
   -4.226600985221675         14.60665708208079     
   -4.226600985221675         14.68114752960122     
   -4.226600985221675         14.75575704454800     
   -4.226600985221675         14.83048518521008     
   -4.226600985221675         14.90533150779699     
   -4.226600985221675         14.98029556650246     
   -4.167487684729064        0.5901827460185155     
   -4.167487684729064        0.6383246859879448     
   -4.167487684729064        0.6864867558185477     
   -4.167487684729064        0.7346703804507291     
   -4.167487684729064        0.7828769821661479     
   -4.167487684729064        0.8311079804142939     
   -4.167487684729064        0.8793647916398474     
   -4.167487684729064        0.9276488291108121     
   -4.167487684729064        0.9759615027474738     
   -4.167487684729064         1.024304218952232     
   -4.167487684729064         1.072678380440337     
   -4.167487684729064         1.121085386071610     
   -4.167487684729064         1.169526630683144     
   -4.167487684729064         1.218003504923040     
   -4.167487684729064         1.266517395085255     
   -4.167487684729064         1.315069682945545     
   -4.167487684729064         1.363661745598599     
   -4.167487684729064         1.412294955296358     
   -4.167487684729064         1.460970679287577     
   -4.167487684729064         1.509690279658703     
   -4.167487684729064         1.558455113176031     
   -4.167487684729064         1.607266531129257     
   -4.167487684729064         1.656125879176403     
   -4.167487684729064         1.705034497190180     
   -4.167487684729064         1.753993719105825     
   -4.167487684729064         1.803004872770455     
   -4.167487684729064         1.852069279793938     
   -4.167487684729064         1.901188255401346     
   -4.167487684729064         1.950363108287015     
   -4.167487684729064         1.999595140470237     
   -4.167487684729064         2.048885647152663     
   -4.167487684729064         2.098235916577331     
   -4.167487684729064         2.147647229889504     
   -4.167487684729064         2.197120860999235     
   -4.167487684729064         2.246658076445713     
   -4.167487684729064         2.296260135263459     
   -4.167487684729064         2.345928288850353     
   -4.167487684729064         2.395663780837530     
   -4.167487684729064         2.445467846961194     
   -4.167487684729064         2.495341714936336     
   -4.167487684729064         2.545286604332427     
   -4.167487684729064         2.595303726451066     
   -4.167487684729064         2.645394284205619     
   -4.167487684729064         2.695559472002917     
   -4.167487684729064         2.745800475626931     
   -4.167487684729064         2.796118472124562     
   -4.167487684729064         2.846514629693493     
   -4.167487684729064         2.896990107572124     
   -4.167487684729064         2.947546055931647     
   -4.167487684729064         2.998183615770246     
   -4.167487684729064         3.048903918809426     
   -4.167487684729064         3.099708087392552     
   -4.167487684729064         3.150597234385543     
   -4.167487684729064         3.201572463079744     
   -4.167487684729064         3.252634867097027     
   -4.167487684729064         3.303785530297104     
   -4.167487684729064         3.355025526687095     
   -4.167487684729064         3.406355920333276     
   -4.167487684729064         3.457777765275144     
   -4.167487684729064         3.509292105441697     
   -4.167487684729064         3.560899974569995     
   -4.167487684729064         3.612602396126019     
   -4.167487684729064         3.664400383227755     
   -4.167487684729064         3.716294938570621     
   -4.167487684729064         3.768287054355155     
   -4.167487684729064         3.820377712216992     
   -4.167487684729064         3.872567883159169     
   -4.167487684729064         3.924858527486697     
   -4.167487684729064         3.977250594743452     
   -4.167487684729064         4.029745023651369     
   -4.167487684729064         4.082342742051922     
   -4.167487684729064         4.135044666849921     
   -4.167487684729064         4.187851703959623     
   -4.167487684729064         4.240764748253083     
   -4.167487684729064         4.293784683510877     
   -4.167487684729064         4.346912382375035     
   -4.167487684729064         4.400148706304335     
   -4.167487684729064         4.453494505531812     
   -4.167487684729064         4.506950619024605     
   -4.167487684729064         4.560517874445989     
   -4.167487684729064         4.614197088119759     
   -4.167487684729064         4.667989064996787     
   -4.167487684729064         4.721894598623869     
   -4.167487684729064         4.775914471114810     
   -4.167487684729064         4.830049453123672     
   -4.167487684729064         4.884300303820300     
   -4.167487684729064         4.938667770868034     
   -4.167487684729064         4.993152590403565     
   -4.167487684729064         5.047755487019044     
   -4.167487684729064         5.102477173746276     
   -4.167487684729064         5.157318352043106     
   -4.167487684729064         5.212279711781952     
   -4.167487684729064         5.267361931240405     
   -4.167487684729064         5.322565677093978     
   -4.167487684729064         5.377891604410935     
   -4.167487684729064         5.433340356649176     
   -4.167487684729064         5.488912565655180     
   -4.167487684729064         5.544608851664999     
   -4.167487684729064         5.600429823307244     
   -4.167487684729064         5.656376077608095     
   -4.167487684729064         5.712448199998287     
   -4.167487684729064         5.768646764322033     
   -4.167487684729064         5.824972332847921     
   -4.167487684729064         5.881425456281713     
   -4.167487684729064         5.938006673781031     
   -4.167487684729064         5.994716512971964     
   -4.167487684729064         6.051555489967481     
   -4.167487684729064         6.108524109387715     
   -4.167487684729064         6.165622864382035     
   -4.167487684729064         6.222852236652933     
   -4.167487684729064         6.280212696481654     
   -4.167487684729064         6.337704702755588     
   -4.167487684729064         6.395328702997363     
   -4.167487684729064         6.453085133395653     
   -4.167487684729064         6.510974418837655     
   -4.167487684729064         6.568996972943191     
   -4.167487684729064         6.627153198100469     
   -4.167487684729064         6.685443485503412     
   -4.167487684729064         6.743868215190578     
   -4.167487684729064         6.802427756085615     
   -4.167487684729064         6.861122466039248     
   -4.167487684729064         6.919952691872765     
   -4.167487684729064         6.978918769422950     
   -4.167487684729064         7.038021023588496     
   -4.167487684729064         7.097259768377808     
   -4.167487684729064         7.156635306958210     
   -4.167487684729064         7.216147931706518     
   -4.167487684729064         7.275797924260956     
   -4.167487684729064         7.335585555574358     
   -4.167487684729064         7.395511085968706     
   -4.167487684729064         7.455574765190877     
   -4.167487684729064         7.515776832469648     
   -4.167487684729064         7.576117516573909     
   -4.167487684729064         7.636597035872039     
   -4.167487684729064         7.697215598392448     
   -4.167487684729064         7.757973401885232     
   -4.167487684729064         7.818870633884936     
   -4.167487684729064         7.879907471774390     
   -4.167487684729064         7.941084082849565     
   -4.167487684729064         8.002400624385478     
   -4.167487684729064         8.063857243703076     
   -4.167487684729064         8.125454078237061     
   -4.167487684729064         8.187191255604692     
   -4.167487684729064         8.249068893675465     
   -4.167487684729064         8.311087100641695     
   -4.167487684729064         8.373245975089930     
   -4.167487684729064         8.435545606073234     
   -4.167487684729064         8.497986073184252     
   -4.167487684729064         8.560567446629033     
   -4.167487684729064         8.623289787301651     
   -4.167487684729064         8.686153146859512     
   -4.167487684729064         8.749157567799386     
   -4.167487684729064         8.812303083534093     
   -4.167487684729064         8.875589718469866     
   -4.167487684729064         8.939017488084312     
   -4.167487684729064         9.002586399004974     
   -4.167487684729064         9.066296449088483     
   -4.167487684729064         9.130147627500254     
   -4.167487684729064         9.194139914794691     
   -4.167487684729064         9.258273282995903     
   -4.167487684729064         9.322547695678912     
   -4.167487684729064         9.386963108051271     
   -4.167487684729064         9.451519467035148     
   -4.167487684729064         9.516216711349808     
   -4.167487684729064         9.581054771594454     
   -4.167487684729064         9.646033570331447     
   -4.167487684729064         9.711153022169857     
   -4.167487684729064         9.776413033849320     
   -4.167487684729064         9.841813504324184     
   -4.167487684729064         9.907354324847942     
   -4.167487684729064         9.973035379057874     
   -4.167487684729064         10.03885654305996     
   -4.167487684729064         10.10481768551394     
   -4.167487684729064         10.17091866771861     
   -4.167487684729064         10.23715934369725     
   -4.167487684729064         10.30353956028320     
   -4.167487684729064         10.37005915720552     
   -4.167487684729064         10.43671796717483     
   -4.167487684729064         10.50351581596916     
   -4.167487684729064         10.57045252251987     
   -4.167487684729064         10.63752789899763     
   -4.167487684729064         10.70474175089845     
   -4.167487684729064         10.77209387712962     
   -4.167487684729064         10.83958407009575     
   -4.167487684729064         10.90721211578467     
   -4.167487684729064         10.97497779385340     
   -4.167487684729064         11.04288087771391     
   -4.167487684729064         11.11092113461890     
   -4.167487684729064         11.17909832574749     
   -4.167487684729064         11.24741220629066     
   -4.167487684729064         11.31586252553671     
   -4.167487684729064         11.38444902695649     
   -4.167487684729064         11.45317144828847     
   -4.167487684729064         11.52202952162362     
   -4.167487684729064         11.59102297349011     
   -4.167487684729064         11.66015152493785     
   -4.167487684729064         11.72941489162265     
   -4.167487684729064         11.79881278389032     
   -4.167487684729064         11.86834490686041     
   -4.167487684729064         11.93801096050970     
   -4.167487684729064         12.00781063975541     
   -4.167487684729064         12.07774363453811     
   -4.167487684729064         12.14780962990438     
   -4.167487684729064         12.21800830608907     
   -4.167487684729064         12.28833933859724     
   -4.167487684729064         12.35880239828584     
   -4.167487684729064         12.42939715144490     
   -4.167487684729064         12.50012325987849     
   -4.167487684729064         12.57098038098522     
   -4.167487684729064         12.64196816783834     
   -4.167487684729064         12.71308626926553     
   -4.167487684729064         12.78433432992817     
   -4.167487684729064         12.85571199040028     
   -4.167487684729064         12.92721888724701     
   -4.167487684729064         12.99885465310265     
   -4.167487684729064         13.07061891674822     
   -4.167487684729064         13.14251130318866     
   -4.167487684729064         13.21453143372946     
   -4.167487684729064         13.28667892605288     
   -4.167487684729064         13.35895339429368     
   -4.167487684729064         13.43135444911436     
   -4.167487684729064         13.50388169777991     
   -4.167487684729064         13.57653474423200     
   -4.167487684729064         13.64931318916281     
   -4.167487684729064         13.72221663008815     
   -4.167487684729064         13.79524466142022     
   -4.167487684729064         13.86839687453974     
   -4.167487684729064         13.94167285786762     
   -4.167487684729064         14.01507219693601     
   -4.167487684729064         14.08859447445888     
   -4.167487684729064         14.16223927040204     
   -4.167487684729064         14.23600616205252     
   -4.167487684729064         14.30989472408749     
   -4.167487684729064         14.38390452864260     
   -4.167487684729064         14.45803514537971     
   -4.167487684729064         14.53228614155403     
   -4.167487684729064         14.60665708208079     
   -4.167487684729064         14.68114752960122     
   -4.167487684729064         14.75575704454800     
   -4.167487684729064         14.83048518521008     
   -4.167487684729064         14.90533150779699     
   -4.167487684729064         14.98029556650246     
   -4.108374384236454        0.5901827460185155     
   -4.108374384236454        0.6383246859879448     
   -4.108374384236454        0.6864867558185477     
   -4.108374384236454        0.7346703804507291     
   -4.108374384236454        0.7828769821661479     
   -4.108374384236454        0.8311079804142939     
   -4.108374384236454        0.8793647916398474     
   -4.108374384236454        0.9276488291108121     
   -4.108374384236454        0.9759615027474738     
   -4.108374384236454         1.024304218952232     
   -4.108374384236454         1.072678380440337     
   -4.108374384236454         1.121085386071610     
   -4.108374384236454         1.169526630683144     
   -4.108374384236454         1.218003504923040     
   -4.108374384236454         1.266517395085255     
   -4.108374384236454         1.315069682945545     
   -4.108374384236454         1.363661745598599     
   -4.108374384236454         1.412294955296358     
   -4.108374384236454         1.460970679287577     
   -4.108374384236454         1.509690279658703     
   -4.108374384236454         1.558455113176031     
   -4.108374384236454         1.607266531129257     
   -4.108374384236454         1.656125879176403     
   -4.108374384236454         1.705034497190180     
   -4.108374384236454         1.753993719105825     
   -4.108374384236454         1.803004872770455     
   -4.108374384236454         1.852069279793938     
   -4.108374384236454         1.901188255401346     
   -4.108374384236454         1.950363108287015     
   -4.108374384236454         1.999595140470237     
   -4.108374384236454         2.048885647152663     
   -4.108374384236454         2.098235916577331     
   -4.108374384236454         2.147647229889504     
   -4.108374384236454         2.197120860999235     
   -4.108374384236454         2.246658076445713     
   -4.108374384236454         2.296260135263459     
   -4.108374384236454         2.345928288850353     
   -4.108374384236454         2.395663780837530     
   -4.108374384236454         2.445467846961194     
   -4.108374384236454         2.495341714936336     
   -4.108374384236454         2.545286604332427     
   -4.108374384236454         2.595303726451066     
   -4.108374384236454         2.645394284205619     
   -4.108374384236454         2.695559472002917     
   -4.108374384236454         2.745800475626931     
   -4.108374384236454         2.796118472124562     
   -4.108374384236454         2.846514629693493     
   -4.108374384236454         2.896990107572124     
   -4.108374384236454         2.947546055931647     
   -4.108374384236454         2.998183615770246     
   -4.108374384236454         3.048903918809426     
   -4.108374384236454         3.099708087392552     
   -4.108374384236454         3.150597234385543     
   -4.108374384236454         3.201572463079744     
   -4.108374384236454         3.252634867097027     
   -4.108374384236454         3.303785530297104     
   -4.108374384236454         3.355025526687095     
   -4.108374384236454         3.406355920333276     
   -4.108374384236454         3.457777765275144     
   -4.108374384236454         3.509292105441697     
   -4.108374384236454         3.560899974569995     
   -4.108374384236454         3.612602396126019     
   -4.108374384236454         3.664400383227755     
   -4.108374384236454         3.716294938570621     
   -4.108374384236454         3.768287054355155     
   -4.108374384236454         3.820377712216992     
   -4.108374384236454         3.872567883159169     
   -4.108374384236454         3.924858527486697     
   -4.108374384236454         3.977250594743452     
   -4.108374384236454         4.029745023651369     
   -4.108374384236454         4.082342742051922     
   -4.108374384236454         4.135044666849921     
   -4.108374384236454         4.187851703959623     
   -4.108374384236454         4.240764748253083     
   -4.108374384236454         4.293784683510877     
   -4.108374384236454         4.346912382375035     
   -4.108374384236454         4.400148706304335     
   -4.108374384236454         4.453494505531812     
   -4.108374384236454         4.506950619024605     
   -4.108374384236454         4.560517874445989     
   -4.108374384236454         4.614197088119759     
   -4.108374384236454         4.667989064996787     
   -4.108374384236454         4.721894598623869     
   -4.108374384236454         4.775914471114810     
   -4.108374384236454         4.830049453123672     
   -4.108374384236454         4.884300303820300     
   -4.108374384236454         4.938667770868034     
   -4.108374384236454         4.993152590403565     
   -4.108374384236454         5.047755487019044     
   -4.108374384236454         5.102477173746276     
   -4.108374384236454         5.157318352043106     
   -4.108374384236454         5.212279711781952     
   -4.108374384236454         5.267361931240405     
   -4.108374384236454         5.322565677093978     
   -4.108374384236454         5.377891604410935     
   -4.108374384236454         5.433340356649176     
   -4.108374384236454         5.488912565655180     
   -4.108374384236454         5.544608851664999     
   -4.108374384236454         5.600429823307244     
   -4.108374384236454         5.656376077608095     
   -4.108374384236454         5.712448199998287     
   -4.108374384236454         5.768646764322033     
   -4.108374384236454         5.824972332847921     
   -4.108374384236454         5.881425456281713     
   -4.108374384236454         5.938006673781031     
   -4.108374384236454         5.994716512971964     
   -4.108374384236454         6.051555489967481     
   -4.108374384236454         6.108524109387715     
   -4.108374384236454         6.165622864382035     
   -4.108374384236454         6.222852236652933     
   -4.108374384236454         6.280212696481654     
   -4.108374384236454         6.337704702755588     
   -4.108374384236454         6.395328702997363     
   -4.108374384236454         6.453085133395653     
   -4.108374384236454         6.510974418837655     
   -4.108374384236454         6.568996972943191     
   -4.108374384236454         6.627153198100469     
   -4.108374384236454         6.685443485503412     
   -4.108374384236454         6.743868215190578     
   -4.108374384236454         6.802427756085615     
   -4.108374384236454         6.861122466039248     
   -4.108374384236454         6.919952691872765     
   -4.108374384236454         6.978918769422950     
   -4.108374384236454         7.038021023588496     
   -4.108374384236454         7.097259768377808     
   -4.108374384236454         7.156635306958210     
   -4.108374384236454         7.216147931706518     
   -4.108374384236454         7.275797924260956     
   -4.108374384236454         7.335585555574358     
   -4.108374384236454         7.395511085968706     
   -4.108374384236454         7.455574765190877     
   -4.108374384236454         7.515776832469648     
   -4.108374384236454         7.576117516573909     
   -4.108374384236454         7.636597035872039     
   -4.108374384236454         7.697215598392448     
   -4.108374384236454         7.757973401885232     
   -4.108374384236454         7.818870633884936     
   -4.108374384236454         7.879907471774390     
   -4.108374384236454         7.941084082849565     
   -4.108374384236454         8.002400624385478     
   -4.108374384236454         8.063857243703076     
   -4.108374384236454         8.125454078237061     
   -4.108374384236454         8.187191255604692     
   -4.108374384236454         8.249068893675465     
   -4.108374384236454         8.311087100641695     
   -4.108374384236454         8.373245975089930     
   -4.108374384236454         8.435545606073234     
   -4.108374384236454         8.497986073184252     
   -4.108374384236454         8.560567446629033     
   -4.108374384236454         8.623289787301651     
   -4.108374384236454         8.686153146859512     
   -4.108374384236454         8.749157567799386     
   -4.108374384236454         8.812303083534093     
   -4.108374384236454         8.875589718469866     
   -4.108374384236454         8.939017488084312     
   -4.108374384236454         9.002586399004974     
   -4.108374384236454         9.066296449088483     
   -4.108374384236454         9.130147627500254     
   -4.108374384236454         9.194139914794691     
   -4.108374384236454         9.258273282995903     
   -4.108374384236454         9.322547695678912     
   -4.108374384236454         9.386963108051271     
   -4.108374384236454         9.451519467035148     
   -4.108374384236454         9.516216711349808     
   -4.108374384236454         9.581054771594454     
   -4.108374384236454         9.646033570331447     
   -4.108374384236454         9.711153022169857     
   -4.108374384236454         9.776413033849320     
   -4.108374384236454         9.841813504324184     
   -4.108374384236454         9.907354324847942     
   -4.108374384236454         9.973035379057874     
   -4.108374384236454         10.03885654305996     
   -4.108374384236454         10.10481768551394     
   -4.108374384236454         10.17091866771861     
   -4.108374384236454         10.23715934369725     
   -4.108374384236454         10.30353956028320     
   -4.108374384236454         10.37005915720552     
   -4.108374384236454         10.43671796717483     
   -4.108374384236454         10.50351581596916     
   -4.108374384236454         10.57045252251987     
   -4.108374384236454         10.63752789899763     
   -4.108374384236454         10.70474175089845     
   -4.108374384236454         10.77209387712962     
   -4.108374384236454         10.83958407009575     
   -4.108374384236454         10.90721211578467     
   -4.108374384236454         10.97497779385340     
   -4.108374384236454         11.04288087771391     
   -4.108374384236454         11.11092113461890     
   -4.108374384236454         11.17909832574749     
   -4.108374384236454         11.24741220629066     
   -4.108374384236454         11.31586252553671     
   -4.108374384236454         11.38444902695649     
   -4.108374384236454         11.45317144828847     
   -4.108374384236454         11.52202952162362     
   -4.108374384236454         11.59102297349011     
   -4.108374384236454         11.66015152493785     
   -4.108374384236454         11.72941489162265     
   -4.108374384236454         11.79881278389032     
   -4.108374384236454         11.86834490686041     
   -4.108374384236454         11.93801096050970     
   -4.108374384236454         12.00781063975541     
   -4.108374384236454         12.07774363453811     
   -4.108374384236454         12.14780962990438     
   -4.108374384236454         12.21800830608907     
   -4.108374384236454         12.28833933859724     
   -4.108374384236454         12.35880239828584     
   -4.108374384236454         12.42939715144490     
   -4.108374384236454         12.50012325987849     
   -4.108374384236454         12.57098038098522     
   -4.108374384236454         12.64196816783834     
   -4.108374384236454         12.71308626926553     
   -4.108374384236454         12.78433432992817     
   -4.108374384236454         12.85571199040028     
   -4.108374384236454         12.92721888724701     
   -4.108374384236454         12.99885465310265     
   -4.108374384236454         13.07061891674822     
   -4.108374384236454         13.14251130318866     
   -4.108374384236454         13.21453143372946     
   -4.108374384236454         13.28667892605288     
   -4.108374384236454         13.35895339429368     
   -4.108374384236454         13.43135444911436     
   -4.108374384236454         13.50388169777991     
   -4.108374384236454         13.57653474423200     
   -4.108374384236454         13.64931318916281     
   -4.108374384236454         13.72221663008815     
   -4.108374384236454         13.79524466142022     
   -4.108374384236454         13.86839687453974     
   -4.108374384236454         13.94167285786762     
   -4.108374384236454         14.01507219693601     
   -4.108374384236454         14.08859447445888     
   -4.108374384236454         14.16223927040204     
   -4.108374384236454         14.23600616205252     
   -4.108374384236454         14.30989472408749     
   -4.108374384236454         14.38390452864260     
   -4.108374384236454         14.45803514537971     
   -4.108374384236454         14.53228614155403     
   -4.108374384236454         14.60665708208079     
   -4.108374384236454         14.68114752960122     
   -4.108374384236454         14.75575704454800     
   -4.108374384236454         14.83048518521008     
   -4.108374384236454         14.90533150779699     
   -4.108374384236454         14.98029556650246     
   -4.049261083743843         14.98029556650246     
