   -6.000000000000000        -4.227026579539560         0.000000000000000      
   0.5000000000000000         59.44655028528431         1.000000000000000      
    0.000000000000000     
   -6.000000000000000        -4.014206434341432         0.000000000000000      
   0.4977986904502149         59.44655028528431        0.9999969060310119      
   1.4884545635083979E-006
   -6.000000000000000        -3.803070304910810         0.000000000000000      
   0.4915328162323261         59.43115232645260        0.9999942483711796      
   4.4964632542923398E-006
   -6.000000000000000        -3.593549933081869         0.000000000000000      
   0.4818367634118381         59.42053274610927        0.9999922132023773      
   1.1660660744275027E-005
   -6.000000000000000        -3.385574045583126         0.000000000000000      
   0.4692601762734993         59.41421186446728        0.9999907006533781      
   2.8704955866890470E-005
   -6.000000000000000        -3.179068445902549         0.000000000000000      
   0.4542621940255298         59.41183984022472        0.9999896051315841      
   6.7949976297880697E-005
   -6.000000000000000        -2.973956117362914         0.000000000000000      
   0.4372019761694032         59.41315720540148        0.9999888264502136      
   1.5491743218821690E-004
   -6.000000000000000        -2.770157337224366         0.000000000000000      
   0.4183323904652857         59.41797530539008        0.9999882774761932      
   3.4014426603802545E-004
   -6.000000000000000        -2.567589801560878         0.000000000000000      
   0.3978023489689247         59.42616315023243        0.9999878877869272      
   7.1904164688239782E-004
   -6.000000000000000        -2.366168760586374         0.000000000000000      
   0.3756688149480421         59.43763479306316        0.9999876042028222      
   1.4629859096754643E-003
   -6.000000000000000        -2.165807164036497         0.000000000000000      
   0.3519176696522708         59.45233687518941        0.9999873897210115      
   2.8641222058203874E-003
   -6.000000000000000        -1.966415816142869         0.000000000000000      
   0.3264925491056746         59.47023728098414        0.9999872217808840      
   5.3936568083254918E-003
   -6.000000000000000        -1.767903539669862         0.000000000000000      
   0.2993315947157321         59.49131517516825        0.9999870899775969      
   9.7678308179574933E-003
   -6.000000000000000        -1.570177348419479         0.000000000000000      
   0.2704129161309858         59.51555025955415        0.9999869931161184      
   1.7007151847501602E-002
   -6.000000000000000        -1.373142627548817         0.000000000000000      
   0.2398095079889315         59.54290913129763        0.9999869365407398      
   2.8464315581211791E-002
   -6.000000000000000        -1.176703320987477         0.000000000000000      
   0.2077526059721161         59.57333356715268        0.9999869317098484      
   4.5788507508765744E-002
   -6.000000000000000       -0.9807621251897585         0.000000000000000      
   0.1746986284707281         59.60673607187750        0.9999869975568734      
   7.0794577633760125E-002
   -6.000000000000000       -0.7852206884089804         0.000000000000000      
   0.1413890353690553         59.64299435647557        0.9999871611209528      
   0.1052211843073565     
   -6.000000000000000       -0.5899798146396622         0.000000000000000      
   0.1088855484940317         59.68193931424432        0.9999874585747799      
   0.1503946464597198     
   -6.000000000000000       -0.3949396713377247         0.000000000000000      
   7.8557773767456318E-002    59.72333977143300        0.9999879374263706      
   0.2068585220883425     
   -6.000000000000000       -0.2000000000000011         0.000000000000000      
   5.2000396241892163E-002    59.76686883489194        0.9999886570321087      
   0.2740661818354679     
   -6.000000000000000       -5.0612032226220773E-003    0.000000000000000      
   3.0867208027095049E-002    59.81204966785081        0.9999896885499185      
   0.3502427133701665     
   -6.000000000000000        0.1899728225015762         0.000000000000000      
   1.6632845155761761E-002    59.85820382957634        0.9999911137774635      
   0.4324891101323396     
   -6.000000000000000        0.3851971143511089         0.000000000000000      
   1.0330172210548199E-002    59.68408123890532        0.9999930182655111      
   0.5171347514039774     
   -6.000000000000000        0.5807063267879043         0.000000000000000      
   8.8574400701055198E-003    59.51424789622327        0.9999945638707499      
   0.6004270245478500     
   -6.000000000000000        0.7765945422431204         0.000000000000000      
   8.1296141169980955E-003    59.35277020604079        0.9999957992832794      
   0.6786476982803402     
   -6.000000000000000        0.9729550842390562         0.000000000000000      
   7.4517821112530360E-003    59.20247468285723        0.9999967733838607      
   0.7487570620225344     
   -6.000000000000000         1.169880333731538         0.000000000000000      
   6.7446176131330171E-003    59.06502722686918        0.9999975311319828      
   0.8087293497415412     
   -6.000000000000000         1.367461549433629         0.000000000000000      
   6.0315523606470547E-003    58.94107443382922        0.9999981125822690      
   0.8576930542325781     
   -6.000000000000000         1.565788692852865         0.000000000000000      
   5.3437096800503228E-003    58.83046391455765        0.9999985526311606      
   0.8958545247077379     
   -6.000000000000000         1.764950258740411         0.000000000000000      
   4.7033572286952910E-003    58.73248996453737        0.9999988810831824      
   0.9242545452824700     
   -6.000000000000000         1.965033111612069         0.000000000000000      
   4.1229379415555351E-003    58.64612044489373        0.9999991229144527      
   0.9444425353601510     
   -6.000000000000000         2.166122328958343         0.000000000000000      
   3.6071993973092824E-003    58.57016999673801        0.9999992986630063      
   0.9581542487833523     
   -6.000000000000000         2.368301051714338         0.000000000000000      
   3.1556233594440429E-003    58.50341827344377        0.9999994248956610      
   0.9670552762881597     
   -6.000000000000000         2.571650342510284         0.000000000000000      
   2.7644747076662050E-003    58.44468653098400        0.9999995147134828      
   0.9725787364476824     
   -6.000000000000000         2.776249052171010         0.000000000000000      
   2.4283269848529173E-003    58.39288267533450        0.9999995782659622      
   0.9758548988656978     
   -6.000000000000000         2.982173694877646         0.000000000000000      
   2.1410967585567347E-003    58.34702278110974        0.9999996232499612      
   0.9777111560739180     
   -6.000000000000000         3.189498332348288         0.000000000000000      
   1.8966876068372057E-003    58.30623700136964        0.9999996553747131      
   0.9787141814261411     
   -6.000000000000000         3.398294467336542         0.000000000000000      
   1.6893553974400267E-003    58.26976629831778        0.9999996787793795      
   0.9792290807318995     
   -6.000000000000000         3.608630946688375         0.000000000000000      
   1.5138877743890926E-003    58.23695414858204        0.9999996963949370      
   0.9794780198620554     
   -6.000000000000000         3.820573874139177         0.000000000000000      
   1.3656667129048881E-003    58.20723586443562        0.9999997102471603      
   0.9795890436866251     
   -6.000000000000000         4.034186532974921         0.000000000000000      
   1.2406631059862089E-003    58.18012733379970        0.9999997217018148      
   0.9796321950026224     
   -6.000000000000000         4.249529318623878         0.000000000000000      
   1.1353963767746611E-003    58.15521430048065        0.9999997316565373      
   0.9796438820758656     
   -6.000000000000000         4.466659681189796         0.000000000000000      
   1.0468793474940671E-003    58.13214271978910        0.9999997406860883      
   0.9796420884128449     
   -6.000000000000000         4.685632077883227         0.000000000000000      
   9.7255934732984285E-004    58.11061028726920        0.9999997491487497      
   0.9796352367256338     
   -6.000000000000000         4.906497935255945         0.000000000000000      
   9.1026098878575052E-004    58.09035903546091        0.9999997572617604      
   0.9796270419331832     
   -6.000000000000000         5.129305621094297         0.000000000000000      
   8.5813337183864957E-004    58.07116890273545        0.9999997651530971      
   0.9796190182472723     
   -6.000000000000000         5.354100425780786         0.000000000000000      
   8.1460309143568683E-004    58.05285221203775        0.9999997728958935      
   0.9796117050712357     
   -6.000000000000000         5.580924552890115         0.000000000000000      
   7.7833335544052139E-004    58.03524896464963        0.9999997805305920      
   0.9796052354994882     
   -6.000000000000000         5.809817118746128         0.000000000000000      
   7.4818880865271629E-004    58.01822282271371        0.9999997880787627      
   0.9795995864880607     
   -6.000000000000000         6.040814160629681         0.000000000000000      
   7.2320543649200854E-004    58.00165767164229        0.9999997955514383      
   0.9795946831062132     
   -6.000000000000000         6.273948653295052         0.000000000000000      
   7.0256495292026150E-004    57.98545468593914        0.9999998029539953      
   0.9795904393497947     
   -6.000000000000000         6.509250533423568         0.000000000000000      
   6.8557309958993794E-004    57.96952983405626        0.9999998102889104      
   0.9795867727921568     
   -6.000000000000000         6.746746731618209         0.000000000000000      
   6.7164127093427431E-004    57.95381175602584        0.9999998175572689      
   0.9795836090287966     
   -6.000000000000000         6.986461211521710         0.000000000000000      
   6.6027091207669923E-004    57.93823995084600        0.9999998247595607      
   0.9795808823930209     
   -6.000000000000000         7.228415015623348         0.000000000000000      
   6.5104022505587072E-004    57.92276322204008        0.9999998318960817      
   0.9795785354351397     
   -6.000000000000000         7.472626317305855         0.000000000000000      
   6.4359281547066844E-004    57.90733834170353        0.9999998389671227      
   0.9795765180708960     
   -6.000000000000000         7.719110478673879         0.000000000000000      
   6.3762798454745538E-004    57.89192890144556        0.9999998459730586      
   0.9795747867054990     
   -6.000000000000000         7.967880113698818         0.000000000000000      
   6.3289242346635500E-004    57.87650432406024        0.9999998529143767      
   0.9795733034252304     
   -6.000000000000000         8.218945156211536         0.000000000000000      
   6.2917310720707862E-004    57.86103901404327        0.9999998597916833      
   0.9795720352766221     
   -6.000000000000000         8.472312932274409         0.000000000000000      
   6.2629121679506992E-004    57.84551162832471        0.9999998666056981      
   0.9795709536310887     
   -6.000000000000000         8.727988236466917         0.000000000000000      
   6.2409694267328295E-004    57.82990445087984        0.9999998733572425      
   0.9795700336271729     
   -6.000000000000000         8.985973411624599         0.000000000000000      
   6.2246504135492903E-004    57.81420285676573        0.9999998800472290      
   0.9795692536816545     
   -6.000000000000000         9.246268431579237         0.000000000000000      
   6.2129103530772424E-004    57.79839485303744        0.9999998866766471      
   0.9795685950613342     
   -6.000000000000000         9.508870986458517         0.000000000000000      
   6.2048796232684405E-004    57.78247068587636        0.9999998932465534      
   0.9795680415081534     
   -6.000000000000000         9.773776570115773         0.000000000000000      
   6.1998359451460069E-004    57.76642250492161        0.9999998997580578      
   0.9795675789112719     
   -6.000000000000000         10.04097856927476         0.000000000000000      
   6.1971805809300936E-004    57.75024407716319        0.9999999062123150      
   0.9795671950205102     
   -6.000000000000000         10.31046835399012         0.000000000000000      
   6.1964179408279278E-004    57.73393054389540        0.9999999126105168      
   0.9795668791963089     
   -6.000000000000000         10.58223536904130         0.000000000000000      
   6.1971380694257486E-004    57.71747821521264        0.9999999189538820      
   0.9795666221920004     
   -6.000000000000000         10.85626722589636         0.000000000000000      
   6.1990015394996806E-004    57.70088439741676        0.9999999252436512      
   0.9795664159648604     
   -6.000000000000000         11.13254979490064         0.000000000000000      
   6.2017263269363685E-004    57.68414724954441        0.9999999314810881      
   0.9795662535131823     
   -6.000000000000000         11.41106729736590         0.000000000000000      
   6.2050762789147911E-004    57.66726566604594        0.9999999376674812      
   0.9795661287376217     
   -6.000000000000000         11.69180239725550         0.000000000000000      
   6.2088508272621092E-004    57.65023918344817        0.9999999438041585      
   0.9795660363263961     
   -6.000000000000000         11.97473629218198         0.000000000000000      
   6.2128756583949255E-004    57.63306790951010        0.9999999498925208      
   0.9795659716653728     
   -6.000000000000000         12.25984880345458         0.000000000000000      
   6.2169941586938556E-004    57.61575247383114        0.9999999559340969      
   0.9795659307747058     
   -6.000000000000000         12.54711846493471         0.000000000000000      
   6.2210596482377022E-004    57.59829399902741        0.9999999619306434      
   0.9795659102709692     
   -6.000000000000000         12.83652261047853         0.000000000000000      
   6.2249287483401024E-004    57.58069409112728        0.9999999678842864      
   0.9795659073436010     
   -6.000000000000000         13.12803745976597         0.000000000000000      
   6.2284567275961832E-004    57.56295484599534        0.9999999737977304      
   0.9795659197136746     
   -6.000000000000000         13.42163820233561         0.000000000000000      
   6.2314962556640004E-004    57.54507886495406        0.9999999796745094      
   0.9795659455177746     
   -6.000000000000000         13.71729907966468         0.000000000000000      
   6.2339013866532546E-004    57.52706926746799        0.9999999855192728      
   0.9795659830551121     
   -6.000000000000000         14.01499346515192         0.000000000000000      
   6.2355382673691070E-004    57.50892968268425        0.9999999913380175      
   0.9795660303930315     
   -6.000000000000000         14.31469394187969         0.000000000000000      
   6.2363028107756500E-004    57.49066419844971        0.9999999971382010      
   0.9795660849604729     
   -6.000000000000000         14.61637237804932         0.000000000000000      
   6.2361491173659549E-004    57.47227725114740         1.000000002928624      
   0.9795661433897006     
   -6.000000000000000         14.92000000000000         0.000000000000000      
   6.2364565041853450E-004    57.45389030384508         1.000000008719047      
   0.9795662018189283     
   -5.760000000000000        -4.227026579539560         0.000000000000000      
   0.5000000000000000         59.44655028528431         1.000000000000000      
    0.000000000000000     
   -5.760000000000000        -4.014206434341432        2.4945546713554070E-003 
   0.4977986904502149         59.44655028528431        0.9999969060310119      
   1.4884545635083979E-006
   -5.760000000000000        -3.803070304910810        4.6409894072803534E-003 
   0.4915328162323261         59.43115232645260        0.9999942483711796      
   4.4964632542923398E-006
   -5.760000000000000        -3.593549933081869        6.4776274342981744E-003 
   0.4818367634118381         59.42053274610927        0.9999922132023773      
   1.1660660744275027E-005
   -5.760000000000000        -3.385574045583126        8.0459988704631100E-003 
   0.4692601762734993         59.41421186446728        0.9999907006533781      
   2.8704955866890470E-005
   -5.760000000000000        -3.179068445902549        9.3937928186179839E-003 
   0.4542621940255298         59.41183984022472        0.9999896051315841      
   6.7949976297880697E-005
   -5.760000000000000        -2.973956117362914        1.0576360742710435E-002 
   0.4372019761694032         59.41315720540148        0.9999888264502136      
   1.5491743218821690E-004
   -5.760000000000000        -2.770157337224366        1.1652431499915229E-002 
   0.4183323904652857         59.41797530539008        0.9999882774761932      
   3.4014426603802545E-004
   -5.760000000000000        -2.567589801560878        1.2678140966482912E-002 
   0.3978023489689247         59.42616315023243        0.9999878877869272      
   7.1904164688239782E-004
   -5.760000000000000        -2.366168760586374        1.3701091483987354E-002 
   0.3756688149480421         59.43763479306316        0.9999876042028222      
   1.4629859096754643E-003
   -5.760000000000000        -2.165807164036497        1.4754933110228194E-002 
   0.3519176696522708         59.45233687518941        0.9999873897210115      
   2.8641222058203874E-003
   -5.760000000000000        -1.966415816142869        1.5854193790596112E-002 
   0.3264925491056746         59.47023728098414        0.9999872217808840      
   5.3936568083254918E-003
   -5.760000000000000        -1.767903539669862        1.6988785831915574E-002 
   0.2993315947157321         59.49131517516825        0.9999870899775969      
   9.7678308179574933E-003
   -5.760000000000000        -1.570177348419479        1.8117863905848623E-002 
   0.2704129161309858         59.51555025955415        0.9999869931161184      
   1.7007151847501602E-002
   -5.760000000000000        -1.373142627548817        1.9163510771339754E-002 
   0.2398095079889315         59.54290913129763        0.9999869365407398      
   2.8464315581211791E-002
   -5.760000000000000        -1.176703320987477        2.0005974828377193E-002 
   0.2077526059721161         59.57333356715268        0.9999869317098484      
   4.5788507508765744E-002
   -5.760000000000000       -0.9807621251897585        2.0483614602109849E-002 
   0.1746986284707281         59.60673607187750        0.9999869975568734      
   7.0794577633760125E-002
   -5.760000000000000       -0.7852206884089804        2.0401829161242994E-002 
   0.1413890353690553         59.64299435647557        0.9999871611209528      
   0.1052211843073565     
   -5.760000000000000       -0.5899798146396622        1.9555303348826398E-002 
   0.1088855484940317         59.68193931424432        0.9999874585747799      
   0.1503946464597198     
   -5.760000000000000       -0.3949396713377247        1.7765893191065984E-002 
   7.8557773767456318E-002    59.72333977143300        0.9999879374263706      
   0.2068585220883425     
   -5.760000000000000       -0.2000000000000011        1.4933557379310201E-002 
   5.2000396241892163E-002    59.76686883489194        0.9999886570321087      
   0.2740661818354679     
   -5.760000000000000       -5.0612032226220773E-003   1.1089808505841486E-002 
   3.0867208027095049E-002    59.81204966785081        0.9999896885499185      
   0.3502427133701665     
   -5.760000000000000        0.1899728225015762        6.4337717028781771E-003 
   1.6632845155761761E-002    59.85820382957634        0.9999911137774635      
   0.4324891101323396     
   -5.760000000000000        0.3851971143511089        1.3243980735216864E-003 
   1.0330172210548199E-002    59.68408123890532        0.9999930182655111      
   0.5171347514039774     
   -5.760000000000000        0.5807063267879043        4.9155139278269841E-004 
   8.8574400701055198E-003    59.51424789622327        0.9999945638707499      
   0.6004270245478500     
   -5.760000000000000        0.7765945422431204        4.0746548887939788E-004 
   8.1296141169980955E-003    59.35277020604079        0.9999957992832794      
   0.6786476982803402     
   -5.760000000000000        0.9729550842390562        4.2783302225629416E-004 
   7.4517821112530360E-003    59.20247468285723        0.9999967733838607      
   0.7487570620225344     
   -5.760000000000000         1.169880333731538        4.4043011262291632E-004 
   6.7446176131330171E-003    59.06502722686918        0.9999975311319828      
   0.8087293497415412     
   -5.760000000000000         1.367461549433629        4.3174699830765849E-004 
   6.0315523606470547E-003    58.94107443382922        0.9999981125822690      
   0.8576930542325781     
   -5.760000000000000         1.565788692852865        4.0626658522713798E-004 
   5.3437096800503228E-003    58.83046391455765        0.9999985526311606      
   0.8958545247077379     
   -5.760000000000000         1.764950258740411        3.7065051119818121E-004 
   4.7033572286952910E-003    58.73248996453737        0.9999988810831824      
   0.9242545452824700     
   -5.760000000000000         1.965033111612069        3.3046899621726167E-004 
   4.1229379415555351E-003    58.64612044489373        0.9999991229144527      
   0.9444425353601510     
   -5.760000000000000         2.166122328958343        2.8966629279226678E-004 
   3.6071993973092824E-003    58.57016999673801        0.9999992986630063      
   0.9581542487833523     
   -5.760000000000000         2.368301051714338        2.5072990400924142E-004 
   3.1556233594440429E-003    58.50341827344377        0.9999994248956610      
   0.9670552762881597     
   -5.760000000000000         2.571650342510284        2.1503419276479153E-004 
   2.7644747076662050E-003    58.44468653098400        0.9999995147134828      
   0.9725787364476824     
   -5.760000000000000         2.776249052171010        1.8318169671334444E-004 
   2.4283269848529173E-003    58.39288267533450        0.9999995782659622      
   0.9758548988656978     
   -5.760000000000000         2.982173694877646        1.5528277818278754E-004 
   2.1410967585567347E-003    58.34702278110974        0.9999996232499612      
   0.9777111560739180     
   -5.760000000000000         3.189498332348288        1.3116117924516190E-004 
   1.8966876068372057E-003    58.30623700136964        0.9999996553747131      
   0.9787141814261411     
   -5.760000000000000         3.398294467336542        1.1049293128269408E-004 
   1.6893553974400267E-003    58.26976629831778        0.9999996787793795      
   0.9792290807318995     
   -5.760000000000000         3.608630946688375        9.2894196662582129E-005 
   1.5138877743890926E-003    58.23695414858204        0.9999996963949370      
   0.9794780198620554     
   -5.760000000000000         3.820573874139177        7.7973695993070245E-005 
   1.3656667129048881E-003    58.20723586443562        0.9999997102471603      
   0.9795890436866251     
   -5.760000000000000         4.034186532974921        6.5361603979382620E-005 
   1.2406631059862089E-003    58.18012733379970        0.9999997217018148      
   0.9796321950026224     
   -5.760000000000000         4.249529318623878        5.4723296555422638E-005 
   1.1353963767746611E-003    58.15521430048065        0.9999997316565373      
   0.9796438820758656     
   -5.760000000000000         4.466659681189796        4.5763921998002755E-005 
   1.0468793474940671E-003    58.13214271978910        0.9999997406860883      
   0.9796420884128449     
   -5.760000000000000         4.685632077883227        3.8227889159789008E-005 
   9.7255934732984285E-004    58.11061028726920        0.9999997491487497      
   0.9796352367256338     
   -5.760000000000000         4.906497935255945        3.1895871607022592E-005 
   9.1026098878575052E-004    58.09035903546091        0.9999997572617604      
   0.9796270419331832     
   -5.760000000000000         5.129305621094297        2.6580843382578483E-005 
   8.5813337183864957E-004    58.07116890273545        0.9999997651530971      
   0.9796190182472723     
   -5.760000000000000         5.354100425780786        2.2123941663403230E-005 
   8.1460309143568683E-004    58.05285221203775        0.9999997728958935      
   0.9796117050712357     
   -5.760000000000000         5.580924552890115        1.8390533286789804E-005 
   7.7833335544052139E-004    58.03524896464963        0.9999997805305920      
   0.9796052354994882     
   -5.760000000000000         5.809817118746128        1.5266655346602349E-005 
   7.4818880865271629E-004    58.01822282271371        0.9999997880787627      
   0.9795995864880607     
   -5.760000000000000         6.040814160629681        1.2655896343251321E-005 
   7.2320543649200854E-004    58.00165767164229        0.9999997955514383      
   0.9795946831062132     
   -5.760000000000000         6.273948653295052        1.0476719334242480E-005 
   7.0256495292026150E-004    57.98545468593914        0.9999998029539953      
   0.9795904393497947     
   -5.760000000000000         6.509250533423568        8.6601882249570712E-006 
   6.8557309958993794E-004    57.96952983405626        0.9999998102889104      
   0.9795867727921568     
   -5.760000000000000         6.746746731618209        7.1480425639343107E-006 
   6.7164127093427431E-004    57.95381175602584        0.9999998175572689      
   0.9795836090287966     
   -5.760000000000000         6.986461211521710        5.8910675457907075E-006 
   6.6027091207669923E-004    57.93823995084600        0.9999998247595607      
   0.9795808823930209     
   -5.760000000000000         7.228415015623348        4.8477135513817051E-006 
   6.5104022505587072E-004    57.92276322204008        0.9999998318960817      
   0.9795785354351397     
   -5.760000000000000         7.472626317305855        3.9829270178335648E-006 
   6.4359281547066844E-004    57.90733834170353        0.9999998389671227      
   0.9795765180708960     
   -5.760000000000000         7.719110478673879        3.2671603303589511E-006 
   6.3762798454745538E-004    57.89192890144556        0.9999998459730586      
   0.9795747867054990     
   -5.760000000000000         7.967880113698818        2.6755331735554342E-006 
   6.3289242346635500E-004    57.87650432406024        0.9999998529143767      
   0.9795733034252304     
   -5.760000000000000         8.218945156211536        2.1871217485843510E-006 
   6.2917310720707862E-004    57.86103901404327        0.9999998597916833      
   0.9795720352766221     
   -5.760000000000000         8.472312932274409        1.7843556975171379E-006 
   6.2629121679506992E-004    57.84551162832471        0.9999998666056981      
   0.9795709536310887     
   -5.760000000000000         8.727988236466917        1.4525057269852678E-006 
   6.2409694267328295E-004    57.82990445087984        0.9999998733572425      
   0.9795700336271729     
   -5.760000000000000         8.985973411624599        1.1792478697827649E-006 
   6.2246504135492903E-004    57.81420285676573        0.9999998800472290      
   0.9795692536816545     
   -5.760000000000000         9.246268431579237        9.5429290159473645E-007 
   6.2129103530772424E-004    57.79839485303744        0.9999998866766471      
   0.9795685950613342     
   -5.760000000000000         9.508870986458517        7.6907148323201024E-007 
   6.2048796232684405E-004    57.78247068587636        0.9999998932465534      
   0.9795680415081534     
   -5.760000000000000         9.773776570115773        6.1646715175794922E-007 
   6.1998359451460069E-004    57.76642250492161        0.9999998997580578      
   0.9795675789112719     
   -5.760000000000000         10.04097856927476        4.9059051950257845E-007 
   6.1971805809300936E-004    57.75024407716319        0.9999999062123150      
   0.9795671950205102     
   -5.760000000000000         10.31046835399012        3.8658911737022994E-007 
   6.1964179408279278E-004    57.73393054389540        0.9999999126105168      
   0.9795668791963089     
   -5.760000000000000         10.58223536904130        3.0048827681158214E-007 
   6.1971380694257486E-004    57.71747821521264        0.9999999189538820      
   0.9795666221920004     
   -5.760000000000000         10.85626722589636        2.2905925510058131E-007 
   6.1990015394996806E-004    57.70088439741676        0.9999999252436512      
   0.9795664159648604     
   -5.760000000000000         11.13254979490064        1.6971140723898595E-007 
   6.2017263269363685E-004    57.68414724954441        0.9999999314810881      
   0.9795662535131823     
   -5.760000000000000         11.41106729736590        1.2040549071174731E-007 
   6.2050762789147911E-004    57.66726566604594        0.9999999376674812      
   0.9795661287376217     
   -5.760000000000000         11.69180239725550        7.9585022870171063E-008 
   6.2088508272621092E-004    57.65023918344817        0.9999999438041585      
   0.9795660363263961     
   -5.760000000000000         11.97473629218198        4.6121687385811613E-008 
   6.2128756583949255E-004    57.63306790951010        0.9999999498925208      
   0.9795659716653728     
   -5.760000000000000         12.25984880345458        1.9268375198860203E-008 
   6.2169941586938556E-004    57.61575247383114        0.9999999559340969      
   0.9795659307747058     
   -5.760000000000000         12.54711846493471       -1.3911458648268140E-009 
   6.2210596482377022E-004    57.59829399902741        0.9999999619306434      
   0.9795659102709692     
   -5.760000000000000         12.83652261047853       -1.6013185194638171E-008 
   6.2249287483401024E-004    57.58069409112728        0.9999999678842864      
   0.9795659073436010     
   -5.760000000000000         13.12803745976597       -2.4608173994270927E-008 
   6.2284567275961832E-004    57.56295484599534        0.9999999737977304      
   0.9795659197136746     
   -5.760000000000000         13.42163820233561       -2.7219499983987425E-008 
   6.2314962556640004E-004    57.54507886495406        0.9999999796745094      
   0.9795659455177746     
   -5.760000000000000         13.71729907966468       -2.4172132515150270E-008 
   6.2339013866532546E-004    57.52706926746799        0.9999999855192728      
   0.9795659830551121     
   -5.760000000000000         14.01499346515192       -1.6353993187072765E-008 
   6.2355382673691070E-004    57.50892968268425        0.9999999913380175      
   0.9795660303930315     
   -5.760000000000000         14.31469394187969       -5.4639720546811825E-009 
   6.2363028107756500E-004    57.49066419844971        0.9999999971382010      
   0.9795660849604729     
   -5.760000000000000         14.61637237804932        5.4255848360129194E-009 
   6.2361491173659549E-004    57.47227725114740         1.000000002928624      
   0.9795661433897006     
   -5.760000000000000         14.92000000000000        5.4255848360129194E-009 
   6.2364565041853450E-004    57.45389030384508         1.000000008719047      
   0.9795662018189283     
   -5.520000000000000        -4.227026579539560         0.000000000000000      
   0.5000000000000000         57.08624141192119         1.000000000000000      
    0.000000000000000     
   -5.520000000000000        -4.014206434341432        7.4128407798139291E-003 
   0.4978612409435565         57.08624141192119        0.9999969107115212      
   1.4673635382006799E-006
   -5.520000000000000        -3.803070304910810        1.3830447005327474E-002 
   0.4917389951429680         57.07154334912815        0.9999942569477717      
   4.4330100746409571E-006
   -5.520000000000000        -3.593549933081869        1.9322659883947914E-002 
   0.4822198853254237         57.06124073567882        0.9999922246456047      
   1.1497000652070834E-005
   -5.520000000000000        -3.385574045583126        2.4008871619124694E-002 
   0.4698506585605898         57.05505008488606        0.9999907141899355      
   2.8304687512996985E-005
   -5.520000000000000        -3.179068445902549        2.8033002168864153E-002 
   0.4550914054166512         57.05269249246177        0.9999896202184305      
   6.7009778016045016E-005
   -5.520000000000000        -2.973956117362914        3.1562097707693512E-002 
   0.4383006709806838         57.05394008985539        0.9999888427426403      
   1.5279371570046314E-004
   -5.520000000000000        -2.770157337224366        3.4773081895002236E-002 
   0.4197292847272582         57.05862210549002        0.9999882947902015      
   3.3553303048239395E-004
   -5.520000000000000        -2.567589801560878        3.7835184004062175E-002 
   0.3995228778067694         57.06661995193819        0.9999879060577067      
   7.0942283162356930E-004
   -5.520000000000000        -2.366168760586374        4.0892463625236831E-002 
   0.3777334852857795         57.07785786858474        0.9999876234584236      
   1.4437219996675712E-003
   -5.520000000000000        -2.165807164036497        4.4047839492782695E-002 
   0.3543394851457859         57.09229248298641        0.9999874100979880      
   2.8271027128774977E-003
   -5.520000000000000        -1.966415816142869        4.7347785856866324E-002 
   0.3292731119973726         57.10990342910679        0.9999872435892483      
   5.3254320943074062E-003
   -5.520000000000000        -1.767903539669862        5.0765914254176189E-002 
   0.3024556783685686         57.13068567980472        0.9999871137467375      
   9.6473072340286167E-003
   -5.520000000000000        -1.570177348419479        5.4184336968810212E-002 
   0.2738416457398437         57.15464119848752        0.9999870194574920      
   1.6803132443520989E-002
   -5.520000000000000        -1.373142627548817        5.7374044794130150E-002 
   0.2434728853626974         57.18176749024380        0.9999869657792361      
   2.8133426054145143E-002
   -5.520000000000000        -1.176703320987477        5.9979239861294956E-002 
   0.2115430387448683         57.21204863892601        0.9999869635901387      
   4.5274237253516744E-002
   -5.520000000000000       -0.9807621251897585        6.1514922333329003E-002 
   0.1784683593852074         57.24545512370249        0.9999870313635520      
   7.0028134522654648E-002
   -5.520000000000000       -0.7852206884089804        6.1390685683157975E-002 
   0.1449556631942959         57.28194170249441        0.9999871959412304      
   0.1041244945610856     
   -5.520000000000000       -0.5899798146396622        5.8974461850904089E-002 
   0.1120504510566730         57.32143142127047        0.9999874931987239      
   0.1488851994782497     
   -5.520000000000000       -0.3949396713377247        5.3705006987808487E-002 
   8.1140786289584932E-002    57.36378390886556        0.9999879701235008      
   0.2048552177228357     
   -5.520000000000000       -0.2000000000000011        4.5248404358723793E-002 
   5.3888727026629793E-002    57.40872897585464        0.9999886854557389      
   0.2714953853370262     
   -5.520000000000000       -5.0612032226220773E-003   3.3670344739016582E-002 
   3.2066066995729496E-002    57.45575971270647        0.9999897094426689      
   0.3470445540653442     
   -5.520000000000000        0.1899728225015762        1.9564787317847596E-002 
   1.7291683387868073E-002    57.50401978280271        0.9999911224220172      
   0.4286250137613765     
   -5.520000000000000        0.3851971143511089        4.0519602093031784E-003 
   1.0710579069494873E-002    57.32300815958151        0.9999930071658297      
   0.5125967992687934     
   -5.520000000000000        0.5807063267879043        1.5336096233169072E-003 
   9.1255372549425423E-003    57.14738758360691        0.9999945377364192      
   0.5952477660497949     
   -5.520000000000000        0.7765945422431204        1.2795299475797809E-003 
   8.3028281206419807E-003    56.98171788097635        0.9999957615031677      
   0.6728870057240921     
   -5.520000000000000        0.9729550842390562        1.3335055172806122E-003 
   7.5372214384676287E-003    56.82898160236594        0.9999967266868626      
   0.7424908533239076     
   -5.520000000000000         1.169880333731538        1.3596338567366559E-003 
   6.7574687388164134E-003    56.69067114977482        0.9999974777793084      
   0.8020410253808713     
   -5.520000000000000         1.367461549433629        1.3210114567284970E-003 
   5.9915426435042983E-003    56.56708091346681        0.9999980544449545      
   0.8506661304487018     
   -5.520000000000000         1.565788692852865        1.2335590400415670E-003 
   5.2701410380020493E-003    56.45766705493651        0.9999984912425366      
   0.8885665844187605     
   -5.520000000000000         1.764950258740411        1.1182903860994069E-003 
   4.6122250035480743E-003    56.36137650881739        0.9999988176832194      
   0.9167729749387771     
   -5.520000000000000         1.965033111612069        9.9197375437264632E-004 
   4.0260034178294622E-003    56.27690790646604        0.9999990584898502      
   0.9368223243933936     
   -5.520000000000000         2.166122328958343        8.6601951866298039E-004 
   3.5122493227766655E-003    56.20288819244389        0.9999992339843351      
   0.9504377278185075     
   -5.520000000000000         2.368301051714338        7.4732258322798189E-004 
   3.0672522762384274E-003    56.13797907159324        0.9999993605519389      
   0.9592733184921636     
   -5.520000000000000         2.571650342510284        6.3947392286298308E-004 
   2.6849689401665785E-003    56.08093648023358        0.9999994511440766      
   0.9647527873677247     
   -5.520000000000000         2.776249052171010        5.4385737203370681E-004 
   2.3584421573886083E-003    56.03063954314027        0.9999995157894856      
   0.9679992447801623     
   -5.520000000000000         2.982173694877646        4.6049876670365238E-004 
   2.0806578675879651E-003    55.98609917122881        0.9999995620898217      
   0.9698350118819427     
   -5.520000000000000         3.189498332348288        3.8866529829450342E-004 
   1.8450110996224244E-003    55.94645405119502        0.9999995956810773      
   0.9708233805252237     
   -5.520000000000000         3.398294467336542        3.2725806102806100E-004 
   1.6455243653617625E-003    55.91096048981995        0.9999996206475176      
   0.9713273143955300     
   -5.520000000000000         3.608630946688375        2.7505270180540640E-004 
   1.4769201609603315E-003    55.87898001954250        0.9999996398800838      
   0.9715676756643061     
   -5.520000000000000         3.820573874139177        2.3083783098627400E-004 
   1.3346111758032410E-003    55.84996643407467        0.9999996553761997      
   0.9716717353749310     
   -5.520000000000000         4.034186532974921        1.9348784712043554E-004 
   1.2146478675756291E-003    55.82345320256204        0.9999996684821836      
   0.9717090788302327     
   -5.520000000000000         4.249529318623878        1.6199499814833389E-004 
   1.1136488795884731E-003    55.79904202682265        0.9999996800828088      
   0.9717158373804846     
   -5.520000000000000         4.466659681189796        1.3547739140321708E-004 
   1.0287290692867438E-003    55.77639291330964        0.9999996907446925      
   0.9717098178068393     
   -5.520000000000000         4.685632077883227        1.1317403070581675E-004 
   9.5743188541413905E-004    55.75521570295602        0.9999997008212533      
   0.9716993214198463     
   -5.520000000000000         4.906497935255945        9.4433840032067868E-005 
   8.9766833385486683E-004    55.73526282146123        0.9999997105270750      
   0.9716879731487155     
   -5.520000000000000         5.129305621094297        7.8702675135555690E-005 
   8.4766309535160749E-004    55.71632305749807        0.9999997199889150      
   0.9716772162356496     
   -5.520000000000000         5.354100425780786        6.5510357639000027E-005 
   8.0590780372596482E-004    55.69821624895873        0.9999997292795823      
   0.9716675317171263     
   -5.520000000000000         5.580924552890115        5.4458646334834746E-005 
   7.7112104757818102E-004    55.68078876313968        0.9999997384397308      
   0.9716590034723761     
   -5.520000000000000         5.809817118746128        4.5210518419074761E-005 
   7.4221432237753454E-004    55.66390964590011        0.9999997474914395      
   0.9716515663858739     
   -5.520000000000000         6.040814160629681        3.7480865476012364E-005 
   7.1826310902767178E-004    55.64746733314650        0.9999997564464022      
   0.9716451093015619     
   -5.520000000000000         6.273948653295052        3.1028548476934336E-005 
   6.9848236508337005E-004    55.63136684655238        0.9999997653107174      
   0.9716395149076462     
   -5.520000000000000         6.509250533423568        2.5649665886015603E-005 
   6.8220579651209388E-004    55.61552740791255        0.9999997740875927      
   0.9716346736686030     
   -5.520000000000000         6.746746731618209        2.1171861630149239E-005 
   6.6886831290255053E-004    55.59988040767042        0.9999997827788283      
   0.9716304876844916     
   -5.520000000000000         6.986461211521710        1.7449511266056128E-005 
   6.5799112651030789E-004    55.58436766819367        0.9999997913855977      
   0.9716268709162432     
   -5.520000000000000         7.228415015623348        1.4359648290233659E-005 
   6.4916905020087916E-004    55.56893995357287        0.9999997999088447      
   0.9716237482476181     
   -5.520000000000000         7.472626317305855        1.1798514778772074E-005 
   6.4205964363401083E-004    55.55355568856623        0.9999998083494746      
   0.9716210542755314     
   -5.520000000000000         7.719110478673879        9.6786391418441195E-006 
   6.3637392666678516E-004    55.53817985655824        0.9999998167084448      
   0.9716187321250437     
   -5.520000000000000         7.967880113698818        7.9263592338769271E-006 
   6.3186842841488251E-004    55.52278305137003        0.9999998249867919      
   0.9716167323732402     
   -5.520000000000000         8.218945156211536        6.4797216523006494E-006 
   6.2833837914157478E-004    55.50734066184646        0.9999998331856481      
   0.9716150120958087     
   -5.520000000000000         8.472312932274409        5.2866984427905399E-006 
   6.2561188258911484E-004    55.49183217136051        0.9999998413062348      
   0.9716135340291655     
   -5.520000000000000         8.727988236466917        4.3036715710337224E-006 
   6.2354492937282833E-004    55.47624055668764        0.9999998493498544      
   0.9716122658361497     
   -5.520000000000000         8.985973411624599        3.4941438946148353E-006 
   6.2201713058598028E-004    55.46055177256132        0.9999998573178809      
   0.9716111794631248     
   -5.520000000000000         9.246268431579237        2.8276427232345247E-006 
   6.2092806739117822E-004    55.44475431000786        0.9999998652117497      
   0.9716102505774258     
   -5.520000000000000         9.508870986458517        2.2787880463140097E-006 
   6.2019416745176135E-004    55.42883881828077        0.9999998730329462      
   0.9716094580753734     
   -5.520000000000000         9.773776570115773        1.8265021676711708E-006 
   6.1974603194664402E-004    55.41279778174943        0.9999998807829960      
   0.9716087836523407     
   -5.520000000000000         10.04097856927476        1.4533412022426003E-006 
   6.1952614741157992E-004    55.39662524439917        0.9999998884634564      
   0.9716082114274416     
   -5.520000000000000         10.31046835399012        1.1449320553766626E-006 
   6.1948692505657088E-004    55.38031657570462        0.9999998960759096      
   0.9716077276163925     
   -5.520000000000000         10.58223536904130        8.8950130125225994E-007 
   6.1958901689726921E-004    55.36386827258600        0.9999999036219525      
   0.9716073202469784     
   -5.520000000000000         10.85626722589636        6.7748477248177530E-007 
   6.1979986329317597E-004    55.34727779300564        0.9999999111031951      
   0.9716069789124669     
   -5.520000000000000         11.13254979490064        5.0120851890473923E-007 
   6.2009243052007525E-004    55.33054341756974        0.9999999185212591      
   0.9716066945593551     
   -5.520000000000000         11.41106729736590        3.5463282946997023E-007 
   6.2044410012849008E-004    55.31366413630833        0.9999999258777837      
   0.9716064593072040     
   -5.520000000000000         11.69180239725550        2.3315081336979000E-007 
   6.2083567476625169E-004    55.29663955858661        0.9999999331744420      
   0.9716062663001915     
   -5.520000000000000         11.97473629218198        1.3343048903577751E-007 
   6.2125046923553189E-004    55.27946984481590        0.9999999404129796      
   0.9716061095921257     
   -5.520000000000000         12.25984880345458        5.3282233720211441E-008 
   6.2167346336690159E-004    55.26215565926419        0.9999999475952780      
   0.9716059840677393     
   -5.520000000000000         12.54711846493471       -8.4804507095604131E-009 
   6.2209050981214785E-004    55.24469814367521        0.9999999547234690      
   0.9716058853995337     
   -5.520000000000000         12.83652261047853       -5.2239306142176764E-008 
   6.2248762304211054E-004    55.22709891111668        0.9999999618001052      
   0.9716058100250307     
   -5.520000000000000         13.12803745976597       -7.7900724527769456E-008 
   6.2285043194442835E-004    55.20936005784680        0.9999999688284047      
   0.9716057550991588     
   -5.520000000000000         13.42163820233561       -8.5431768410626153E-008 
   6.2316395504219890E-004    55.19148418737140        0.9999999758125632      
   0.9716057183379453     
   -5.520000000000000         13.71729907966468       -7.5635435552337643E-008 
   6.2341293223155730E-004    55.17347443465645        0.9999999827581071      
   0.9716056976587487     
   -5.520000000000000         14.01499346515192       -5.1069332716214471E-008 
   6.2358295618247100E-004    55.15533447045448        0.9999999896721999      
   0.9716056906015927     
   -5.520000000000000         14.31469394187969       -1.6899588597186872E-008 
   6.2366253215109910E-004    55.13706845922039        0.9999999965638068      
   0.9716056937163046     
   -5.520000000000000         14.61637237804932        1.7275635507467770E-008 
   6.2364653179982905E-004    55.11868094594450         1.000000003443570      
   0.9716057023094047     
   -5.520000000000000         14.92000000000000        1.7275635507467770E-008 
   6.2367853250236925E-004    55.10029343266862         1.000000010323333      
   0.9716057109025048     
   -5.280000000000000        -4.227026579539560         0.000000000000000      
   0.5000000000000000         54.72025713835915         1.000000000000000      
    0.000000000000000     
   -5.280000000000000        -4.014206434341432        1.2172777196658855E-002 
   0.4979385408502983         54.72025713835915        0.9999969199949803      
   1.4243539078551040E-006
   -5.280000000000000        -3.803070304910810        2.2765198304883508E-002 
   0.4920357193432068         54.70618691973239        0.9999942739635553      
   4.3035404555597095E-006
   -5.280000000000000        -3.593549933081869        3.1837502530493764E-002 
   0.4828500488263853         54.69629719706604        0.9999922473599012      
   1.1162780027128986E-005
   -5.280000000000000        -3.385574045583126        3.9575164603931803E-002 
   0.4709030760192603         54.69031624531443        0.9999907410707509      
   2.7486407116065595E-005
   -5.280000000000000        -3.179068445902549        4.6215083313283181E-002 
   0.4566395194902554         54.68799454821797        0.9999896501893868      
   6.5085359090819001E-005
   -5.280000000000000        -2.973956117362914        5.2034884044031116E-002 
   0.4404082620765233         54.68912895888932        0.9999888751237789      
   1.4844084252676397E-004
   -5.280000000000000        -2.770157337224366        5.7329521323918949E-002 
   0.4224532926349939         54.69356799053438        0.9999883292223296      
   3.2606684036442433E-004
   -5.280000000000000        -2.567589801560878        6.2382337471795543E-002 
   0.4029141977352649         54.70120901564709        0.9999879424194691      
   6.8964176816833185E-004
   -5.280000000000000        -2.366168760586374        6.7436656800030553E-002 
   0.3818356765410328         54.71199117733588        0.9999876618231880      
   1.4040258876661313E-003
   -5.280000000000000        -2.165807164036497        7.2669947800226675E-002 
   0.3591848963532234         54.72588755567810        0.9999874507714881      
   2.7506438649106497E-003
   -5.280000000000000        -1.966415816142869        7.8169003875838028E-002 
   0.3348758006705808         54.74289906058127        0.9999872871955680      
   5.1841583781392806E-003
   -5.280000000000000        -1.767903539669862        8.3902932913429568E-002 
   0.3088006127889886         54.76305088742980        0.9999871612191463      
   9.3970146314484269E-003
   -5.280000000000000        -1.570177348419479        8.9691679093394719E-002 
   0.2808701254529343         54.78638890642450        0.9999870717127434      
   1.6378087267403876E-002
   -5.280000000000000        -1.373142627548817        9.5171434874644939E-002 
   0.2510651173110037         54.81297335516772        0.9999870231187533      
   2.7441672646938715E-002
   -5.280000000000000        -1.176703320987477        9.9764264892792914E-002 
   0.2195006156879052         54.84287699142376        0.9999870254044619      
   4.4195161404732369E-002
   -5.280000000000000       -0.9807621251897585        0.1026665882028451      
   0.1865021863724222         54.87619485931757        0.9999870964200334      
   6.8413873192785801E-002
   -5.280000000000000       -0.7852206884089804        0.1028780077040973      
   0.1526884302694437         54.91304865766058        0.9999872624871472      
   0.1018060841456328     
   -5.280000000000000       -0.5899798146396622        9.9295302685457942E-002 
   0.1190457842870581         54.95356430281841        0.9999875585799372      
   0.1456830049893630     
   -5.280000000000000       -0.3949396713377247        9.0892038035721601E-002 
   8.6970782819821082E-002    54.99781441428243        0.9999880307064016      
   0.2005918598268472     
   -5.280000000000000       -0.2000000000000011        7.6987218998937818E-002 
   5.8242710729305272E-002    55.04569068796147        0.9999887365281024      
   0.2660092039245388     
   -5.280000000000000       -5.0612032226220773E-003   5.7570918076168827E-002 
   3.4880248505296807E-002    55.09668380499365        0.9999897445734351      
   0.3402033064301740     
   -5.280000000000000        0.1899728225015762        3.3595491390799551E-002 
   1.8841731616237874E-002    55.14962483398636        0.9999911325597016      
   0.4203419280925383     
   -5.280000000000000        0.3851971143511089        7.0627238804765371E-003 
   1.1576783571614884E-002    54.95322014508833        0.9999929786106595      
   0.5028509800926966     
   -5.280000000000000        0.5807063267879043        2.7831681118407883E-003 
   9.7040125778631286E-003    54.76494381222069        0.9999944790711258      
   0.5841061249263679     
   -5.280000000000000        0.7765945422431204        2.3417621700012837E-003 
   8.6512695836760689E-003    54.59059250442375        0.9999956793408925      
   0.6604757396520083     
   -5.280000000000000        0.9729550842390562        2.3979212741061838E-003 
   7.6876677274451653E-003    54.43324176801039        0.9999966265011568      
   0.7289718675616418     
   -5.280000000000000         1.169880333731538        2.3955201638273548E-003 
   6.7542602443146638E-003    54.29374557003302        0.9999973641621036      
   0.7875941719040315     
   -5.280000000000000         1.367461549433629        2.2852886348557824E-003 
   5.8831662090652083E-003    54.17147443586926        0.9999979312178856      
   0.8354732639953101     
   -5.280000000000000         1.565788692852865        2.1012978819463421E-003 
   5.0997162008867775E-003    54.06497508482654        0.9999983615449906      
   0.8727979065249579     
   -5.280000000000000         1.764950258740411        1.8810685022296165E-003 
   4.4130603524725389E-003    53.97244923921083        0.9999986840551426      
   0.9005770931324445     
   -5.280000000000000         1.965033111612069        1.6519581371823326E-003 
   3.8211376739437793E-003    53.89205480323179        0.9999989229507068      
   0.9203209155002281     
   -5.280000000000000         2.166122328958343        1.4310666059821103E-003 
   3.3160227040739533E-003    53.82206370598048        0.9999990981081976      
   0.9337246386325763     
   -5.280000000000000         2.368301051714338        1.2277292266250251E-003 
   2.8875047217533666E-003    53.76092854671019        0.9999992255383681      
   0.9424170485913873     
   -5.280000000000000         2.571650342510284        1.0460575857944633E-003 
   2.5251124707704646E-003    53.70729994514648        0.9999993178840161      
   0.9478009067188687     
   -5.280000000000000         2.776249052171010        8.8693465397450110E-004 
   2.2191110632411811E-003    53.66001960710742        0.9999993849251901      
   0.9509833967675859     
   -5.280000000000000         2.982173694877646        7.4941447192427375E-004 
   1.9608954319836340E-003    53.61810227900583        0.9999994340679234      
   0.9527755439283603     
   -5.280000000000000         3.189498332348288        6.3163516104619306E-004 
   1.7430601917576582E-003    53.58071313427973        0.9999994707982170      
   0.9537331036347755     
   -5.280000000000000         3.398294467336542        5.3137793620935741E-004 
   1.5593189234898554E-003    53.54714526833379        0.9999994990883947      
   0.9542142667063009     
   -5.280000000000000         3.608630946688375        4.4638679330632602E-004 
   1.4043702314553107E-003    53.51679995331682        0.9999995217482095      
   0.9544369954117758     
   -5.280000000000000         3.820573874139177        3.7453663134311848E-004 
   1.2737548986807099E-003    53.48916977084251        0.9999995407179785      
   0.9545268462687303     
   -5.280000000000000         4.034186532974921        3.1391037537492513E-004 
   1.1637215278148751E-003    53.46382406392325        0.9999995573051929      
   0.9545523983165298     
   -5.280000000000000         4.249529318623878        2.6282356019752571E-004 
   1.0711085512241831E-003    53.44039658249684        0.9999995723692439      
   0.9545491808618767     
   -5.280000000000000         4.466659681189796        2.1982004200543680E-004 
   9.9324553457901367E-004    53.41857528989000        0.9999995864609541      
   0.9545346223875711     
   -5.280000000000000         4.685632077883227        1.8365341315624095E-004 
   9.2787254268508583E-004    53.39809404709311        0.9999995999245661      
   0.9545167687030702     
   -5.280000000000000         4.906497935255945        1.5326290607250016E-004 
   8.7307424958103785E-004    53.37872574960518        0.9999996129699045      
   0.9544990581646744     
   -5.280000000000000         5.129305621094297        1.2774864576639003E-004 
   8.2722556415679117E-004    53.36027656517090        0.9999996257218106      
   0.9544827884821180     
   -5.280000000000000         5.354100425780786        1.0634854500492333E-004 
   7.8894644981051480E-004    53.34258105733871        0.9999996382529294      
   0.9544683218352860     
   -5.280000000000000         5.580924552890115        8.8417708005423797E-005 
   7.5706427255774547E-004    53.32549805296247        0.9999996506047698      
   0.9544556422913647     
   -5.280000000000000         5.809817118746128        7.3410543825791247E-005 
   7.3058231632228794E-004    53.30890713170101        0.9999996628008150      
   0.9544445996095683     
   -5.280000000000000         6.040814160629681        6.0865487317686286E-005 
   7.0865334198059386E-004    53.29270563454592        0.9999996748544148      
   0.9544350094382611     
   -5.280000000000000         6.273948653295052        5.0392068499508557E-005 
   6.9055731669245574E-004    53.27680611342487        0.9999996867734013      
   0.9544266912609511     
   -5.280000000000000         6.509250533423568        4.1660006336263610E-005 
   6.7568262077494234E-004    53.26113415853002        0.9999996985626973      
   0.9544194808455883     
   -5.280000000000000         6.746746731618209        3.4390009688236718E-005 
   6.6351014179348577E-004    53.24562654461541        0.9999997102257476      
   0.9544132329062687     
   -5.280000000000000         6.986461211521710        2.8346009845694405E-005 
   6.5359975237004229E-004    53.23022964342290        0.9999997217652783      
   0.9544078203301684     
   -5.280000000000000         7.228415015623348        2.3328593718995230E-005 
   6.4557876670773230E-004    53.21489805952733        0.9999997331836911      
   0.9544031323925437     
   -5.280000000000000         7.472626317305855        1.9169444342371205E-005 
   6.3913206056250157E-004    53.19959345642629        0.9999997444832569      
   0.9543990728212624     
   -5.280000000000000         7.719110478673879        1.5726627684443462E-005 
   6.3399360375379372E-004    53.18428354591742        0.9999997556662142      
   0.9543955579859924     
   -5.280000000000000         7.967880113698818        1.2880592777854560E-005 
   6.2993919865160898E-004    53.16894121794414        0.9999997667348105      
   0.9543925152803052     
   -5.280000000000000         8.218945156211536        1.0530774797465099E-005 
   6.2678025219240245E-004    53.15354379159300        0.9999997776913195      
   0.9543898816978710     
   -5.280000000000000         8.472312932274409        8.5927083034275018E-006 
   6.2435843607547910E-004    53.13807237087766        0.9999997885380500      
   0.9543876025853468     
   -5.280000000000000         8.727988236466917        6.9955722909459237E-006 
   6.2254111062686086E-004    53.12251129119694        0.9999997992773412      
   0.9543856305515352     
   -5.280000000000000         8.985973411624599        5.6801013524294024E-006 
   6.2121740453188897E-004    53.10684764414957        0.9999998099115585      
   0.9543839245136546     
   -5.280000000000000         9.246268431579237        4.5968083824020077E-006 
   6.2029485726289389E-004    53.09107087000969        0.9999998204430907      
   0.9543824488637919     
   -5.280000000000000         9.508870986458517        3.7044736273967528E-006 
   6.1969654403412123E-004    53.07517240865430        0.9999998308743396      
   0.9543811727407611     
   -5.280000000000000         9.773776570115773        2.9688624894460859E-006 
   6.1935861423672981E-004    53.05914540104781        0.9999998412077158      
   0.9543800693945322     
   -5.280000000000000         10.04097856927476        2.3616406430840618E-006 
   6.1922818352853079E-004    53.04298443453956        0.9999998514456315      
   0.9543791156320635     
   -5.280000000000000         10.31046835399012        1.8594601436887442E-006 
   6.1926152728692535E-004    53.02668532623701        0.9999998615904969      
   0.9543782913348519     
   -5.280000000000000         10.58223536904130        1.4431946464990026E-006 
   6.1942252911532068E-004    53.01024493959581        0.9999998716447112      
   0.9543775790398680     
   -5.280000000000000         10.85626722589636        1.0973057420209314E-006 
   6.1968134260170131E-004    52.99366103014946        0.9999998816106637      
   0.9543769635769360     
   -5.280000000000000         11.13254979490064        8.0932565027614979E-007 
   6.2001322765000821E-004    52.97693211704954        0.9999998914907348      
   0.9543764317572325     
   -5.280000000000000         11.41106729736590        5.6944383044660200E-007 
   6.2039752459063045E-004    52.96005737783491        0.9999999012873034      
   0.9543759721097483     
   -5.280000000000000         11.69180239725550        3.7018562046710723E-007 
   6.2081673011003639E-004    52.94303656459913        0.9999999110027709      
   0.9543755746655987     
   -5.280000000000000         11.97473629218198        2.0616771621652923E-007 
   6.2125563925457010E-004    52.92586994054263        0.9999999206396046      
   0.9543752307937423     
   -5.280000000000000         12.25984880345458        7.3904464189261267E-008 
   6.2170051941092994E-004    52.90855823683589        0.9999999302004250      
   0.9543749330939053     
   -5.280000000000000         12.54711846493471       -2.8384111394430150E-008 
   6.2213829142775384E-004    52.89110263055614        0.9999999396881452      
   0.9543746753473434     
   -5.280000000000000         12.83652261047853       -1.0105149355488707E-007 
   6.2255572314801402E-004    52.87350474472456        0.9999999491061941      
   0.9543744525028560     
   -5.280000000000000         13.12803745976597       -1.4352427493663685E-007 
   6.2293870576123577E-004    52.85576667047067        0.9999999584588483      
   0.9543742606243067     
   -5.280000000000000         13.42163820233561       -1.5518286539791562E-007 
   6.2327179417320290E-004    52.83789100790220        0.9999999677516583      
   0.9543740966565560     
   -5.280000000000000         13.71729907966468       -1.3674438520536294E-007 
   6.2353834639275398E-004    52.81988091481234        0.9999999769919540      
   0.9543739578378517     
   -5.280000000000000         14.01499346515192       -9.2055201026060359E-008 
   6.2372172084915732E-004    52.80174014024616        0.9999999861893224      
   0.9543738407112737     
   -5.280000000000000         14.31469394187969       -2.9932305601001680E-008 
   6.2380794658249174E-004    52.78347300483519        0.9999999953558830      
   0.9543737400369654     
   -5.280000000000000         14.61637237804932        3.2266354959304318E-008 
   6.2379059129661100E-004    52.76508428365639         1.000000004506170      
   0.9543736483097988     
   -5.280000000000000         14.92000000000000        3.2266354959304318E-008 
   6.2382530186837258E-004    52.74669556247758         1.000000013656457      
   0.9543735565826321     
   -5.040000000000000        -4.227026579539560         0.000000000000000      
   0.5000000000000000         52.34868005489605         1.000000000000000      
    0.000000000000000     
   -5.040000000000000        -4.014206434341432        1.6723195074809891E-002 
   0.4980462786933735         52.34868005489605        0.9999969337505252      
   1.3582173024485735E-006
   -5.040000000000000        -3.803070304910810        3.1308438147839436E-002 
   0.4924521552368846         52.33535838711138        0.9999942991858792      
   4.1042779310325696E-006
   -5.040000000000000        -3.593549933081869        4.3813467285299126E-002 
   0.4837448145259892         52.32596947566380        0.9999922810419598      
   1.0647775206813102E-005
   -5.040000000000000        -3.385574045583126        5.4479961939080467E-002 
   0.4724154535808914         52.32024551172621        0.9999907809435081      
   2.6223712123591527E-005
   -5.040000000000000        -3.179068445902549        6.3629392101358387E-002 
   0.4588857535919202         52.31795407083857        0.9999896946607836      
   6.2110887767192102E-005
   -5.040000000000000        -2.973956117362914        7.1644269761033968E-002 
   0.4434888994336840         52.31891101416385        0.9999889231940807      
   1.4170011239235375E-004
   -5.040000000000000        -2.770157337224366        7.8934293523502536E-002 
   0.4264586798742441         52.32298224883891        0.9999883803751045      
   3.1137590645594792E-004
   -5.040000000000000        -2.567589801560878        8.5896270553464660E-002 
   0.4079275166678961         52.33008077426685        0.9999879965050589      
   6.5886615993588184E-004
   -5.040000000000000        -2.366168760586374        9.2875510294930824E-002 
   0.3879329187636086         52.34016099446065        0.9999877189921053      
   1.3420896722870178E-003
   -5.040000000000000        -2.165807164036497        0.1001311489654228      
   0.3664309443803247         52.35321357145505        0.9999875115011921      
   2.6309595759200165E-003
   -5.040000000000000        -1.966415816142869        0.1078029673893113      
   0.3433155679322900         52.36926337233332        0.9999873523431589      
   4.9622010218140656E-003
   -5.040000000000000        -1.767903539669862        0.1158747830463293      
   0.3184441232056732         52.38837136556608        0.9999872318923446      
   9.0021501850081655E-003
   -5.040000000000000        -1.570177348419479        0.1241304002735911      
   0.2916706869935736         52.41063779640446        0.9999871487681010      
   1.5704464498315217E-002
   -5.040000000000000        -1.373142627548817        0.1321025764181719      
   0.2628907182146719         52.43620508725636        0.9999871065393959      
   2.6339916092401914E-002
   -5.040000000000000        -1.176703320987477        0.1390231277939448      
   0.2321008830309757         52.46527082232431        0.9999871141790815      
   4.2467454808972127E-002
   -5.040000000000000       -0.9807621251897585        0.1437921770748937      
   0.1994773537325214         52.49811797283524        0.9999871887383144      
   6.5815263562786191E-002
   -5.040000000000000       -0.7852206884089804        0.1449948155513882      
   0.1654731809073295         52.53513808923120        0.9999873554297700      
   9.8053921300789562E-002
   -5.040000000000000       -0.5899798146396622        0.1410013094086175      
   0.1309289593048681         52.57681992972196        0.9999876478485380      
   0.1404742644798927     
   -5.040000000000000       -0.3949396713377247        0.1301888446981098      
   9.7178670422794405E-002    52.62368030408420        0.9999881108219597      
   0.1936255465236482     
   -5.040000000000000       -0.2000000000000011        0.1113137044852337      
   6.6110416884356871E-002    52.67605468352491        0.9999888003115291      
   0.2570099679800190     
   -5.040000000000000       -5.0612032226220773E-003   8.4031895843539067E-002 
   4.0105473894668703E-002    52.73367114963596        0.9999897823175978      
   0.3289446110935389     
   -5.040000000000000        0.1899728225015762        4.9487001248495380E-002 
   2.1737714962601302E-002    52.79503826256632        0.9999911312051233      
   0.4066719381882697     
   -5.040000000000000        0.3851971143511089        1.0707956982080085E-002 
   1.3126904133683880E-002    52.57066470501925        0.9999929202792066      
   0.4867264592297248     
   -5.040000000000000        0.5807063267879043        4.4848418229886814E-003 
   1.0656353773417363E-002    52.36090966771857        0.9999943751687551      
   0.5656300818969343     
   -5.040000000000000        0.7765945422431204        3.7825814090591712E-003 
   9.1552187438971120E-003    52.17327769771749        0.9999955396066600      
   0.6398505091675191     
   -5.040000000000000        0.9729550842390562        3.7519901118706223E-003 
   7.8425260580565811E-003    52.01013554579290        0.9999964592834760      
   0.7064622505234570     
   -5.040000000000000         1.169880333731538        3.6269201729937023E-003 
   6.6643953511529219E-003    51.87054268478341        0.9999971765548086      
   0.7634995936035629     
   -5.040000000000000         1.367461549433629        3.3634619768371792E-003 
   5.6434970884476059E-003    51.75192207609926        0.9999977291555122      
   0.8101008181175727     
   -5.040000000000000         1.565788692852865        3.0215724152892341E-003 
   4.7843082720990682E-003    51.65117264660509        0.9999981499113182      
   0.8464379193876628     
   -5.040000000000000         1.764950258740411        2.6551676026842579E-003 
   4.0731301210070112E-003    51.56529392073308        0.9999984668000680      
   0.8734847047045924     
   -5.040000000000000         1.965033111612069        2.2984092560725832E-003 
   3.4884928294721756E-003    51.49166220414327        0.9999987032081067      
   0.8927058206195072     
   -5.040000000000000         2.166122328958343        1.9694810613652162E-003 
   3.0081701057509767E-003    51.42809239969084        0.9999988783114435      
   0.9057488724055833     
   -5.040000000000000         2.368301051714338        1.6761159798864499E-003 
   2.6124015287946976E-003    51.37280374149201        0.9999990075313827      
   0.9141989322880358     
   -5.040000000000000         2.571650342510284        1.4198942386854834E-003 
   2.2848464190745039E-003    51.32435661960175        0.9999991030256586      
   0.9194225364357352     
   -5.040000000000000         2.776249052171010        1.1991001804494317E-003 
   2.0124632413752296E-003    51.28158734960885        0.9999991741847151      
   0.9224992491461325     
   -5.040000000000000         2.982173694877646        1.0104733806916349E-003 
   1.7849942208133095E-003    51.24355102444834        0.9999992281096317      
   0.9242204863275983     
   -5.040000000000000         3.189498332348288        8.5021725930131708E-004 
   1.5943828233280525E-003    51.20947453685098        0.9999992700541243      
   0.9251289171585892     
   -5.040000000000000         3.398294467336542        7.1454301856710097E-004 
   1.4342586400318568E-003    51.17871950142597        0.9999993038185699      
   0.9255744517633203     
   -5.040000000000000         3.608630946688375        5.9993581220770193E-004 
   1.2995302348243025E-003    51.15075433578633        0.9999993320892326      
   0.9257700347645869     
   -5.040000000000000         3.820573874139177        5.0326256554893123E-004 
   1.1860799969261322E-003    51.12513346171065        0.9999993567205910      
   0.9258382731993113     
   -5.040000000000000         4.034186532974921        4.2179498450721010E-004 
   1.0905385992736362E-003    51.10148130043594        0.9999993789626243      
   0.9258460331601817     
   -5.040000000000000         4.249529318623878        3.5319044466472575E-004 
   1.0101185741745585E-003    51.07947966131598        0.9999993996378564      
   0.9258278360824460     
   -5.040000000000000         4.466659681189796        2.9545420518377634E-004 
   9.4249211016911630E-004    51.05885784654836        0.9999994192748137      
   0.9258004913603121     
   -5.040000000000000         4.685632077883227        2.4689556189153689E-004 
   8.8570134529508313E-004    51.03938493323803        0.9999994382054072      
   0.9257716372029570     
   -5.040000000000000         4.906497935255945        2.0608463234072702E-004 
   8.3809143334916104E-004    51.02086365863629        0.9999994566337018      
   0.9257444211660421     
   -5.040000000000000         5.129305621094297        1.7181300176856499E-004 
   7.9825907429137064E-004    51.00312542363248        0.9999994746829427      
   0.9257199180450741     
   -5.040000000000000         5.354100425780786        1.4305937249760276E-004 
   7.6501175366947862E-004    50.98602611358150        0.9999994924266850      
   0.9256983099990119     
   -5.040000000000000         5.580924552890115        1.1896024369055440E-004 
   7.3733478804900287E-004    50.96944257007504        0.9999995099087536      
   0.9256794309126990     
   -5.040000000000000         5.809817118746128        9.8785176131290580E-005 
   7.1436427595844045E-004    50.95326959773559        0.9999995271556470      
   0.9256630029397369     
   -5.040000000000000         6.040814160629681        8.1916047200235588E-005 
   6.9536461025153590E-004    50.93741741166931        0.9999995441839927      
   0.9256487322428086     
   -5.040000000000000         6.273948653295052        6.7829680445362725E-005 
   6.7970960530656954E-004    50.92180945465522        0.9999995610049098      
   0.9256363438889450     
   -5.040000000000000         6.509250533423568        5.6083277557913635E-005 
   6.6686656431211191E-004    50.90638053042849        0.9999995776264842      
   0.9256255920103408     
   -5.040000000000000         6.746746731618209        4.6302164517355635E-005 
   6.5638276411412338E-004    50.89107520592824        0.9999995940551312      
   0.9256162606400610     
   -5.040000000000000         6.986461211521710        3.8169456581272729E-005 
   6.4787393100106377E-004    50.87584643948191        0.9999996102963388      
   0.9256081614280757     
   -5.040000000000000         7.228415015623348        3.1417322952360439E-005 
   6.4101436814429226E-004    50.86065439909601        0.9999996263550633      
   0.9256011305802131     
   -5.040000000000000         7.472626317305855        2.5819588255800264E-005 
   6.3552847381934574E-004    50.84546544299028        0.9999996422359418      
   0.9255950258320818     
   -5.040000000000000         7.719110478673879        2.1185453397551455E-005 
   6.3118344641770077E-004    50.83025124012993        0.9999996579434096      
   0.9255897236994163     
   -5.040000000000000         7.967880113698818        1.7354157879584457E-005 
   6.2778300920682283E-004    50.81498801188376        0.9999996734817669      
   0.9255851170483196     
   -5.040000000000000         8.218945156211536        1.4190438221391884E-005 
   6.2516201381485363E-004    50.79965587843545        0.9999996888552146      
   0.9255811129673082     
   -5.040000000000000         8.472312932274409        1.1580662031593416E-005 
   6.2318180187326960E-004    50.78423829580100        0.9999997040678799      
   0.9255776309082243     
   -5.040000000000000         8.727988236466917        9.4295364022368277E-006 
   6.2172622080889305E-004    50.76872157124018        0.9999997191238283      
   0.9255746010627641     
   -5.040000000000000         8.985973411624599        7.6573050602286545E-006 
   6.2069820362893862E-004    50.75309444650926        0.9999997340270700      
   0.9255719629448342     
   -5.040000000000000         9.246268431579237        6.1973623240773335E-006 
   6.2001683467892703E-004    50.73734773987030        0.9999997487815663      
   0.9255696641528336     
   -5.040000000000000         9.508870986458517        4.9942236625399217E-006 
   6.1961483393315646E-004    50.72147403903710        0.9999997633912285      
   0.9255676592895161     
   -5.040000000000000         9.773776570115773        4.0018026121798574E-006 
   6.1943640126986251E-004    50.70546743830044        0.9999997778599196      
   0.9255659090200676     
   -5.040000000000000         10.04097856927476        3.1819521212934267E-006 
   6.1943536955790120E-004    50.68932331398788        0.9999997921914523      
   0.9255643792516142     
   -5.040000000000000         10.31046835399012        2.5032352975006867E-006 
   6.1957362152387512E-004    50.67303813324288        0.9999998063895896      
   0.9255630404196076     
   -5.040000000000000         10.58223536904130        1.9398964289064646E-006 
   6.1981973033150032E-004    50.65660929186551        0.9999998204580426      
   0.9255618668685955     
   -5.040000000000000         10.85626722589636        1.4710084101339191E-006 
   6.2014778744713065E-004    50.64003497765337        0.9999998344004708      
   0.9255608363170335     
   -5.040000000000000         11.13254979490064        1.0797775481885437E-006 
   6.2053638355825729E-004    50.62331405633194        0.9999998482204907      
   0.9255599293982900     
   -5.040000000000000         11.41106729736590        7.5299096968102030E-007 
   6.2096770875722635E-004    50.60644597780188        0.9999998619216854      
   0.9255591292735017     
   -5.040000000000000         11.69180239725550        4.8059431342726504E-007 
   6.2142673612113790E-004    50.58943070115206        0.9999998755076347      
   0.9255584213170414     
   -5.040000000000000         11.97473629218198        2.5538530035886172E-007 
   6.2190044735266413E-004    50.57226863784557        0.9999998889819766      
   0.9255577928818227     
   -5.040000000000000         12.25984880345458        7.2797185920260980E-008 
   6.2237705100689957E-004    50.55496061373724        0.9999999023485133      
   0.9255572331563638     
   -5.040000000000000         12.54711846493471       -6.9283619300811781E-008 
   6.2284513786253640E-004    50.53750785201223        0.9999999156114009      
   0.9255567331186546     
   -5.040000000000000         12.83652261047853       -1.7079039454048723E-007 
   6.2329273630057987E-004    50.51991198062859        0.9999999287754491      
   0.9255562855545901     
   -5.040000000000000         13.12803745976597       -2.3004708445679262E-007 
   6.2370629970762864E-004    50.50217506809665        0.9999999418465805      
   0.9255558850213519     
   -5.040000000000000         13.42163820233561       -2.4493153043639302E-007 
   6.2406980764268091E-004    50.48429968902282        0.9999999548324509      
   0.9255555275096544     
   -5.040000000000000         13.71729907966468       -2.1496591247474298E-007 
   6.2436444891547779E-004    50.46628901301723        0.9999999677432106      
   0.9255552094877577     
   -5.040000000000000         14.01499346515192       -1.4440813618605340E-007 
   6.2456973295769904E-004    50.44814689163134        0.9999999805922744      
   0.9255549261991907     
   -5.040000000000000         14.31469394187969       -4.5905638426139931E-008 
   6.2466709586351350E-004    50.42987788596839        0.9999999933968408      
   0.9255546696991950     
   -5.040000000000000         14.61637237804932        5.3042840051727577E-008 
   6.2464743455022066E-004    50.41148715208295         1.000000006177806      
   0.9255544279094292     
   -5.040000000000000         14.92000000000000        5.3042840051727577E-008 
   6.2468675717680634E-004    50.39309641819750         1.000000018958771      
   0.9255541861196634     
   -4.800000000000000        -4.227026579539560         0.000000000000000      
   0.5000000000000000         49.97178564036130         1.000000000000000      
    0.000000000000000     
   -4.800000000000000        -4.014206434341432        2.0994126910403414E-002 
   0.4981853698658401         49.97178564036130        0.9999969517817596      
   1.2682535937619954E-006
   -4.800000000000000        -3.803070304910810        3.9328349992676877E-002 
   0.4929879725888633         49.95938188462747        0.9999943322673758      
   3.8329462684516548E-006
   -4.800000000000000        -3.593549933081869        5.5060263161761047E-002 
   0.4848950850578748         49.95059304217335        0.9999923252425794      
   9.9455397434783210E-006
   -4.800000000000000        -3.385574045583126        6.8480780524470736E-002 
   0.4743628578108981         49.94516811857842        0.9999908332882481      
   2.4499190807555130E-005
   -4.800000000000000        -3.179068445902549        7.9986953315013043E-002 
   0.4617860297333014         49.94289310036436        0.9999897530647428      
   5.8040989047396933E-005
   -4.800000000000000        -2.973956117362914        9.0057975952950023E-002 
   0.4474795110585880         49.94360128481167        0.9999889863565431      
   1.3245724130742074E-004
   -4.800000000000000        -2.770157337224366        9.9212132850487411E-002 
   0.4316664583468205         49.94717360953532        0.9999884476393284      
   2.9118210511993247E-004
   -4.800000000000000        -2.567589801560878        0.1079565798880562      
   0.4144741184174795         49.95353563911956        0.9999880677118491      
   6.1644260865001313E-004
   -4.800000000000000        -2.366168760586374        0.1167397229738664      
   0.3959370299594627         49.96265299149579        0.9999877943813210      
   1.2564332935353954E-003
   -4.800000000000000        -2.165807164036497        0.1259092201686142      
   0.3760059966526537         49.97452862198168        0.9999875916899730      
   2.4648217633668778E-003
   -4.800000000000000        -1.966415816142869        0.1356723135884306      
   0.3545613975131049         49.98920474682264        0.9999874382916550      
   4.6527910295167674E-003
   -4.800000000000000        -1.767903539669862        0.1460517338930415      
   0.3314306133153418         50.00677037883558        0.9999873246444261      
   8.4490896006771798E-003
   -4.800000000000000        -1.570177348419479        0.1568309445790276      
   0.3064111763191623         50.02737244638723        0.9999872488744929      
   1.4755988968862455E-002
   -4.800000000000000        -1.373142627548817        0.1674871835036285      
   0.2793032351202304         50.05123176116248        0.9999872135169288      
   2.4779696809388581E-002
   -4.800000000000000        -1.176703320987477        0.1771191703285920      
   0.2499568128728999         50.07867884865926        0.9999872264159488      
   4.0005824020918374E-002
   -4.800000000000000       -0.9807621251897585        0.1843874831430509      
   0.2183411759946627         50.11021906161734        0.9999873034848982      
   6.2089340612869408E-002
   -4.800000000000000       -0.7852206884089804        0.1874979076402961      
   0.1846451550187628         50.14660393244478        0.9999874685224139      
   9.2640251874460205E-002
   -4.800000000000000       -0.5899798146396622        0.1842699527232943      
   0.1494171929874690         50.18888296821646        0.9999877535950171      
   0.1329146196595492     
   -4.800000000000000       -0.3949396713377247        0.1723442266020914      
   0.1137488784715777         50.23838977038691        0.9999882016019936      
   0.1834622238125799     
   -4.800000000000000       -0.2000000000000011        0.1495961124966968      
   7.9484846703437917E-002    50.29650636730618        0.9999888657298092      
   0.2438237977485214     
   -4.800000000000000       -5.0612032226220773E-003   0.1148380763629461      
   4.9378651040467202E-002    50.36397335897845        0.9999898088258307      
   0.3123904770758217     
   -4.800000000000000        0.1899728225015762        6.8870436480394787E-002 
   2.6970511825477911E-002    50.43950589425086        0.9999911017197686      
   0.3865146527783070     
   -4.800000000000000        0.3851971143511089        1.5703279276894379E-002 
   1.5767152224429912E-002    50.16573579647130        0.9999928143021164      
   0.4628885759420928     
   -4.800000000000000        0.5807063267879043        7.0903180273081470E-003 
   1.2058044465998508E-002    49.92289364562122        0.9999942070063201      
   0.5382486086457698     
   -4.800000000000000        0.7765945422431204        5.8835533766926681E-003 
   9.7284958435443943E-003    49.71850745051467        0.9999953225156719      
   0.6092108507154853     
   -4.800000000000000        0.9729550842390562        5.5478870078276270E-003 
   7.8630440967524355E-003    49.55115690984662        0.9999962048581272      
   0.6729498790269242     
   -4.800000000000000         1.169880333731538        5.1167176445352973E-003 
   6.3548865663359336E-003    49.41551655583297        0.9999968946813782      
   0.7275611053929848     
   -4.800000000000000         1.367461549433629        4.5650865858608359E-003 
   5.1692674014134727E-003    49.30535163135591        0.9999974281111017      
   0.7722019284823771     
   -4.800000000000000         1.565788692852865        3.9771387895427748E-003 
   4.2544592214287221E-003    49.21497801616380        0.9999978365055250      
   0.8070234168914520     
   -4.800000000000000         1.764950258740411        3.4130950119194937E-003 
   3.5516863527480383E-003    49.13978571073329        0.9999981465295391      
   0.8329476549376312     
   -4.800000000000000         1.965033111612069        2.9024571822073701E-003 
   3.0082896828526611E-003    49.07627034675951        0.9999983804158148      
   0.8513701163274350     
   -4.800000000000000         2.166122328958343        2.4550058944496338E-003 
   2.5827176772506679E-003    49.02184060215858        0.9999985563473271      
   0.8638649733181226     
   -4.800000000000000         2.368301051714338        2.0701449128866425E-003 
   2.2442924670419535E-003    48.97458462771754        0.9999986889103831      
   0.8719496239450725     
   -4.800000000000000         2.571650342510284        1.7425915003607788E-003 
   1.9710842930617312E-003    48.93307785425777        0.9999987895783198      
   0.8769344158395460     
   -4.800000000000000         2.776249052171010        1.4654313005760026E-003 
   1.7475899858099284E-003    48.89624201591032        0.9999988671956439      
   0.8798560404215713     
   -4.800000000000000         2.982173694877646        1.2316234781415707E-003 
   1.5628084878234886E-003    48.86324522516966        0.9999989284401399      
   0.8814754701984993     
   -4.800000000000000         3.189498332348288        1.0346684912751545E-003 
   1.4088164036879253E-003    48.83343212197440        0.9999989782468340      
   0.8823150678807709     
   -4.800000000000000         3.398294467336542        8.6884757176118686E-004 
   1.2797753628706213E-003    48.80627550747887        0.9999990201833496      
   0.8827119143492127     
   -4.800000000000000         3.608630946688375        7.2925473094074601E-004 
   1.1712664182747497E-003    48.78134348297008        0.9999990567712667      
   0.8828712081568260     
   -4.800000000000000         3.820573874139177        6.1173669222756356E-004 
   1.0798534419014347E-003    48.75827723857698        0.9999990897524696      
   0.8829110349046911     
   -4.800000000000000         4.034186532974921        5.1279981312278154E-004 
   1.0027973505446386E-003    48.73677553271892        0.9999991203029369      
   0.8828956672483284     
   -4.800000000000000         4.249529318623878        4.2951258393620782E-004 
   9.3786717720556283E-004    48.71658335411536        0.9999991491989298      
   0.8828581305651424     
   -4.800000000000000         4.466659681189796        3.5941586164234572E-004 
   8.8321398313396680E-004    48.69748346454502        0.9999991769420666      
   0.8828143402114389     
   -4.800000000000000         4.685632077883227        3.0044481493815496E-004 
   8.3728585846762956E-004    48.67929004991416        0.9999992038504387      
   0.8827713643564664     
   -4.800000000000000         4.906497935255945        2.5086296373169728E-004 
   7.9876923983242818E-004    48.66184385334962        0.9999992301228335      
   0.8827319560824899     
   -4.800000000000000         5.129305621094297        2.0920731090776887E-004 
   7.6654662434420817E-004    48.64500829099141        0.9999992558825458      
   0.8826968948836611     
   -4.800000000000000         5.354100425780786        1.7424309571696940E-004 
   7.3966457099607725E-004    48.62866623721299        0.9999992812063073      
   0.8826661281369391     
   -4.800000000000000         5.580924552890115        1.4492660887690753E-004 
   7.1730848893606877E-004    48.61271731223964        0.9999993061427833      
   0.8826392956631325     
   -4.800000000000000         5.809817118746128        1.2037461301699580E-004 
   6.9878216175590837E-004    48.59707556974541        0.9999993307240340      
   0.8826159555827023     
   -4.800000000000000         6.040814160629681        9.9839108974131020E-005 
   6.8349072464646949E-004    48.58166750862934        0.9999993549724066      
   0.8825956737332554     
   -4.800000000000000         6.273948653295052        8.2686404931969765E-005 
   6.7092628471060749E-004    48.56643035598385        0.9999993789045684      
   0.8825780543830972     
   -4.800000000000000         6.509250533423568        6.8379648092298934E-005 
   6.6065567005808130E-004    48.55131058532296        0.9999994025338126      
   0.8825627473345601     
   -4.800000000000000         6.746746731618209        5.6464159574063443E-005 
   6.5230994350418635E-004    48.53626263999671        0.9999994258713595      
   0.8825494463595003     
   -4.800000000000000         6.986461211521710        4.6555064658808388E-005 
   6.4557538807359248E-004    48.52124783233573        0.9999994489270855      
   0.8825378849484273     
   -4.800000000000000         7.228415015623348        3.8326824426026103E-005 
   6.4018572530309703E-004    48.50623339163559        0.9999994717099515      
   0.8825278315979989     
   -4.800000000000000         7.472626317305855        3.1504354319345574E-005 
   6.3591538015291015E-004    48.49119163925960        0.9999994942282544      
   0.8825190853788720     
   -4.800000000000000         7.719110478673879        2.5855472688977867E-005 
   6.3257364911495709E-004    48.47609927404206        0.9999995164897948      
   0.8825114719787263     
   -4.800000000000000         7.967880113698818        2.1184468589854943E-005 
   6.2999965550890390E-004    48.46093675419914        0.9999995385019860      
   0.8825048402303953     
   -4.800000000000000         8.218945156211536        1.7326616716444517E-005 
   6.2805799212320814E-004    48.44568776353646        0.9999995602719337      
   0.8824990590814089     
   -4.800000000000000         8.472312932274409        1.4143498124109840E-005 
   6.2663496249587959E-004    48.43033875086702        0.9999995818064925      
   0.8824940149515949     
   -4.800000000000000         8.727988236466917        1.1519008884657590E-005 
   6.2563534189068854E-004    48.41487853275824        0.9999996031123028      
   0.8824896094287772     
   -4.800000000000000         8.985973411624599        9.3559570565418469E-006 
   6.2497958857747355E-004    48.39929795105420        0.9999996241958213      
   0.8824857572588239     
   -4.800000000000000         9.246268431579237        7.5731633272818937E-006 
   6.2460144518256488E-004    48.38358957791216        0.9999996450633434      
   0.8824823845924549     
   -4.800000000000000         9.508870986458517        6.1029935453662338E-006 
   6.2444587797093039E-004    48.36774746218822        0.9999996657210145      
   0.8824794274565223     
   -4.800000000000000         9.773776570115773        4.8892626146240880E-006 
   6.2446730855235410E-004    48.35176691185745        0.9999996861748432      
   0.8824768304219456     
   -4.800000000000000         10.04097856927476        3.8854590184268467E-006 
   6.2462809780771539E-004    48.33564430781154        0.9999997064307113      
   0.8824745454442174     
   -4.800000000000000         10.31046835399012        3.0532476279642707E-006 
   6.2489724621427652E-004    48.31937694496160        0.9999997264943771      
   0.8824725308556625     
   -4.800000000000000         10.58223536904130        2.3612156434735609E-006 
   6.2524927842335276E-004    48.30296289714505        0.9999997463714853      
   0.8824707504916046     
   -4.800000000000000         10.85626722589636        1.7838330955731623E-006 
   6.2566328278649262E-004    48.28640090289321        0.9999997660675687      
   0.8824691729357150     
   -4.800000000000000         11.13254979490064        1.3006059168288742E-006 
   6.2612207809579329E-004    48.26969026962399        0.9999997855880635      
   0.8824677708735629     
   -4.800000000000000         11.41106729736590        8.9540627880118924E-007 
   6.2661147904930739E-004    48.25283079433687        0.9999998049383253      
   0.8824665205488678     
   -4.800000000000000         11.69180239725550        5.5597075986356096E-007 
   6.2711962693717035E-004    48.23582269955963        0.9999998241236674      
   0.8824654013251790     
   -4.800000000000000         11.97473629218198        2.7355945373708002E-007 
   6.2763634023293112E-004    48.21866658429889        0.9999998431494356      
   0.8824643953668148     
   -4.800000000000000         12.25984880345458        4.2762681491400888E-008 
   6.2815241857241662E-004    48.20136339120801        0.9999998620211495      
   0.8824634874623978     
   -4.800000000000000         12.54711846493471       -1.3858364971887018E-007 
   6.2865879893792757E-004    48.18391439338284        0.9999998807447431      
   0.8824626650069235     
   -4.800000000000000         12.83652261047853       -2.6952537999923542E-007 
   6.2914545103817145E-004    48.16632120785890        0.9999998993269746      
   0.8824619181019799     
   -4.800000000000000         13.12803745976597       -3.4644620596571373E-007 
   6.2959995363645691E-004    48.14858584515659        0.9999999177760556      
   0.8824612395909611     
   -4.800000000000000         13.42163820233561       -3.6432372313195161E-007 
   6.3000585373410706E-004    48.13071080534313        0.9999999361025531      
   0.8824606246241044     
   -4.800000000000000         13.71729907966468       -3.1955081976088184E-007 
   6.3034137698165615E-004    48.11269922567208        0.9999999543205440      
   0.8824600691871989     
   -4.800000000000000         14.01499346515192       -2.1492778346880747E-007 
   6.3057992614175891E-004    48.09455505697910        0.9999999724488674      
   0.8824595672830040     
   -4.800000000000000         14.31469394187969       -6.6719383414006375E-008 
   6.3069478389335193E-004    48.07628318718135        0.9999999905120955      
   0.8824591074779303     
   -4.800000000000000         14.61637237804932        8.3367851306189147E-008 
   6.3067138989393167E-004    48.05788935878011         1.000000008540607      
   0.8824586710514367     
   -4.800000000000000         14.92000000000000        8.3367851306189147E-008 
   6.3071817789277207E-004    48.03949553037887         1.000000026569119      
   0.8824582346249431     
   -4.560000000000000        -4.227026579539560         0.000000000000000      
   0.5000000000000000         47.58999253893057         1.000000000000000      
    0.000000000000000     
   -4.560000000000000        -4.014206434341432        2.4918205349801242E-002 
   0.4983526027998592         47.58999253893057        0.9999969738285719      
   1.1553003184669689E-006
   -4.560000000000000        -3.803070304910810        4.6702141122978019E-002 
   0.4936310015049207         47.57867292062030        0.9999943727466359      
   3.4919200099281093E-006
   -4.560000000000000        -3.593549933081869        6.5405294668544264E-002 
   0.4862741589175307         47.57058172854867        0.9999923793650888      
   9.0617131888073206E-006
   -4.560000000000000        -3.385574045583126        8.1358991070804354E-002 
   0.4766984347048865         47.56549519190946        0.9999908974141102      
   2.2325257092045831E-005
   -4.560000000000000        -3.179068445902549        9.5025434383401441E-002 
   0.4652691939369399         47.56322134042109        0.9999898246433546      
   5.2901057746211967E-005
   -4.560000000000000        -2.973956117362914        0.1069700122663568      
   0.4522826948685019         47.56361056441726        0.9999890638050014      
   1.2075957050864927E-004
   -4.560000000000000        -2.770157337224366        0.1178104506944521      
   0.4379535482900936         47.56655584475391        0.9999885301714413      
   2.6556237678531085E-004
   -4.560000000000000        -2.567589801560878        0.1281577916675770      
   0.4224088863003784         47.57198992950853        0.9999881551607365      
   5.6246736652972560E-004
   -4.560000000000000        -2.366168760586374        0.1385612455079760      
   0.4056887423425173         47.57988151815968        0.9999878870600175      
   1.1470963233061757E-003
   -4.560000000000000        -2.165807164036497        0.1494607529623584      
   0.3877508251305548         47.59023410987596        0.9999876902894207      
   2.2519566648313218E-003
   -4.560000000000000        -1.966415816142869        0.1611433542209679      
   0.3684777734479350         47.60309053560434        0.9999875437291961      
   4.2546603448836585E-003
   -4.560000000000000        -1.767903539669862        0.1736949460491723      
   0.3476859053671826         47.61854451391257        0.9999874377167729      
   7.7340029305682737E-003
   -4.560000000000000        -1.570177348419479        0.1869389091856690      
   0.3251360685391017         47.63675840240027        0.9999873696951667      
   1.3523028600200765E-002
   -4.560000000000000        -1.373142627548817        0.2003574577161447      
   0.3005491600921981         47.65799196379211        0.9999873410398834      
   2.2739486161884589E-002
   -4.560000000000000        -1.176703320987477        0.2129996956821704      
   0.2736312743754289         47.68266382285205        0.9999873583492207      
   3.6766379358821336E-002
   -4.560000000000000       -0.9807621251897585        0.2233908827204049      
   0.2441169289443517         47.71146426113657        0.9999874363006243      
   5.7153510443092158E-002
   -4.560000000000000       -0.7852206884089804        0.2294683498815961      
   0.2118444724513283         47.74551093517130        0.9999875970107008      
   8.5420804283299484E-002
   -4.560000000000000       -0.5899798146396622        0.2285795449291709      
   0.1768872202530370         47.78654516877883        0.9999878699839945      
   0.1227696114441606     
   -4.560000000000000       -0.3949396713377247        0.2175903536693388      
   0.1397791298551396         47.83714521866998        0.9999882948674375      
   0.1697470098148075     
   -4.560000000000000       -0.2000000000000011        0.1931847572325310      
   0.1018894644404398         47.90076763467108        0.9999889213820748      
   0.2259493665632872     
   -4.560000000000000       -5.0612032226220773E-003   0.1525352273691023      
   6.5975676052310639E-002    47.98111203986328        0.9999898086342577      
   0.2898759900972023     
   -4.560000000000000        0.1899728225015762        9.4752635117688278E-002 
   3.6725304133953841E-002    48.07964162784035        0.9999910242041620      
   0.3590316420783246     
   -4.560000000000000        0.3851971143511089        2.3770417830864414E-002 
   2.0329845503594235E-002    47.71426290292786        0.9999926368227490      
   0.4303160065709790     
   -4.560000000000000        0.5807063267879043        1.1453832761328598E-002 
   1.3924844904661384E-002    47.42622067454706        0.9999939488380230      
   0.5007443074959916     
   -4.560000000000000        0.7765945422431204        9.0325103288190108E-003 
   1.0133407691955421E-002    47.20742736165487        0.9999950016619763      
   0.5671404791559898     
   -4.560000000000000        0.9729550842390562        7.9179334828937131E-003 
   7.4935223771985309E-003    47.04412827317350        0.9999958367374957      
   0.6268325607211597     
   -4.560000000000000         1.169880333731538        6.8643022935450148E-003 
   5.6327192554251650E-003    46.92202893585448        0.9999964922933089      
   0.6780160197340074     
   -4.560000000000000         1.367461549433629        5.8336199208772147E-003 
   4.3444100647442386E-003    46.82899041152998        0.9999970023076016      
   0.7198849791590654     
   -4.560000000000000         1.565788692852865        4.8984466663573858E-003 
   3.4581232867810082E-003    46.75598615418971        0.9999973962014239      
   0.7525657007033708     
   -4.560000000000000         1.764950258740411        4.0916357898322453E-003 
   2.8410793634181140E-003    46.69680161632318        0.9999976988935899      
   0.7769084034203456     
   -4.560000000000000         1.965033111612069        3.4132354238409525E-003 
   2.4001085233608141E-003    46.64734107295280        0.9999979310710564      
   0.7942102739016034     
   -4.560000000000000         2.166122328958343        2.8490320057978683E-003 
   2.0742685156521696E-003    46.60494586310733        0.9999981095837673      
   0.8059406311513313     
   -4.560000000000000         2.368301051714338        2.3812669930109009E-003 
   1.8251089492019425E-003    46.56786653802067        0.9999982479017385      
   0.8135201955131198     
   -4.560000000000000         2.571650342510284        1.9931795308348443E-003 
   1.6286396713935741E-003    46.53491542215108        0.9999983565918660      
   0.8181790930827429     
   -4.560000000000000         2.776249052171010        1.6704351363481152E-003 
   1.4698081108920225E-003    46.50525577083216        0.9999984437854780      
   0.8208928510887014     
   -4.560000000000000         2.982173694877646        1.4012622170925181E-003 
   1.3389960807496598E-003    46.47827514619783        0.9999985156168745      
   0.8223790464092841     
   -4.560000000000000         3.189498332348288        1.1761459682768471E-003 
   1.2298736644747164E-003    46.45350785935559        0.9999985766198535      
   0.8231311312572985     
   -4.560000000000000         3.398294467336542        9.8742567956640022E-004 
   1.1381056721640123E-003    46.43058669271574        0.9999986300748921      
   0.8234679621450112     
   -4.560000000000000         3.608630946688375        8.2891919803483117E-004 
   1.0605815242919862E-003    46.40921304508816        0.9999986783042970      
   0.8235837806692138     
   -4.560000000000000         3.820573874139177        6.9560950081259932E-004 
   9.9496125705289258E-004    46.38913856820556        0.9999987229160971      
   0.8235903264458581     
   -4.560000000000000         4.034186532974921        5.8339592953743813E-004 
   9.3940781415231519E-004    46.37015348178152        0.9999987649998165      
   0.8235482810040979     
   -4.560000000000000         4.249529318623878        4.8890178029619661E-004 
   8.9242748255032294E-004    46.35207868278917        0.9999988052788447      
   0.8234886424794489     
   -4.560000000000000         4.466659681189796        4.0932714953143971E-004 
   8.5277358507115973E-004    46.33476017970212        0.9999988442252310      
   0.8234261517132441     
   -4.560000000000000         4.685632077883227        3.4233643436207620E-004 
   8.1938747949286293E-004    46.31806505730629        0.9999988821432583      
   0.8233671558537647     
   -4.560000000000000         4.906497935255945        2.8597167819350709E-004 
   7.9136118203152665E-004    46.30187843246248        0.9999989192282104      
   0.8233139276742196     
   -4.560000000000000         5.129305621094297        2.3858502817819134E-004 
   7.6791213141086563E-004    46.28610102632603        0.9999989556062918      
   0.8232668981224904     
   -4.560000000000000         5.354100425780786        1.9878540097590129E-004 
   7.4836473659815840E-004    46.27064713823356        0.9999989913608350      
   0.8232257432830776     
   -4.560000000000000         5.580924552890115        1.6539584231227452E-004 
   7.3213589322734004E-004    46.25544291196529        0.9999990265489596      
   0.8231898815856267     
   -4.560000000000000         5.809817118746128        1.3741904523404075E-004 
   7.1872298842427242E-004    46.24042482747711        0.9999990612118423      
   0.8231586853692687     
   -4.560000000000000         6.040814160629681        1.1400916928777673E-004 
   7.0769358977744998E-004    46.22553837151180        0.9999990953808758      
   0.8231315621870695     
   -4.560000000000000         6.273948653295052        9.4448577801542249E-005 
   6.9867640474520270E-004    46.21073686084785        0.9999991290812901      
   0.8231079803706455     
   -4.560000000000000         6.509250533423568        7.8128456003655796E-005 
   6.9135331393669328E-004    46.19598040582461        0.9999991623342545      
   0.8230874724890427     
   -4.560000000000000         6.746746731618209        6.4532532132606789E-005 
   6.8545236271564162E-004    46.18123500410061        0.9999991951581151      
   0.8230696309836357     
   -4.560000000000000         6.986461211521710        5.3223318275714014E-005 
   6.8074160634166829E-004    46.16647175132071        0.9999992275691556      
   0.8230541016514450     
   -4.560000000000000         7.228415015623348        4.3830429666927368E-005 
   6.7702370520706376E-004    46.15166615348604        0.9999992595820887      
   0.8230405770451081     
   -4.560000000000000         7.472626317305855        3.6040640831737854E-005 
   6.7413117913331551E-004    46.13679752708375        0.9999992912104052      
   0.8230287904422217     
   -4.560000000000000         7.719110478673879        2.9589405123956264E-005 
   6.7192224687349228E-004    46.12184847582576        0.9999993224666369      
   0.8230185105213009     
   -4.560000000000000         7.967880113698818        2.4253612535229969E-005 
   6.7027719013974243E-004    46.10680443528194        0.9999993533625458      
   0.8230095367135014     
   -4.560000000000000         8.218945156211536        1.9845398723891791E-005 
   6.6909518807956167E-004    46.09165327791895        0.9999993839092796      
   0.8230016951557469     
   -4.560000000000000         8.472312932274409        1.6206850365096024E-005 
   6.6829157041491853E-004    46.07638497136852        0.9999994141174772      
   0.8229948351679193     
   -4.560000000000000         8.727988236466917        1.3205478413595997E-005 
   6.6779543919907381E-004    46.06099128297549        0.9999994439973520      
   0.8229888261846628     
   -4.560000000000000         8.985973411624599        1.0730351469366635E-005 
   6.6754761269544071E-004    46.04546552430806        0.9999994735587513      
   0.8229835550819625     
   -4.560000000000000         9.246268431579237        8.6887973056217192E-006 
   6.6749885012370904E-004    46.02980233025936        0.9999995028112052      
   0.8229789238473413     
   -4.560000000000000         9.508870986458517        7.0035935564372385E-006 
   6.6760832151271400E-004    46.01399746830052        0.9999995317639551      
   0.8229748475499444     
   -4.560000000000000         9.773776570115773        5.6105798895966046E-006 
   6.6784229150848216E-004    45.99804767415409        0.9999995604259867      
   0.8229712525729274     
   -4.560000000000000         10.04097856927476        4.4566342265572114E-006 
   6.6817298943730626E-004    45.98195051063365        0.9999995888060480      
   0.8229680750757238     
   -4.560000000000000         10.31046835399012        3.4979647849911246E-006 
   6.6857764056706679E-004    45.96570424673908        0.9999996169126726      
   0.8229652596582170     
   -4.560000000000000         10.58223536904130        2.6986779732716830E-006 
   6.6903763584619160E-004    45.94930775441718        0.9999996447541880      
   0.8229627582029120     
   -4.560000000000000         10.85626722589636        2.0295899637243086E-006 
   6.6953781958876838E-004    45.93276042072899        0.9999996723387375      
   0.8229605288754235     
   -4.560000000000000         11.13254979490064        1.4672579243501111E-006 
   6.7006587599273372E-004    45.91606207349574        0.9999996996742925      
   0.8229585352689490     
   -4.560000000000000         11.41106729736590        9.9321621548766919E-007 
   6.7061179435531524E-004    45.89921291887199        0.9999997267686794      
   0.8229567456864201     
   -4.560000000000000         11.69180239725550        5.9341388702001770E-007 
   6.7116738640062273E-004    45.88221348981301        0.9999997536296253      
   0.8229551325666843     
   -4.560000000000000         11.97473629218198        2.5786145330315165E-007 
   6.7172581229238480E-004    45.86506460522138        0.9999997802648460      
   0.8229536720792867     
   -4.560000000000000         12.25984880345458       -1.9498304138200633E-008 
   6.7228103730562500E-004    45.84776734107607        0.9999998066822189      
   0.8229523439304215     
   -4.560000000000000         12.54711846493471       -2.4067520758402079E-007 
   6.7282706508254371E-004    45.83032301741660        0.9999998328900876      
   0.8229511314183624     
   -4.560000000000000         12.83652261047853       -4.0340617137488076E-007 
   6.7335670411076270E-004    45.81273321261221        0.9999998588977943      
   0.8229500216988666     
   -4.560000000000000         13.12803745976597       -5.0118915993823671E-007 
   6.7385963509541545E-004    45.79499982122535        0.9999998847165280      
   0.8229490060016279     
   -4.560000000000000         13.42163820233561       -5.2417751596097408E-007 
   6.7431962491272274E-004    45.77712518064463        0.9999999103606010      
   0.8229480791701836     
   -4.560000000000000         13.71729907966468       -4.6245112206184019E-007 
   6.7471134538293280E-004    45.75911229530450        0.9999999358491678      
   0.8229472375640559     
   -4.560000000000000         14.01499346515192       -3.1349582848072524E-007 
   6.7499891521635355E-004    45.74096515388209        0.9999999612082409      
   0.8229464746386205     
   -4.560000000000000         14.31469394187969       -9.5444854919881478E-008 
   6.7514108027622987E-004    45.72268904381485        0.9999999864724802      
   0.8229457750960802     
   -4.560000000000000         14.61637237804932        1.2935859553077986E-007 
   6.7511152407914135E-004    45.70429059312922         1.000000011685741      
   0.8229451112813786     
   -4.560000000000000         14.92000000000000        1.2935859553077986E-007 
   6.7517063647331850E-004    45.68589214244358         1.000000036899002      
   0.8229444474666769     
   -4.320000000000000        -4.227026579539560         0.000000000000000      
   0.5000000000000000         45.20382946685241         1.000000000000000      
    0.000000000000000     
   -4.320000000000000        -4.014206434341432        2.8437340389739676E-002 
   0.4985429955844458         45.20382946685241        0.9999969995751640      
   1.0225747154972823E-006
   -4.320000000000000        -3.803070304910810        5.3323480273907528E-002 
   0.4943625993519080         45.19373605991098        0.9999944200582773      
   3.0908169872462215E-006
   -4.320000000000000        -3.593549933081869        7.4699819463410741E-002 
   0.4878427528518019         45.18642795144555        0.9999924426727436      
   8.0209121710506999E-006
   -4.320000000000000        -3.385574045583126        9.2926373571114870E-002 
   0.4793560485557719         45.18171499005445        0.9999909724636123      
   1.9761586334797788E-005
   -4.320000000000000        -3.179068445902549        0.1085177680932621      
   0.4692369109148674         45.17942978049293        0.9999899084484332      
   4.6829776003677855E-005
   -4.320000000000000        -2.973956117362914        0.1221124425370437      
   0.4577637040451522         45.17943902931540        0.9999891545164475      
   1.0691616615292802E-004
   -4.320000000000000        -2.770157337224366        0.1344150429469656      
   0.4451459655420617         45.18164401997573        0.9999886268798139      
   2.3517630214176769E-004
   -4.320000000000000        -2.567589801560878        0.1461298027710925      
   0.4315176058908970         45.18597779516157        0.9999882576807436      
   4.9828591145028005E-004
   -4.320000000000000        -2.366168760586374        0.1578992726416739      
   0.4169354159407345         45.19240129923170        0.9999879957315091      
   1.0166965846473161E-003
   -4.320000000000000        -2.165807164036497        0.1702532725341634      
   0.4013808372029676         45.20090220541940        0.9999878057836266      
   1.9972093722193272E-003
   -4.320000000000000        -1.966415816142869        0.1835639411942331      
   0.3847625881438491         45.21149945531347        0.9999876667987230      
   3.7763097026341868E-003
   -4.320000000000000        -1.767903539669862        0.1979972837218805      
   0.3669182404184717         45.22425494658285        0.9999875688158505      
   6.8709619880855154E-003
   -4.320000000000000        -1.570177348419479        0.2134508971734044      
   0.3476138766907020         45.23929233503222        0.9999875085016411      
   1.2027413034799527E-002
   -4.320000000000000        -1.373142627548817        0.2294714725141710      
   0.3265422489498863         45.25683067118025        0.9999874860972431      
   2.0250697473086963E-002
   -4.320000000000000        -1.176703320987477        0.2451531722706157      
   0.3033214391531135         45.27726088612531        0.9999875069306784      
   3.2790364717010266E-002
   -4.320000000000000       -0.9807621251897585        0.2590269771633893      
   0.2774985834421914         45.30129526008534        0.9999875840301378      
   5.1055721594077855E-002
   -4.320000000000000       -0.7852206884089804        0.2689581045341521      
   0.2485682066106892         45.33020837595943        0.9999877368339108      
   7.6441822850185123E-002
   -4.320000000000000       -0.5899798146396622        0.2720691275906234      
   0.2160262736542847         45.36623621679579        0.9999879912707802      
   0.1100692640556271     
   -4.320000000000000       -0.3949396713377247        0.2646983712695552      
   0.1795116674482826         45.41325202279545        0.9999883830497198      
   0.1524752770278769     
   -4.320000000000000       -0.2000000000000011        0.2423997855192524      
   0.1391645731492543         45.47777256172149        0.9999889568745323      
   0.2033318013093635     
   -4.320000000000000       -5.0612032226220773E-003   0.2000665581058767      
   9.6498290045959126E-002    45.57005683736379        0.9999897662322931      
   0.2612924602082273     
   -4.320000000000000        0.1899728225015762        0.1327266853886174      
   5.6268937462471885E-002    45.70324801304501        0.9999908752216424      
   0.3240701781651852     
   -4.320000000000000        0.3851971143511089        3.9638406028837156E-002 
   2.8883931173083632E-002    45.14715980932115        0.9999923555111235      
   0.3888165902401372     
   -4.320000000000000        0.5807063267879043        1.9003209270089048E-002 
   1.6226489108498790E-002    44.82433013649901        0.9999935671324846      
   0.4528494077464403     
   -4.320000000000000        0.7765945422431204        1.3639159545666720E-002 
   1.0107510817748879E-002    44.61231369250750        0.9999945442084799      
   0.5132848129934265     
   -4.320000000000000        0.9729550842390562        1.0868529268035630E-002 
   6.5747716157207210E-003    44.47491587138796        0.9999953229363264      
   0.5676762067857720     
   -4.320000000000000         1.169880333731538        8.7228998736515965E-003 
   4.4993265525334822E-003    44.38482681639626        0.9999959383039715      
   0.6143671744336583     
   -4.320000000000000         1.367461549433629        6.9990875686322439E-003 
   3.3071018729677265E-003    44.32258587904239        0.9999964216865174      
   0.6526082233544774     
   -4.320000000000000         1.565788692852865        5.6445094414884619E-003 
   2.6220975704202717E-003    44.27629024550208        0.9999968000952530      
   0.6824944949609200     
   -4.320000000000000         1.764950258740411        4.5889542010846161E-003 
   2.2149321786117115E-003    44.23925295252290        0.9999970962083763      
   0.7047802716474193     
   -4.320000000000000         1.965033111612069        3.7620394180116644E-003 
   1.9574026007110460E-003    44.20784803918514        0.9999973287028382      
   0.7206316804444923     
   -4.320000000000000         2.166122328958343        3.1066844483522765E-003 
   1.7814930238926690E-003    44.18012267934050        0.9999975126977980      
   0.7313789107867745     
   -4.320000000000000         2.368301051714338        2.5804880583922768E-003 
   1.6518814847572556E-003    44.15499994853178        0.9999976602315559      
   0.7383149120171032     
   -4.320000000000000         2.571650342510284        2.1528552600912900E-003 
   1.5502143831769457E-003    44.13185055315263        0.9999977807319077      
   0.7425640696250339     
   -4.320000000000000         2.776249052171010        1.8017374932022847E-003 
   1.4668111874223031E-003    44.11027619943158        0.9999978814577136      
   0.7450214293941526     
   -4.320000000000000         2.982173694877646        1.5110547715471486E-003 
   1.3964293692771308E-003    44.09000253143824        0.9999979678989390      
   0.7463475447581085     
   -4.320000000000000         3.189498332348288        1.2688689925254109E-003 
   1.3361058243298563E-003    44.07082485695825        0.9999980441286933      
   0.7469979396068780     
   -4.320000000000000         3.398294467336542        1.0661377272521023E-003 
   1.2840452261922795E-003    44.05257935558375        0.9999981131064757      
   0.7472676239178164     
   -4.320000000000000         3.608630946688375        8.9587145898265583E-004 
   1.2390467343749102E-003    44.03512777420988        0.9999981769353838      
   0.7473365688135021     
   -4.320000000000000         3.820573874139177        7.5256138605013403E-004 
   1.2002137232893075E-003    44.01834966517986        0.9999982370766748      
   0.7473083168382669     
   -4.320000000000000         4.034186532974921        6.3178784369817380E-004 
   1.1668113228423056E-003    44.00213846684185        0.9999982945244852      
   0.7472389760284941     
   -4.320000000000000         4.249529318623878        5.2994996315605723E-004 
   1.1381991061169246E-003    43.98639931991414        0.9999983499435007      
   0.7471570211818352     
   -4.320000000000000         4.466659681189796        4.4407681686013721E-004 
   1.1138011829204602E-003    43.97104770059427        0.9999984037732653      
   0.7470757800463015     
   -4.320000000000000         4.685632077883227        3.7169316527035554E-004 
   1.0930943108481753E-003    43.95600848076028        0.9999984563039821      
   0.7470007696716855     
   -4.320000000000000         4.906497935255945        3.1072179513059062E-004 
   1.0756037478319362E-003    43.94121517435173        0.9999985077293325      
   0.7469337355203350     
   -4.320000000000000         5.129305621094297        2.5941056576293938E-004 
   1.0609015470006283E-003    43.92660922620423        0.9999985581818542      
   0.7468747414669785     
   -4.320000000000000         5.354100425780786        2.1627638747635303E-004 
   1.0486050123454343E-003    43.91213930670650        0.9999986077557848      
   0.7468231863164250     
   -4.320000000000000         5.580924552890115        1.8006107058655789E-004 
   1.0383746407070711E-003    43.89776062814365        0.9999986565213338      
   0.7467782664176574     
   -4.320000000000000         5.809817118746128        1.4969576856137685E-004 
   1.0299114845968415E-003    43.88343429230615        0.9999987045333550      
   0.7467391697555470     
   -4.320000000000000         6.040814160629681        1.2427187266795005E-004 
   1.0229540396710490E-003    43.86912666587786        0.9999987518365003      
   0.7467051477766251     
   -4.320000000000000         6.273948653295052        1.0301689657409065E-004 
   1.0172748367529934E-003    43.85480878528883        0.9999987984682686      
   0.7466755352243049     
   -4.320000000000000         6.509250533423568        8.5274298081205617E-005 
   1.0126769516782194E-003    43.84045580161249        0.9999988444608591      
   0.7466497497065365     
   -4.320000000000000         6.746746731618209        7.0486454970469315E-005 
   1.0089906113965091E-003    43.82604647516674        0.9999988898423700      
   0.7466272844258959     
   -4.320000000000000         6.986461211521710        5.8180207332599089E-005 
   1.0060700035279479E-003    43.81156272274836        0.9999989346376618      
   0.7466076993557762     
   -4.320000000000000         7.228415015623348        4.7954522366292605E-005 
   1.0037903375384918E-003    43.79698921537130        0.9999989788690220      
   0.7465906127410222     
   -4.320000000000000         7.472626317305855        3.9469940995149861E-005 
   1.0020451727908398E-003    43.78231302231182        0.9999990225567003      
   0.7465756934721270     
   -4.320000000000000         7.719110478673879        3.2439537638625459E-005 
   1.0007440127214767E-003    43.76752329680102        0.9999990657193465      
   0.7465626544059034     
   -4.320000000000000         7.967880113698818        2.6621172742838739E-005 
   9.9981015688747812E-004    43.75261099920861        0.9999991083743482      
   0.7465512465571731     
   -4.320000000000000         8.218945156211536        2.1810851356562413E-005 
   9.9917879901801005E-004    43.73756865440288        0.9999991505380857      
   0.7465412540539886     
   -4.320000000000000         8.472312932274409        1.7837028828332048E-005 
   9.9879535579338631E-004    43.72239014026477        0.9999991922261205      
   0.7465324897534211     
   -4.320000000000000         8.727988236466917        1.4555730184294219E-005 
   9.9861400690709175E-004    43.70707050399196        0.9999992334533304      
   0.7465247914281523     
   -4.320000000000000         8.985973411624599        1.1846371709079682E-005 
   9.9859642412209577E-004    43.69160580254851        0.9999992742340083      
   0.7465180184474168     
   -4.320000000000000         9.246268431579237        9.6081902469441683E-006 
   9.9871066714553769E-004    43.67599296386359        0.9999993145819339      
   0.7465120488873127     
   -4.320000000000000         9.508870986458517        7.7571985814586860E-006 
   9.9893022647861373E-004    43.66022966599410        0.9999993545104335      
   0.7465067770150549     
   -4.320000000000000         9.773776570115773        6.2235958160216680E-006 
   9.9923319616324361E-004    43.64431423206564        0.9999993940324230      
   0.7465021110996868     
   -4.320000000000000         10.04097856927476        4.9495712621465962E-006 
   9.9960156143962041E-004    43.62824553920525        0.9999994331604513      
   0.7464979715083973     
   -4.320000000000000         10.31046835399012        3.8874494258201865E-006 
   1.0000205877301570E-003    43.61202293986560        0.9999994719067348      
   0.7464942890532964     
   -4.320000000000000         10.58223536904130        2.9981323846863380E-006 
   1.0004782986768636E-003    43.59564619400801        0.9999995102831826      
   0.7464910035586751     
   -4.320000000000000         10.85626722589636        2.2498043570284926E-006 
   1.0009650326765476E-003    43.57911541066294        0.9999995483014256      
   0.7464880626242473     
   -4.320000000000000         11.13254979490064        1.6168723895984947E-006 
   1.0014730692053356E-003    43.56243099750554        0.9999995859728410      
   0.7464854205669208     
   -4.320000000000000         11.41106729736590        1.0791288580378800E-006 
   1.0019963167273147E-003    43.54559361724750        0.9999996233085794      
   0.7464830375347273     
   -4.320000000000000         11.69180239725550        6.2113910797283974E-007 
   1.0025300492355737E-003    43.52860414981174        0.9999996603196188      
   0.7464808788050027     
   -4.320000000000000         11.97473629218198        2.3188347489473050E-007 
   1.0030706592981191E-003    43.51146365964936        0.9999996970168570      
   0.7464789143070309     
   -4.320000000000000         12.25984880345458       -9.5286264066835401E-008 
   1.0036153473370964E-003    43.49417336884902        0.9999997334113090      
   0.7464771184411459     
   -4.320000000000000         12.54711846493471       -3.6227762467123925E-007 
   1.0041615900737801E-003    43.47673463757858        0.9999997695144686      
   0.7464754702715855     
   -4.320000000000000         12.83652261047853       -5.6535725721243902E-007 
   1.0047059104263986E-003    43.45914896828203        0.9999998053389708      
   0.7464739540753538     
   -4.320000000000000         13.12803745976597       -6.9431389460885307E-007 
   1.0052413871916466E-003    43.44141805824088        0.9999998408996935      
   0.7464725599147863     
   -4.320000000000000         13.42163820233561       -7.3207686095494205E-007 
   1.0057532301231673E-003    43.42354394291220        0.9999998762154891      
   0.7464712833259164     
   -4.320000000000000         13.71729907966468       -6.5739769112685773E-007 
   1.0062122018955778E-003    43.40552930271915        0.9999999113116771      
   0.7464701225897376     
   -4.320000000000000         14.01499346515192       -4.5471416544160554E-007 
   1.0065682522916158E-003    43.38737798452743        0.9999999462231978      
   0.7464690722219888     
   -4.320000000000000         14.31469394187969       -1.3765438668718904E-007 
   1.0067531195334305E-003    43.36909568070722        0.9999999809978505      
   0.7464681135025454     
   -4.320000000000000         14.61637237804932        2.0213517504062264E-007 
   1.0067128271605971E-003    43.35069034907259         1.000000015698037      
   0.7464672075639395     
   -4.320000000000000         14.92000000000000        2.0213517504062264E-007 
   1.0067934119062641E-003    43.33228501743795         1.000000050398224      
   0.7464663016253336     
   -4.080000000000000        -4.227026579539560         0.000000000000000      
   0.5000000000000000         42.81390852878899         1.000000000000000      
    0.000000000000000     
   -4.080000000000000        -4.014206434341432        3.1505978826235598E-002 
   0.4987504579810302         42.81390852878899        0.9999970286630865      
   8.7597492366366148E-007
   -4.080000000000000        -3.803070304910810        5.9108322011571401E-002 
   0.4951597348877018         42.80514895904158        0.9999944735512931      
   2.6474481347550835E-006
   -4.080000000000000        -3.593549933081869        8.2825944476789343E-002 
   0.4895521151044177         42.79869103615727        0.9999925143044505      
   6.8693264386188355E-006
   -4.080000000000000        -3.385574045583126        0.1030334091976918      
   0.4822535502010153         42.79438156624870        0.9999910574237045      
   1.6921878931847997E-005
   -4.080000000000000        -3.179068445902549        0.1202827498312148      
   0.4735664839805311         42.79207873881738        0.9999900033502488      
   4.0096122523813073E-005
   -4.080000000000000        -2.973956117362914        0.1352696774522281      
   0.4637523304157424         42.79166418073005        0.9999892572581828      
   9.1539208593367547E-005
   -4.080000000000000        -2.770157337224366        0.1487698165348209      
   0.4530189481828866         42.79304354777614        0.9999887364240725      
   2.0136363291921219E-004
   -4.080000000000000        -2.567589801560878        0.1615653195517222      
   0.4415136849568465         42.79614326430206        0.9999883738006908      
   4.2671558297442252E-004
   -4.080000000000000        -2.366168760586374        0.1743784424909692      
   0.4293212408904353         42.80090561612387        0.9999881187479515      
   8.7092250563339994E-004
   -4.080000000000000        -2.165807164036497        0.1878181547518463      
   0.4164642212460968         42.80728564741137        0.9999879362777040      
   1.7115985076290420E-003
   -4.080000000000000        -1.966415816142869        0.2023358238860733      
   0.4029036945189980         42.81525242638984        0.9999878052829475      
   3.2381961512225419E-003
   -4.080000000000000        -1.767903539669862        0.2181797727510547      
   0.3885372054076076         42.82479557401180        0.9999877153893270      
   5.8963304607076317E-003
   -4.080000000000000        -1.570177348419479        0.2353373335707402      
   0.3731922065488525         42.83593641767669        0.9999876625299777      
   1.0330948437807198E-002
   -4.080000000000000        -1.373142627548817        0.2534567216251925      
   0.3566134351823860         42.84875053383686        0.9999876458744196      
   1.7413615241285228E-002
   -4.080000000000000        -1.176703320987477        0.2717484161496539      
   0.3384431605780511         42.86342892264207        0.9999876692124074      
   2.8232809092893763E-002
   -4.080000000000000       -0.9807621251897585        0.2888743902698125      
   0.3181933504846820         42.88041061932157        0.9999877433956699      
   4.4023765589296104E-002
   -4.080000000000000       -0.7852206884089804        0.3028391325339120      
   0.2952080145608170         42.90061985553336        0.9999878848607903      
   6.6020605956311235E-002
   -4.080000000000000       -0.5899798146396622        0.3108913843106045      
   0.2686116169126541         42.92592728782977        0.9999881153263711      
   9.5231639841334398E-002
   -4.080000000000000       -0.3949396713377247        0.3094169723612255      
   0.2372394209574531         42.96014283658252        0.9999884644342711      
   0.1321681595132410     
   -4.080000000000000       -0.2000000000000011        0.2937272668065474      
   0.1995748513731977         43.01128271517918        0.9999889687357191      
   0.1765903841485852     
   -4.080000000000000       -5.0612032226220773E-003   0.2574712007927453      
   0.1539233336332751         43.09739944116937        0.9999896722257428      
   0.2273577124295414     
   -4.080000000000000        0.1899728225015762        0.1909780630340749      
   0.1001648365104186         43.26344647416695        0.9999906302689879      
   0.2824717690805807     
   -4.080000000000000        0.3851971143511089        7.6760822214874666E-002 
   4.9980945257568694E-002    42.23083129621905        0.9999919191294584      
   0.3393913514998933     
   -4.080000000000000        0.5807063267879043        3.1831440866879876E-002 
   2.1969253540115769E-002    42.05413085863707        0.9999930191292806      
   0.3956726840333347     
   -4.080000000000000        0.7765945422431204        2.0369043694409276E-002 
   1.2137834678332958E-002    41.90441020736208        0.9999939122932344      
   0.4488648174112674     
   -4.080000000000000        0.9729550842390562        1.4325627498061495E-002 
   7.3474314707301456E-003    41.83450524871937        0.9999946277875864      
   0.4968145391276456     
   -4.080000000000000         1.169880333731538        1.0403692102681533E-002 
   5.2173719402896831E-003    41.80584236256956        0.9999951986901655      
   0.5380578437363540     
   -4.080000000000000         1.367461549433629        7.8101928556054689E-003 
   4.3671346456551144E-003    41.79230190668716        0.9999956539618692      
   0.5719146647109984     
   -4.080000000000000         1.565788692852865        6.0539328335791533E-003 
   4.0515844759919182E-003    41.78270701271941        0.9999960177276727      
   0.5984367290609732     
   -4.080000000000000         1.764950258740411        4.8159092845247251E-003 
   3.9379403770621445E-003    41.77319615003442        0.9999963097900519      
   0.6182562002878096     
   -4.080000000000000         1.965033111612069        3.9050636678360337E-003 
   3.8936458898394953E-003    41.76274915750081        0.9999965462285634      
   0.6323767205713754     
   -4.080000000000000         2.166122328958343        3.2096628384612703E-003 
   3.8695481825187896E-003    41.75130908362225        0.9999967399632924      
   0.6419581284348530     
   -4.080000000000000         2.368301051714338        2.6630026145229180E-003 
   3.8487079721066233E-003    41.73908993548723        0.9999969012708643      
   0.6481378546672764     
   -4.080000000000000         2.571650342510284        2.2236068330540389E-003 
   3.8261764839683981E-003    41.72633747285705        0.9999970382377245      
   0.6519119332031995     
   -4.080000000000000         2.776249052171010        1.8645172433664980E-003 
   3.8013167864664795E-003    41.71325547312290        0.9999971571493812      
   0.6540778528430518     
   -4.080000000000000         2.982173694877646        1.5674721165853602E-003 
   3.7748988461284291E-003    41.69999238757784        0.9999972628184380      
   0.6552271191079144     
   -4.080000000000000         3.189498332348288        1.3196223025407857E-003 
   3.7479918101788550E-003    41.68664779472427        0.9999973588574993      
   0.6557693997169505     
   -4.080000000000000         3.398294467336542        1.1115993055692726E-003 
   3.7215512518197066E-003    41.67328299873148        0.9999974479112224      
   0.6559709521464119     
   -4.080000000000000         3.608630946688375        9.3634023393090538E-004 
   3.6962902852416095E-003    41.65993098241836        0.9999975318618058      
   0.6559946253927799     
   -4.080000000000000         3.820573874139177        7.8835564008545808E-004 
   3.6726715100891599E-003    41.64660479351448        0.9999976120127613      
   0.6559342109715283     
   -4.080000000000000         4.034186532974921        6.6326478590714166E-004 
   3.6509467351457780E-003    41.63330419478805        0.9999976892474898      
   0.6558404551766451     
   -4.080000000000000         4.249529318623878        5.5749582302990126E-004 
   3.6312091276012987E-003    41.62002059329090        0.9999977641578086      
   0.6557389444621150     
   -4.080000000000000         4.466659681189796        4.6808868112216124E-004 
   3.6134419617022870E-003    41.60674052233814        0.9999978371411538      
   0.6556414476738093     
   -4.080000000000000         4.685632077883227        3.9256188236225600E-004 
   3.5975584067372527E-003    41.59344805860179        0.9999979084694735      
   0.6555526118481771     
   -4.080000000000000         4.906497935255945        3.2881913522039299E-004 
   3.5834314051767392E-003    41.58012646355039        0.9999979783353202      
   0.6554736622427324     
   -4.080000000000000         5.129305621094297        2.7508101222027508E-004 
   3.5709145804330633E-003    41.56675923133414        0.9999980468812473      
   0.6554043211194051     
   -4.080000000000000         5.354100425780786        2.2983287827022599E-004 
   3.5598559591373032E-003    41.55333070194126        0.9999981142178540      
   0.6553437407642970     
   -4.080000000000000         5.580924552890115        1.9178370414512979E-004 
   3.5501065013606222E-003    41.53982639452933        0.9999981804345373      
   0.6552909260011232     
   -4.080000000000000         5.809817118746128        1.5983248930264099E-004 
   3.5415251203046475E-003    41.52623317468198        0.9999982456057411      
   0.6552449087284632     
   -4.080000000000000         6.040814160629681        1.3304031719790945E-004 
   3.5339813699804068E-003    41.51253931541088        0.9999983097945691      
   0.6552048096474895     
   -4.080000000000000         6.273948653295052        1.1060682457653668E-004 
   3.5273565871501425E-003    41.49873448231223        0.9999983730550042      
   0.6551698523351217     
   -4.080000000000000         6.509250533423568        9.1850254685666311E-005 
   3.5215440442107025E-003    41.48480966755719        0.9999984354334828      
   0.6551393591041382     
   -4.080000000000000         6.746746731618209        7.6190461610822768E-005 
   3.5164485155593740E-003    41.47075709544532        0.9999984969702158      
   0.6551127410791466     
   -4.080000000000000         6.986461211521710        6.3134363986884398E-005 
   3.5119855289032472E-003    41.45657011600105        0.9999985577003898      
   0.6550894873259177     
   -4.080000000000000         7.228415015623348        5.2263452728391503E-005 
   3.5080804705620505E-003    41.44224309659525        0.9999986176552422      
   0.6550691547014482     
   -4.080000000000000         7.472626317305855        4.3223041068704484E-005 
   3.5046676465651343E-003    41.42777131746263        0.9999986768629733      
   0.6550513588631571     
   -4.080000000000000         7.719110478673879        3.5713007508276649E-005 
   3.5016893586780236E-003    41.41315087402453        0.9999987353494749      
   0.6550357664441582     
   -4.080000000000000         7.967880113698818        2.9479827192357532E-005 
   3.4990950270185226E-003    41.39837858673023        0.9999987931388711      
   0.6550220882749114     
   -4.080000000000000         8.218945156211536        2.4309717864481686E-005 
   3.4968403759030276E-003    41.38345191845384        0.9999988502539036      
   0.6550100735114680     
   -4.080000000000000         8.472312932274409        2.0022748413285703E-005 
   3.4948866926683394E-003    41.36836889979850        0.9999989067161941      
   0.6549995045427199     
   -4.080000000000000         8.727988236466917        1.6467777824459179E-005 
   3.4932001640230583E-003    41.35312806259162        0.9999989625464228      
   0.6549901925677045     
   -4.080000000000000         8.985973411624599        1.3518112302186740E-005 
   3.4917512886158452E-003    41.33772838111570        0.9999990177644530      
   0.6549819737512784     
   -4.080000000000000         9.246268431579237        1.1067786083762866E-005 
   3.4905143600363914E-003    41.32216921997150        0.9999990723894228      
   0.6549747058807511     
   -4.080000000000000         9.508870986458517        9.0283850223389291E-006 
   3.4894670131031197E-003    41.30645028742406        0.9999991264398218      
   0.6549682654577283     
   -4.080000000000000         9.773776570115773        7.3263420209705939E-006 
   3.4885898271691594E-003    41.29057159343948        0.9999991799335609      
   0.6549625451689666     
   -4.080000000000000         10.04097856927476        5.9006417612552941E-006 
   3.4878659815584367E-003    41.27453341198086        0.9999992328880356      
   0.6549574516880602     
   -4.080000000000000         10.31046835399012        4.7008801708106444E-006 
   3.4872809593318272E-003    41.25833624726974        0.9999992853201854      
   0.6549529037666045     
   -4.080000000000000         10.58223536904130        3.6856321175878361E-006 
   3.4868222966055419E-003    41.24198080363546        0.9999993372465376      
   0.6549488305797199     
   -4.080000000000000         10.85626722589636        2.8210889102988173E-006 
   3.4864793763151819E-003    41.22546795841212        0.9999993886832510      
   0.6549451702974212     
   -4.080000000000000         11.13254979490064        2.0799362261113866E-006 
   3.4862432683520576E-003    41.20879873719555        0.9999994396461495      
   0.6549418688620725     
   -4.080000000000000         11.41106729736590        1.4404563971136753E-006 
   3.4861066220312651E-003    41.19197429056722        0.9999994901507531      
   0.6549388789665906     
   -4.080000000000000         11.69180239725550        8.8586344305686091E-007 
   3.4860636174195150E-003    41.17499587101911        0.9999995402123227      
   0.6549361592533564     
   -4.080000000000000         11.97473629218198        4.0392630678710260E-007 
   3.4861099639925267E-003    41.15786480844346        0.9999995898459451      
   0.6549336737948642     
   -4.080000000000000         12.25984880345458       -1.2981588910952202E-008 
   3.4862428585965503E-003    41.14058248282426        0.9999996390667270      
   0.6549313919687175     
   -4.080000000000000         12.54711846493471       -3.6721255818866058E-007 
   3.4864606792402329E-003    41.12315029267488        0.9999996878901954      
   0.6549292888639672     
   -4.080000000000000         12.83652261047853       -6.5419654186505534E-007 
   3.4867620862692648E-003    41.10556962474096        0.9999997363330679      
   0.6549273462522756     
   -4.080000000000000         13.12803745976597       -8.5944018362652629E-007 
   3.4871427611149839E-003    41.08784188316416        0.9999997844146132      
   0.6549255537522851     
   -4.080000000000000         13.42163820233561       -9.5558386032594983E-007 
   3.4875880794030508E-003    41.06996860519307        0.9999998321588914      
   0.6549239089543606     
   -4.080000000000000         13.71729907966468       -9.0190763591771727E-007 
   3.4880604655007003E-003    41.05195182127896        0.9999998795982079      
   0.6549224142361646     
   -4.080000000000000         14.01499346515192       -6.5441406344722717E-007 
   3.4884822644677673E-003    41.03379482905881        0.9999999267778817      
   0.6549210678146372     
   -4.080000000000000         14.31469394187969       -2.0375085460297812E-007 
   3.4887272564027138E-003    41.01550350687458        0.9999999737618800      
   0.6549198492308957     
   -4.080000000000000         14.61637237804932        3.2245087869130095E-007 
   3.4886677309352858E-003    40.99708774920060         1.000000020637338      
   0.6549187065965962     
   -4.080000000000000         14.92000000000000        3.2245087869130095E-007 
   3.4887867818701418E-003    40.97867199152661         1.000000067512795      
   0.6549175639622967     
   -3.840000000000000        -4.227026579539560         0.000000000000000      
   0.5000000000000000         40.42089907263282         1.000000000000000      
    0.000000000000000     
   -3.840000000000000        -4.014206434341432        3.4093170486349189E-002 
   0.4989681831269772         40.42089907263282        0.9999970607051394      
   7.2361194836249408E-007
   -3.840000000000000        -3.803070304910810        6.3999033212761763E-002 
   0.4959964994100441         40.41354111537036        0.9999945325117452      
   2.1864135389346582E-006
   -3.840000000000000        -3.593549933081869        8.9702409835800578E-002 
   0.4913470497177180         40.40797893070545        0.9999925932998381      
   5.6711042963986901E-006
   -3.840000000000000        -3.385574045583126        0.1115768243799983      
   0.4852973467343169         40.40409730860560        0.9999911511482602      
   1.3965032276230243E-005
   -3.840000000000000        -3.179068445902549        0.1301951203061509      
   0.4781169605205232         40.40177987841605        0.9999901080561099      
   3.3078682816040781E-005
   -3.840000000000000        -2.973956117362914        0.1462925071516584      
   0.4700506095835201         40.40092166544623        0.9999893706060641      
   7.5497470778305363E-005
   -3.840000000000000        -2.770157337224366        0.1606969106045475      
   0.4613063062158081         40.40142959004183        0.9999888572416118      
   1.6604413548748043E-004
   -3.840000000000000        -2.567589801560878        0.1742492372654090      
   0.4520489429150635         40.40321839786008        0.9999885017949719      
   3.5183968345946356E-004
   -3.840000000000000        -2.366168760586374        0.1877321885980132      
   0.4423985981027941         40.40620393056941        0.9999882541814181      
   7.1813037073350757E-004
   -3.840000000000000        -2.165807164036497        0.2018149463291886      
   0.4324315525599844         40.41029662749241        0.9999880795966838      
   1.4115704551720162E-003
   -3.840000000000000        -1.966415816142869        0.2170101860733744      
   0.4221813897056061         40.41539704876229        0.9999879567391714      
   2.6714361894170121E-003
   -3.840000000000000        -1.767903539669862        0.2336330079482307      
   0.4116375163080127         40.42139314096060        0.9999878747599235      
   4.8666749017451253E-003
   -3.840000000000000        -1.570177348419479        0.2517498208758360      
   0.4007387792122357         40.42815622971823        0.9999878289457826      
   8.5323821945932389E-003
   -3.840000000000000        -1.373142627548817        0.2711087310766122      
   0.3893603699000471         40.43553707385431        0.9999878175080993      
   1.4393655946081272E-002
   -3.840000000000000        -1.176703320987477        0.2910503653333487      
   0.3772928563690908         40.44337936742769        0.9999878426540953      
   2.3359370271378826E-002
   -3.840000000000000       -0.9807621251897585        0.3104071124168339      
   0.3642130546315320         40.45156565854534        0.9999879128732547      
   3.6466176022194062E-002
   -3.840000000000000       -0.7852206884089804        0.3274056055108421      
   0.3496469966370853         40.46008510380044        0.9999880410624196      
   5.4757718586317325E-002
   -3.840000000000000       -0.5899798146396622        0.3395849163441291      
   0.3329235117170893         40.46913358842533        0.9999882436003297      
   7.9098659076120723E-002
   -3.840000000000000       -0.3949396713377247        0.3437179305428115      
   0.3131079712376198         40.47926643818448        0.9999885428979298      
   0.1099473916165496     
   -3.840000000000000       -0.2000000000000011        0.3356448106496135      
   0.2888675912846921         40.49146397977746        0.9999889649444830      
   0.1471398084502523     
   -3.840000000000000       -5.0612032226220773E-003   0.3097038114944257      
   0.2580460809033188         40.50653286447223        0.9999895364483918      
   0.1897579784938232     
   -3.840000000000000        0.1899728225015762        0.2567548292070812      
   0.2158998127901440         40.52133538267811        0.9999902815995722      
   0.2361600803258830     
   -3.840000000000000        0.3851971143511089        0.1574276635305706      
   0.1469496180162910         40.51037284855462        0.9999912065161101      
   0.2842255694681165     
   -3.840000000000000        0.5807063267879043        7.0734103186256808E-002 
   7.7583995700133482E-002    39.24373316276986        0.9999922599655197      
   0.3318039011699684     
   -3.840000000000000        0.7765945422431204        3.5467150111331683E-002 
   4.3364682164504953E-002    39.07589943638305        0.9999930687574464      
   0.3768564503649799     
   -3.840000000000000        0.9729550842390562        1.9791908561517281E-002 
   3.1346841891254668E-002    39.13240001760573        0.9999937146247905      
   0.4175789290595375     
   -3.840000000000000         1.169880333731538        1.2417291089258268E-002 
   2.7351226231466040E-002    39.20434523893553        0.9999942384553527      
   0.4527371639606758     
   -3.840000000000000         1.367461549433629        8.6279763062160637E-003 
   2.5879611260370944E-002    39.25607933430054        0.9999946667977742      
   0.4817165280323414     
   -3.840000000000000         1.565788692852865        6.4468988289306771E-003 
   2.5202435273408846E-002    39.28882634263692        0.9999950196128859      
   0.5045073078809222     
   -3.840000000000000         1.764950258740411        5.0471736333184405E-003 
   2.4805087168819982E-002    39.30828677120996        0.9999953127214541      
   0.5215989637443068     
   -3.840000000000000         1.965033111612069        4.0691952768801293E-003 
   2.4526183937643838E-002    39.31885107583438        0.9999955587694347      
   0.5338117654742680     
   -3.840000000000000         2.166122328958343        3.3434570470123304E-003 
   2.4306637671359838E-002    39.32338064004740        0.9999957679222552      
   0.5421150228206455     
   -3.840000000000000         2.368301051714338        2.7816604819012082E-003 
   2.4120475335064815E-002    39.32371696314774        0.9999959484169133      
   0.5474724780689755     
   -3.840000000000000         2.571650342510284        2.3333667368022463E-003 
   2.3954954269930571E-002    39.32107469264693        0.9999961069417397      
   0.5507367291050501     
   -3.840000000000000         2.776249052171010        1.9676490134263062E-003 
   2.3803708075436296E-002    39.31627516148877        0.9999962488961178      
   0.5525961590215430     
   -3.840000000000000         2.982173694877646        1.6645294043570553E-003 
   2.3663668567948451E-002    39.30988205444601        0.9999963785616393      
   0.5535650403131043     
   -3.840000000000000         3.189498332348288        1.4105343708479736E-003 
   2.3533420701120689E-002    39.30228548445579        0.9999964992153590      
   0.5540017960956043     
   -3.840000000000000         3.398294467336542        1.1961879894528031E-003 
   2.3412293123137806E-002    39.29375749380252        0.9999966132444719      
   0.5541406330547153     
   -3.840000000000000         3.608630946688375        1.0145314939403768E-003 
   2.3299881681246176E-002    39.28448961441365        0.9999967223004858      
   0.5541254068756994     
   -3.840000000000000         3.820573874139177        8.6023403214422508E-004 
   2.3195827574614820E-002    39.27461834294031        0.9999968274809695      
   0.5540391854305725     
   -3.840000000000000         4.034186532974921        7.2905672026609639E-004 
   2.3099735612508155E-002    39.26424236439482        0.9999969295030521      
   0.5539269047597957     
   -3.840000000000000         4.249529318623878        6.1752869702988292E-004 
   2.3011161228000569E-002    39.25343417819184        0.9999970288418440      
   0.5538110975529235     
   -3.840000000000000         4.466659681189796        5.2274885200788782E-004 
   2.2929625187439292E-002    39.24224794293679        0.9999971258265702      
   0.5537019488700725     
   -3.840000000000000         4.685632077883227        4.4226062939907451E-004 
   2.2854634892541463E-002    39.23072478368417        0.9999972207006338      
   0.5536032734386180     
   -3.840000000000000         4.906497935255945        3.7396856222084195E-004 
   2.2785703127978410E-002    39.21889642142587        0.9999973136561557      
   0.5535158371447664     
   -3.840000000000000         5.129305621094297        3.1607863264836427E-004 
   2.2722361412871806E-002    39.20678768555527        0.9999974048526704      
   0.5534390862127789     
   -3.840000000000000         5.354100425780786        2.6705273290835807E-004 
   2.2664168001364407E-002    39.19441825963938        0.9999974944268847      
   0.5533719890035251     
   -3.840000000000000         5.580924552890115        2.2557203823347070E-004 
   2.2610711703540488E-002    39.18180390373089        0.9999975824975361      
   0.5533134156946018     
   -3.840000000000000         5.809817118746128        1.9050643811219654E-004 
   2.2561612917292695E-002    39.16895733695286        0.9999976691675581      
   0.5532622926738545     
   -3.840000000000000         6.040814160629681        1.6088842295483894E-004 
   2.2516523005737792E-002    39.15588890367631        0.9999977545251304      
   0.5532176544088059     
   -3.840000000000000         6.273948653295052        1.3589053885939011E-004 
   2.2475122762690217E-002    39.14260708983562        0.9999978386447823      
   0.5531786522708313     
   -3.840000000000000         6.509250533423568        1.1480588549152336E-004 
   2.2437120405594445E-002    39.12911892268641        0.9999979215891134      
   0.5531445472591238     
   -3.840000000000000         6.746746731618209        9.7031263606274152E-005 
   2.2402249368137249E-002    39.11543027753907        0.9999980034110276      
   0.5531146979759070     
   -3.840000000000000         6.986461211521710        8.2052618404990783E-005 
   2.2370266074732234E-002    39.10154611343476        0.9999980841560575      
   0.5530885482202670     
   -3.840000000000000         7.228415015623348        6.9432459969796730E-005 
   2.2340947813724504E-002    39.08747065653305        0.9999981638643988      
   0.5530656156517121     
   -3.840000000000000         7.472626317305855        5.8798986563050134E-005 
   2.2314090774090349E-002    39.07320754549001        0.9999982425724723      
   0.5530454818519668     
   -3.840000000000000         7.719110478673879        4.9836679469032812E-005 
   2.2289508273164296E-002    39.05875994905492        0.9999983203140114      
   0.5530277837286910     
   -3.840000000000000         7.967880113698818        4.2278175265688624E-005 
   2.2267029177741763E-002    39.04413066237730        0.9999983971207577      
   0.5530122061006152     
   -3.840000000000000         8.218945156211536        3.5897251680096142E-005 
   2.2246496506321246E-002    39.02932218571680        0.9999984730228914      
   0.5529984752956487     
   -3.840000000000000         8.472312932274409        3.0502784424136439E-005 
   2.2227766196257690E-002    39.01433678834537        0.9999985480492781      
   0.5529863536130175     
   -3.840000000000000         8.727988236466917        2.5933547397914269E-005 
   2.2210706021566037E-002    38.99917656062615        0.9999986222276207      
   0.5529756345242414     
   -3.840000000000000         8.985973411624599        2.2053743441104486E-005 
   2.2195194648346593E-002    38.98384345696191        0.9999986955845543      
   0.5529661385087756     
   -3.840000000000000         9.246268431579237        1.8749169218011131E-005 
   2.2181120813507628E-002    38.96833933126534        0.9999987681457343      
   0.5529577094372419     
   -3.840000000000000         9.508870986458517        1.5923932808556184E-005 
   2.2168382611461195E-002    38.95266596570144        0.9999988399359403      
   0.5529502114287370     
   -3.840000000000000         9.773776570115773        1.3497653693103106E-005 
   2.2156886874890813E-002    38.93682509321968        0.9999989109791877      
   0.5529435261197005     
   -3.840000000000000         10.04097856927476        1.1403082769028155E-005 
   2.2146548638913608E-002    38.92081841456581        0.9999989812988369      
   0.5529375502909188     
   -3.840000000000000         10.31046835399012        9.5840866816248906E-006 
   2.2137290681480890E-002    38.90464761061560        0.9999990509176924      
   0.5529321938069862     
   -3.840000000000000         10.58223536904130        7.9939471335162789E-006 
   2.2129043136048267E-002    38.88831435082113        0.9999991198580743      
   0.5529273778296261     
   -3.840000000000000         10.85626722589636        6.5939324322232749E-006 
   2.2121743175964336E-002    38.87182029832431        0.9999991881418796      
   0.5529230332737778     
   -3.840000000000000         11.13254979490064        5.3521068299066133E-006 
   2.2115334774686884E-002    38.85516711187854        0.9999992557906239      
   0.5529190994856973     
   -3.840000000000000         11.41106729736590        4.2423581726516247E-006 
   2.2109768550711104E-002    38.83835644406984        0.9999993228254676      
   0.5529155231400913     
   -3.840000000000000         11.69180239725550        3.2436588687333288E-006 
   2.2105001702639633E-002    38.82138993430385        0.9999993892672446      
   0.5529122573861461     
   -3.840000000000000         11.97473629218198        2.3396562435794133E-006 
   2.2100998004194322E-002    38.80426919322409        0.9999994551365007      
   0.5529092613285802     
   -3.840000000000000         12.25984880345458        1.5188596876641538E-006 
   2.2097727704699345E-002    38.78699577231659        0.9999995204536305      
   0.5529065000071886     
   -3.840000000000000         12.54711846493471        7.7598848703890265E-007 
   2.2095166705048595E-002    38.76957111506048        0.9999995852392567      
   0.5529039450940795     
   -3.840000000000000         12.83652261047853        1.1532195752275264E-007 
   2.2093293399853824E-002    38.75199648941674        0.9999996495150664      
   0.5529015764292268     
   -3.840000000000000         13.12803745976597       -4.4275640151611718E-007 
   2.2092081332649185E-002    38.73427290911165        0.9999997133053821      
   0.5528993840184203     
   -3.840000000000000         13.42163820233561       -8.5213915004087187E-007 
   2.2091483010178783E-002    38.71640117345937        0.9999997766398946      
   0.5528973689651004     
   -3.840000000000000         13.71729907966468       -1.0326308024152128E-006 
   2.2091400309640387E-002    38.69838216664133        0.9999998395581772      
   0.5528955401814668     
   -3.840000000000000         14.01499346515192       -8.7661648847567273E-007 
   2.2091643999841232E-002    38.68021782542021        0.9999999021165056      
   0.5528939029205899     
   -3.840000000000000         14.31469394187969       -3.0630371946453063E-007 
   2.2091902770266285E-002    38.66191336932147        0.9999999643971278      
   0.5528924379553103     
   -3.840000000000000         14.61637237804932        5.1539708289220138E-007 
   2.2091816709122424E-002    38.64348109221409         1.000000026518564      
   0.5528910797346017     
   -3.840000000000000         14.92000000000000        5.1539708289220138E-007 
   2.2091988831410145E-002    38.62504881510670         1.000000088640000      
   0.5528897215138932     
   -3.600000000000000        -4.227026579539560         0.000000000000000      
   0.5000000000000000         38.02550036108400         1.000000000000000      
    0.000000000000000     
   -3.600000000000000        -4.014206434341432        3.6183710352416028E-002 
   0.4991890718983659         38.02550036108400        0.9999970952988100      
   5.7461014230977511E-007
   -3.600000000000000        -3.803070304910810        6.7966750634399289E-002 
   0.4968457777729461         38.01956987944960        0.9999945961888335      
   1.7354485403845352E-006
   -3.600000000000000        -3.593549933081869        9.5288177760775417E-002 
   0.4931695335440322         38.01492622077844        0.9999926786352797      
   4.4987654727685309E-006
   -3.600000000000000        -3.385574045583126        0.1185046319455742      
   0.4883885436510358         38.01149132387471        0.9999912523991535      
   1.1071221678260559E-005
   -3.600000000000000        -3.179068445902549        0.1381926883107780      
   0.4827384383928671         38.00917339456591        0.9999902211522705      
   2.6208211402594913E-005
   -3.600000000000000        -2.973956117362914        0.1551084729954764      
   0.4764461851837081         38.00787978124373        0.9999894929870670      
   5.9783408948867574E-005
   -3.600000000000000        -2.770157337224366        0.1701122190342275      
   0.4697191535479371         38.00751728205743        0.9999889875926552      
   1.3142132895079450E-004
   -3.600000000000000        -2.567589801560878        0.1840823239713210      
   0.4627395900174992         38.00798721884611        0.9999886397331631      
   2.7837165182385880E-004
   -3.600000000000000        -2.366168760586374        0.1978393628953292      
   0.4556638933321820         38.00917679488306        0.9999883998899625      
   5.6803118661529286E-004
   -3.600000000000000        -2.165807164036497        0.2120885739988496      
   0.4486249361366715         38.01094895665996        0.9999882333883631      
   1.1163912631226003E-003
   -3.600000000000000        -1.966415816142869        0.2273777920259742      
   0.4417350693613892         38.01313174438578        0.9999881186270487      
   2.1128278637137323E-003
   -3.600000000000000        -1.767903539669862        0.2440603832737383      
   0.4350873361512623         38.01550586499805        0.9999880442380015      
   3.8496447021786544E-003
   -3.600000000000000        -1.570177348419479        0.2622507359625286      
   0.4287527140122384         38.01778535182176        0.9999880050158176      
   6.7513916471036318E-003
   -3.600000000000000        -1.373142627548817        0.2817629132900509      
   0.4227718515812665         38.01958641657189        0.9999879984392245      
   1.1394508732217288E-002
   -3.600000000000000        -1.176703320987477        0.3020299094899810      
   0.4171409077477339         38.02039040912364        0.9999880250547325      
   1.8503496703170346E-002
   -3.600000000000000       -0.9807621251897585        0.3220094956059107      
   0.4117931069277921         38.01950064732487        0.9999880907656250      
   2.8907873214970254E-002
   -3.600000000000000       -0.7852206884089804        0.3400896393127377      
   0.4065803832259787         38.01595026388043        0.9999882053077870      
   4.3447613471318751E-002
   -3.600000000000000       -0.5899798146396622        0.3540069683342704      
   0.4012614340730202         38.00829139652762        0.9999883803757919      
   6.2826058334645246E-002
   -3.600000000000000       -0.3949396713377247        0.3607789936853079      
   0.3954995072297997         37.99412992630077        0.9999886311394582      
   8.7428465328322644E-002
   -3.600000000000000       -0.2000000000000011        0.3566200037384978      
   0.3888516101209118         37.96897053166353        0.9999889737683432      
   0.1171473539359955     
   -3.600000000000000       -5.0612032226220773E-003   0.3367785046804771      
   0.3806494307506392         37.92329077447281        0.9999894217523594      
   0.1512737645354174     
   -3.600000000000000        0.1899728225015762        0.2953332915637732      
   0.3694430799457227         37.83514681944470        0.9999899816902145      
   0.1885158432018753     
   -3.600000000000000        0.3851971143511089        0.2259077863584552      
   0.3512923737011449         37.65160108503085        0.9999906403039148      
   0.2271849142627352     
   -3.600000000000000        0.5807063267879043        0.1292970419879390      
   0.3171695015791482         37.24430402464635        0.9999913457789060      
   0.2655268918251460     
   -3.600000000000000        0.7765945422431204        7.0595192671342122E-002 
   0.2749383510704724         37.04321947532402        0.9999919864086837      
   0.3020365903327898     
   -3.600000000000000        0.9729550842390562        3.9952414537814104E-002 
   0.2417398146514717         36.97571899172245        0.9999925420325949      
   0.3352694085774267     
   -3.600000000000000         1.169880333731538        2.4242539123745192E-002 
   0.2195057562701836         36.96354843251659        0.9999930182138926      
   0.3641424264564938     
   -3.600000000000000         1.367461549433629        1.5870933876021932E-002 
   0.2052916644270766         36.96861984454118        0.9999934258105667      
   0.3880747798353168     
   -3.600000000000000         1.565788692852865        1.1118332055872270E-002 
   0.1961333734233559         36.97630842672104        0.9999937763425130      
   0.4069935457239539     
   -3.600000000000000         1.764950258740411        8.2304309909697945E-003 
   0.1900212382069033         36.98194634933451        0.9999940799639572      
   0.4212487859238334     
   -3.600000000000000         1.965033111612069        6.3622460206282268E-003 
   0.1857422249265757         36.98451352221799        0.9999943445788393      
   0.4314771897795378     
   -3.600000000000000         2.166122328958343        5.0853557876321138E-003 
   0.1825877686872963         36.98417248236348        0.9999945767634955      
   0.4384535204760026     
   -3.600000000000000         2.368301051714338        4.1690620759038486E-003 
   0.1801439751266139         36.98139058804469        0.9999947825206511      
   0.4429618425014968     
   -3.600000000000000         2.571650342510284        3.4823467722998967E-003 
   0.1781662709391875         36.97665060837346        0.9999949674074364      
   0.4457050604397146     
   -3.600000000000000         2.776249052171010        2.9478002318048917E-003 
   0.1765080275734688         36.97036711252267        0.9999951365113612      
   0.4472569795695699     
   -3.600000000000000         2.982173694877646        2.5184001772996980E-003 
   0.1750798731599050         36.96287123030537        0.9999952942429606      
   0.4480504019032331     
   -3.600000000000000         3.189498332348288        2.1649290368808269E-003 
   0.1738261342947567         36.95441750728757        0.9999954440019764      
   0.4483895349938002     
   -3.600000000000000         3.398294467336542        1.8687626063156660E-003 
   0.1727110265675151         36.94519748437239        0.9999955880441326      
   0.4484746350757515     
   -3.600000000000000         3.608630946688375        1.6176101145123105E-003 
   0.1717105349439779         36.93535391816557        0.9999957276666671      
   0.4484294617613474     
   -3.600000000000000         3.820573874139177        1.4029813004860468E-003 
   0.1708076652961051         36.92499302760242        0.9999958635490892      
   0.4483257915023449     
   -3.600000000000000         4.034186532974921        1.2186938112732687E-003 
   0.1699896955438672         36.91419407462876        0.9999959960578043      
   0.4482025099147381     
   -3.600000000000000         4.249529318623878        1.0600069560418206E-003 
   0.1692466001225912         36.90301652918438        0.9999961254358730      
   0.4480790387676890     
   -3.600000000000000         4.466659681189796        9.2312527913217214E-004 
   0.1685701498806528         36.89150533615253        0.9999962518919573      
   0.4479640141521655     
   -3.600000000000000         4.685632077883227        8.0491423220351997E-004 
   0.1679533919094849         36.87969475708655        0.9999963756301437      
   0.4478604929386596     
   -3.600000000000000         4.906497935255945        7.0273361291010145E-004 
   0.1673903385771747         36.86761115891019        0.9999964968530757      
   0.4477688682108749     
   -3.600000000000000         5.129305621094297        6.1433457651529548E-004 
   0.1668757704044317         36.85527503791738        0.9999966157573508      
   0.4476883957255376     
   -3.600000000000000         5.354100425780786        5.3779065424907182E-004 
   0.1664051012947454         36.84270248634559        0.9999967325291064      
   0.4476179390227407     
   -3.600000000000000         5.580924552890115        4.7144739756899005E-004 
   0.1659742791481579         36.82990624874925        0.9999968473395301      
   0.4475563045370868     
   -3.600000000000000         5.809817118746128        4.1388282196216258E-004 
   0.1655797080834878         36.81689648787302        0.9999969603389777      
   0.4475023757693634     
   -3.600000000000000         6.040814160629681        3.6387468822361686E-004 
   0.1652181852326179         36.80368135792554        0.9999970716520249      
   0.4474551558633247     
   -3.600000000000000         6.273948653295052        3.2037264756662627E-004 
   0.1648868482592815         36.79026744994992        0.9999971813768675      
   0.4474137719364295     
   -3.600000000000000         6.509250533423568        2.8247426083918441E-004 
   0.1645831312097800         36.77666014194067        0.9999972895895978      
   0.4473774654329044     
   -3.600000000000000         6.746746731618209        2.4940431174548880E-004 
   0.1643047270531009         36.76286387038274        0.9999973963508554      
   0.4473455787131760     
   -3.600000000000000         6.986461211521710        2.2049696746784809E-004 
   0.1640495557390094         36.74888233775864        0.9999975017119911      
   0.4473175417621749     
   -3.600000000000000         7.228415015623348        1.9518039568579461E-004 
   0.1638157369062920         36.73471867125514        0.9999976057193211      
   0.4472928602510561     
   -3.600000000000000         7.472626317305855        1.7296349754664366E-004 
   0.1636015665534239         36.72037554605576        0.9999977084164422      
   0.4472711051746803     
   -3.600000000000000         7.719110478673879        1.5342446432855560E-004 
   0.1634054970931943         36.70585528331561        0.9999978098452266      
   0.4472519039498460     
   -3.600000000000000         7.967880113698818        1.3620090884151553E-004 
   0.1632261202907451         36.69115992957104        0.9999979100461482      
   0.4472349327776936     
   -3.600000000000000         8.218945156211536        1.2098136165933345E-004 
   0.1630621526500370         36.67629132146357        0.9999980090583764      
   0.4472199100779786     
   -3.600000000000000         8.472312932274409        1.0749795269674898E-004 
   0.1629124228770806         36.66125113807383        0.9999981069197464      
   0.4472065908297720     
   -3.600000000000000         8.727988236466917        9.5520119287900176E-005 
   0.1627758611108139         36.64604094300756        0.9999982036666523      
   0.4471947616815159     
   -3.600000000000000         8.985973411624599        8.4849199399914088E-005 
   0.1626514896668003         36.63066221849658        0.9999982993339609      
   0.4471842367176407     
   -3.600000000000000         9.246268431579237        7.5313788041235405E-005 
   0.1625384150795254         36.61511639324215        0.9999983939550448      
   0.4471748537883827     
   -3.600000000000000         9.508870986458517        6.6765754197553831E-005 
   0.1624358212598451         36.59940486484859        0.9999984875619892      
   0.4471664713247856     
   -3.600000000000000         9.773776570115773        5.9076830813614779E-005 
   0.1623429636121806         36.58352901719027        0.9999985801858785      
   0.4471589655730799     
   -3.600000000000000         10.04097856927476        5.2135700984445384E-005 
   0.1622591639840357         36.56749023306474        0.9999986718570745      
   0.4471522281925713     
   -3.600000000000000         10.31046835399012        4.5845511533207257E-005 
   0.1621838063465858         36.55128990268410        0.9999987626054004      
   0.4471461641695084     
   -3.600000000000000         10.58223536904130        4.0121752299178313E-005 
   0.1621163331272174         36.53492942865904        0.9999988524602541      
   0.4471406900069953     
   -3.600000000000000         10.85626722589636        3.4890448017813508E-005 
   0.1620562421310118         36.51841022801958        0.9999989414506576      
   0.4471357321591806     
   -3.600000000000000         11.13254979490064        3.0086625879825051E-005 
   0.1620030839914087         36.50173373149308        0.9999990296052903      
   0.4471312256896377     
   -3.600000000000000         11.41106729736590        2.5653062926141521E-005 
   0.1619564600553444         36.48490137980112        0.9999991169525208      
   0.4471271131548934     
   -3.600000000000000         11.69180239725550        2.1539425030529077E-005 
   0.1619160204653110         36.46791461617453        0.9999992035203956      
   0.4471233437545973     
   -3.600000000000000         11.97473629218198        1.7702165600675362E-005 
   0.1618814617908290         36.45077487356764        0.9999992893365749      
   0.4471198728622640     
   -3.600000000000000         12.25984880345458        1.4106080849546325E-005 
   0.1618525225807432         36.43348355487016        0.9999993744282624      
   0.4471166621565989     
   -3.600000000000000         12.54711846493471        1.0729381746928517E-005 
   0.1618289732783857         36.41604200772106        0.9999994588224225      
   0.4471136806673010     
   -3.600000000000000         12.83652261047853        7.5750541608915838E-006 
   0.1618105938076469         36.39845150286677        0.9999995425466405      
   0.4471109069691599     
   -3.600000000000000         13.12803745976597        4.6908350851184010E-006 
   0.1617971282703152         36.38071324218892        0.9999996256308650      
   0.4471083321775909     
   -3.600000000000000         13.42163820233561        2.1988445805656477E-006 
   0.1617882056476448         36.36282846980044        0.9999997081104529      
   0.4471059619569014     
   -3.600000000000000         13.71729907966468        3.2157156119379890E-007 
   0.1617832242989601         36.34479881147721        0.9999997900316591      
   0.4471038134618662     
   -3.600000000000000         14.01499346515192       -6.3247058036668214E-007 
   0.1617812303828893         36.32662703538713        0.9999998714606458      
   0.4471019015200632     
   -3.600000000000000         14.31469394187969       -4.1031702677472942E-007 
   0.1617808970329923         36.30831838858604        0.9999999524973082      
   0.4471002110016111     
   -3.600000000000000         14.61637237804932        7.1146395734016028E-007 
   0.1617808355756228         36.28988226195823         1.000000033295515      
   0.4470986641267846     
   -3.600000000000000         14.92000000000000        7.1146395734016028E-007 
   0.1617809584903618         36.27144613533042         1.000000114093721      
   0.4470971172519582     
   -3.360000000000000        -4.227026579539560         0.000000000000000      
   0.5000000000000000         35.62841367728717         1.000000000000000      
    0.000000000000000     
   -3.360000000000000        -4.014206434341432        3.7778254797541280E-002 
   0.4994062145918167         35.62841367728717        0.9999971320377533      
   4.3751380306306047E-007
   -3.360000000000000        -3.803070304910810        7.1011758271151665E-002 
   0.4976811246905926         35.62389549602146        0.9999946638191106      
   1.3205504927919073E-006
   -3.360000000000000        -3.593549933081869        9.9583207443026192E-002 
   0.4949628291091251         35.62017064753737        0.9999927692613703      
   3.4203553970496783E-006
   -3.360000000000000        -3.385574045583126        0.1238174827243436      
   0.4914301655853208         35.61719585774249        0.9999913598959608      
   8.4096925207537129E-006
   -3.360000000000000        -3.179068445902549        0.1442785940214903      
   0.4872834752141195         35.61490262214705        0.9999903411622126      
   1.9889864737392158E-005
   -3.360000000000000        -2.973956117362914        0.1617256414364668      
   0.4827294483327619         35.61321027010744        0.9999896227428967      
   4.5332065919510917E-005
   -3.360000000000000        -2.770157337224366        0.1770316813914459      
   0.4779711162265519         35.61202616078432        0.9999891256325576      
   9.9575745918642860E-005
   -3.360000000000000        -2.567589801560878        0.1910916908493573      
   0.4732031251769253         35.61124024123750        0.9999887855686820      
   2.1077410408812890E-004
   -3.360000000000000        -2.366168760586374        0.2047416468677779      
   0.4686118024271686         35.61071512274111        0.9999885536161438      
   4.2985079548940011E-004
   -3.360000000000000        -2.165807164036497        0.2186983417618761      
   0.4643785197214226         35.61027334330813        0.9999883952065240      
   8.4444143301763838E-004
   -3.360000000000000        -1.966415816142869        0.2335174894291421      
   0.4606842453619027         35.60968237488897        0.9999882883716344      
   1.5976554895067718E-003
   -3.360000000000000        -1.767903539669862        0.2495597997617635      
   0.4577129361893556         35.60863592942522        0.9999882211705622      
   2.9104960756792292E-003
   -3.360000000000000        -1.570177348419479        0.2669522647892327      
   0.4556514916957456         35.60672602594290        0.9999881880003085      
   5.1042355820733144E-003
   -3.360000000000000        -1.373142627548817        0.2855344118393476      
   0.4546843381742656         35.60339784834382        0.9999881859080721      
   8.6156761487680544E-003
   -3.360000000000000        -1.176703320987477        0.3047854088980539      
   0.4549813554416734         35.59788804880414        0.9999882141144318      
   1.3994917373568182E-002
   -3.360000000000000       -0.9807621251897585        0.3237358307518207      
   0.4566788726301478         35.58914690652048        0.9999882761607529      
   2.1873715025626576E-002
   -3.360000000000000       -0.7852206884089804        0.3408752581370423      
   0.4598541575477186         35.57570760896007        0.9999883787724007      
   3.2894988605963030E-002
   -3.360000000000000       -0.5899798146396622        0.3540712173355963      
   0.4644913290102315         35.55544845264794        0.9999885293651919      
   4.7602426506383279E-002
   -3.360000000000000       -0.3949396713377247        0.3605154716567042      
   0.4704250716100776         35.52520581072642        0.9999887377457591      
   6.6303593087094159E-002
   -3.360000000000000       -0.2000000000000011        0.3567183606473611      
   0.4772169710009522         35.48011719035183        0.9999890138980888      
   8.8937440306500803E-002
   -3.360000000000000       -5.0612032226220773E-003   0.3386195525958502      
   0.4838531283514210         35.41260330978857        0.9999893633434234      
   0.1149908980766288     
   -3.360000000000000        0.1899728225015762        0.3020971701377836      
   0.4880738384984615         35.31144960889620        0.9999897860017263      
   0.1435104708740914     
   -3.360000000000000        0.3851971143511089        0.2448499872356129      
   0.4853148826335654         35.16367850024098        0.9999902688978005      
   0.1732360930750777     
   -3.360000000000000        0.5807063267879043        0.1723705295259765      
   0.4689044273140285         34.97120990440365        0.9999907815365089      
   0.2028330674530782     
   -3.360000000000000        0.7765945422431204        0.1134724528772245      
   0.4409827001691302         34.82855038858187        0.9999912796591436      
   0.2311089402630836     
   -3.360000000000000        0.9729550842390562        7.3501039295759032E-002 
   0.4116626879621048         34.74501491809920        0.9999917405452290      
   0.2569740599171782     
   -3.360000000000000         1.169880333731538        4.8259310997451732E-002 
   0.3866773741751223         34.70143671897453        0.9999921572891923      
   0.2795791549876293     
   -3.360000000000000         1.367461549433629        3.2632449295778382E-002 
   0.3673345835734793         34.67962242426777        0.9999925307890105      
   0.2984311911472244     
   -3.360000000000000         1.565788692852865        2.2890836874717897E-002 
   0.3529259135917595         34.66814462187237        0.9999928651728056      
   0.3134221721612376     
   -3.360000000000000         1.764950258740411        1.6694115892700558E-002 
   0.3422560461065777         34.66089322081476        0.9999931655055856      
   0.3247791270317252     
   -3.360000000000000         1.965033111612069        1.2645728384859830E-002 
   0.3342499663795634         34.65488697664291        0.9999934361856504      
   0.3329656062843477     
   -3.360000000000000         2.166122328958343        9.9187229780567238E-003 
   0.3280980483469600         34.64878370294985        0.9999936810888714      
   0.3385678250190039     
   -3.360000000000000         2.368301051714338        8.0184845844674321E-003 
   0.3232345941568136         34.64204799703979        0.9999939040939970      
   0.3421924384513001     
   -3.360000000000000         2.571650342510284        6.6449493936553555E-003 
   0.3192776849192865         34.63452290894218        0.9999941090085561      
   0.3443921821323619     
   -3.360000000000000         2.776249052171010        5.6139395664759964E-003 
   0.3159731161777461         34.62621909720747        0.9999942995715155      
   0.3456242187258167     
   -3.360000000000000         2.982173694877646        4.8115084733018690E-003 
   0.3131520077641701         34.61721239835430        0.9999944793931982      
   0.3462372432237242     
   -3.360000000000000         3.189498332348288        4.1666997517242170E-003 
   0.3107012677917948         34.60759482668429        0.9999946515347631      
   0.3464787368383894     
   -3.360000000000000         3.398294467336542        3.6349096058107275E-003 
   0.3085438464049153         34.59745323505648        0.9999948181286255      
   0.3465129769927575     
   -3.360000000000000         3.608630946688375        3.1876154752876118E-003 
   0.3066258711181011         34.58686199194511        0.9999949803836812      
   0.3464421753809289     
   -3.360000000000000         3.820573874139177        2.8060524224450918E-003 
   0.3049084198438732         34.57588191547248        0.9999951388708140      
   0.3463258810371109     
   -3.360000000000000         4.034186532974921        2.4773692751097580E-003 
   0.3033623316559335         34.56456153522413        0.9999952938412746      
   0.3461963855688400     
   -3.360000000000000         4.249529318623878        2.1923328416438041E-003 
   0.3019649615574452         34.55293900460829        0.9999954454393257      
   0.3460697214607717     
   -3.360000000000000         4.466659681189796        1.9439795585917744E-003 
   0.3006981536865732         34.54104405744319        0.9999955938020022      
   0.3459528596525379     
   -3.360000000000000         4.685632077883227        1.7268314159080726E-003 
   0.2995469644111987         34.52889977651014        0.9999957390909174      
   0.3458480730512025     
   -3.360000000000000         4.906497935255945        1.5364382443947152E-003 
   0.2984988409140874         34.51652407157420        0.9999958814914840      
   0.3457554007131289     
   -3.360000000000000         5.129305621094297        1.3691039190984922E-003 
   0.2975430754106401         34.50393086512089        0.9999960212004346      
   0.3456739458069880     
   -3.360000000000000         5.354100425780786        1.2217146475394184E-003 
   0.2966704276099217         34.49113102439206        0.9999961584145197      
   0.3456025105973055     
   -3.360000000000000         5.580924552890115        1.0916240921945224E-003 
   0.2958728521264788         34.47813307055122        0.9999962933225093      
   0.3455398806393389     
   -3.360000000000000         5.809817118746128        9.7657096254161928E-004 
   0.2951432937482052         34.46494370375170        0.9999964260968888      
   0.3454849361153367     
   -3.360000000000000         6.040814160629681        8.7461614741236654E-004 
   0.2944755287055590         34.45156819970305        0.9999965568853932      
   0.3454366843124866     
   -3.360000000000000         6.273948653295052        7.8409255212318171E-004 
   0.2938640386543602         34.43801072600202        0.9999966858067063      
   0.3453942594503727     
   -3.360000000000000         6.509250533423568        7.0356394940352253E-004 
   0.2933039088139573         34.42427460082907        0.9999968129527376      
   0.3453569109599375     
   -3.360000000000000         6.746746731618209        6.3179069975966701E-004 
   0.2927907444496757         34.41036249892338        0.9999969383954167      
   0.3453239890724255     
   -3.360000000000000         6.986461211521710        5.6770094131046737E-004 
   0.2923206016433230         34.39627660908919        0.9999970621941980      
   0.3452949310283050     
   -3.360000000000000         7.228415015623348        5.1036623993368333E-004 
   0.2918899294590934         34.38201875264308        0.9999971844017866      
   0.3452692488940982     
   -3.360000000000000         7.472626317305855        4.5898093014290850E-004 
   0.2914955213643901         34.36759047343281        0.9999973050675389      
   0.3452465190961891     
   -3.360000000000000         7.719110478673879        4.1284453868777060E-004 
   0.2911344742539751         34.35299310800666        0.9999974242390215      
   0.3452263734989423     
   -3.360000000000000         7.967880113698818        3.7134680019558844E-004 
   0.2908041537647025         34.33822784196507        0.9999975419625342      
   0.3452084917976639     
   -3.360000000000000         8.218945156211536        3.3395486509085542E-004 
   0.2905021648179698         34.32329575591219        0.9999976582832143      
   0.3451925950136474     
   -3.360000000000000         8.472312932274409        3.0020236914963166E-004 
   0.2902263265225735         34.30819786245566        0.9999977732449965      
   0.3451784399124058     
   -3.360000000000000         8.727988236466917        2.6968008505539833E-004 
   0.2899746507335687         34.29293513535594        0.9999978868904589      
   0.3451658141989717     
   -3.360000000000000         8.985973411624599        2.4202791765773807E-004 
   0.2897453236978085         34.27750853247937        0.9999979992606454      
   0.3451545323713228     
   -3.360000000000000         9.246268431579237        2.1692804222044596E-004 
   0.2895366903212875         34.26191901417318        0.9999981103949870      
   0.3451444321345151     
   -3.360000000000000         9.508870986458517        1.9409901801519701E-004 
   0.2893472406719731         34.24616755786649        0.9999982203314449      
   0.3451353712948834     
   -3.360000000000000         9.773776570115773        1.7329073577820224E-004 
   0.2891755983958423         34.23025516899965        0.9999983291067855      
   0.3451272250668987     
   -3.360000000000000         10.04097856927476        1.5428007727265767E-004 
   0.2890205107806418         34.21418288827613        0.9999984367568979      
   0.3451198837358849     
   -3.360000000000000         10.31046835399012        1.3686718091032493E-004 
   0.2888808402514138         34.19795179549229        0.9999985433170366      
   0.3451132506286349     
   -3.360000000000000         10.58223536904130        1.2087222214700677E-004 
   0.2887555571207795         34.18156301045966        0.9999986488219744      
   0.3451072403519572     
   -3.360000000000000         10.85626722589636        1.0613263760067239E-004 
   0.2886437334397455         34.16501769156495        0.9999987533060798      
   0.3451017772679064     
   -3.360000000000000         11.13254979490064        9.2500765255783911E-005 
   0.2885445377857624         34.14831703231611        0.9999988568033662      
   0.3450967941873459     
   -3.360000000000000         11.41106729736590        7.9841984560471952E-005 
   0.2884572307400736         34.13146225596951        0.9999989593475008      
   0.3450922312876267     
   -3.360000000000000         11.69180239725550        6.8033718978106805E-005 
   0.2883811605418950         34.11445460813789        0.9999990609717516      
   0.3450880353081853     
   -3.360000000000000         11.97473629218198        5.6966291109513255E-005 
   0.2883157577484823         34.09729534718740        0.9999991617088264      
   0.3450841591664202     
   -3.360000000000000         12.25984880345458        4.6547838293663096E-005 
   0.2882605263165667         34.07998573311050        0.9999992615907263      
   0.3450805622720188     
   -3.360000000000000         12.54711846493471        3.6717407794123137E-005 
   0.2882150259488083         34.06252701916297        0.9999993606489869      
   0.3450772119540709     
   -3.360000000000000         12.83652261047853        2.7472148461398628E-005 
   0.2881788367283503         34.04492045697979        0.9999994589156131      
   0.3450740863672703     
   -3.360000000000000         13.12803745976597        1.8913605387388643E-005 
   0.2881514931374969         34.02716733649307        0.9999995564248283      
   0.3450711786107991     
   -3.360000000000000         13.42163820233561        1.1310376851769407E-005 
   0.2881323754332712         34.00926910363473        0.9999996532163863      
   0.3450685000643096     
   -3.360000000000000         13.71729907966468        5.1481971636580507E-006 
   0.2881205604706949         33.99122762191260        0.9999997493419934      
   0.3450660779857562     
   -3.360000000000000         14.01499346515192        1.0890265449920888E-006 
   0.2881146732857253         33.97304564727698        0.9999998448762110      
   0.3450639397601454     
   -3.360000000000000         14.31469394187969       -3.2093990133126831E-007 
   0.2881128513060046         33.95472751586629        0.9999999399343319      
   0.3450620780684729     
   -3.360000000000000         14.61637237804932        5.2347461068362924E-007 
   0.2881130074414976         33.93627982042607         1.000000034699794      
   0.3450604043988421     
   -3.360000000000000         14.92000000000000        5.2347461068362924E-007 
   0.2881126951705115         33.91783212498584         1.000000129465255      
   0.3450587307292113     
   -3.120000000000000        -4.227026579539560         0.000000000000000      
   0.5000000000000000         33.23031563183669         1.000000000000000      
    0.000000000000000     
   -3.120000000000000        -4.014206434341432        3.8892347704688975E-002 
   0.4996133720788248         33.23031563183669        0.9999971705195853      
   3.1881312575362590E-007
   -3.120000000000000        -3.803070304910810        7.3161795877063424E-002 
   0.4984786271054481         33.22715707556366        0.9999947346445602      
   9.6146403470343969E-007
   -3.120000000000000        -3.593549933081869        0.1026261863123680      
   0.4966755705155542         33.22433026661800        0.9999928641336154      
   2.4875290688351134E-006
   -3.120000000000000        -3.385574045583126        0.1275658347612056      
   0.4943343926222532         33.22182314478935        0.9999914723611008      
   6.1088480286225946E-006
   -3.120000000000000        -3.179068445902549        0.1485178362825641      
   0.4916186658043797         33.21958891785230        0.9999904666083589      
   1.4430883827265981E-005
   -3.120000000000000        -2.973956117362914        0.1662283261508083      
   0.4887111624110378         33.21755922082104        0.9999897582088383      
   3.2852390043656353E-005
   -3.120000000000000        -2.770157337224366        0.1815659425447771      
   0.4858045943665912         33.21564439529894        0.9999892695026199      
   7.2085258408805745E-005
   -3.120000000000000        -2.567589801560878        0.1954240114937087      
   0.4830972744010619         33.21372811395406        0.9999889372308055      
   1.5243415327193912E-004
   -3.120000000000000        -2.366168760586374        0.2086347949770408      
   0.4807932852459595         33.21165729292869        0.9999887130753294      
   3.1060123431802470E-004
   -3.120000000000000        -2.165807164036497        0.2219064501804855      
   0.4791058548719125         33.20922858839388        0.9999885625990219      
   6.0971880627062143E-004
   -3.120000000000000        -1.966415816142869        0.2357809348050978      
   0.4782619834243482         33.20617195718104        0.9999884634407074      
   1.1528602978811261E-003
   -3.120000000000000        -1.767903539669862        0.2506029227076993      
   0.4785059327263247         33.20213053468026        0.9999884030096091      
   2.0992141345653240E-003
   -3.120000000000000        -1.570177348419479        0.2664871000682009      
   0.4800989043369419         33.19663307509980        0.9999883753447948      
   3.6802950783147471E-003
   -3.120000000000000        -1.373142627548817        0.2832734099136246      
   0.4833120363052915         33.18905117073121        0.9999883773723380      
   6.2111613650795670E-003
   -3.120000000000000        -1.176703320987477        0.3004656190717333      
   0.4884096387338339         33.17853979503072        0.9999884072789066      
   1.0089235082943735E-002
   -3.120000000000000       -0.9807621251897585        0.3171565896487050      
   0.4956192398158729         33.16397113465847        0.9999884664506059      
   1.5772200253921051E-002
   -3.120000000000000       -0.7852206884089804        0.3319525206176437      
   0.5050840026610706         33.14385284593445        0.9999885597088947      
   2.3728180288654276E-002
   -3.120000000000000       -0.5899798146396622        0.3429177427324324      
   0.5167895510799478         33.11620405194730        0.9999886917109644      
   3.4357341065690820E-002
   -3.120000000000000       -0.3949396713377247        0.3475737004200784      
   0.5304488151099813         33.07842238755247        0.9999888672944955      
   4.7894341210916361E-002
   -3.120000000000000       -0.2000000000000011        0.3430093878890669      
   0.5453161061715976         33.02722574215892        0.9999890925077966      
   6.4313466001152814E-002
   -3.120000000000000       -5.0612032226220773E-003   0.3262186740242351      
   0.5598993124277966         32.95882784591108        0.9999893697585013      
   8.3267834842489577E-002
   -3.120000000000000        0.1899728225015762        0.2949094885406898      
   0.5716065387449719         32.86992336646186        0.9999896968927225      
   0.1040941221789296     
   -3.120000000000000        0.3851971143511089        0.2492163773623657      
   0.5766637881970618         32.76068830527441        0.9999900650678242      
   0.1258993033636001     
   -3.120000000000000        0.5807063267879043        0.1946118130046417      
   0.5713925802196214         32.64134425236136        0.9999904571007749      
   0.1477091001349059     
   -3.120000000000000        0.7765945422431204        0.1438549085920121      
   0.5563585969490850         32.53898406352660        0.9999908518895825      
   0.1686091551327503     
   -3.120000000000000        0.9729550842390562        0.1033749926824900      
   0.5363812724223582         32.46372026527774        0.9999912337484290      
   0.1877904350044822     
   -3.120000000000000         1.169880333731538        7.3724568411045452E-002 
   0.5159673918154846         32.41266194144966        0.9999915943829168      
   0.2046237728583828     
   -3.120000000000000         1.367461549433629        5.2946679193159575E-002 
   0.4976323700084196         32.37886826685061        0.9999919306695102      
   0.2187292410499903     
   -3.120000000000000         1.565788692852865        3.8670241674663146E-002 
   0.4822255490518955         32.35596933485518        0.9999922425676305      
   0.2300008689869878     
   -3.120000000000000         1.764950258740411        2.8904880908449254E-002 
   0.4696785540952293         32.33940709235935        0.9999925317027495      
   0.2385791037679017     
   -3.120000000000000         1.965033111612069        2.2187394359909247E-002 
   0.4595597179466474         32.32628018148423        0.9999927996496459      
   0.2447854130920032     
   -3.120000000000000         2.166122328958343        1.7504415594736551E-002 
   0.4513697877694261         32.31486602516261        0.9999930481967730      
   0.2490414065778860     
   -3.120000000000000         2.368301051714338        1.4174060849660289E-002 
   0.4446652927052815         32.30419007904913        0.9999932795942782      
   0.2517930089168103     
   -3.120000000000000         2.571650342510284        1.1744494778043305E-002 
   0.4390930429550529         32.29372409684114        0.9999934961469016      
   0.2534531180873263     
   -3.120000000000000         2.776249052171010        9.9192527677346969E-003 
   0.4343866878042469         32.28319756446881        0.9999937003312859      
   0.2543677526224306     
   -3.120000000000000         2.982173694877646        8.5052076456409009E-003 
   0.4303507888076908         32.27248349656585        0.9999938948957622      
   0.2548037956628916     
   -3.120000000000000         3.189498332348288        7.3770935023117889E-003 
   0.4268434428063640         32.26153062473553        0.9999940823860944      
   0.2549524852785001     
   -3.120000000000000         3.398294467336542        6.4536232890575569E-003 
   0.4237614569495557         32.25032537292797        0.9999942646346484      
   0.2549417837157120     
   -3.120000000000000         3.608630946688375        5.6816313904009749E-003 
   0.4210289719695100         32.23887178068666        0.9999944426702693      
   0.2548517937509067     
   -3.120000000000000         3.820573874139177        5.0257295344842733E-003 
   0.4185892246625834         32.22718119674020        0.9999946169505737      
   0.2547293396524159     
   -3.120000000000000         4.034186532974921        4.4616981565954996E-003 
   0.4163987914166832         32.21526702826505        0.9999947876520188      
   0.2545997800208681     
   -3.120000000000000         4.249529318623878        3.9723531557598101E-003 
   0.4144236521237841         32.20314214567575        0.9999949548657737      
   0.2544755733172844     
   -3.120000000000000         4.466659681189796        3.5450077052796309E-003 
   0.4126365283656609         32.19081777379483        0.9999951186884225      
   0.2543619545413892     
   -3.120000000000000         4.685632077883227        3.1699312780412948E-003 
   0.4110150850213247         32.17830319657569        0.9999952792517272      
   0.2542604123862222     
   -3.120000000000000         4.906497935255945        2.8394144008853082E-003 
   0.4095407043477884         32.16560583741828        0.9999954367214264      
   0.2541706686085651     
   -3.120000000000000         5.129305621094297        2.5471927990103746E-003 
   0.4081976357275211         32.15273149511408        0.9999955912826576      
   0.2540917258281275     
   -3.120000000000000         5.354100425780786        2.2880818965834858E-003 
   0.4069723920681055         32.13968463397808        0.9999957431269426      
   0.2540223802228893     
   -3.120000000000000         5.580924552890115        2.0577344680555122E-003 
   0.4058533096884928         32.12646865353795        0.9999958924440299      
   0.2539614488932985     
   -3.120000000000000         5.809817118746128        1.8524715992747991E-003 
   0.4048302186271615         32.11308610101923        0.9999960394130426      
   0.2539078560269690     
   -3.120000000000000         6.040814160629681        1.6691588244536863E-003 
   0.4038941896322303         32.09953883932221        0.9999961841917455      
   0.2538606547558500     
   -3.120000000000000         6.273948653295052        1.5051115394728262E-003 
   0.4030373360421050         32.08582819695185        0.9999963269092607      
   0.2538190227595906     
   -3.120000000000000         6.509250533423568        1.3580205130759027E-003 
   0.4022526559777175         32.07195510703176        0.9999964676663406      
   0.2537822490328288     
   -3.120000000000000         6.746746731618209        1.2258919462088849E-003 
   0.4015339047662757         32.05792022576016        0.9999966065416448      
   0.2537497190839911     
   -3.120000000000000         6.986461211521710        1.1069985069235852E-003 
   0.4008754905159786         32.04372402326091        0.9999967435996573      
   0.2537209012114827     
   -3.120000000000000         7.228415015623348        9.9983889972104991E-004 
   0.4002723878058835         32.02936684957609        0.9999968788971016      
   0.2536953345722279     
   -3.120000000000000         7.472626317305855        9.0310421835198521E-004 
   0.3997200658138679         32.01484898259925        0.9999970124869390      
   0.2536726190380735     
   -3.120000000000000         7.719110478673879        8.1564977514199258E-004 
   0.3992144281081459         32.00017066403009        0.9999971444202932      
   0.2536524066177969     
   -3.120000000000000         7.967880113698818        7.3647140266055555E-004 
   0.3987517619546148         31.98533212789237        0.9999972747471199      
   0.2536343941918773     
   -3.120000000000000         8.218945156211536        6.6468544120323468E-004 
   0.3983286954449137         31.97033362401142        0.9999974035163682      
   0.2536183173353519     
   -3.120000000000000         8.472312932274409        5.9951178468864322E-004 
   0.3979421610893603         31.95517543672559        0.9999975307759660      
   0.2536039450435438     
   -3.120000000000000         8.727988236466917        5.4025947517705999E-004 
   0.3975893647885614         31.93985789875676        0.9999976565726665      
   0.2535910752112813     
   -3.120000000000000         8.985973411624599        4.8631442771568970E-004 
   0.3972677593157716         31.92438140119235        0.9999977809517953      
   0.2535795307452866     
   -3.120000000000000         9.246268431579237        4.3712894217589807E-004 
   0.3969750216103658         31.90874640095099        0.9999979039570813      
   0.2535691562121030     
   -3.120000000000000         9.508870986458517        3.9221271969466147E-004 
   0.3967090333082366         31.89295342636262        0.9999980256307086      
   0.2535598149415099     
   -3.120000000000000         9.773776570115773        3.5112514907929474E-004 
   0.3964678640336243         31.87700308065217        0.9999981460135693      
   0.2535513865190822     
   -3.120000000000000         10.04097856927476        3.1346866585729141E-004 
   0.3962497570606373         31.86089604294494        0.9999982651455787      
   0.2535437646124601     
   -3.120000000000000         10.31046835399012        2.7888301763982017E-004 
   0.3960531170230750         31.84463306675432        0.9999983830659499      
   0.2535368550849180     
   -3.120000000000000         10.58223536904130        2.4704029989876600E-004 
   0.3958764994041178         31.82821497631755        0.9999984998133659      
   0.2535305743579241     
   -3.120000000000000         10.85626722589636        2.1764066903545340E-004 
   0.3957186015650428         31.81164266131126        0.9999986154260754      
   0.2535248479933884     
   -3.120000000000000         11.13254979490064        1.9040872791336753E-004 
   0.3955782550540843         31.79491707038991        0.9999987299419404      
   0.2535196094798621     
   -3.120000000000000         11.41106729736590        1.6509079155649535E-004 
   0.3954544188220799         31.77803920389120        0.9999988433984350      
   0.2535147992329944     
   -3.120000000000000         11.69180239725550        1.4145374177773414E-004 
   0.3953461726491951         31.76101010605409        0.9999989558325459      
   0.2535103638731888     
   -3.120000000000000         11.97473629218198        1.1928725190835066E-004 
   0.3952527093406739         31.74383085722069        0.9999990672805563      
   0.2535062559422339     
   -3.120000000000000         12.25984880345458        9.8413144737511508E-005 
   0.3951733227340330         31.72650256756029        0.9999991777778620      
   0.2535024343762580     
   -3.120000000000000         12.54711846493471        7.8708560970094642E-005 
   0.3951073859108750         31.70902637695445        0.9999992873592628      
   0.2534988662196748     
   -3.120000000000000         12.83652261047853        6.0152152164750421E-005 
   0.3950543102375933         31.69140346947347        0.9999993960599667      
   0.2534955300499471     
   -3.120000000000000         13.12803745976597        4.2900502957636869E-005 
   0.3950134722827018         31.67363511393878        0.9999995039173305      
   0.2534924209434809     
   -3.120000000000000         13.42163820233561        2.7387446668663374E-005 
   0.3949840965930081         31.65572274893299        0.9999996109743774      
   0.2534895549282398     
   -3.120000000000000         13.71729907966468        1.4399393342334844E-005 
   0.3949650950508663         31.63766813643386        0.9999997172869587      
   0.2534869674736262     
   -3.120000000000000         14.01499346515192        5.0092759391857896E-006 
   0.3949548954831856         31.61947359059484        0.9999998229361018      
   0.2534846970732751     
   -3.120000000000000         14.31469394187969        1.5633797715976545E-007 
   0.3949513399124127         31.60114224010839        0.9999999280489121      
   0.2534827457943006     
   -3.120000000000000         14.61637237804932       -4.3499751114850075E-007 
   0.3949517643179279         31.58267819222553         1.000000032830795      
   0.2534810211805313     
   -3.120000000000000         14.92000000000000       -4.3499751114850075E-007 
   0.3949509155068975         31.56421414434266         1.000000137612677      
   0.2534792965667620     
   -2.880000000000000        -4.227026579539560         0.000000000000000      
   0.5000000000000000         30.83183477456393         1.000000000000000      
    0.000000000000000     
   -2.880000000000000        -4.014206434341432        3.9554444036828382E-002 
   0.4998053802196173         30.83183477456393        0.9999972103512345      
   2.2205058620492309E-007
   -2.880000000000000        -3.803070304910810        7.4468482412898329E-002 
   0.4992184650616571         30.82995140750181        0.9999948079257257      
   6.6894524241577318E-007
   -2.880000000000000        -3.593549933081869        0.1044894711635032      
   0.4982651797210869         30.82798323211908        0.9999929622358905      
   1.7283405720228805E-006
   -2.880000000000000        -3.385574045583126        0.1298432495185294      
   0.4970285972331385         30.82594495726008        0.9999915885558760      
   4.2381859377050402E-006
   -2.880000000000000        -3.179068445902549        0.1510284576577478      
   0.4956342630859662         30.82380964936627        0.9999905960627949      
   9.9970159444786265E-006
   -2.880000000000000        -2.973956117362914        0.1687653146870024      
   0.4942370024074323         30.82152189784737        0.9999898977819607      
   2.2725778174837258E-005
   -2.880000000000000        -2.770157337224366        0.1839042372542252      
   0.4930121707603977         30.81899839685978        0.9999894174220397      
   4.9797032418836798E-005
   -2.880000000000000        -2.567589801560878        0.1973228756891947      
   0.4921511969401861         30.81612323442650        0.9999890927434768      
   1.0516848301698460E-004
   -2.880000000000000        -2.366168760586374        0.2098360193885299      
   0.4918610396428617         30.81273876494491        0.9999888760796029      
   2.1404357253485351E-004
   -2.880000000000000        -2.165807164036497        0.2221299897737575      
   0.4923663946366897         30.80863318940336        0.9999887331926505      
   4.1974002775461316E-004
   -2.880000000000000        -1.966415816142869        0.2347205483174843      
   0.4939128061331555         30.80352547998768        0.9999886413827067      
   7.9294123596536023E-004
   -2.880000000000000        -1.767903539669862        0.2479250549811859      
   0.4967682397767862         30.79704768916307        0.9999885873281541      
   1.4427841261829045E-003
   -2.880000000000000        -1.570177348419479        0.2618368463817176      
   0.5012201065927240         30.78872354124372        0.9999885645632965      
   2.5280125974106388E-003
   -2.880000000000000        -1.373142627548817        0.2762919141983779      
   0.5075641628693364         30.77793881226588        0.9999885701868402      
   4.2647974458192911E-003
   -2.880000000000000        -1.176703320987477        0.2908236768403016      
   0.5160811069252964         30.76390068545386        0.9999886021538438      
   6.9262183661875825E-003
   -2.880000000000000       -0.9807621251897585        0.3046098075864229      
   0.5269960377740590         30.74559786752691        0.9999886598082736      
   1.0827638026496890E-002
   -2.880000000000000       -0.7852206884089804        0.3164248799977179      
   0.5404153562514986         30.72177733805026        0.9999887456903921      
   1.6293349597354075E-002
   -2.880000000000000       -0.5899798146396622        0.3246238487265205      
   0.5562352401012445         30.69093612797157        0.9999888635160747      
   2.3603859339347000E-002
   -2.880000000000000       -0.3949396713377247        0.3271953532251426      
   0.5740163206654521         30.65135475091712        0.9999890157186646      
   3.2930027470402107E-002
   -2.880000000000000       -0.2000000000000011        0.3219430041366617      
   0.5928258358322949         30.60127378272158        0.9999892048727692      
   4.4268508849970925E-002
   -2.880000000000000       -5.0612032226220773E-003   0.3068780958697707      
   0.6110758213109112         30.53932941117848        0.9999894321716285      
   5.7399066454861675E-002
   -2.880000000000000        0.1899728225015762        0.2809243704816423      
   0.6264609084803476         30.46541530988228        0.9999896952840166      
   7.1883892167257810E-002
   -2.880000000000000        0.3851971143511089        0.2449649260490195      
   0.6362434042288354         30.38212133537756        0.9999899886412510      
   8.7118868391470927E-002
   -2.880000000000000        0.5807063267879043        0.2028738091423435      
   0.6382467248832853         30.29625964552325        0.9999903024024583      
   0.1024240987846969     
   -2.880000000000000        0.7765945422431204        0.1611031077544743      
   0.6324567596945699         30.21810518857662        0.9999906252364750      
   0.1171376879003333     
   -2.880000000000000        0.9729550842390562        0.1244083749680812      
   0.6211131496539322         30.15364187804579        0.9999909470062412      
   0.1306769886222586     
   -2.880000000000000         1.169880333731538        9.4698168260514692E-002 
   0.6070627930604182         30.10361042215125        0.9999912609563388      
   0.1425920082249328     
   -2.880000000000000         1.367461549433629        7.1865629191109018E-002 
   0.5925623480982080         30.06577806598340        0.9999915629616424      
   0.1526069161373703     
   -2.880000000000000         1.565788692852865        5.4865818252789550E-002 
   0.5789597796120423         30.03706120508632        0.9999918512685444      
   0.1606350274226246     
   -2.880000000000000         1.764950258740411        4.2424206609122661E-002 
   0.5668567876159789         30.01464536652944        0.9999921252979914      
   0.1667617828826267     
   -2.880000000000000         1.965033111612069        3.3375605945159155E-002 
   0.5563860935109854         29.99635827074108        0.9999923848193071      
   0.1712022780151073     
   -2.880000000000000         2.166122328958343        2.6777873943717511E-002 
   0.5474400341626071         29.98066947647197        0.9999926304443377      
   0.1742466800512891     
   -2.880000000000000         2.368301051714338        2.1918307695819268E-002 
   0.5398164150798538         29.96655676795973        0.9999928632152114      
   0.1762073237085396     
   -2.880000000000000         2.571650342510284        1.8279621559925706E-002 
   0.5332972243307739         29.95336194042070        0.9999930842251137      
   0.1773773580798896     
   -2.880000000000000         2.776249052171010        1.5496834505166902E-002 
   0.5276844499125124         29.94067373883964        0.9999932950439411      
   0.1780052525559460     
   -2.880000000000000         2.982173694877646        1.3317561189547016E-002 
   0.5228121382563801         29.92824034390807        0.9999934977697706      
   0.1782845281040736     
   -2.880000000000000         3.189498332348288        1.1569617313920106E-002 
   0.5185468877968368         29.91590880799574        0.9999936944181200      
   0.1783550093329242     
   -2.880000000000000         3.398294467336542        1.0136304993284995E-002 
   0.5147836359513046         29.90358649423391        0.9999938864029496      
   0.1783108832799972     
   -2.880000000000000         3.608630946688375        8.9384213888684151E-003 
   0.5114402071091758         29.89121750022622        0.9999940744719543      
   0.1782113778342060     
   -2.880000000000000         3.820573874139177        7.9216522729052344E-003 
   0.5084521710372754         29.87876823000270        0.9999942589220988      
   0.1780911577426661     
   -2.880000000000000         4.034186532974921        7.0480260426355234E-003 
   0.5057685669916900         29.86621845615876        0.9999944398469689      
   0.1779689100334710     
   -2.880000000000000         4.249529318623878        6.2902812780964573E-003 
   0.5033485758703816         29.85355577814732        0.9999946172925104      
   0.1778536607869375     
   -2.880000000000000         4.466659681189796        5.6282353172145329E-003 
   0.5011590266893534         29.84077229343828        0.9999947913242621      
   0.1777490106837177     
   -2.880000000000000         4.685632077883227        5.0464750051526577E-003 
   0.4991725657178537         29.82786266930609        0.9999949620490111      
   0.1776557536428151     
   -2.880000000000000         4.906497935255945        4.5328930274733271E-003 
   0.4973663220509549         29.81482302790194        0.9999951296114568      
   0.1775733775489045     
   -2.880000000000000         5.129305621094297        4.0777519264017081E-003 
   0.4957209330084736         29.80165031829685        0.9999952941787509      
   0.1775008612559756     
   -2.880000000000000         5.354100425780786        3.6730728044264754E-003 
   0.4942198259477096         29.78834198974397        0.9999954559281502      
   0.1774370635474351     
   -2.880000000000000         5.580924552890115        3.3122234184422526E-003 
   0.4928486815845863         29.77489581617089        0.9999956150401950      
   0.1773808930976888     
   -2.880000000000000         5.809817118746128        2.9896301244784983E-003 
   0.4915950262528925         29.76130978040353        0.9999957716898852      
   0.1773313697991807     
   -2.880000000000000         6.040814160629681        2.7005686946361212E-003 
   0.4904479169819509         29.74758199865438        0.9999959260342948      
   0.1772876368524707     
   -2.880000000000000         6.273948653295052        2.4410071908802324E-003 
   0.4893976945486882         29.73371069150041        0.9999960782032726      
   0.1772489531741919     
   -2.880000000000000         6.509250533423568        2.2074846224436986E-003 
   0.4884357870677296         29.71969419149454        0.9999962282984918      
   0.1772146796521175     
   -2.880000000000000         6.746746731618209        1.9970151812402346E-003 
   0.4875545516687098         29.70553096301619        0.9999963763993587      
   0.1771842648350058     
   -2.880000000000000         6.986461211521710        1.8070113901192553E-003 
   0.4867471453406493         29.69121961701496        0.9999965225709915      
   0.1771572320174687     
   -2.880000000000000         7.228415015623348        1.6352216319962562E-003 
   0.4860074185271319         29.67675891726716        0.9999966668708123      
   0.1771331681715248     
   -2.880000000000000         7.472626317305855        1.4796788593797571E-003 
   0.4853298267655238         29.66214778086150        0.9999968093526999      
   0.1771117146267565     
   -2.880000000000000         7.719110478673879        1.3386581453518390E-003 
   0.4847093568242388         29.64738527601941        0.9999969500689907      
   0.1770925592479189     
   -2.880000000000000         7.967880113698818        1.2106413198304669E-003 
   0.4841414646096763         29.63247061986257        0.9999970890711516      
   0.1770754298516297     
   -2.880000000000000         8.218945156211536        1.0942873451805256E-003 
   0.4836220227057844         29.61740317711262        0.9999972264099365      
   0.1770600886399153     
   -2.880000000000000         8.472312932274409        9.8840738027496664E-004 
   0.4831472758485216         29.60218245859821        0.9999973621353740      
   0.1770463274703116     
   -2.880000000000000         8.727988236466917        8.9194369881660145E-004 
   0.4827138029826747         29.58680811828135        0.9999974962965916      
   0.1770339638186437     
   -2.880000000000000         8.985973411624599        8.0395179283237572E-004 
   0.4823184848260195         29.57127994904963        0.9999976289414888      
   0.1770228373196089     
   -2.880000000000000         9.246268431579237        7.2358512160476045E-004 
   0.4819584760789887         29.55559787832180        0.9999977601164721      
   0.1770128067927211     
   -2.880000000000000         9.508870986458517        6.5008206755262990E-004 
   0.4816311815758595         29.53976196381140        0.9999978898664346      
   0.1770037476784280     
   -2.880000000000000         9.773776570115773        5.8275473926876729E-004 
   0.4813342357960645         29.52377238886266        0.9999980182349675      
   0.1769955498225849     
   -2.880000000000000         10.04097856927476        5.2097932428554197E-004 
   0.4810654852566250         29.50762945659443        0.9999981452646769      
   0.1769881155580438     
   -2.880000000000000         10.31046835399012        4.6418774689156104E-004 
   0.4808229733914369         29.49133358252665        0.9999982709974513      
   0.1769813580407985     
   -2.880000000000000         10.58223536904130        4.1186043888076415E-004 
   0.4806049275859074         29.47488528589775        0.9999983954746489      
   0.1769751998059413     
   -2.880000000000000         10.85626722589636        3.6352010387730703E-004 
   0.4804097480678031         29.45828518015539        0.9999985187371910      
   0.1769695715174075     
   -2.880000000000000         11.13254979490064        3.1872649820344494E-004 
   0.4802359983367188         29.44153396308542        0.9999986408255971      
   0.1769644108988199     
   -2.880000000000000         11.41106729736590        2.7707257518511867E-004 
   0.4800823966967243         29.42463240701743        0.9999987617799698      
   0.1769596618585450     
   -2.880000000000000         11.69180239725550        2.3818307053724569E-004 
   0.4799478081370079         29.40758134960654        0.9999988816398745      
   0.1769552738745614     
   -2.880000000000000         11.97473629218198        2.0171811754471992E-004 
   0.4798312350880494         29.39038168576077        0.9999990004440794      
   0.1769512018040677     
   -2.880000000000000         12.25984880345458        1.6738719221448911E-004 
   0.4797318041524662         29.37303436210129        0.9999991182303484      
   0.1769474064415111     
   -2.880000000000000         12.54711846493471        1.3498255399463789E-004 
   0.4796487434255469         29.35554037759860        0.9999992350357724      
   0.1769438563269935     
   -2.880000000000000         12.83652261047853        1.0444455655789290E-004 
   0.4795813414432173         29.33790079530257        0.9999993508978225      
   0.1769405313198553     
   -2.880000000000000         13.12803745976597        7.5968160195701310E-005 
   0.4795288751315661         29.32011676764083        0.9999994658560903      
   0.1769374278623429     
   -2.880000000000000         13.42163820233561        5.0139981234470232E-005 
   0.4794904935503534         29.30218957673356        0.9999995799559446      
   0.1769345640177226     
   -2.880000000000000         13.71729907966468        2.8044816307044886E-005 
   0.4794650520730364         29.28412068978153        0.9999996932562110      
   0.1769319789207260     
   -2.880000000000000         14.01499346515192        1.1196202760230615E-005 
   0.4794509122736295         29.26591180861361        0.9999998058425275      
   0.1769297173884634     
   -2.880000000000000         14.31469394187969        1.0480398162746462E-006 
   0.4794457503681316         29.24756486715520        0.9999999178503125      
   0.1769277901023387     
   -2.880000000000000         14.61637237804932       -2.2165814498495889E-006 
   0.4794464255656534         29.22908189932850         1.000000029500273      
   0.1769261096254249     
   -2.880000000000000         14.92000000000000       -2.2165814498495889E-006 
   0.4794450751706100         29.21059893150180         1.000000141150233      
   0.1769244291485112     
   -2.640000000000001        -4.227026579539560         0.000000000000000      
   0.5000000000000000         28.43353329926499         1.000000000000000      
    0.000000000000000     
   -2.640000000000001        -4.014206434341432        3.9803173995340974E-002 
   0.4999784162945280         28.43353329926499        0.9999972511546261      
   1.4771719517839987E-007
   -2.640000000000001        -3.803070304910810        7.5002317389721615E-002 
   0.4998859389542740         28.43281617883373        0.9999948829538811      
   4.4444889555753805E-007
   -2.640000000000001        -3.593549933081869        0.1052719399625059      
   0.4997001021930561         28.43165176481214        0.9999930625994939      
   1.1464437365830829E-006
   -2.640000000000001        -3.385574045583126        0.1307768304894048      
   0.4994592442208399         28.43007658150357        0.9999917073075683      
   2.8063727132661191E-006
   -2.640000000000001        -3.179068445902549        0.1519688878870511      
   0.4992502558384579         28.42808140699740        0.9999907281853164      
   6.6080556452600106E-006
   -2.640000000000001        -2.973956117362914        0.1695329030352685      
   0.4991964312869733         28.42562433657380        0.9999900399728782      
   1.4996081346737960E-005
   -2.640000000000001        -2.770157337224366        0.1842911612820179      
   0.4994490625934940         28.42263180779248        0.9999895677531243      
   3.2805745803831197E-005
   -2.640000000000001        -2.567589801560878        0.1970962571678517      
   0.5001824808719694         28.41899497827037        0.9999892503045177      
   6.9177057025147020E-005
   -2.640000000000001        -2.366168760586374        0.2087374864289586      
   0.5015921930059754         28.41456238642877        0.9999890406381741      
   1.4059189492302918E-004
   -2.640000000000001        -2.165807164036497        0.2198733333545330      
   0.5038950896152405         28.40912990853263        0.9999889048048394      
   2.7534636787630216E-004
   -2.640000000000001        -1.966415816142869        0.2309899331915984      
   0.5073300346955759         28.40242887737098        0.9999888199050769      
   5.1957330321612230E-004
   -2.640000000000001        -1.767903539669862        0.2423770823342274      
   0.5121564964992653         28.39411295643043        0.9999887719200675      
   9.4446604541573978E-004
   -2.640000000000001        -1.570177348419479        0.2541106091218365      
   0.5186482207118508         28.38374444740526        0.9999887535993842      
   1.6535683496377699E-003
   -2.640000000000001        -1.373142627548817        0.2660319764144354      
   0.5270783278121196         28.37077944494176        0.9999887619698145      
   2.7879509251475735E-003
   -2.640000000000001        -1.176703320987477        0.2777214813292909      
   0.5376917463095412         28.35455018272042        0.9999887955172715      
   4.5260660772857425E-003
   -2.640000000000001       -0.9807621251897585        0.2884691587698119      
   0.5506607737911717         28.33425141250944        0.9999888529435953      
   7.0745787094964388E-003
   -2.640000000000001       -0.7852206884089804        0.2972566155322135      
   0.5660203041996024         28.30895038878020        0.9999889343985110      
   1.0647196973047241E-002
   -2.640000000000001       -0.5899798146396622        0.3027727656391694      
   0.5835818310073977         28.27763618198884        0.9999890419195816      
   1.5431038326236103E-002
   -2.640000000000001       -0.3949396713377247        0.3034959620705571      
   0.6028313221008716         28.23931940362764        0.9999891773336608      
   2.1544379265867074E-002
   -2.640000000000001       -0.2000000000000011        0.2978822230857500      
   0.6228287216254433         28.19322557836373        0.9999893415860650      
   2.8994755811454994E-002
   -2.640000000000001       -5.0612032226220773E-003   0.2846970734364059      
   0.6421515323626201         28.13913430163518        0.9999895349654089      
   3.7650119079478163E-002
   -2.640000000000001        0.1899728225015762        0.2634983514440998      
   0.6589637591871028         28.07785567731137        0.9999897556893450      
   4.7235374850424179E-002
   -2.640000000000001        0.3851971143511089        0.2351784734602453      
   0.6713239699359322         28.01174045731396        0.9999900000381124      
   5.7360564342832342E-002
   -2.640000000000001        0.5807063267879043        0.2022628422395602      
   0.6777932747403513         27.94484575358364        0.9999902622468769      
   6.7574324256035226E-002
   -2.640000000000001        0.7765945422431204        0.1684084187391700      
   0.6781193608731405         27.88204231193449        0.9999905355556165      
   7.7424956576765375E-002
   -2.640000000000001        0.9729550842390562        0.1368342506721627      
   0.6733195403694658         27.82678919807674        0.9999908134774665      
   8.6511541853965354E-002
   -2.640000000000001         1.169880333731538        0.1094609167389934      
   0.6650626414743219         27.78034060191355        0.9999910908498731      
   9.4524288379520552E-002
   -2.640000000000001         1.367461549433629        8.6938681759081524E-002 
   0.6550042405094145         27.74223614312699        0.9999913638481265      
   0.1012715839200153     
   -2.640000000000001         1.565788692852865        6.9063463710324707E-002 
   0.6444239274169216         27.71113691278667        0.9999916301022457      
   0.1066887367044301     
   -2.640000000000001         1.764950258740411        5.5202598065796464E-002 
   0.6341476059707168         27.68547673044487        0.9999918879387284      
   0.1108266648161680     
   -2.640000000000001         1.965033111612069        4.4592493230095870E-002 
   0.6246210174755370         27.66382401314406        0.9999921364341803      
   0.1138244520432274     
   -2.640000000000001         2.166122328958343        3.6504712925739188E-002 
   0.6160261848339076         27.64501796363801        0.9999923754241256      
   0.1158737009045384     
   -2.640000000000001         2.368301051714338        3.0319146086131610E-002 
   0.6083860490201888         27.62818060037964        0.9999926049306412      
   0.1171833469473094     
   -2.640000000000001         2.571650342510284        2.5542803141373034E-002 
   0.6016403041408331         27.61267845717672        0.9999928253126582      
   0.1179515246356025     
   -2.640000000000001         2.776249052171010        2.1801294548018848E-002 
   0.5956935198068056         27.59806849736130        0.9999930377057715      
   0.1183476650812771     
   -2.640000000000001         2.982173694877646        1.8819258813573152E-002 
   0.5904424886545165         27.58404544762402        0.9999932437467255      
   0.1185047510817522     
   -2.640000000000001         3.189498332348288        1.6398547879039625E-002 
   0.5857899685816954         27.57039977466208        0.9999934449064407      
   0.1185194922352545     
   -2.640000000000001         3.398294467336542        1.4398404485609900E-002 
   0.5816503434004021         27.55698761269961        0.9999936421213139      
   0.1184573551940878     
   -2.640000000000001         3.608630946688375        1.2719252652092316E-002 
   0.5779509027635115         27.54370989980793        0.9999938358212642      
   0.1183596168500193     
   -2.640000000000001         3.820573874139177        1.1290326563639069E-002 
   0.5746310109181074         27.53049795983220        0.9999940261323297      
   0.1182504085833260     
   -2.640000000000001         4.034186532974921        1.0060694692743424E-002 
   0.5716404538522197         27.51730356223984        0.9999942130677795      
   0.1181426324783325     
   -2.640000000000001         4.249529318623878        8.9929922281919202E-003 
   0.5689376357543836         27.50409214314086        0.9999943966330026      
   0.1180423702690047     
   -2.640000000000001         4.466659681189796        8.0591653693172990E-003 
   0.5664879314174955         27.49083831777222        0.9999945768657886      
   0.1179518698835309     
   -2.640000000000001         4.685632077883227        7.2376323317541128E-003 
   0.5642623014589924         27.47752295197801        0.9999947538489611      
   0.1178714065187834     
   -2.640000000000001         4.906497935255945        6.5114023600648784E-003 
   0.5622361785632219         27.46413122161321        0.9999949277041166      
   0.1178003548563018     
   -2.640000000000001         5.129305621094297        5.8668242918780665E-003 
   0.5603885921948597         27.45065133724577        0.9999950985758944      
   0.1177377593373884     
   -2.640000000000001         5.354100425780786        5.2927419176740254E-003 
   0.5587014875498866         27.43707372219674        0.9999952666216660      
   0.1176826110121720     
   -2.640000000000001         5.580924552890115        4.7799108543107680E-003 
   0.5571591959864155         27.42339045516425        0.9999954320065119      
   0.1176339660889425     
   -2.640000000000001         5.809817118746128        4.3205846856908233E-003 
   0.5557480211313925         27.40959485959191        0.9999955948941545      
   0.1175909859021508     
   -2.640000000000001         6.040814160629681        3.9082126546000646E-003 
   0.5544559129014845         27.39568120452660        0.9999957554331621      
   0.1175529415341854     
   -2.640000000000001         6.273948653295052        3.5372128165454351E-003 
   0.5532722084876416         27.38164450830301        0.9999959137465589      
   0.1175192046929778     
   -2.640000000000001         6.509250533423568        3.2027977813072275E-003 
   0.5521874244952285         27.36748041963954        0.9999960699305172      
   0.1174892347180695     
   -2.640000000000001         6.746746731618209        2.9008381962101269E-003 
   0.5511930883522742         27.35318513924635        0.9999962240602130      
   0.1174625657376470     
   -2.640000000000001         6.986461211521710        2.6277540628736103E-003 
   0.5502816001727104         27.33875535707752        0.9999963761976689      
   0.1174387953219179     
   -2.640000000000001         7.228415015623348        2.3804270795615328E-003 
   0.5494461185822970         27.32418819733889        0.9999965263981530      
   0.1174175748721283     
   -2.640000000000001         7.472626317305855        2.1561291889999603E-003 
   0.5486804656574986         27.30948117030001        0.9999966747141569      
   0.1173986015923869     
   -2.640000000000001         7.719110478673879        1.9524638206611673E-003 
   0.5479790472773038         27.29463213106716        0.9999968211972353      
   0.1173816117939625     
   -2.640000000000001         7.967880113698818        1.7673172099574455E-003 
   0.5473367860199746         27.27963924590890        0.9999969658985649      
   0.1173663752907173     
   -2.640000000000001         8.218945156211536        1.5988178052740052E-003 
   0.5467490643476678         27.26450096553520        0.9999971088690420      
   0.1173526906828600     
   -2.640000000000001         8.472312932274409        1.4453022246961049E-003 
   0.5462116762796445         27.24921600272530        0.9999972501592426      
   0.1173403813664013     
   -2.640000000000001         8.727988236466917        1.3052865554289300E-003 
   0.5457207861182303         27.23378331188835        0.9999973898191920      
   0.1173292921395777     
   -2.640000000000001         8.985973411624599        1.1774420391539838E-003 
   0.5452728930861976         27.21820207018930        0.9999975278979564      
   0.1173192863041506     
   -2.640000000000001         9.246268431579237        1.0605743788333032E-003 
   0.5448648009603395         27.20247166093410        0.9999976644432851      
   0.1173102431799497     
   -2.640000000000001         9.508870986458517        9.5360605037510997E-004 
   0.5444935919526206         27.18659165918889        0.9999977995015248      
   0.1173020559666991     
   -2.640000000000001         9.773776570115773        8.5556111714741386E-004 
   0.5441566042196395         27.17056181862991        0.9999979331177977      
   0.1172946298992438     
   -2.640000000000001         10.04097856927476        7.6555213671942784E-004 
   0.5438514124895493         27.15438205849217        0.9999980653363009      
   0.1172878806518184     
   -2.640000000000001         10.31046835399012        6.8276882710374470E-004 
   0.5435758113854627         27.13805245002530        0.9999981962005675      
   0.1172817329547772     
   -2.640000000000001         10.58223536904130        6.0646823739278531E-004 
   0.5433278010912430         27.12157320250468        0.9999983257536404      
   0.1172761193942122     
   -2.640000000000001         10.85626722589636        5.3596627267204502E-004 
   0.5431055750418505         27.10494464919250        0.9999984540381552      
   0.1172709793727221     
   -2.640000000000001         11.13254979490064        4.7063061959364807E-004 
   0.5429075093083586         27.08816723365129        0.9999985810963584      
   0.1172662582216419     
   -2.640000000000001         11.41106729736590        4.0987554870061248E-004 
   0.5427321532454661         27.07124149679361        0.9999987069700788      
   0.1172619064783542     
   -2.640000000000001         11.69180239725550        3.5316001159033919E-004 
   0.5425782206884709         27.05416806508131        0.9999988317005892      
   0.1172578793897845     
   -2.640000000000001         11.97473629218198        2.9999236078965999E-004 
   0.5424445803540490         27.03694764018568        0.9999989553283234      
   0.1172541367933724     
   -2.640000000000001         12.25984880345458        2.4994840177972917E-004 
   0.5423302428213235         27.01958099083290        0.9999990778926557      
   0.1172506436724711     
   -2.640000000000001         12.54711846493471        2.0271427168299901E-004 
   0.5422343391791284         27.00206894900453        0.9999991994322405      
   0.1172473718520313     
   -2.640000000000001         12.83652261047853        1.5816964639219194E-004 
   0.5421560829229967         26.98441241225908        0.9999993199860985      
   0.1172443033326631     
   -2.640000000000001         13.12803745976597        1.1652331816159352E-004 
   0.5420947024861525         26.96661234841847        0.9999994395953706      
   0.1172414352679408     
   -2.640000000000001         13.42163820233561        7.8489654036796781E-005 
   0.5420493289429177         26.94866979423562        0.9999995583070486      
   0.1172387849718586     
   -2.640000000000001         13.71729907966468        4.5436476887496997E-005 
   0.5420188257546783         26.93058583675396        0.9999996761819775      
   0.1172363902084001     
   -2.640000000000001         14.01499346515192        1.9341691562554665E-005 
   0.5420015581264572         26.91236154749813        0.9999997933088848      
   0.1172342962025342     
   -2.640000000000001         14.31469394187969        2.2998729160075913E-006 
   0.5419951141872786         26.89399782755062        0.9999999098286739      
   0.1172325194893371     
   -2.640000000000001         14.61637237804932       -4.7133218631542528E-006 
   0.5419959896016292         26.87549511022088         1.000000025972211      
   0.1172309849858287     
   -2.640000000000001         14.92000000000000       -4.7133218631542528E-006 
   0.5419942387729281         26.85699239289114         1.000000142115748      
   0.1172294504823203     
   -2.400000000000000        -4.227026579539560         0.000000000000000      
   0.5000000000000000         26.03589490685573         1.000000000000000      
    0.000000000000000     
   -2.400000000000000        -4.014206434341432        3.9684192357391207E-002 
   0.5001300990020727         26.03589490685573        0.9999972925729280      
   9.3838235991722058E-008
   -2.400000000000000        -3.803070304910810        7.4846905148984622E-002 
   0.5004718562131510         26.03621853266836        0.9999949590625408      
   2.8192729783062139E-007
   -2.400000000000000        -3.593549933081869        0.1050907313628276      
   0.5009606338222292         26.03579120145607        0.9999931643186399      
   7.2586307905945442E-007
   -2.400000000000000        -3.385574045583126        0.1305162270538917      
   0.5015932599314890         26.03466615796113        0.9999918275284315      
   1.7732865051164133E-006
   -2.400000000000000        -3.179068445902549        0.1515235402477521      
   0.5024182973969572         26.03284945827275        0.9999908617456456      
   4.1671073963755698E-006
   -2.400000000000000        -2.973956117362914        0.1687558997827441      
   0.5035250579913546         26.03031280863731        0.9999901834336090      
   9.4381093302996744E-006
   -2.400000000000000        -2.770157337224366        0.1830012214334016      
   0.5050355138170668         26.02699507887091        0.9999897190442387      
   2.0608036251850141E-005
   -2.400000000000000        -2.567589801560878        0.1950818153278027      
   0.5070986941917612         26.02279991772444        0.9999894083544568      
   4.3378341285289204E-005
   -2.400000000000000        -2.366168760586374        0.2057582751078313      
   0.5098872664136901         26.01759053401756        0.9999892050495736      
   8.8013580572312081E-005
   -2.400000000000000        -2.165807164036497        0.2156608578471514      
   0.5135954591067078         26.01118258119207        0.9999890755357104      
   1.7211160799073615E-004
   -2.400000000000000        -1.966415816142869        0.2252490550668002      
   0.5184368956539238         26.00333618822513        0.9999889968947513      
   3.2433185402279321E-004
   -2.400000000000000        -1.767903539669862        0.2347917649358337      
   0.5246403055301331         25.99374798423395        0.9999889546276517      
   5.8886949478806447E-004
   -2.400000000000000        -1.570177348419479        0.2443576901704803      
   0.5324404986019415         25.98204426536606        0.9999889406351438      
   1.0299837330662361E-003
   -2.400000000000000        -1.373142627548817        0.2538074800916664      
   0.5420615254924592         25.96777704883652        0.9999889513349214      
   1.7352527060828828E-003
   -2.400000000000000        -1.176703320987477        0.2627841577192887      
   0.5536888203023989         25.95042363230077        0.9999889854791483      
   2.8156014832743741E-003
   -2.400000000000000       -0.9807621251897585        0.2707051248013329      
   0.5674276476696072         25.92939271978335        0.9999890422619505      
   4.3998473534347608E-003
   -2.400000000000000       -0.7852206884089804        0.2767664182308883      
   0.5832468988340898         25.90404885004197        0.9999891210159323      
   6.6219364767973830E-003
   -2.400000000000000       -0.5899798146396622        0.2799767124634947      
   0.6009110540470171         25.87377084778199        0.9999892219779011      
   9.6005434360327737E-003
   -2.400000000000000       -0.3949396713377247        0.2792430152543981      
   0.6199099424844700         25.83805245232793        0.9999893459660382      
   1.3413267268033564E-002
   -2.400000000000000       -0.2000000000000011        0.2735289256048322      
   0.6394065281231583         25.79665016029750        0.9999894933370362      
   1.8070682331554930E-002
   -2.400000000000000       -5.0612032226220773E-003   0.2620938776738213      
   0.6582368519012893         25.74978442944991        0.9999896638586490      
   2.3497700584031261E-002
   -2.400000000000000        0.1899728225015762        0.2447887128745739      
   0.6750083269977160         25.69836040928698        0.9999898562645626      
   2.9529534018612257E-002
   -2.400000000000000        0.3851971143511089        0.2223196224751053      
   0.6883352530956975         25.64410967938082        0.9999900680100153      
   3.5926285229891448E-002
   -2.400000000000000        0.5807063267879043        0.1963129391085357      
   0.6971928202175133         25.58949168850933        0.9999902955128962      
   4.2403487546875111E-002
   -2.400000000000000        0.7765945422431204        0.1689941212861605      
   0.7012472658626767         25.53718724581077        0.9999905344443675      
   4.8670103289617406E-002
   -2.400000000000000        0.9729550842390562        0.1425127321529912      
   0.7009231072420286         25.48930133933253        0.9999907804866520      
   5.4464404402288870E-002
   -2.400000000000000         1.169880333731538        0.1184322697479871      
   0.6971609425459480         25.44693514265787        0.9999910297211601      
   5.9582671667011693E-002
   -2.400000000000000         1.367461549433629        9.7583379157194672E-002 
   0.6910728139035667         25.41024365788958        0.9999912789483800      
   6.3897487606324813E-002
   -2.400000000000000         1.565788692852865        8.0176544343151870E-002 
   0.6836770324450048         25.37874133475481        0.9999915256973518      
   6.7363326161361634E-002
   -2.400000000000000         1.764950258740411        6.6010316746001385E-002 
   0.6757674292783847         25.35163070661244        0.9999917680538429      
   7.0009304080868279E-002
   -2.400000000000000         1.965033111612069        5.4668194487904262E-002 
   0.6678895960331002         25.32804413286015        0.9999920047915510      
   7.1921845805524687E-002
   -2.400000000000000         2.166122328958343        4.5662370465288912E-002 
   0.6603754814835134         25.30718104433446        0.9999922351100282      
   7.3222133275195556E-002
   -2.400000000000000         2.368301051714338        3.8521344386845194E-002 
   0.6533978622056303         25.28836816469487        0.9999924585245208      
   7.4043652662155846E-002
   -2.400000000000000         2.571650342510284        3.2833717003302718E-002 
   0.6470229275815330         25.27107168348349        0.9999926752298216      
   7.4513987064040138E-002
   -2.400000000000000         2.776249052171010        2.8263010489721047E-002 
   0.6412521167226783         25.25488312509448        0.9999928861530333      
   7.4742975303349973E-002
   -2.400000000000000         2.982173694877646        2.4545843560834425E-002 
   0.6360517362147455         25.23949583822483        0.9999930924538225      
   7.4817333989011026E-002
   -2.400000000000000         3.189498332348288        2.1482130129457884E-002 
   0.6313721466156053         25.22468205655936        0.9999932950252873      
   7.4800431339797871E-002
   -2.400000000000000         3.398294467336542        1.8922714729487471E-002 
   0.6271591996293329         25.21027363821311        0.9999934943422848      
   7.4735308038797854E-002
   -2.400000000000000         3.608630946688375        1.6757433194763773E-002 
   0.6233604266773661         25.19614664770700        0.9999936905550755      
   7.4649128965031966E-002
   -2.400000000000000         3.820573874139177        1.4904964709415824E-002 
   0.6199279365143893         25.18220943703622        0.9999938836518844      
   7.4557726279177464E-002
   -2.400000000000000         4.034186532974921        1.3304857486496215E-002 
   0.6168194020822682         25.16839366160403        0.9999940735846750      
   7.4469469708950090E-002
   -2.400000000000000         4.249529318623878        1.1911588022058692E-002 
   0.6139980355143839         25.15464768931020        0.9999942603260140      
   7.4388182360737132E-002
   -2.400000000000000         4.466659681189796        1.0690294818301364E-002 
   0.6114320961620021         25.14093193100683        0.9999944438887408      
   7.4315133026096367E-002
   -2.400000000000000         4.685632077883227        9.6137851709069619E-003 
   0.6090942369796200         25.12721555091055        0.9999946243322282      
   7.4250285946920569E-002
   -2.400000000000000         4.906497935255945        8.6604589093273003E-003 
   0.6069608451754009         25.11347412000885        0.9999948017532884      
   7.4193023822338749E-002
   -2.400000000000000         5.129305621094297        7.8128691867058158E-003 
   0.6050114466697356         25.09968797051950        0.9999949762711635      
   7.4142532468562228E-002
   -2.400000000000000         5.354100425780786        7.0567162804173692E-003 
   0.6032281969088522         25.08584105382888        0.9999951480203260      
   7.4097986276901270E-002
   -2.400000000000000         5.580924552890115        6.3801329309646458E-003 
   0.6015954573763745         25.07192010860320        0.9999953171469489      
   7.4058625744961429E-002
   -2.400000000000000         5.809817118746128        5.7731663888068632E-003 
   0.6000994479452763         25.05791402452132        0.9999954837989108      
   7.4023781441195646E-002
   -2.400000000000000         6.040814160629681        5.2273947998091579E-003 
   0.5987279629951761         25.04381336698449        0.9999956481107676      
   7.3992874088526839E-002
   -2.400000000000000         6.273948653295052        4.7356370608477548E-003 
   0.5974701396781563         25.02961004514504        0.9999958101932411      
   7.3965405651376590E-002
   -2.400000000000000         6.509250533423568        4.2917291263683648E-003 
   0.5963162680678280         25.01529708554111        0.9999959701323948      
   7.3940948213600866E-002
   -2.400000000000000         6.746746731618209        3.8903486142555913E-003 
   0.5952576346513775         25.00086846619662        0.9999961279956646      
   7.3919133372518986E-002
   -2.400000000000000         6.986461211521710        3.5268752842131457E-003 
   0.5942863924201807         24.98631898282478        0.9999962838393859      
   7.3899643012278790E-002
   -2.400000000000000         7.228415015623348        3.1972786970417299E-003 
   0.5933954523623859         24.97164413693489        0.9999964377147045      
   7.3882201555682453E-002
   -2.400000000000000         7.472626317305855        2.8980268277929871E-003 
   0.5925783923269003         24.95684004206341        0.9999965896711115      
   7.3866569530392820E-002
   -2.400000000000000         7.719110478673879        2.6260110672875398E-003 
   0.5918293800895080         24.94190334577540        0.9999967397579690      
   7.3852538228530537E-002
   -2.400000000000000         7.967880113698818        2.3784841997252044E-003 
   0.5911431081083497         24.92683116623953        0.9999968880248675      
   7.3839925255074615E-002
   -2.400000000000000         8.218945156211536        2.1530087627578474E-003 
   0.5905147379543250         24.91162104122556        0.9999970345216406      
   7.3828570795730325E-002
   -2.400000000000000         8.472312932274409        1.9474137875027408E-003 
   0.5899398527859792         24.89627088552771        0.9999971792982747      
   7.3818334469535909E-002
   -2.400000000000000         8.727988236466917        1.7597583526982575E-003 
   0.5894144165547170         24.88077895349003        0.9999973224046033      
   7.3809092660113193E-002
   -2.400000000000000         8.985973411624599        1.5883007173186159E-003 
   0.5889347388892101         24.86514380582572        0.9999974638898035      
   7.3800736241806136E-002
   -2.400000000000000         9.246268431579237        1.4314720477280204E-003 
   0.5884974448104195         24.84936428108518        0.9999976038019569      
   7.3793168634038925E-002
   -2.400000000000000         9.508870986458517        1.2878539478916294E-003 
   0.5880994485773514         24.83343947132346        0.9999977421879125      
   7.3786304130267821E-002
   -2.400000000000000         9.773776570115773        1.1561591503815730E-003 
   0.5877379310805331         24.81736870053667        0.9999978790934350      
   7.3780066457941246E-002
   -2.400000000000000         10.04097856927476        1.0352148456090871E-003 
   0.5874103203005524         24.80115150440578        0.9999980145634868      
   7.3774387533768263E-002
   -2.400000000000000         10.31046835399012        9.2394822907094056E-004 
   0.5871142744336724         24.78478761052994        0.9999981486424704      
   7.3769206385027181E-002
   -2.400000000000000         10.58223536904130        8.2137394800176023E-004 
   0.5868476673507051         24.76827691904510        0.9999982813743736      
   7.3764468213435075E-002
   -2.400000000000000         10.85626722589636        7.2658326352848532E-004 
   0.5866085760926602         24.75161948390405        0.9999984128028335      
   7.3760123584576565E-002
   -2.400000000000000         11.13254979490064        6.3873498893236651E-004 
   0.5863952701029881         24.73481549509328        0.9999985429711344      
   7.3756127735859184E-002
   -2.400000000000000         11.41106729736590        5.5704878628337151E-004 
   0.5862062018167663         24.71786526200308        0.9999986719221603      
   7.3752440015194945E-002
   -2.400000000000000         11.69180239725550        4.8080252994969687E-004 
   0.5860399979959992         24.70076919813580        0.9999987996982508      
   7.3749023501781058E-002
   -2.400000000000000         11.97473629218198        4.0933771129160977E-004 
   0.5858954506594946         24.68352780705332        0.9999989263409109      
   7.3745844934950969E-002
   -2.400000000000000         12.25984880345458        3.4208086763003100E-004 
   0.5857715053155107         24.66614166948481        0.9999990518905768      
   7.3742875198666735E-002
   -2.400000000000000         12.54711846493471        2.7859474662739756E-004 
   0.5856672420468485         24.64861143234283        0.9999991763869408      
   7.3740090754164073E-002
   -2.400000000000000         12.83652261047853        2.1867797449723824E-004 
   0.5855818414299154         24.63093779920293        0.9999992998700464      
   7.3737476455535092E-002
   -2.400000000000000         13.12803745976597        1.6252891179926538E-004 
   0.5855145223438565         24.61312151521775        0.9999994223820807      
   7.3735029808119426E-002
   -2.400000000000000         13.42163820233561        1.1096408152492528E-004 
   0.5854644336693351         24.59516333363747        0.9999995439711367      
   7.3732765435759642E-002
   -2.400000000000000         13.71729907966468        6.5618582712517054E-005 
   0.5854304796523142         24.57706394899406        0.9999996646993848      
   7.3730715931286245E-002
   -2.400000000000000         14.01499346515192        2.8956248687109119E-005 
   0.5854110625700458         24.55882386748691        0.9999997846575266      
   7.3728921895693841E-002
   -2.400000000000000         14.31469394187969        3.8217640692247149E-006 
   0.5854037344162129         24.54044317956225        0.9999999039899031      
   7.3727402058810509E-002
   -2.400000000000000         14.61637237804932       -7.7461678040170111E-006 
   0.5854047477420631         24.52192119581541         1.000000022933845      
   7.3726097376379460E-002
   -2.400000000000000         14.92000000000000       -7.7461678040170111E-006 
   0.5854027210903625         24.50339921206856         1.000000141877787      
   7.3724792693948410E-002
   -2.160000000000000        -4.227026579539560         0.000000000000000      
   0.5000000000000000         23.63931902565741         1.000000000000000      
    0.000000000000000     
   -2.160000000000000        -4.014206434341432        3.9246981094865269E-002 
   0.5002594296926950         23.63931902565741        0.9999973342761400      
   5.6935438400378949E-008
   -2.160000000000000        -3.803070304910810        7.4093085800602004E-002 
   0.5009723088801568         23.64054918159194        0.9999950356372336      
   1.7077569987497793E-007
   -2.160000000000000        -3.593549933081869        0.1040728931511955      
   0.5020384193351164         23.64078431175524        0.9999932665624065      
   4.3876504769858988E-007
   -2.160000000000000        -3.385574045583126        0.1292226580332841      
   0.5034170507124717         23.64008947987799        0.9999919482289408      
   1.0695124442114780E-006
   -2.160000000000000        -3.179068445902549        0.1498887329491108      
   0.5051198691091683         23.63848337507145        0.9999909956372834      
   2.5076542290937653E-006
   -2.160000000000000        -2.973956117362914        0.1666695950417115      
   0.5072012713958243         23.63595078849088        0.9999903269675270      
   5.6671451391579664E-006
   -2.160000000000000        -2.770157337224366        0.1803155600545454      
   0.5097507325240598         23.63244457527995        0.9999898700297135      
   1.2348025097740734E-005
   -2.160000000000000        -2.567589801560878        0.1916165485758443      
   0.5128866600915456         23.62788444522031        0.9999895655773080      
   2.5939546597505332E-005
   -2.160000000000000        -2.366168760586374        0.2013044954862179      
   0.5167515424211772         23.62215378902544        0.9999893679488349      
   5.2532110775405665E-005
   -2.160000000000000        -2.165807164036497        0.2099843541711724      
   0.5215077850460903         23.61509534273642        0.9999892439190117      
   1.0255039236147571E-004
   -2.160000000000000        -1.966415816142869        0.2180951062309917      
   0.5273331510861605         23.60650679907123        0.9999891706609737      
   1.9294941300719684E-004
   -2.160000000000000        -1.767903539669862        0.2258939031552267      
   0.5344142298227685         23.59613750018318        0.9999891334575348      
   3.4985045772456205E-004
   -2.160000000000000        -1.570177348419479        0.2334535827610167      
   0.5429359244725236         23.58368699180854        0.9999891236118265      
   6.1121562890746291E-004
   -2.160000000000000        -1.373142627548817        0.2406654062655124      
   0.5530646986164076         23.56880741556273        0.9999891367570913      
   1.0287919609114808E-003
   -2.160000000000000        -1.176703320987477        0.2472432501882676      
   0.5649234815372777         23.55111188269612        0.9999891712695125      
   1.6681938976998616E-003
   -2.160000000000000       -0.9807621251897585        0.2527310672665674      
   0.5785570105135707         23.53019055672064        0.9999892266542491      
   2.6058162158722306E-003
   -2.160000000000000       -0.7852206884089804        0.2565209400486999      
   0.5938883679469342         23.50563938645735        0.9999893025112299      
   3.9215098736271742E-003
   -2.160000000000000       -0.5899798146396622        0.2578932477409525      
   0.6106709971242557         23.47710954607003        0.9999893984816463      
   5.6867986814984565E-003
   -2.160000000000000       -0.3949396713377247        0.2560916908547523      
   0.6284457929541729         23.44438268724891        0.9999895144578752      
   7.9498598547678503E-003
   -2.160000000000000       -0.2000000000000011        0.2504418141158785      
   0.6465194384393930         23.40746810425419        0.9999896502596309      
   1.0720196732500249E-002
   -2.160000000000000       -5.0612032226220773E-003   0.2405093606324711      
   0.6639859103869825         23.36671007401484        0.9999898053244696      
   1.3957185169663686E-002
   -2.160000000000000        0.1899728225015762        0.2262720129780215      
   0.6798134067139694         23.32287874032376        0.9999899785698458      
   1.7566655230110882E-002
   -2.160000000000000        0.3851971143511089        0.2082463452539596      
   0.6930051040848286         23.27719054751813        0.9999901681786794      
   2.1408045487735113E-002
   -2.160000000000000        0.5807063267879043        0.1874889896683863      
   0.7028063148503545         23.23119889649909        0.9999903717163628      
   2.5311204382947945E-002
   -2.160000000000000        0.7765945422431204        0.1654120731785257      
   0.7088815757675402         23.18652821235771        0.9999905862579761      
   2.9098810849381634E-002
   -2.160000000000000        0.9729550842390562        0.1434562719937000      
   0.7113669752247355         23.14453273698686        0.9999908087480127      
   3.2609134067252882E-002
   -2.160000000000000         1.169880333731538        0.1227991763329682      
   0.7107738364578331         23.10607288020443        0.9999910362150968      
   3.5714884411927626E-002
   -2.160000000000000         1.367461549433629        0.1042107085732735      
   0.7078132257402802         23.07148205902914        0.9999912660253257      
   3.8335289171773347E-002
   -2.160000000000000         1.565788692852865        8.8052745916961841E-002 
   0.7032268459672351         23.04067027051958        0.9999914959068836      
   4.0439915971793687E-002
   -2.160000000000000         1.764950258740411        7.4364065151499653E-002 
   0.6976720322645660         23.01327835729963        0.9999917240255355      
   4.2044418440545052E-002
   -2.160000000000000         1.965033111612069        6.2971643071809733E-002 
   0.6916677107434237         22.98881902972942        0.9999919490026823      
   4.3200058499451945E-002
   -2.160000000000000         2.166122328958343        5.3591391455136486E-002 
   0.6855862763176681         22.96677904863754        0.9999921698370168      
   4.3979999058504395E-002
   -2.160000000000000         2.368301051714338        4.5902999065177752E-002 
   0.6796715969378234         22.94668083896990        0.9999923860612191      
   4.4465568607445834E-002
   -2.160000000000000         2.571650342510284        3.9597340325230941E-002 
   0.6740672547586000         22.92811095353780        0.9999925978742137      
   4.4735014549547189E-002
   -2.160000000000000         2.776249052171010        3.4401405542372657E-002 
   0.6688451826700259         22.91072675541155        0.9999928058974991      
   4.4856072216020532E-002
   -2.160000000000000         2.982173694877646        3.0087503293605614E-002 
   0.6640299351516235         22.89425205726052        0.9999930107492558      
   4.4882467965998263E-002
   -2.160000000000000         3.189498332348288        2.6472893094849251E-002 
   0.6596171322699311         22.87846842327663        0.9999932128022762      
   4.4853608860874618E-002
   -2.160000000000000         3.398294467336542        2.3414527342953212E-002 
   0.6555863792637033         22.86320518709164        0.9999934121747275      
   4.4796323578841210E-002
   -2.160000000000000         3.608630946688375        2.0802016800755819E-002 
   0.6519097013782744         22.84832981674766        0.9999936088216582      
   4.4727545669292892E-002
   -2.160000000000000         3.820573874139177        1.8550631279679125E-002 
   0.6485566813962316         22.83373951037698        0.9999938026417730      
   4.4657103190397479E-002
   -2.160000000000000         4.034186532974921        1.6595209914630975E-002 
   0.6454973493769116         22.81935423608253        0.9999939935463281      
   4.4590124410549305E-002
   -2.160000000000000         4.249529318623878        1.4885263603317045E-002 
   0.6427036384210481         22.80511124342391        0.9999941814817240      
   4.4528867355496049E-002
   -2.160000000000000         4.466659681189796        1.3381229063268128E-002 
   0.6401499831624404         22.79096091494483        0.9999943664381435      
   4.4473979390951011E-002
   -2.160000000000000         4.685632077883227        1.2051692548104065E-002 
   0.6378134407027902         22.77686363089795        0.9999945484518216      
   4.4425291977200305E-002
   -2.160000000000000         4.906497935255945        1.0871367732639265E-002 
   0.6356735692146691         22.76278739724771        0.9999947275935601      
   4.4382282117751880E-002
   -2.160000000000000         5.129305621094297        9.8196319709389669E-003 
   0.6337122015846302         22.74870610320335        0.9999949039559303      
   4.4344317885285978E-002
   -2.160000000000000         5.354100425780786        8.8794636715587415E-003 
   0.6319131885623475         22.73459824363681        0.9999950776497042      
   4.4310775988470039E-002
   -2.160000000000000         5.580924552890115        8.0366633650398329E-003 
   0.6302621482263420         22.72044593708084        0.9999952488007560      
   4.4281089727698703E-002
   -2.160000000000000         5.809817118746128        7.2792747818481466E-003 
   0.6287462379553248         22.70623415266503        0.9999954175382875      
   4.4254762398178188E-002
   -2.160000000000000         6.040814160629681        6.5971478293207538E-003 
   0.6273539543705280         22.69195012325435        0.9999955839790341      
   4.4231365413000191E-002
   -2.160000000000000         6.273948653295052        5.9816034446883021E-003 
   0.6260749612049603         22.67758292234588        0.9999957482176911      
   4.4210530845724939E-002
   -2.160000000000000         6.509250533423568        5.4251726708175281E-003 
   0.6248999424615136         22.66312315903830        0.9999959103272479      
   4.4191942810085892E-002
   -2.160000000000000         6.746746731618209        4.9213906855361290E-003 
   0.6238204774084792         22.64856274328590        0.9999960703652688      
   4.4175329428215462E-002
   -2.160000000000000         6.986461211521710        4.4646322045296186E-003 
   0.6228289340983237         22.63389469404340        0.9999962283808824      
   4.4160455913682090E-002
   -2.160000000000000         7.228415015623348        4.0499785373412046E-003 
   0.6219183785311779         22.61911297997079        0.9999963844199518      
   4.4147118795132570E-002
   -2.160000000000000         7.472626317305855        3.6731092044678514E-003 
   0.6210824970097250         22.60421238708302        0.9999965385279940      
   4.4135141138095482E-002
   -2.160000000000000         7.719110478673879        3.3302128465737867E-003 
   0.6203155296108176         22.58918840921741        0.9999966907512807      
   4.4124368591108104E-002
   -2.160000000000000         7.967880113698818        3.0179134512638584E-003 
   0.6196122130368650         22.57403715879380        0.9999968411369721      
   4.4114666098975325E-002
   -2.160000000000000         8.218945156211536        2.7332088560815242E-003 
   0.6189677313902007         22.55875529437209        0.9999969897330361      
   4.4105915154171324E-002
   -2.160000000000000         8.472312932274409        2.4734191689963232E-003 
   0.6183776736477085         22.54333995986250        0.9999971365880945      
   4.4098011484175331E-002
   -2.160000000000000         8.727988236466917        2.2361432580114441E-003 
   0.6178379968263483         22.52778873150622        0.9999972817510253      
   4.4090863094478204E-002
   -2.160000000000000         8.985973411624599        2.0192218496814440E-003 
   0.6173449940192322         22.51209957160489        0.9999974252703603      
   4.4084388604051956E-002
   -2.160000000000000         9.246268431579237        1.8207060723211474E-003 
   0.6168952666284639         22.49627078905459        0.9999975671937807      
   4.4078515823101412E-002
   -2.160000000000000         9.508870986458517        1.6388305060351669E-003 
   0.6164857002279722         22.48030100578859        0.9999977075679455      
   4.4073180532849414E-002
   -2.160000000000000         9.773776570115773        1.4719899781703153E-003 
   0.6161134435768432         22.46418912729822        0.9999978464386212      
   4.4068325434749235E-002
   -2.160000000000000         10.04097856927476        1.3187194852976359E-003 
   0.6157758903831294         22.44793431551063        0.9999979838509395      
   4.4063899242511140E-002
   -2.160000000000000         10.31046835399012        1.1776767450870106E-003 
   0.6154706634879141         22.43153596303715        0.9999981198496095      
   4.4059855895216278E-002
   -2.160000000000000         10.58223536904130        1.0476270025082291E-003 
   0.6151956011938720         22.41499366855623        0.9999982544790361      
   4.4056153874185607E-002
   -2.160000000000000         10.85626722589636        9.2742987340727675E-004 
   0.6149487454964329         22.39830721347705        0.9999983877833460      
   4.4052755611191916E-002
   -2.160000000000000         11.13254979490064        8.1602829189420987E-004 
   0.6147283319776780         22.38147653999209        0.9999985198063635      
   4.4049626983170456E-002
   -2.160000000000000         11.41106729736590        7.1244022599972691E-004 
   0.6145327810640231         22.36450173050914        0.9999986505915491      
   4.4046736903160993E-002
   -2.160000000000000         11.69180239725550        6.1575511179625308E-004 
   0.6143606901605885         22.34738298836660        0.9999987801818465      
   4.4044057046894923E-002
   -2.160000000000000         11.97473629218198        5.2513954643315154E-004 
   0.6142108257073462         22.33012061933043        0.9999989086194074      
   4.4041561811165759E-002
   -2.160000000000000         12.25984880345458        4.3986139862017316E-004 
   0.6140821131575462         22.31271501308471        0.9999990359453467      
   4.4039228693403730E-002
   -2.160000000000000         12.54711846493471        3.5934822538567811E-004 
   0.6139736207830666         22.29516662434035        0.9999991622000354      
   4.4037039395938032E-002
   -2.160000000000000         12.83652261047853        2.8330226342835327E-004 
   0.6138845295085094         22.27747595183618        0.9999992874241759      
   4.4034982001925529E-002
   -2.160000000000000         13.12803745976597        2.1189225223999466E-004 
   0.6138140753807891         22.25964350722355        0.9999994116606298      
   4.4033054308833600E-002
   -2.160000000000000         13.42163820233561        1.4601657503448905E-004 
   0.6137614445218931         22.24166976022324        0.9999995349582258      
   4.4031267453977251E-002
   -2.160000000000000         13.71729907966468        8.7565779779601248E-005 
   0.6137255951036542         22.22355504570342        0.9999996573799881      
   4.4029646996475248E-002
   -2.160000000000000         14.01499346515192        3.9507069260858706E-005 
   0.6137049808597097         22.20529940807203        0.9999997790178524      
   4.4028225900820471E-002
   -2.160000000000000         14.31469394187969        5.5158040009346406E-006 
   0.6136971565110070         22.18690235646471        0.9999999000182359      
   4.4027021821655278E-002
   -2.160000000000000         14.61637237804932       -1.1120500891128866E-005 
   0.6136982473568527         22.16836250644864         1.000000020622437      
   4.4025991843741744E-002
   -2.160000000000000         14.92000000000000       -1.1120500891128866E-005 
   0.6136960656651613         22.14982265643257         1.000000141226637      
   4.4024961865828209E-002
   -1.920000000000000        -4.227026579539560         0.000000000000000      
   0.5000000000000000         21.24412081210185         1.000000000000000      
    0.000000000000000     
   -1.920000000000000        -4.014206434341432        3.8541924611774248E-002 
   0.5003666102916619         21.24412081210185        0.9999973759645507      
   3.3011608272248240E-008
   -1.920000000000000        -3.803070304910810        7.2833562251280445E-002 
   0.5013879795389863         21.24612163526754        0.9999951121218895      
   9.8837468779351882E-008
   -1.920000000000000        -3.593549933081869        0.1023477998099061      
   0.5029349336291948         21.24694043898705        0.9999933685823988      
   2.5335260170223276E-007
   -1.920000000000000        -3.385574045583126        0.1270591309218672      
   0.5049337628252709         21.24664966466700        0.9999920685246506      
   6.1604929883174666E-007
   -1.920000000000000        -3.179068445902549        0.1472605149092361      
   0.5073617297672423         21.24527790717409        0.9999911288830148      
   1.4408908340322421E-006
   -1.920000000000000        -2.973956117362914        0.1635048073248583      
   0.5102389641639269         21.24282189523597        0.9999904695346451      
   3.2485069028755574E-006
   -1.920000000000000        -2.770157337224366        0.1765036700413397      
   0.5136214649294567         21.23924880857054        0.9999900196308733      
   7.0617156456593004E-006
   -1.920000000000000        -2.567589801560878        0.1870145042930671      
   0.5175946890266878         21.23449601505844        0.9999897208778356      
   1.4801902917494965E-005
   -1.920000000000000        -2.366168760586374        0.1957423007865977      
   0.5222676333155321         21.22846960333855        0.9999895282440424      
   2.9914526147327199E-005
   -1.920000000000000        -2.165807164036497        0.2032708310284471      
   0.5277670755505440         21.22104241133786        0.9999894088738824      
   5.8286213841493548E-005
   -1.920000000000000        -1.966415816142869        0.2100251512187714      
   0.5342312849532520         21.21205234554722        0.9999893400696767      
   1.0947657361696280E-004
   -1.920000000000000        -1.767903539669862        0.2162590960764850      
   0.5418021361821835         21.20130237007633        0.9999893070341322      
   1.9819647579460989E-004
   -1.920000000000000        -1.570177348419479        0.2220584068444180      
   0.5506142665055995         21.18856284720540        0.9999893007604364      
   3.4581103043098912E-004
   -1.920000000000000        -1.373142627548817        0.2273513863638175      
   0.5607798264559432         21.17357722127320        0.9999893163117709      
   5.8144282387767392E-004
   -1.920000000000000        -1.176703320987477        0.2319227165906786      
   0.5723676726859688         21.15607316431430        0.9999893514716891      
   9.4205154008592787E-004
   -1.920000000000000       -0.9807621251897585        0.2354306145347902      
   0.5853767626079277         21.13578067596203        0.9999894055283951      
   1.4707675002675886E-003
   -1.920000000000000       -0.7852206884089804        0.2374315520906293      
   0.5997052380933507         21.11245871440066        0.9999894782656820      
   2.2128839704291343E-003
   -1.920000000000000       -0.5899798146396622        0.2374192624063419      
   0.6151193482373409         21.08593284922036        0.9999895694341275      
   3.2093668197184034E-003
   -1.920000000000000       -0.3949396713377247        0.2348845837695545      
   0.6312297867079859         21.05614491263375        0.9999896786768027      
   4.4885168630027887E-003
   -1.920000000000000       -0.2000000000000011        0.2293986232657858      
   0.6474863845781469         21.02321060911515        0.9999898055092268      
   6.0573400737180339E-003
   -1.920000000000000       -5.0612032226220773E-003   0.2207128834103270      
   0.6632036267534360         20.98747368497890        0.9999899491837192      
   7.8948715456964389E-003
   -1.920000000000000        0.1899728225015762        0.2088569332623418      
   0.6776265312757516         20.94953905479825        0.9999901086305596      
   9.9497403507070592E-003
   -1.920000000000000        0.3851971143511089        0.1942000616530006      
   0.6900356036749900         20.91026008157840        0.9999902823837225      
   1.2143498555191624E-002
   -1.920000000000000        0.5807063267879043        0.1774394501937157      
   0.6998703510410079         20.87065992055698        0.9999904685962825      
   1.4379493375636177E-002
   -1.920000000000000        0.7765945422431204        0.1594956741762619      
   0.7068315648959418         20.83178930887906        0.9999906651217404      
   1.6555407670947160E-002
   -1.920000000000000        0.9729550842390562        0.1413415289369844      
   0.7109206241832972         20.79456099836224        0.9999908696593192      
   1.8576643383291781E-002
   -1.920000000000000         1.169880333731538        0.1238342562512560      
   0.7124024921272440         20.75962841635192        0.9999910799043279      
   2.0367805491588040E-002
   -1.920000000000000         1.367461549433629        0.1076080630211638      
   0.7117167403950024         20.72734404243191        0.9999912936910421      
   2.1880253492550482E-002
   -1.920000000000000         1.565788692852865        9.3041749387782632E-002 
   0.7093758625914983         20.69778880250973        0.9999915090724124      
   2.3094694119632875E-002
   -1.920000000000000         1.764950258740411        8.0284283160044434E-002 
   0.7058811873348777         20.67084075563283        0.9999917244195199      
   2.4018919528485169E-002
   -1.920000000000000         1.965033111612069        6.9310573229962771E-002 
   0.7016693113411107         20.64625210707235        0.9999919384540559      
   2.4681818999713178E-002
   -1.920000000000000         2.166122328958343        5.9983744123980734E-002 
   0.6970880960554839         20.62371570372312        0.9999921503144314      
   2.5125436210337481E-002
   -1.920000000000000         2.368301051714338        5.2109386815587438E-002 
   0.6923944448378190         20.60291289339301        0.9999923596405783      
   2.5396945615218866E-002
   -1.920000000000000         2.571650342510284        4.5475728146290355E-002 
   0.6877648426842158         20.58354268934510        0.9999925664900254      
   2.5542023997500780E-002
   -1.920000000000000         2.776249052171010        3.9879335126395341E-002 
   0.6833113140477350         20.56533657401073        0.9999927710790897      
   2.5600411949661263E-002
   -1.920000000000000         2.982173694877646        3.5138871325515048E-002 
   0.6790979601320282         20.54806399182836        0.9999929735540928      
   2.5603763231223452E-002
   -1.920000000000000         3.189498332348288        3.1100342012969392E-002 
   0.6751554767876127         20.53153216909486        0.9999931739210065      
   2.5575371762655480E-002
   -1.920000000000000         3.398294467336542        2.7637050337964500E-002 
   0.6714926549948435         20.51558270839403        0.9999933720724349      
   2.5531128372173775E-002
   -1.920000000000000         3.608630946688375        2.4646776738526055E-002 
   0.6681048306202245         20.50008685624703        0.9999935678475920      
   2.5481061820093465E-002
   -1.920000000000000         3.820573874139177        2.2047885825384771E-002 
   0.6649797222417886         20.48494053100805        0.9999937610939804      
   2.5430968621491783E-002
   -1.920000000000000         4.034186532974921        1.9775369419277128E-002 
   0.6621012487818865         20.47005965398632        0.9999939516949672      
   2.5383834268159437E-002
   -1.920000000000000         4.249529318623878        1.7777326943400527E-002 
   0.6594518964347416         20.45537616225734        0.9999941395735693      
   2.5340923423152608E-002
   -1.920000000000000         4.466659681189796        1.6012060128481661E-002 
   0.6570141035408510         20.44083476268998        0.9999943246982652      
   2.5302535797572454E-002
   -1.920000000000000         4.685632077883227        1.4445779938859270E-002 
   0.6547710132039137         20.42639028243649        0.9999945070819392      
   2.5268485779782520E-002
   -1.920000000000000         4.906497935255945        1.3050843517701163E-002 
   0.6527068379020317         20.41200555574478        0.9999946867686778      
   2.5238381987902864E-002
   -1.920000000000000         5.129305621094297        1.1804416271106219E-002 
   0.6508069973026948         20.39764980550030        0.9999948638247533      
   2.5211776147927332E-002
   -1.920000000000000         5.354100425780786        1.0687459917867945E-002 
   0.6490581301062797         20.38329738887952        0.9999950383381984      
   2.5188234023283743E-002
   -1.920000000000000         5.580924552890115        9.6839643315531371E-003 
   0.6474480404777119         20.36892678333909        0.9999952104143939      
   2.5167363743524566E-002
   -1.920000000000000         5.809817118746128        8.7803598917900443E-003 
   0.6459656144936463         20.35451976896240        0.9999953801620040      
   2.5148822956091367E-002
   -1.920000000000000         6.040814160629681        7.9650634280533684E-003 
   0.6446007265787553         20.34006079961567        0.9999955476773343      
   2.5132316660758255E-002
   -1.920000000000000         6.273948653295052        7.2281235262460835E-003 
   0.6433441464233713         20.32553653749802        0.9999957130367731      
   2.5117591724106551E-002
   -1.920000000000000         6.509250533423568        6.5609403499328443E-003 
   0.6421874513223843         20.31093550242317        0.9999958762986884      
   2.5104430808530760E-002
   -1.920000000000000         6.746746731618209        5.9560419418849550E-003 
   0.6411229459331667         20.29624779145697        0.9999960375098054      
   2.5092646791847369E-002
   -1.920000000000000         6.986461211521710        5.4069038613994806E-003 
   0.6401435900340879         20.28146484641795        0.9999961967113905      
   2.5082077988164149E-002
   -1.920000000000000         7.228415015623348        4.9078024751163709E-003 
   0.6392429341657645         20.26657926037981        0.9999963539435005      
   2.5072584168068485E-002
   -1.920000000000000         7.472626317305855        4.4536946656388229E-003 
   0.6384150626632210         20.25158461665429        0.9999965092471871      
   2.5064043272596363E-002
   -1.920000000000000         7.719110478673879        4.0401184796351984E-003 
   0.6376545434191161         20.23647535525857        0.9999966626651332      
   2.5056348698240180E-002
   -1.920000000000000         7.967880113698818        3.6631105210858327E-003 
   0.6369563836750236         20.22124666358358        0.9999968142415689      
   2.5049407043254736E-002
   -1.920000000000000         8.218945156211536        3.3191368408189859E-003 
   0.6363159911463183         20.20589438673153        0.9999969640221070      
   2.5043136225511051E-002
   -1.920000000000000         8.472312932274409        3.0050347784881873E-003 
   0.6357291398282905         20.19041495162078        0.9999971120535127      
   2.5037463900855438E-002
   -1.920000000000000         8.727988236466917        2.7179637497243407E-003 
   0.6351919399080393         20.17480530084661        0.9999972583832010      
   2.5032326126216607E-002
   -1.920000000000000         8.985973411624599        2.4553633837949475E-003 
   0.6347008112938622         20.15906283531102        0.9999974030585387      
   2.5027666223579912E-002
   -1.920000000000000         9.246268431579237        2.2149177332841403E-003 
   0.6342524603423736         20.14318536541916        0.9999975461262973      
   2.5023433810023459E-002
   -1.920000000000000         9.508870986458517        1.9945245205644940E-003 
   0.6338438594126645         20.12717106950667        0.9999976876324640      
   2.5019583965935687E-002
   -1.920000000000000         9.773776570115773        1.7922685773895902E-003 
   0.6334722289225572         20.11101845733827        0.9999978276223621      
   2.5016076518866164E-002
   -1.920000000000000         10.04097856927476        1.6063987900514455E-003 
   0.6331350216312456         20.09472633679124        0.9999979661408814      
   2.5012875424644615E-002
   -1.920000000000000         10.31046835399012        1.4353079972122037E-003 
   0.6328299089199854         20.07829378264419        0.9999981032326535      
   2.5009948230812023E-002
   -1.920000000000000         10.58223536904130        1.2775154212007001E-003 
   0.6325547688812175         20.06172010713678        0.9999982389421307      
   2.5007265610477589E-002
   -1.920000000000000         10.85626722589636        1.1316513887034718E-003 
   0.6323076760517974         20.04500483231996        0.9999983733135775      
   2.5004800958156895E-002
   -1.920000000000000         11.13254979490064        9.9644440949341767E-004 
   0.6320868926284764         20.02814766412890        0.9999985063910153      
   2.5002530044445054E-002
   -1.920000000000000         11.41106729736590        8.7071134267481542E-004 
   0.6318908609573910         20.01114846792885        0.9999986382181434      
   2.5000430736588062E-002
   -1.920000000000000         11.69180239725550        7.5335280685025013E-004 
   0.6317181969298461         19.99400724517075        0.9999987688381857      
   2.4998482812832745E-002
   -1.920000000000000         11.97473629218198        6.4335888646225279E-004 
   0.6315676834955115         19.97672411034831        0.9999988982936397      
   2.4996667938382171E-002
   -1.920000000000000         12.25984880345458        5.3983541255275672E-004 
   0.6314382625150885         19.95929926697552        0.9999990266260321      
   2.4994969937069993E-002
   -1.920000000000000         12.54711846493471        4.4206889176559810E-004 
   0.6313290211005727         19.94173298145718        0.9999991538761769      
   2.4993375575838445E-002
   -1.920000000000000         12.83652261047853        3.4965607658090319E-004 
   0.6312391647667289         19.92402555257367        0.9999992800851978      
   2.4991876117326006E-002
   -1.920000000000000         13.12803745976597        2.6272372126120519E-004 
   0.6311679636565990         19.90617726902609        0.9999994052963967      
   2.4990469727729173E-002
   -1.920000000000000         13.42163820233561        1.8223861552563311E-004 
   0.6311146502889253         19.88818834274903        0.9999995295590823      
   2.4989164177785059E-002
   -1.920000000000000         13.71729907966468        1.1033885242342644E-004 
   0.6310782402539248         19.87005880630540        0.9999996529368138      
   2.4987977885709917E-002
   -1.920000000000000         14.01499346515192        5.0505705789093292E-005 
   0.6310572455378566         19.85178835646184        0.9999997755222944      
   2.4986935329951193E-002
   -1.920000000000000         14.31469394187969        7.2931469845197071E-006 
   0.6310492562505909         19.83337612644776        0.9999998974631694      
   2.4986051037224091E-002
   -1.920000000000000         14.61637237804932       -1.4659716753852193E-005 
   0.6310503736679023         19.81482037775125         1.000000019003106      
   2.4985295942309749E-002
   -1.920000000000000         14.92000000000000       -1.4659716753852193E-005 
   0.6310481388332797         19.79626462905475         1.000000140543043      
   2.4984540847395407E-002
   -1.679999999999999        -4.227026579539560         0.000000000000000      
   0.5000000000000000         18.85053581238038         1.000000000000000      
    0.000000000000000     
   -1.679999999999999        -4.014206434341432        3.7617881255276583E-002 
   0.5004527870097761         18.85053581238038        0.9999974173700249      
   1.8304983698135777E-008
   -1.679999999999999        -3.803070304910810        7.1158433518989317E-002 
   0.5017231643576953         18.85317563890991        0.9999951880221655      
   5.4697471774934791E-008
   -1.679999999999999        -3.593549933081869        0.1000409164150734      
   0.5036593640658432         18.85449859600748        0.9999934697171365      
   1.3985758146725339E-007
   -1.679999999999999        -3.385574045583126        0.1241825920611525      
   0.5061595477640866         18.85458069980783        0.9999921876391876      
   3.3917790992011790E-007
   -1.679999999999999        -3.179068445902549        0.1438252785189430      
   0.5091699341850655         18.85345779697136        0.9999912606336466      
   7.9121333434664858E-007
   -1.679999999999999        -2.973956117362914        0.1594770049994795      
   0.5126784159468762         18.85113691345665        0.9999906102421396      
   1.7791845797497376E-006
   -1.679999999999999        -2.770157337224366        0.1718111178483953      
   0.5167084708969678         18.84759883557425        0.9999901669385601      
   3.8579922863165399E-006
   -1.679999999999999        -2.567589801560878        0.1815533648708083      
   0.5213128393135366         18.84279854406997        0.9999898733649071      
   8.0674027010462535E-006
   -1.679999999999999        -2.366168760586374        0.1893839545938855      
   0.5265670093018895         18.83666490319520        0.9999896850882921      
   1.6267658326714762E-005
   -1.679999999999999        -2.165807164036497        0.1958693184040853      
   0.5325624524248160         18.82910046077013        0.9999895696097306      
   3.1630553205234660E-005
   -1.679999999999999        -1.966415816142869        0.2014259593834957      
   0.5393993109311588         18.81998174598423        0.9999895043884786      
   5.9298058543871493E-005
   -1.679999999999999        -1.767903539669862        0.2063104651381640      
   0.5471779551128496         18.80916112184081        0.9999894746060719      
   1.0717229687842741E-004
   -1.679999999999999        -1.570177348419479        0.2106265693155018      
   0.5559886233141830         18.79647107987694        0.9999894710941820      
   1.8671982067505909E-004
   -1.679999999999999        -1.373142627548817        0.2143410519645997      
   0.5658983456588024         18.78173134040548        0.9999894885964443      
   3.1356672816240021E-004
   -1.679999999999999        -1.176703320987477        0.2173034567854855      
   0.5769346592212340         18.76475984043126        0.9999895244432117      
   5.0755643532630684E-004
   -1.679999999999999       -0.9807621251897585        0.2192683676225363      
   0.5890663769473825         18.74538879490605        0.9999895775329355      
   7.9188946893939290E-004
   -1.679999999999999       -0.7852206884089804        0.2199220957957650      
   0.6021829529780538         18.72348617403663        0.9999896475108977      
   1.1910288108157975E-003
   -1.679999999999999       -0.5899798146396622        0.2189172615537198      
   0.6160757442684137         18.69898265734602        0.9999897341980230      
   1.7272865802937466E-003
   -1.679999999999999       -0.3949396713377247        0.2159182904508945      
   0.6304264175327672         18.67190294979516        0.9999898373017491      
   2.4164067183520687E-003
   -1.679999999999999       -0.2000000000000011        0.2106578548196887      
   0.6448092007993889         18.64239791903844        0.9999899563287756      
   3.2629337229781491E-003
   -1.679999999999999       -5.0612032226220773E-003   0.2029988395314812      
   0.6587135174931584         18.61077047456127        0.9999900905376168      
   4.2565237861270080E-003
   -1.679999999999999        0.1899728225015762        0.1929896058155713      
   0.6715906120230150         18.57748505517637        0.9999902389192219      
   5.3704041775138175E-003
   -1.679999999999999        0.3851971143511089        0.1808943622141911      
   0.6829209137077938         18.54314965371977        0.9999904002035108      
   6.5628440658166429E-003
   -1.679999999999999        0.5807063267879043        0.1671815097798441      
   0.6922890506025007         18.50846452512137        0.9999905728716753      
   7.7816450726063647E-003
   -1.679999999999999        0.7765945422431204        0.1524638023519418      
   0.6994456537288107         18.47414305734364        0.9999907552138967      
   8.9708015029810392E-003
   -1.679999999999999        0.9729550842390562        0.1374040829263764      
   0.7043359024607083         18.44082411412538        0.9999909454027907      
   1.0077881817057325E-002
   -1.679999999999999         1.169880333731538        0.1226172958164214      
   0.7070870115634968         18.40900295181897        0.9999911415952711      
   1.1060563612003367E-002
   -1.679999999999999         1.367461549433629        0.1085975488125016      
   0.7079632810976861         18.37899791762812        0.9999913420233260      
   1.1891067798841809E-002
   -1.679999999999999         1.565788692852865        9.5683401510665872E-002 
   0.7073067285219792         18.35095378685876        0.9999915450844796      
   1.2557822658234985E-002
   -1.679999999999999         1.764950258740411        8.4058569804290911E-002 
   0.7054806390706005         18.32487053725638        0.9999917494196785      
   1.3064373209875718E-002
   -1.679999999999999         1.965033111612069        7.3776384857783900E-002 
   0.7028267362175771         18.30064351523546        0.9999919539680154      
   1.3426156595980126E-002
   -1.679999999999999         2.166122328958343        6.4794872037701123E-002 
   0.6996393085008059         18.27810351177411        0.9999921580156280      
   1.3666134350081892E-002
   -1.679999999999999         2.368301051714338        5.7012201060155948E-002 
   0.6961544770628688         18.25704998137673        0.9999923611742241      
   1.3810331671048460E-002
   -1.679999999999999         2.571650342510284        5.0296473163987880E-002 
   0.6925504156452399         18.23727519884641        0.9999925632606983      
   1.3884115995772609E-002
   -1.679999999999999         2.776249052171010        4.4507511398065067E-002 
   0.6889540447114462         18.21857998400478        0.9999927641435988      
   1.3909672280827066E-002
   -1.679999999999999         2.982173694877646        3.9510809978514763E-002 
   0.6854505428845916         18.20078270654585        0.9999929636578606      
   1.3904746303080445E-002
   -1.679999999999999         3.189498332348288        3.5185086407905963E-002 
   0.6820931924768863         18.18372326784163        0.9999931615943980      
   1.3882441699602011E-002
   -1.679999999999999         3.398294467336542        3.1425275140716878E-002 
   0.6789121622964404         18.16726376798976        0.9999933577192178      
   1.3851718124830546E-002
   -1.679999999999999         3.608630946688375        2.8142661595879644E-002 
   0.6759216439088035         18.15128728027126        0.9999935518098205      
   1.3818232593027972E-002
   -1.679999999999999         3.820573874139177        2.5263475975084212E-002 
   0.6731252717468439         18.13569560380602        0.9999937436827973      
   1.3785244718974543E-002
   -1.679999999999999         4.034186532974921        2.2726846063998482E-002 
   0.6705200286974455         18.12040666967407        0.9999939331957137      
   1.3754414736981085E-002
   -1.679999999999999         4.249529318623878        2.0482649070145940E-002 
   0.6680989415080483         18.10535206411032        0.9999941202479219      
   1.3726420836314689E-002
   -1.679999999999999         4.466659681189796        1.8489540183837763E-002 
   0.6658528727929292         18.09047477241184        0.9999943047866590      
   1.3701390218707622E-002
   -1.679999999999999         4.685632077883227        1.6713268088523376E-002 
   0.6637716724504825         18.07572716589878        0.9999944868006879      
   1.3679174247709203E-002
   -1.679999999999999         4.906497935255945        1.5125293863292567E-002 
   0.6618448934190286         18.06106932002284        0.9999946663070441      
   1.3659509561621449E-002
   -1.679999999999999         5.129305621094297        1.3701684563403741E-002 
   0.6600622205988427         18.04646766298510        0.9999948433471946      
   1.3642104091481038E-002
   -1.679999999999999         5.354100425780786        1.2422236661519859E-002 
   0.6584137154389491         18.03189385644436        0.9999950179879208      
   1.3626677969439489E-002
   -1.679999999999999         5.580924552890115        1.1269783918623032E-002 
   0.6568899446858212         18.01732384600988        0.9999951903137333      
   1.3612979643431115E-002
   -1.679999999999999         5.809817118746128        1.0229650112133924E-002 
   0.6554820381884126         18.00273708134941        0.9999953604108252      
   1.3600789621845235E-002
   -1.679999999999999         6.040814160629681        9.2892144182370566E-003 
   0.6541817044438033         17.98811590854682        0.9999955283530091      
   1.3589918778548146E-002
   -1.679999999999999         6.273948653295052        8.4375641150464670E-003 
   0.6529812216686195         17.97344510698226        0.9999956941970413      
   1.3580204745181857E-002
   -1.679999999999999         6.509250533423568        7.6652150660564498E-003 
   0.6518734152119466         17.95871152472365        0.9999958579860497      
   1.3571508005797601E-002
   -1.679999999999999         6.746746731618209        6.9638850902153607E-003 
   0.6508516279132629         17.94390377689210        0.9999960197556312      
   1.3563708329255780E-002
   -1.679999999999999         6.986461211521710        6.3263089067761933E-003 
   0.6499096874914700         17.92901199185470        0.9999961795389749      
   1.3556701719586796E-002
   -1.679999999999999         7.228415015623348        5.7460860161210429E-003 
   0.6490418734559527         17.91402759852877        0.9999963373700913      
   1.3550397877665968E-002
   -1.679999999999999         7.472626317305855        5.2175548591660275E-003 
   0.6482428849867994         17.89894314816961        0.9999964932852660      
   1.3544718105662292E-002
   -1.679999999999999         7.719110478673879        4.7356880878674078E-003 
   0.6475078105794307         17.88375216571124        0.9999966473232514      
   1.3539593575872094E-002
   -1.679999999999999         7.967880113698818        4.2960049080533105E-003 
   0.6468320998475765         17.86844902715523        0.9999967995249990      
   1.3534963894004184E-002
   -1.679999999999999         8.218945156211536        3.8944973104627998E-003 
   0.6462115376202995         17.85302885779183        0.9999969499334204      
   1.3530775899672505E-002
   -1.679999999999999         8.472312932274409        3.5275676606917072E-003 
   0.6456422203168224         17.83748744508285        0.9999970985930680      
   1.3526982658719339E-002
   -1.679999999999999         8.727988236466917        3.1919756294896354E-003 
   0.6451205345167579         17.82182116253382        0.9999972455495139      
   1.3523542611709693E-002
   -1.679999999999999         8.985973411624599        2.8847928437080879E-003 
   0.6446431376194822         17.80602690380957        0.9999973908485690      
   1.3520418850508240E-002
   -1.679999999999999         9.246268431579237        2.6033639467137018E-003 
   0.6442069404682860         17.79010202665924        0.9999975345357148      
   1.3517578500647928E-002
   -1.679999999999999         9.508870986458517        2.3452729972241065E-003 
   0.6438090917996814         17.77404430491431        0.9999976766559155      
   1.3514992191633296E-002
   -1.679999999999999         9.773776570115773        2.1083143275430864E-003 
   0.6434469643773020         17.75785188617494        0.9999978172537315      
   1.3512633600742023E-002
   -1.679999999999999         10.04097856927476        1.8904671406895358E-003 
   0.6431181426840902         17.74152325325329        0.9999979563735167      
   1.3510479058574918E-002
   -1.679999999999999         10.31046835399012        1.6898732638938162E-003 
   0.6428204120669498         17.72505718828167        0.9999980940595561      
   1.3508507206797268E-002
   -1.679999999999999         10.58223536904130        1.5048176143339538E-003 
   0.6425517492468598         17.70845273909331        0.9999982303560889      
   1.3506698700491301E-002
   -1.679999999999999         10.85626722589636        1.3337111170525014E-003 
   0.6423103141197846         17.69170918778672        0.9999983653072696      
   1.3505035949767218E-002
   -1.679999999999999         11.13254979490064        1.1750761485641885E-003 
   0.6420944427709735         17.67482602124234        0.9999984989570758      
   1.3503502898720184E-002
   -1.679999999999999         11.41106729736590        1.0275352930600185E-003 
   0.6419026415827298         17.65780290312678        0.9999986313492131      
   1.3502084846471380E-002
   -1.679999999999999         11.69180239725550        8.8980575413427263E-004 
   0.6417335821705052         17.64063964680187        0.9999987625269638      
   1.3500768328630619E-002
   -1.679999999999999         11.97473629218198        7.6070495581408550E-004 
   0.6415860964857882         17.62333618814953        0.9999988925329508      
   1.3499541103736835E-002
   -1.679999999999999         12.25984880345458        6.3917870288235520E-004 
   0.6414591704660861         17.60589255677819        0.9999990214089250      
   1.3498392333122087E-002
   -1.679999999999999         12.54711846493471        5.2437217340507280E-004 
   0.6413519325545389         17.58830884407722        0.9999991491959731      
   1.3497313098738655E-002
   -1.679999999999999         12.83652261047853        4.1577360497710523E-004 
   0.6412636295350382         17.57058516578650        0.9999992759354943      
   1.3496297433158758E-002
   -1.679999999999999         13.12803745976597        3.1346192096826293E-004 
   0.6411935758568350         17.55272161274468        0.9999994016710811      
   1.3495343934898915E-002
   -1.679999999999999         13.42163820233561        2.1846480195540920E-004 
   0.6411410543459757         17.53471817978843        0.9999995264523772      
   1.3494457627867619E-002
   -1.679999999999999         13.71729907966468        1.3316211048698803E-004 
   0.6411051384999633         17.51657466434321        0.9999996503432874      
   1.3493650809814097E-002
   -1.679999999999999         14.01499346515192        6.1551324674065066E-005 
   0.6410844044041681         17.49829052365457        0.9999997734369895      
   1.3492940243703677E-002
   -1.679999999999999         14.31469394187969        9.0821234090503624E-006 
   0.6410765076273774         17.47986468154381        0.9999998958818589      
   1.3492336628412850E-002
   -1.679999999999999         14.61637237804932       -1.8221346180577785E-005 
   0.6410776127474543         17.46129528818471         1.000000017922956      
   1.3491821500915591E-002
   -1.679999999999999         14.92000000000000       -1.8221346180577785E-005 
   0.6410754025073007         17.44272589482561         1.000000139964052      
   1.3491306373418332E-002
   -1.440000000000001        -4.227026579539560         0.000000000000000      
   0.5000000000000000         16.45872790395661         1.000000000000000      
    0.000000000000000     
   -1.440000000000001        -4.014206434341432        3.6520363759103169E-002 
   0.5005197688007847         16.45872790395661        0.9999974582545672      
   9.7165096887250016E-009
   -1.440000000000001        -3.803070304910810        6.9151839329168768E-002 
   0.5019847004428245         16.46188367244306        0.9999952629048624      
   2.8972676030890494E-008
   -1.440000000000001        -3.593549933081869        9.7269175828979690E-002 
   0.5042263013565225         16.46363343418754        0.9999935693927705      
   7.3883443470037276E-008
   -1.440000000000001        -3.385574045583126        0.1207382909009379      
   0.5071195549350715         16.46405369322684        0.9999923049039707      
   1.7867483465124833E-007
   -1.440000000000001        -3.179068445902549        0.1397533835547470      
   0.5105835784787048         16.46318512082161        0.9999913901669074      
   4.1562800357501608E-007
   -1.440000000000001        -2.973956117362914        0.1547795376209382      
   0.5145770906668161         16.46104312892077        0.9999907483421415      
   9.3203865566529553E-007
   -1.440000000000001        -2.770157337224366        0.1664528941400883      
   0.5190934638780864         16.45762058071640        0.9999903111950398      
   2.0156591264746436E-006
   -1.440000000000001        -2.567589801560878        0.1754687242404068      
   0.5241548356837655         16.45288877775581        0.9999900223001619      
   4.2042166376630960E-006
   -1.440000000000001        -2.366168760586374        0.1824843160214903      
   0.5298054560688000         16.44679783710113        0.9999898378125216      
   8.4573679270531301E-006
   -1.440000000000001        -2.165807164036497        0.1880515540825287      
   0.5361044676033493         16.43927749152525        0.9999897255616781      
   1.6407733558295264E-005
   -1.440000000000001        -1.966415816142869        0.1925818666769218      
   0.5431181679486465         16.43023867288419        0.9999896631649206      
   3.0696982347206074E-005
   -1.440000000000001        -1.767903539669862        0.1963379125133659      
   0.5509115863839984         16.41957636584257        0.9999896358227270      
   5.5378545821166460E-005
   -1.440000000000001        -1.570177348419479        0.1994430466426609      
   0.5595390375592224         16.40717443797525        0.9999896342728642      
   9.6327896595750688E-005
   -1.440000000000001        -1.373142627548817        0.2019002241525179      
   0.5690333080664993         16.39291276627896        0.9999896530772289      
   1.6154797190048883E-004
   -1.440000000000001        -1.176703320987477        0.2036147640994139      
   0.5793933685609425         16.37667694702781        0.9999896892929421      
   2.6120485519231357E-004
   -1.440000000000001       -0.9807621251897585        0.2044186393256543      
   0.5905710423151751         16.35837113798370        0.9999897415073992      
   4.0720223082780572E-004
   -1.440000000000001       -0.7852206884089804        0.2040965392652084      
   0.6024579057526032         16.33793401580992        0.9999898091319592      
   6.1213404780651652E-004
   -1.440000000000001       -0.5899798146396622        0.2024152452684601      
   0.6148747475370069         16.31535714845445        0.9999898919005950      
   8.8756853254286726E-004
   -1.440000000000001       -0.3949396713377247        0.1991575785296153      
   0.6275669156442143         16.29070430772173        0.9999899895526865      
   1.2418127679838728E-003
   -1.440000000000001       -0.2000000000000011        0.1941603113072730      
   0.6402093725307985         16.26412893648301        0.9999901016701894      
   1.6775425479838096E-003
   -1.440000000000001       -5.0612032226220773E-003   0.1873523566658457      
   0.6524246582455693         16.23588573270561        0.9999902276150763      
   2.1898684518739495E-003
   -1.440000000000001        0.1899728225015762        0.1787861965563471      
   0.6638148448210435         16.20633118125361        0.9999903665141143      
   2.7654467931129720E-003
   -1.440000000000001        0.3851971143511089        0.1686530035065493      
   0.6740045862210596         16.17590793805120        0.9999905172816835      
   3.3830966391185926E-003
   -1.440000000000001        0.5807063267879043        0.1572736661145308      
   0.6826873733213559         16.14511203450387        0.9999906786469673      
   4.0159779568495124E-003
   -1.440000000000001        0.7765945422431204        0.1450638277285125      
   0.6896638548201881         16.11444697668678        0.9999908492014490      
   4.6349573817799968E-003
   -1.440000000000001        0.9729550842390562        0.1324800947753459      
   0.6948619926384840         16.08437424375727        0.9999910274558919      
   5.2124520590326635E-003
   -1.440000000000001         1.169880333731538        0.1199618893289888      
   0.6983343954286589         16.05527219602248        0.9999912119122245      
   5.7259248818786511E-003
   -1.440000000000001         1.367461549433629        0.1078837412451669      
   0.7002357763522769         16.02741206727087        0.9999914011326845      
   6.1603295813534879E-003
   -1.440000000000001         1.565788692852865        9.6526910481232187E-002 
   0.7007888602224503         16.00095314815740        0.9999915938107274      
   6.5091063258312749E-003
   -1.440000000000001         1.764950258740411        8.6071604667492502E-002 
   0.7002482177038597         15.97595352604601        0.9999917888245892      
   6.7737042300718845E-003
   -1.440000000000001         1.965033111612069        7.6605465397758782E-002 
   0.6988692903098690         15.95239013121671        0.9999919852749225      
   6.9619439444883581E-003
   -1.440000000000001         2.166122328958343        6.8141682033164008E-002 
   0.6968863329942363         15.93018184468226        0.9999921824885976      
   7.0857411168758593E-003
   -1.440000000000001         2.368301051714338        6.0640437692408705E-002 
   0.6944998260600259         15.90921123022752        0.9999923799736140      
   7.1587499828221299E-003
   -1.440000000000001         2.571650342510284        5.4029134308870158E-002 
   0.6918718735628581         15.88934249817534        0.9999925773421223      
   7.1943754353696425E-003
   -1.440000000000001         2.776249052171010        4.8218885442957410E-002 
   0.6891272504384641         15.87043496621065        0.9999927742445606      
   7.2044057996855102E-003
   -1.440000000000001         2.982173694877646        4.3116458620143391E-002 
   0.6863577585954592         15.85235219065566        0.9999929703451426      
   7.1983141265638323E-003
   -1.440000000000001         3.189498332348288        3.8631957696401605E-002 
   0.6836280080481444         15.83496743533099        0.9999931653203954      
   7.1831223579151204E-003
   -1.440000000000001         3.398294467336542        3.4683087236873730E-002 
   0.6809813385012083         15.81816644150918        0.9999933588708909      
   7.1636458807609960E-003
   -1.440000000000001         3.608630946688375        3.1196981283670027E-002 
   0.6784451460681400         15.80184830857140        0.9999935507394733      
   7.1429295883708365E-003
   -1.440000000000001         3.820573874139177        2.8110479157656611E-002 
   0.6760352955149176         15.78592515004862        0.9999937407146549      
   7.1227256825723440E-003
   -1.440000000000001         4.034186532974921        2.5369529663794077E-002 
   0.6737595679874615         15.77032113655174        0.9999939286268601      
   7.1039196432291715E-003
   -1.440000000000001         4.249529318623878        2.2928191051186091E-002 
   0.6716202398529151         15.75497126597398        0.9999941143538559      
   7.0868626275724699E-003
   -1.440000000000001         4.466659681189796        2.0747514418370500E-002 
   0.6696159474062970         15.73981999298231        0.9999942978219156      
   7.0716052948458187E-003
   -1.440000000000001         4.685632077883227        1.8794468258622087E-002 
   0.6677430002890813         15.72481988255901        0.9999944789938100      
   7.0580480380340316E-003
   -1.440000000000001         4.906497935255945        1.7040977105087410E-002 
   0.6659962880119528         15.70993042630215        0.9999946578596821      
   7.0460294537467239E-003
   -1.440000000000001         5.129305621094297        1.5463097095973825E-002 
   0.6643698951944452         15.69511701567660        0.9999948344382312      
   7.0353737896146932E-003
   -1.440000000000001         5.354100425780786        1.4040325275603470E-002 
   0.6628575127052732         15.68035001942893        0.9999950087757078      
   7.0259135592828344E-003
   -1.440000000000001         5.580924552890115        1.2755028301214191E-002 
   0.6614527083110875         15.66560396824690        0.9999951809341046      
   7.0174984135971943E-003
   -1.440000000000001         5.809817118746128        1.1591972876184808E-002 
   0.6601491019901110         15.65085687589243        0.9999953509746561      
   7.0099971129038091E-003
   -1.440000000000001         6.040814160629681        1.0537940534055913E-002 
   0.6589404770770684         15.63608970069780        0.9999955189469454      
   7.0032964515391628E-003
   -1.440000000000001         6.273948653295052        9.5814112909319259E-003 
   0.6578208483105878         15.62128591932216        0.9999956848874321      
   6.9972991101174137E-003
   -1.440000000000001         6.509250533423568        8.7123031151337318E-003 
   0.6567845009603559         15.60643117509614        0.9999958488239034      
   6.9919213472293745E-003
   -1.440000000000001         6.746746731618209        7.9217565696825098E-003 
   0.6558260106714686         15.59151297777237        0.9999960107807936      
   6.9870908918996198E-003
   -1.440000000000001         6.986461211521710        7.2019560753771167E-003 
   0.6549402506358667         15.57652044727396        0.9999961707830667      
   6.9827451400591989E-003
   -1.440000000000001         7.228415015623348        6.5459809365658143E-003 
   0.6541223905925186         15.56144409668702        0.9999963288584161      
   6.9788296512997040E-003
   -1.440000000000001         7.472626317305855        5.9476806254140351E-003 
   0.6533678906918590         15.54627564847286        0.9999964850380008      
   6.9752969062581013E-003
   -1.440000000000001         7.719110478673879        5.4015699093311487E-003 
   0.6526724922739667         15.53100787986515        0.9999966393562481      
   6.9721052790085109E-003
   -1.440000000000001         7.967880113698818        4.9027402727061693E-003 
   0.6520322069373875         15.51563449410699        0.9999967918504471      
   6.9692181835532985E-003
   -1.440000000000001         8.218945156211536        4.4467847664721727E-003 
   0.6514433048034257         15.50015001198366        0.9999969425604482      
   6.9666033607862811E-003
   -1.440000000000001         8.472312932274409        4.0297339629520937E-003 
   0.6509023025674453         15.48454967776006        0.9999970915282268      
   6.9642322791802500E-003
   -1.440000000000001         8.727988236466917        3.6480011322240205E-003 
   0.6504059517371192         15.46882937661654        0.9999972387971316      
   6.9620796281218266E-003
   -1.440000000000001         8.985973411624599        3.2983351059582703E-003 
   0.6499512273310921         15.45298556320358        0.9999973844110416      
   6.9601228872557298E-003
   -1.440000000000001         9.246268431579237        2.9777795690960332E-003 
   0.6495353172116919         15.43701520064633        0.9999975284137962      
   6.9583419586126396E-003
   -1.440000000000001         9.508870986458517        2.6836377374198656E-003 
   0.6491556121491631         15.42091570793470        0.9999976708490275      
   6.9567188509131990E-003
   -1.440000000000001         9.773776570115773        2.4134415570179887E-003 
   0.6488096966690098         15.40468491322652        0.9999978117602576      
   6.9552374074661220E-003
   -1.440000000000001         10.04097856927476        2.1649247111529824E-003 
   0.6484953407133095         15.38832101121365        0.9999979511910609      
   6.9538830706727742E-003
   -1.440000000000001         10.31046835399012        1.9359988520966397E-003 
   0.6482104921394134         15.37182252352474        0.9999980891851432      
   6.9526426774547106E-003
   -1.440000000000001         10.58223536904130        1.7247326108671248E-003 
   0.6479532700766459         15.35518826175842        0.9999982257863224      
   6.9515042811009262E-003
   -1.440000000000001         10.85626722589636        1.5293331238886852E-003 
   0.6477219591583286         15.33841729297095        0.9999983610384351      
   6.9504569963705137E-003
   -1.440000000000001         11.13254979490064        1.3481301632559230E-003 
   0.6475150046340864         15.32150890725291        0.9999984949852261      
   6.9494908667707264E-003
   -1.440000000000001         11.41106729736590        1.1795637159517901E-003 
   0.6473310083217594         15.30446258676498        0.9999986276702290      
   6.9485967569815543E-003
   -1.440000000000001         11.69180239725550        1.0221775343924083E-003 
   0.6471687252167757         15.28727797549769        0.9999987591366093      
   6.9477662817179946E-003
   -1.440000000000001         11.97473629218198        8.7462465849407769E-004 
   0.6470270601925081         15.26995484870395        0.9999988894269555      
   6.9469917984401521E-003
   -1.440000000000001         12.25984880345458        7.3569735159449094E-004 
   0.6469050632907194         15.25249308041816        0.9999990185830898      
   6.9462665185218968E-003
   -1.440000000000001         12.54711846493471        6.0440391172169477E-004 
   0.6468019200805641         15.23489260739023        0.9999991466462445      
   6.9455848268819304E-003
   -1.440000000000001         12.83652261047853        4.8012611840569296E-004 
   0.6467169297309232         15.21715338732696        0.9999992736579744      
   6.9449429208161542E-003
   -1.440000000000001         13.12803745976597        3.6289438768693204E-004 
   0.6466494571993429         15.19927534661381        0.9999993996620596      
   6.9443398216129000E-003
   -1.440000000000001         13.42163820233561        2.5379381353822684E-004 
   0.6465988376629483         15.18125831001788        0.9999995247083852      
   6.9437785639083613E-003
   -1.440000000000001         13.71729907966468        1.5544024734466579E-004 
   0.6465642036020463         15.16310190682510        0.9999996488610998      
   6.9432668039776883E-003
   -1.440000000000001         14.01499346515192        7.2340171883259106E-005 
   0.6465442030009341         15.14480544810498        0.9999997722136913      
   6.9428151975630950E-003
   -1.440000000000001         14.31469394187969        1.0829794646564751E-005 
   0.6465365856935015         15.12636777269086        0.9999998949149804      
   6.9424309102386565E-003
   -1.440000000000001         14.61637237804932       -2.1700144946857836E-005 
   0.6465376510383404         15.10778707338339         1.000000017210845      
   6.9421028864794631E-003
   -1.440000000000001         14.92000000000000       -2.1700144946857836E-005 
   0.6465355203486626         15.08920637407592         1.000000139506710      
   6.9417748627202697E-003
   -1.200000000000000        -4.227026579539560         0.000000000000000      
   0.5000000000000000         14.06879914887370         1.000000000000000      
    0.000000000000000     
   -1.200000000000000        -4.014206434341432        3.5290341413140094E-002 
   0.5005697598447891         14.06879914887370        0.9999974984075638      
   4.9427387500630116E-009
   -1.200000000000000        -3.803070304910810        6.6889738203629062E-002 
   0.5021809470098954         14.07235934611021        0.9999953363948383      
   1.4705156137004592E-008
   -1.200000000000000        -3.593549933081869        9.4137970756829670E-002 
   0.5046535591846415         14.07446300117627        0.9999936671211279      
   3.7393820612400188E-008
   -1.200000000000000        -3.385574045583126        0.1168562806333316      
   0.5078442000903107         14.07518472399105        0.9999924197535012      
   9.0161613740078437E-008
   -1.200000000000000        -3.179068445902549        0.1351955380511157      
   0.5116491069658935         14.07456790121040        0.9999915168757457      
   2.0910823081430310E-007
   -1.200000000000000        -2.973956117362914        0.1495803919059768      
   0.5160015241019326         14.07263440269922        0.9999908832221113      
   4.6755929986693418E-007
   -1.200000000000000        -2.770157337224366        0.1606112356629469      
   0.5208680669461551         14.06938720248257        0.9999904517998746      
   1.0083217977860683E-006
   -1.200000000000000        -2.567589801560878        0.1689539619426866      
   0.5262435506702400         14.06481176847048        0.9999901670981070      
   2.0974935847721415E-006
   -1.200000000000000        -2.366168760586374        0.1752441725907207      
   0.5321445765017103         14.05887691204455        0.9999899858718185      
   4.2087062534383783E-006
   -1.200000000000000        -2.165807164036497        0.1800207427079555      
   0.5386022925419087         14.05153601002655        0.9999898762798226      
   8.1457964816319411E-006
   -1.200000000000000        -1.966415816142869        0.1836916149659669      
   0.5456546662445321         14.04272911845253        0.9999898160864285      
   1.5206692480385608E-005
   -1.200000000000000        -1.767903539669862        0.1865264353910115      
   0.5533384246262902         14.03238622823329        0.9999897905247724      
   2.7379512493692442E-005
   -1.200000000000000        -1.570177348419479        0.1886672044984115      
   0.5616806530442111         14.02043194045410        0.9999897902767284      
   4.7542327706611847E-005
   -1.200000000000000        -1.373142627548817        0.1901485169450570      
   0.5706899967408254         14.00679179997355        0.9999898097851040      
   7.9612473063225958E-005
   -1.200000000000000        -1.176703320987477        0.1909214247751734      
   0.5803475450374820         13.99140033078796        0.9999898459405917      
   1.2856617193236612E-004
   -1.200000000000000       -0.9807621251897585        0.1908778736097069      
   0.5905978135128755         13.97421080756388        0.9999898971303557      
   2.0023638806529681E-004
   -1.200000000000000       -0.7852206884089804        0.1898749740558133      
   0.6013407455588471         13.95520657743325        0.9999899625781181      
   3.0081112660686394E-004
   -1.200000000000000       -0.5899798146396622        0.1877595857266967      
   0.6124262339394860         13.93441318390751        0.9999900418940637      
   4.3600776510346835E-004
   -1.200000000000000       -0.3949396713377247        0.1843937084942916      
   0.6236531307277369         13.91191004753115        0.9999901347836514      
   6.0999139875395503E-004
   -1.200000000000000       -0.2000000000000011        0.1796801535664316      
   0.6347747914634412         13.88783981957007        0.9999902408731183      
   8.2421703579480606E-004
   -1.200000000000000       -5.0612032226220773E-003   0.1735863305112290      
   0.6455125955401865         13.86241310842523        0.9999903596249538      
   1.0764660672248727E-003
   -1.200000000000000        0.1899728225015762        0.1661623777999681      
   0.6555775492569152         13.83590609446734        0.9999904903126473      
   1.3603709280091585E-003
   -1.200000000000000        0.3851971143511089        0.1575487409225699      
   0.6646978696836876         13.80864857458161        0.9999906320342327      
   1.6656607890109133E-003
   -1.200000000000000        0.5807063267879043        0.1479697341133022      
   0.6726478788669736         13.78100283677415        0.9999907837396933      
   1.9791746287113037E-003
   -1.200000000000000        0.7765945422431204        0.1377126390823866      
   0.6792721377398626         13.75333598042499        0.9999909442699016      
   2.2864830958874089E-003
   -1.200000000000000        0.9729550842390562        0.1270961265994374      
   0.6844993835174070         13.72599049856850        0.9999911124051364      
   2.5737868358356761E-003
   -1.200000000000000         1.169880333731538        0.1164351973725334      
   0.6883434783957778         13.69925889702805        0.9999912869183591      
   2.8296823452652422E-003
   -1.200000000000000         1.367461549433629        0.1060104125408117      
   0.6908922557003352         13.67336689131156        0.9999914666282059      
   3.0464319613866791E-003
   -1.200000000000000         1.565788692852865        9.6046903753261345E-002 
   0.6922881348966780         13.64846692333126        0.9999916504463960      
   3.2205187541136360E-003
   -1.200000000000000         1.764950258740411        8.6705067752420484E-002 
   0.6927055784898689         13.62464102547446        0.9999918374113937      
   3.3524575687179370E-003
   -1.200000000000000         1.965033111612069        7.8081669285550714E-002 
   0.6923299101411727         13.60191030779275        0.9999920267050006      
   3.4460089043836396E-003
   -1.200000000000000         2.166122328958343        7.0218232714172130E-002 
   0.6913404402319341         13.58024788503977        0.9999922176432063      
   3.5070533088552270E-003
   -1.200000000000000         2.368301051714338        6.3113168668374492E-002 
   0.6898990844572044         13.55959252963714        0.9999924096475020      
   3.5424085429478303E-003
   -1.200000000000000         2.571650342510284        5.6734628536379186E-002 
   0.6881442678213352         13.53986117805655        0.9999926022095913      
   3.5588193792971462E-003
   -1.200000000000000         2.776249052171010        5.1032065262178794E-002 
   0.6861890869756108         13.52095929594838        0.9999927948689546      
   3.5622527695333864E-003
   -1.200000000000000         2.982173694877646        4.5945479370023329E-002 
   0.6841224126809415         13.50278873425337        0.9999929872053249      
   3.5575280958305162E-003
   -1.200000000000000         3.189498332348288        4.1412109356932708E-002 
   0.6820116894356820         13.48525322047133        0.9999931788379816      
   3.5482335528848109E-003
   -1.200000000000000         3.398294467336542        3.7370812885881288E-002 
   0.6799064531044553         13.46826186849712        0.9999933694323482      
   3.5368389938908711E-003
   -1.200000000000000         3.608630946688375        3.3764611400657008E-002 
   0.6778419013615118         13.45173111893957        0.9999935587034808      
   3.5249104323380131E-003
   -1.200000000000000         3.820573874139177        3.0541913377637196E-002 
   0.6758421331688265         13.43558558294277        0.9999937464123066      
   3.5133497747441623E-003
   -1.200000000000000         4.034186532974921        2.7656869658810174E-002 
   0.6739228852693169         13.41975818380783        0.9999939323670847      
   3.5026111032972103E-003
   -1.200000000000000         4.249529318623878        2.5069210874105595E-002 
   0.6720937312921151         13.40418981205234        0.9999941164270382      
   3.4928709991084886E-003
   -1.200000000000000         4.466659681189796        2.2743812343807075E-002 
   0.6703597862903294         13.38882868359746        0.9999942984949088      
   3.4841493048055542E-003
   -1.200000000000000         4.685632077883227        2.0650144756949901E-002 
   0.6687229938120994         13.37362961028082        0.9999944785055573      
   3.4763872768821254E-003
   -1.200000000000000         4.906497935255945        1.8761704137039557E-002 
   0.6671830793926650         13.35855328212511        0.9999946564242227      
   3.4694939232950725E-003
   -1.200000000000000         5.129305621094297        1.7055470909313392E-002 
   0.6657382469225881         13.34356555384132        0.9999948322489970      
   3.4633710167223026E-003
   -1.200000000000000         5.354100425780786        1.5511421069643315E-002 
   0.6643856819427182         13.32863674433947        0.9999950060047138      
   3.4579250904255092E-003
   -1.200000000000000         5.580924552890115        1.4112097085805323E-002 
   0.6631219128340055         13.31374099888308        0.9999951777279309      
   3.4530721704144470E-003
   -1.200000000000000         5.809817118746128        1.2842237789036381E-002 
   0.6619430687603403         13.29885574977467        0.9999953474524410      
   3.4487388309527053E-003
   -1.200000000000000         6.040814160629681        1.1688462386500151E-002 
   0.6608450630313543         13.28396127512529        0.9999955152026444      
   3.4448616105376760E-003
   -1.200000000000000         6.273948653295052        1.0639002139471684E-002 
   0.6598237226609235         13.26904033148464        0.9999956809948248      
   3.4413858433516675E-003
   -1.200000000000000         6.509250533423568        9.6834730730606215E-003 
   0.6588748791317949         13.25407783535876        0.9999958448417556      
   3.4382643981353792E-003
   -1.200000000000000         6.746746731618209        8.8126835741980294E-003 
   0.6579944312656910         13.23906058346304        0.9999960067568040      
   3.4354565222174463E-003
   -1.200000000000000         6.986461211521710        8.0184714460958158E-003 
   0.6571783881088994         13.22397701046599        0.9999961667565380      
   3.4329268488869935E-003
   -1.200000000000000         7.228415015623348        7.2935657163310640E-003 
   0.6564228975237811         13.20881698081770        0.9999963248619711      
   3.4306445676300481E-003
   -1.200000000000000         7.472626317305855        6.6314691919886534E-003 
   0.6557242645689658         13.19357160996228        0.9999964810986777      
   3.4285827365807286E-003
   -1.200000000000000         7.719110478673879        6.0263583930249519E-003 
   0.6550789626136189         13.17823311236454        0.9999966354962838      
   3.4267177128155142E-003
   -1.200000000000000         7.967880113698818        5.4729980458388203E-003 
   0.6544836393063578         13.16279467332099        0.9999967880879768      
   3.4250286783953855E-003
   -1.200000000000000         8.218945156211536        4.9666677825379799E-003 
   0.6539351189152875         13.14725033904265        0.9999969389101325      
   3.4234972438657533E-003
   -1.200000000000000         8.472312932274409        4.5030990857054289E-003 
   0.6534304021359296         13.13159491995402        0.9999970880017320      
   3.4221071145929326E-003
   -1.200000000000000         8.727988236466917        4.0784208525693373E-003 
   0.6529666641809915         13.11582390538020        0.9999972354034811      
   3.4208438083712174E-003
   -1.200000000000000         8.985973411624599        3.6891122262174775E-003 
   0.6525412517585696         13.09993338961356        0.9999973811569283      
   3.4196944151421525E-003
   -1.200000000000000         9.246268431579237        3.3319615611405893E-003 
   0.6521516793795405         13.08392000843715        0.9999975253039188      
   3.4186473915270997E-003
   -1.200000000000000         9.508870986458517        3.0040305700298623E-003 
   0.6517956253093229         13.06778088381752        0.9999976678864447      
   3.4176923843071408E-003
   -1.200000000000000         9.773776570115773        2.7026228503787227E-003 
   0.6514709273957331         13.05151357436808        0.9999978089467232      
   3.4168200780966438E-003
   -1.200000000000000         10.04097856927476        2.4252561199512926E-003 
   0.6511755789530496         13.03511602992788        0.9999979485273097      
   3.4160220633349934E-003
   -1.200000000000000         10.31046835399012        2.1696376081498103E-003 
   0.6509077248491397         13.01858654936605        0.9999980866711154      
   3.4152907214415164E-003
   -1.200000000000000         10.58223536904130        1.9336421759871387E-003 
   0.6506656579188870         13.00192374122735        0.9999982234213277      
   3.4146191246345269E-003
   -1.200000000000000         10.85626722589636        1.7152929197861320E-003 
   0.6504478158076699         12.98512648697901        0.9999983588212796      
   3.4140009486672471E-003
   -1.200000000000000         11.13254979490064        1.5127443704021533E-003 
   0.6502527783244433         12.96819390639646        0.9999984929143071      
   3.4134303979171253E-003
   -1.200000000000000         11.41106729736590        1.3242691984593036E-003 
   0.6500792653311966         12.95112532435242        0.9999986257436062      
   3.4129021445845160E-003
   -1.200000000000000         11.69180239725550        1.1482511275081940E-003 
   0.6499261350526406         12.93392023819757        0.9999987573520772      
   3.4124112885440942E-003
   -1.200000000000000         11.97473629218198        9.8319051185955593E-004 
   0.6497923823140106         12.91657828471373        0.9999988877821334      
   3.4119533537125030E-003
   -1.200000000000000         12.25984880345458        8.2773606742532718E-004 
   0.6496771353105637         12.89909920515195        0.9999990170755373      
   3.4115243526336362E-003
   -1.200000000000000         12.54711846493471        6.8076735336580286E-004 
   0.6495796475642364         12.88148280672183        0.9999991452735562      
   3.4111209718995731E-003
   -1.200000000000000         12.83652261047853        5.4156557790252676E-004 
   0.6494992780290094         12.86372891875244        0.9999992724178056      
   3.4107409442408060E-003
   -1.200000000000000         13.12803745976597        4.1011551526930987E-004 
   0.6494354462928950         12.84583734016799        0.9999993985521569      
   3.4103836424841634E-003
   -1.200000000000000         13.42163820233561        2.8755827233721185E-004 
   0.6493875418610210         12.82780777317853        0.9999995237266494      
   3.4100507897004283E-003
   -1.200000000000000         13.71729907966468        1.7673818375463687E-004 
   0.6493547591409932         12.80963973992166        0.9999996480056079      
   3.4097468526531104E-003
   -1.200000000000000         14.01499346515192        8.2654375856184431E-005 
   0.6493358281798626         12.79133248078955        0.9999997714827319      
   3.4094781529957524E-003
   -1.200000000000000         14.31469394187969        1.2499510297095514E-005 
   0.6493286204971126         12.77288483647863        0.9999998943071255      
   3.4092491041873246E-003
   -1.200000000000000         14.61637237804932       -2.5023239624174921E-005 
   0.6493296276064539         12.75429512842318         1.000000016725147      
   3.4090534421417069E-003
   -1.200000000000000         14.92000000000000       -2.5023239624174921E-005 
   0.6493276133877713         12.73570542036773         1.000000139143168      
   3.4088577800960892E-003
  -0.9600000000000002        -4.227026579539560         0.000000000000000      
   0.5000000000000000         11.68080036486472         1.000000000000000      
    0.000000000000000     
  -0.9600000000000002        -4.014206434341432        3.3963603409876822E-002 
   0.5006051315315712         11.68080036486472        0.9999975376429816      
   2.4124528954859902E-009
  -0.9600000000000002        -3.803070304910810        6.4438708247702731E-002 
   0.5023209169325453         11.68466664501523        0.9999954081698743      
   7.1603338000548783E-009
  -0.9600000000000002        -3.593549933081869        9.0739577977199753E-002 
   0.5049603252456077         11.68705731567355        0.9999937624961973      
   1.8154061988019131E-008
  -0.9600000000000002        -3.385574045583126        0.1126497485387783      
   0.5083660416544380         11.68804336175282        0.9999925317246572      
   4.3635417468747349E-008
  -0.9600000000000002        -3.179068445902549        0.1302814194684857      
   0.5124156492171192         11.68766910514326        0.9999916402596544      
   1.0088727815687026E-007
  -0.9600000000000002        -2.973956117362914        0.1440216164562463      
   0.5170208863520804         11.68596107217605        0.9999910143764202      
   2.2489523021603392E-007
  -0.9600000000000002        -2.770157337224366        0.1544365386343747      
   0.5221254154573165         11.68293032088587        0.9999905882787333      
   4.8357678269631791E-007
  -0.9600000000000002        -2.567589801560878        0.1621635604016512      
   0.5277005640496472         11.67857398413731        0.9999903073288331      
   1.0031018914677673E-006
  -0.9600000000000002        -2.366168760586374        0.1678171683660665      
   0.5337394208008055         11.67287643939726        0.9999901288752534      
   2.0074110566363148E-006
  -0.9600000000000002        -2.165807164036497        0.1719236451868904      
   0.5402498796637468         11.66581071346876        0.9999900214259105      
   3.8755986514304987E-006
  -0.9600000000000002        -1.966415816142869        0.1748875147875668      
   0.5472471958967948         11.65734062606806        0.9999899629063985      
   7.2183902226624845E-006
  -0.9600000000000002        -1.767903539669862        0.1769845792583145      
   0.5547464515891578         11.64742392721312        0.9999899385932484      
   1.2969480988107583E-005
  -0.9600000000000002        -1.570177348419479        0.1783728782913563      
   0.5627551461503675         11.63601648325536        0.9999899391356193      
   2.2478501573279804E-005
  -0.9600000000000002        -1.373142627548817        0.1791131383538371      
   0.5712660266333348         11.62307755269389        0.9999899588903963      
   3.7580646820634247E-005
  -0.9600000000000002        -1.176703320987477        0.1791925291608701      
   0.5802503073349392         11.60857612458810        0.9999899946319730      
   6.0606501769023069E-005
  -0.9600000000000002       -0.9807621251897585        0.1785482541079326      
   0.5896516018692926         11.59249815446748        0.9999900446158952      
   9.4289678313652268E-005
  -0.9600000000000002       -0.7852206884089804        0.1770896831445140      
   0.5993811649579239         11.57485440681019        0.9999901079383342      
   1.4153625627534220E-004
  -0.9600000000000002       -0.5899798146396622        0.1747189739577582      
   0.6093153358584145         11.55568831275542        0.9999901841123203      
   2.0504407069013288E-004
  -0.9600000000000002       -0.3949396713377247        0.1713504046214637      
   0.6192962690310491         11.53508293418508        0.9999902727974102      
   2.8680168479872737E-004
  -0.9600000000000002       -0.2000000000000011        0.1669281734748972      
   0.6291369710719108         11.51316586646782        0.9999903736351705      
   3.8754784999496333E-004
  -0.9600000000000002       -5.0612032226220773E-003   0.1614415898137701      
   0.6386312056924079         11.49011081147398        0.9999904861596955      
   5.0631438655779923E-004
  -0.9600000000000002        0.1899728225015762        0.1549358074876536      
   0.6475680525632376         11.46613463614639        0.9999906097647562      
   6.4018830823077562E-004
  -0.9600000000000002        0.3851971143511089        0.1475156570226372      
   0.6557497091469869         11.44148863021284        0.9999907437069170      
   7.8440461222420812E-004
  -0.9600000000000002        0.5807063267879043        0.1393411420520187      
   0.6630097697586723         11.41644467401568        0.9999908871242217      
   9.3279852946431168E-004
  -0.9600000000000002        0.7765945422431204        0.1306146487020745      
   0.6692286057007200         11.39127795578601        0.9999910390651412      
   1.0785522391596580E-003
  -0.9600000000000002        0.9729550842390562        0.1215619376672900      
   0.6743428802492013         11.36624874751028        0.9999911985258537      
   1.2150870235734198E-003
  -0.9600000000000002         1.169880333731538        0.1124106523475953      
   0.6783475268754398         11.34158621071883        0.9999913644894003      
   1.3369094273839824E-003
  -0.9600000000000002         1.367461549433629        0.1033705137969492      
   0.6812903573452651         11.31747669334634        0.9999915359637968      
   1.4402349231605566E-003
  -0.9600000000000002         1.565788692852865        9.4618478793134508E-002 
   0.6832611078573965         11.29405774579385        0.9999917120131361      
   1.5232772215764132E-003
  -0.9600000000000002         1.764950258740411        8.6290451986472769E-002 
   0.6843776124732655         11.27141775139811        0.9999918917791089      
   1.5861817609276012E-003
  -0.9600000000000002         1.965033111612069        7.8479418234002674E-002 
   0.6847717913564761         11.24960003654245        0.9999920744894882      
   1.6306677491199181E-003
  -0.9600000000000002         2.166122328958343        7.1238640521709501E-002 
   0.6845774960454531         11.22860987478620        0.9999922594541403      
   1.6594992240262442E-003
  -0.9600000000000002         2.368301051714338        6.4588036559216216E-002 
   0.6839213432792790         11.20842279436964        0.9999924460536928      
   1.6759202070645469E-003
  -0.9600000000000002         2.571650342510284        5.8521902403007253E-002 
   0.6829168171551060         11.18899291791147        0.9999926337275056      
   1.6831659848529224E-003
  -0.9600000000000002         2.776249052171010        5.3016561330932674E-002 
   0.6816613093977589         11.17026047271232        0.9999928219673915      
   1.6841170247200153E-003
  -0.9600000000000002         2.982173694877646        4.8037046508291215E-002 
   0.6802354440300957         11.15215801051766        0.9999930103146525      
   1.6811126679544695E-003
  -0.9600000000000002         3.189498332348288        4.3542410729134881E-002 
   0.6787039500634449         11.13461522178662        0.9999931983603138      
   1.6759033192345308E-003
  -0.9600000000000002         3.398294467336542        3.9489612698941981E-002 
   0.6771174204438493         11.11756240901404        0.9999933857468633      
   1.6696992922464471E-003
  -0.9600000000000002         3.608630946688375        3.5836141937934121E-002 
   0.6755144457972743         11.10093281358084        0.9999935721664729      
   1.6632710270753364E-003
  -0.9600000000000002         3.820573874139177        3.2541637196814022E-002 
   0.6739237763572592         11.08466405579557        0.9999937573600544      
   1.6570635425847433E-003
  -0.9600000000000002         4.034186532974921        2.9568764406592285E-002 
   0.6723663085628899         11.06869889020402        0.9999939411192383      
   1.6513010066586788E-003
  -0.9600000000000002         4.249529318623878        2.6883587112934190E-002 
   0.6708568002083277         11.05298544680414        0.9999941232826385      
   1.6460698837131463E-003
  -0.9600000000000002         4.466659681189796        2.4455612624345556E-002 
   0.6694052894067246         11.03747715681602        0.9999943037261163      
   1.6413783845456859E-003
  -0.9600000000000002         4.685632077883227        2.2257646767423051E-002 
   0.6680182336618844         11.02213251611636        0.9999944823585060      
   1.6371952435066262E-003
  -0.9600000000000002         4.906497935255945        2.0265547344485508E-002 
   0.6666994044883623         11.00691473541156        0.9999946591242442      
   1.6334728897981370E-003
  -0.9600000000000002         5.129305621094297        1.8457934123833945E-002 
   0.6654505789847931         10.99179129911628        0.9999948340016201      
   1.6301600582480885E-003
  -0.9600000000000002         5.354100425780786        1.6815890659979342E-002 
   0.6642720686477811         10.97673349227230        0.9999950069912444      
   1.6272078949382904E-003
  -0.9600000000000002         5.580924552890115        1.5322678054896085E-002 
   0.6631631209055938         10.96171595687123        0.9999951781010370      
   1.6245723995737488E-003
  -0.9600000000000002         5.809817118746128        1.3963470883351694E-002 
   0.6621222226149281         10.94671630396877        0.9999953473359907      
   1.6222149947568488E-003
  -0.9600000000000002         6.040814160629681        1.2725119427789804E-002 
   0.6611473286810720         10.93171477862912        0.9999955146957497      
   1.6201022490691312E-003
  -0.9600000000000002         6.273948653295052        1.1595938875940600E-002 
   0.6602360337699769         10.91669396206983        0.9999956801774511      
   1.6182052914276994E-003
  -0.9600000000000002         6.509250533423568        1.0565524281492399E-002 
   0.6593857009415018         10.90163850009463        0.9999958437795873      
   1.6164991705073899E-003
  -0.9600000000000002         6.746746731618209        9.6245892003074297E-003 
   0.6585935578051163         10.88653485838350        0.9999960055046918      
   1.6149622631358245E-003
  -0.9600000000000002         6.986461211521710        8.7648255470449982E-003 
   0.6578567682466809         10.87137110686336        0.9999961653607974      
   1.6135757635863147E-003
  -0.9600000000000002         7.228415015623348        7.9787821455202107E-003 
   0.6571724857729583         10.85613673069232        0.9999963233618828      
   1.6123232549257753E-003
  -0.9600000000000002         7.472626317305855        7.2597595628772675E-003 
   0.6565378930148089         10.84082246518679        0.9999964795274701      
   1.6111903526720467E-003
  -0.9600000000000002         7.719110478673879        6.6017190288255798E-003 
   0.6559502308094534         10.82542015373868        0.9999966338819202      
   1.6101644087331798E-003
  -0.9600000000000002         7.967880113698818        5.9992034764860622E-003 
   0.6554068194258528         10.80992262596014        0.9999967864538903      
   1.6092342645437519E-003
  -0.9600000000000002         8.218945156211536        5.4472689772129060E-003 
   0.6549050738507087         10.79432359096779        0.9999969372758647      
   1.6083900441369809E-003
  -0.9600000000000002         8.472312932274409        4.9414250728991287E-003 
   0.6544425145889330         10.77861754208472        0.9999970863834027      
   1.6076229797028891E-003
  -0.9600000000000002         8.727988236466917        4.4775827226676262E-003 
   0.6540167750996677         10.76279967233729        0.9999972338141421      
   1.6069252637118401E-003
  -0.9600000000000002         8.985973411624599        4.0520087635372943E-003 
   0.6536256067299604         10.74686580098920        0.9999973796069093      
   1.6062899228973398E-003
  -0.9600000000000002         9.246268431579237        3.6612859372857172E-003 
   0.6532668817988716         10.73081230992231        0.9999975238012142      
   1.6057107103354569E-003
  -0.9600000000000002         9.508870986458517        3.3022776674306743E-003 
   0.6529385953264737         10.71463608750051        0.9999976664371192      
   1.6051820125887080E-003
  -0.9600000000000002         9.773776570115773        2.9720968870142277E-003 
   0.6526388657921636         10.69833447774942        0.9999978075552877      
   1.6046987694515696E-003
  -0.9600000000000002         10.04097856927476        2.6680783219942077E-003 
   0.6523659352312319         10.68190523348633        0.9999979471970257      
   1.6042564042856855E-003
  -0.9600000000000002         10.31046835399012        2.3877537327518009E-003 
   0.6521181689241820         10.66534647269564        0.9999980854042363      
   1.6038507633044661E-003
  -0.9600000000000002         10.58223536904130        2.1288297271756821E-003 
   0.6518940548918445         10.64865663781286        0.9999982222192811      
   1.6034780625076388E-003
  -0.9600000000000002         10.85626722589636        1.8891679333623403E-003 
   0.6516922033751290         10.63183445763599        0.9999983576848041      
   1.6031348413625421E-003
  -0.9600000000000002         11.13254979490064        1.6667676819623091E-003 
   0.6515113464423000         10.61487891134027        0.9999984918435645      
   1.6028179229622629E-003
  -0.9600000000000002         11.41106729736590        1.4597521827374792E-003 
   0.6513503378058501         10.59778919381826        0.9999986247382675      
   1.6025243816437844E-003
  -0.9600000000000002         11.69180239725550        1.2663610787341350E-003 
   0.6512081527860718         10.58056468152519        0.9999987564114062      
   1.6022515216500175E-003
  -0.9600000000000002         11.97473629218198        1.0849562789334065E-003 
   0.6510838879938952         10.56320489791071        0.9999988869050830      
   1.6019968755050175E-003
  -0.9600000000000002         12.25984880345458        9.1405556127260846E-004 
   0.6509767594454645         10.54570947714377        0.9999990162608835      
   1.6017582394639031E-003
  -0.9600000000000002         12.54711846493471        7.5242058160246319E-004 
   0.6508860959844998         10.52807812464390        0.9999991445200076      
   1.6015337750153920E-003
  -0.9600000000000002         12.83652261047853        5.9924048968256448E-004 
   0.6508113214187193         10.51031057296132        0.9999992717240496      
   1.6013222131732118E-003
  -0.9600000000000002         13.12803745976597        4.5445936952303169E-004 
   0.6507519131367510         10.49240653087829        0.9999993979168855      
   1.6011231826439654E-003
  -0.9600000000000002         13.42163820233561        3.1927346659336824E-004 
   0.6507073175177480         10.47436562266428        0.9999995231486312      
   1.6009376073282404E-003
  -0.9600000000000002         13.71729907966468        1.9674533198977835E-004 
   0.6506767955924128         10.45618731585011        0.9999996474837148      
   1.6007679393759515E-003
  -0.9600000000000002         14.01499346515192        9.2342052185847391E-005 
   0.6506591711241314         10.43787083862239        0.9999997710159748      
   1.6006176952637341E-003
  -0.9600000000000002         14.31469394187969        1.4066822951553177E-005 
   0.6506524626059047         10.41941509114371        0.9999998938946969      
   1.6004893962950611E-003
  -0.9600000000000002         14.61637237804932       -2.8142009562521391E-005 
   0.6506533992927328         10.40081856488776         1.000000016366521      
   1.6003796740708235E-003
  -0.9600000000000002         14.92000000000000       -2.8142009562521391E-005 
   0.6506515259190767         10.38222203863182         1.000000138838345      
   1.6002699518465860E-003
  -0.7200000000000006        -4.227026579539560         0.000000000000000      
   0.5000000000000000         9.294741504777402         1.000000000000000      
    0.000000000000000     
  -0.7200000000000006        -4.014206434341432        3.2570580436616758E-002 
   0.5006282458495370         9.294741504777402        0.9999975757989534      
   1.1311627997802995E-009
  -0.7200000000000006        -3.803070304910810        6.1855583749126669E-002 
   0.5024136036231834         9.298829204458372        0.9999954779542989      
   3.3490835998265436E-009
  -0.7200000000000006        -3.593549933081869        8.7152733846042718E-002 
   0.5051657348864665         9.301446984355833        0.9999938551824825      
   8.4648998592598274E-009
  -0.7200000000000006        -3.385574045583126        0.1082147654992592      
   0.5087174017155767         9.302661076187723        0.9999926404505399      
   2.0280331667169882E-008
  -0.7200000000000006        -3.179068445902549        0.1251199369467382      
   0.5129315468448844         9.302515289979596        0.9999917599292619      
   4.6737605590516584E-008
  -0.7200000000000006        -2.973956117362914        0.1382205450452503      
   0.5177023443121274         9.301039162946863        0.9999911414034210      
   1.0385726709733949E-007
  -0.7200000000000006        -2.770157337224366        0.1480501165187512      
   0.5229543877529778         9.298249918726384        0.9999907202472540      
   2.2263564515421820E-007
  -0.7200000000000006        -2.567589801560878        0.1552181158384572      
   0.5286394504897567         9.294153927999112        0.9999904426613770      
   4.6047211613969198E-007
  -0.7200000000000006        -2.366168760586374        0.1603179465307323      
   0.5347312582462814         9.288747978538785        0.9999902665599534      
   9.1894473862208808E-007
  -0.7200000000000006        -2.165807164036497        0.1638628862791445      
   0.5412190000112644         9.282020732349611        0.9999901608001077      
   1.7695431880979080E-006
  -0.7200000000000006        -1.966415816142869        0.1662530656859851      
   0.5481003122915706         9.273954718620272        0.9999901034889594      
   3.2878707090589089E-006
  -0.7200000000000006        -1.767903539669862        0.1677685397958940      
   0.5553743093748890         9.264529073572078        0.9999900799690654      
   5.8943986051667035E-006
  -0.7200000000000006        -1.570177348419479        0.1685799812119192      
   0.5630350242895465         9.253723049305801        0.9999900808817603      
   1.0195880623089527E-005
  -0.7200000000000006        -1.373142627548817        0.1687686417694270      
   0.5710654709364142         9.241520231887083        0.9999901005267046      
   1.7016375788610581E-005
  -0.7200000000000006        -1.176703320987477        0.1683493253743621      
   0.5794324878340714         9.227913377641489        0.9999901355927554      
   2.7401783873347187E-005
  -0.7200000000000006       -0.9807621251897585        0.1672926871616864      
   0.5880825802680718         9.212909670277808        0.9999901842406214      
   4.2579195451189338E-005
  -0.7200000000000006       -0.7852206884089804        0.1655452861457381      
   0.5969391045957734         9.196536093063502        0.9999902454769209      
   6.3855107608689040E-005
  -0.7200000000000006       -0.5899798146396622        0.1630470971015187      
   0.6059012743202183         9.178844478098856        0.9999903187455040      
   9.2446981248563471E-005
  -0.7200000000000006       -0.3949396713377247        0.1597466493125760      
   0.6148455339110421         9.159915624747196        0.9999904036696128      
   1.2926078413702765E-004
  -0.7200000000000006       -0.2000000000000011        0.1556138258947866      
   0.6236297522950054         9.139861784458033        0.9999904998962208      
   1.7464945230292179E-004
  -0.7200000000000006       -5.0612032226220773E-003   0.1506499525944736      
   0.6321003786303154         9.118826850797372        0.9999906070088541      
   2.2820594811006880E-004
  -0.7200000000000006        0.1899728225015762        0.1448944187166243      
   0.6401022834527376         9.096983693427001        0.9999907244912652      
   2.8865103266948058E-004
  -0.7200000000000006        0.3851971143511089        0.1384266692256398      
   0.6474903698190242         9.074527861860176        0.9999908517238066      
   3.5386645303998247E-004
  -0.7200000000000006        0.5807063267879043        0.1313630953658881      
   0.6541412968213908         9.051668359498684        0.9999909879929841      
   4.2108894414173150E-004
  -0.7200000000000006        0.7765945422431204        0.1238490335390909      
   0.6599633979454411         9.028616518055852        0.9999911325107358      
   4.8723933727021370E-004
  -0.7200000000000006        0.9729550842390562        0.1160470532598162      
   0.6649031453038776         9.005574316575315        0.9999912844403887      
   5.4932269157748873E-004
  -0.7200000000000006         1.169880333731538        0.1081235474927727      
   0.6689471609442681         8.982723755383995        0.9999914429244808      
   6.0481418237082413E-004
  -0.7200000000000006         1.367461549433629        0.1002359154729498      
   0.6721197183507710         8.960218669815026        0.9999916071112864      
   6.5194973003675314E-004
  -0.7200000000000006         1.565788692852865        9.2522272586089402E-002 
   0.6744765798683233         8.938179804685380        0.9999917761765938      
   6.8986785096134169E-004
  -0.7200000000000006         1.764950258740411        8.5094823533240091E-002 
   0.6760965910069618         8.916693290892454        0.9999919493393442      
   7.1858972903679724E-004
  -0.7200000000000006         1.965033111612069        7.8037120205903809E-002 
   0.6770725909410504         8.895812088168482        0.9999921258697417      
   7.3886415085776063E-004
  -0.7200000000000006         2.166122328958343        7.1404681059881084E-002 
   0.6775029639440515         8.875559611454563        0.9999923050916844      
   7.5193073015028848E-004
  -0.7200000000000006         2.368301051714338        6.5228021875753772E-002 
   0.6774847109732814         8.855934645220986        0.9999924863815353      
   7.5926284209859173E-004
  -0.7200000000000006         2.571650342510284        5.9517043453071114E-002 
   0.6771084355021700         8.836916736755175        0.9999926691665715      
   7.6234221636000841E-004
  -0.7200000000000006         2.776249052171010        5.4265853504458943E-002 
   0.6764552355308212         8.818471434436015        0.9999928529242889      
   7.6249689974559908E-004
  -0.7200000000000006         2.982173694877646        4.9457352660740028E-002 
   0.6755952308704767         8.800554965654683        0.9999930371820747      
   7.6081179855045386E-004
  -0.7200000000000006         3.189498332348288        4.5067188448276924E-002 
   0.6745873322592317         8.783118144960017        0.9999932215179231      
   7.5810312794252494E-004
  -0.7200000000000006         3.398294467336542        4.1066913016617634E-002 
   0.6734798452771633         8.766109448938352        0.9999934055602158      
   7.5493820632559433E-004
  -0.7200000000000006         3.608630946688375        3.7426343724344689E-002 
   0.6723115556538641         8.749477313346091        0.9999935889866389      
   7.5167998866084752E-004
  -0.7200000000000006         3.820573874139177        3.4115220119877082E-002 
   0.6711130254549340         8.733171750572998        0.9999937715241670      
   7.4853913534055300E-004
  -0.7200000000000006         4.034186532974921        3.1104290804093049E-002 
   0.6699079150904054         8.717145394388849        0.9999939529469482      
   7.4562222574545112E-004
  -0.7200000000000006         4.249529318623878        2.8365967809958564E-002 
   0.6687142193903524         8.701354109308264        0.9999941330699693      
   7.4297048408860657E-004
  -0.7200000000000006         4.466659681189796        2.5874670545870945E-002 
   0.6675453611717014         8.685757302669236        0.9999943117445264      
   7.4058771317499900E-004
  -0.7200000000000006         4.685632077883227        2.3606957729858116E-002 
   0.6664111227241108         8.670318018690880        0.9999944888594455      
   7.3845866794686080E-004
  -0.7200000000000006         4.906497935255945        2.1541521732326582E-002 
   0.6653184180434095         8.655002852319793        0.9999946643412743      
   7.3656012877379223E-004
  -0.7200000000000006         5.129305621094297        1.9659099101410414E-002 
   0.6642719207736844         8.639781740796213        0.9999948381463386      
   7.3486698523622890E-004
  -0.7200000000000006         5.354100425780786        1.7942334598691184E-002 
   0.6632745679661833         8.624627705917362        0.9999950102473042      
   7.3335521709045324E-004
  -0.7200000000000006         5.580924552890115        1.6375623549748933E-002 
   0.6623279604277712         8.609516593602791        0.9999951806216133      
   7.3200311062478045E-004
  -0.7200000000000006         5.809817118746128        1.4944948271995427E-002 
   0.6614326787574567         8.594426826885748        0.9999953492461268      
   7.3079156245372688E-004
  -0.7200000000000006         6.040814160629681        1.3637718132114233E-002 
   0.6605885316101345         8.579339172225746        0.9999955160976254      
   7.2970396465882770E-004
  -0.7200000000000006         6.273948653295052        1.2442618665456689E-002 
   0.6597947500341097         8.564236513824268        0.9999956811558214      
   7.2872593270730901E-004
  -0.7200000000000006         6.509250533423568        1.1349472536113236E-002 
   0.6590501392523455         8.549103637055472        0.9999958444059006      
   7.2784500130868110E-004
  -0.7200000000000006         6.746746731618209        1.0349113430099085E-002 
   0.6583531970747933         8.533927028154020        0.9999960058399044      
   7.2705034053633158E-004
  -0.7200000000000006         6.986461211521710        9.4332729088738854E-003 
   0.6577022062286337         8.518694693326228        0.9999961654572751      
   7.2633250910010387E-004
  -0.7200000000000006         7.228415015623348        8.5944796216359150E-003 
   0.6570953063182164         8.503395995944459        0.9999963232646615      
   7.2568324623468019E-004
  -0.7200000000000006         7.472626317305855        7.8259699534391595E-003 
   0.6565305498874596         8.488021511640929        0.9999964792751462      
   7.2509529802248336E-004
  -0.7200000000000006         7.719110478673879        7.1216090473286186E-003 
   0.6560059460778971         8.472562901623570        0.9999966335074449      
   7.2456227263513549E-004
  -0.7200000000000006         7.967880113698818        6.4758211012922945E-003 
   0.6555194945886154         8.457012801593836        0.9999967859853275      
   7.2407851929852558E-004
  -0.7200000000000006         8.218945156211536        5.8835278722069754E-003 
   0.6550692120351871         8.441364722062458        0.9999969367370141      
   7.2363902659222364E-004
  -0.7200000000000006         8.472312932274409        5.3400943957387249E-003 
   0.6546531523539914         8.425612958023942        0.9999970857942452      
   7.2323933652712656E-004
  -0.7200000000000006         8.727988236466917        4.8412810240200319E-003 
   0.6542694225555344         8.409752508465953        0.9999972331911967      
   7.2287547156025720E-004
  -0.7200000000000006         8.985973411624599        4.3832009718620130E-003 
   0.6539161948508501         8.393779006003500        0.9999973789636222      
   7.2254387227880157E-004
  -0.7200000000000006         9.246268431579237        3.9622826448095340E-003 
   0.6535917159473359         8.377688655202316        0.9999975231484008      
   7.2224134393360044E-004
  -0.7200000000000006         9.508870986458517        3.5752361025001168E-003 
   0.6532943141377709         8.361478177329577        0.9999976657834161      
   7.2196501035098242E-004
  -0.7200000000000006         9.773776570115773        3.2190230884635252E-003 
   0.6530224046821023         8.345144759736504        0.9999978069075500      
   7.2171227402469476E-004
  -0.7200000000000006         10.04097856927476        2.8908301309811040E-003 
   0.6527744938907712         8.328686008854680        0.9999979465606536      
   7.2148078140665871E-004
  -0.7200000000000006         10.31046835399012        2.5880442933761171E-003 
   0.6525491822489760         8.312099906305965        0.9999980847834262      
   7.2126839259496105E-004
  -0.7200000000000006         10.58223536904130        2.3082312452379758E-003 
   0.6523451668665177         8.295384767858220        0.9999982216172183      
   7.2107315478394686E-004
  -0.7200000000000006         10.85626722589636        2.0491154902078264E-003 
   0.6521612434920628         8.278539204918950        0.9999983571038155      
   7.2089327903821887E-004
  -0.7200000000000006         11.13254979490064        1.8085629506459119E-003 
   0.6519963082849487         8.261562088014811        0.9999984912852401      
   7.2072712027274586E-004
  -0.7200000000000006         11.41106729736590        1.5845669760310636E-003 
   0.6518493594703518         8.244452511494442        0.9999986242035650      
   7.2057316096239702E-004
  -0.7200000000000006         11.69180239725550        1.3752408398292055E-003 
   0.6517194988593038         8.227209758685525        0.9999987559007407      
   7.2043000044222903E-004
  -0.7200000000000006         11.97473629218198        1.1788240500405314E-003 
   0.6516059328688479         8.209833266723958        0.9999988864184368      
   7.2029635428621445E-004
  -0.7200000000000006         12.25984880345458        9.9371790694604721E-004 
   0.6515079718785679         8.192322590001357        0.9999990157979415      
   7.2017107276192021E-004
  -0.7200000000000006         12.54711846493471        8.1857884035234460E-004 
   0.6514250250709265         8.174677360950479        0.9999991440802888      
   7.2005319344067040E-004
  -0.7200000000000006         12.83652261047853        6.5251409242214359E-004 
   0.6513565847233870         8.156897246985514        0.9999992713069745      
   7.1994204727138147E-004
  -0.7200000000000006         13.12803745976597        4.9543299589308487E-004 
   0.6513021887538810         8.138981902387201        0.9999993975218137      
   7.1983742977496028E-004
  -0.7200000000000006         13.42163820233561        3.4858558105072359E-004 
   0.6512613434847171         8.120930913619450        0.9999995227749234      
   7.1973981044166772E-004
  -0.7200000000000006         13.71729907966468        2.1523920169627420E-004 
   0.6512333822845668         8.102743737495164        0.9999996471307703      
   7.1965046050027665E-004
  -0.7200000000000006         14.01499346515192        1.0129710348347777E-004 
   0.6512172345455182         8.084419634357065        0.9999997706832636      
   7.1957122152032814E-004
  -0.7200000000000006         14.31469394187969        1.5515432102281341E-005 
   0.6512110881429374         8.065957601197336        0.9999998935817977      
   7.1950343852930773E-004
  -0.7200000000000006         14.61637237804932       -3.1024026674029955E-005 
   0.6512119461575503         8.047356316138631         1.000000016073162      
   7.1944538835303721E-004
  -0.7200000000000006         14.92000000000000       -3.1024026674029955E-005 
   0.6512102301283246         8.028755031079925         1.000000138564527      
   7.1938733817676669E-004
  -0.4800000000000004        -4.227026579539560         0.000000000000000      
   0.5000000000000000         6.910601209846469         1.000000000000000      
    0.000000000000000     
  -0.4800000000000004        -4.014206434341432        3.1136506432423834E-002 
   0.5006413314906073         6.910601209846469        0.9999976127415848      
   5.1017551205416744E-010
  -0.4800000000000004        -3.803070304910810        5.9187714129578906E-002 
   0.5024675078882057         6.914839040725463        0.9999955455178140      
   1.5066273029227779E-009
  -0.4800000000000004        -3.593549933081869        8.3443053203237375E-002 
   0.5052878727221024         6.917631368351821        0.9999939449005230      
   3.7958385947174265E-009
  -0.4800000000000004        -3.385574045583126        0.1036310351175457      
   0.5089287238383269         6.919039077558402        0.9999927456374826      
   9.0635700083609906E-009
  -0.4800000000000004        -3.179068445902549        0.1198005726314152      
   0.5132420160847131         6.919104384809430        0.9999918755934250      
   2.0817911176810779E-008
  -0.4800000000000004        -2.973956117362914        0.1322720756756325      
   0.5181080621848820         6.917858391673866        0.9999912640147974      
   4.6109293257629554E-008
  -0.4800000000000004        -2.770157337224366        0.1415478405774136      
   0.5234360907615211         6.915322711598733        0.9999908474232014      
   9.8531403033323087E-008
  -0.4800000000000004        -2.567589801560878        0.1482098353507717      
   0.5291620545732479         6.911510742236479        0.9999905728418008      
   2.0317443607064976E-007
  -0.4800000000000004        -2.366168760586374        0.1528300548448460      
   0.5352441601716136         6.906428841172079        0.9999903987311201      
   4.0430313539339289E-007
  -0.4800000000000004        -2.165807164036497        0.1559078462405907      
   0.5416569369692670         6.900077682366877        0.9999902942843067      
   7.7643555239244074E-007
  -0.4800000000000004        -1.966415816142869        0.1578373809355935      
   0.5483847056829151         6.892454026337787        0.9999902377936396      
   1.4390236209795833E-006
  -0.4800000000000004        -1.767903539669862        0.1589005493322592      
   0.5554151437327246         6.883553006558932        0.9999902146842945      
   2.5738990591195728E-006
  -0.4800000000000004        -1.570177348419479        0.1592770485361100      
   0.5627334113664225         6.873370932774652        0.9999902156127828      
   4.4429610130520802E-006
  -0.4800000000000004        -1.373142627548817        0.1590634654693788      
   0.5703171016445380         6.861908552872145        0.9999902348491119      
   7.4014038927380792E-006
  -0.4800000000000004        -1.176703320987477        0.1582951315447084      
   0.5781321627674252         6.849174657634708        0.9999902690250460      
   1.1899662099024626E-005
  -0.4800000000000004       -0.9807621251897585        0.1569669930700269      
   0.5861299175840082         6.835189841416997        0.9999903162336691      
   1.8466155831817216E-005
  -0.4800000000000004       -0.7852206884089804        0.1550518037917094      
   0.5942453434571412         6.819990158593285        0.9999903754171413      
   2.7664069096343222E-005
  -0.4800000000000004       -0.5899798146396622        0.1525152528853716      
   0.6023968283484500         6.803630357045026        0.9999904459690766      
   4.0019743867920377E-005
  -0.4800000000000004       -0.3949396713377247        0.1493282184270922      
   0.6104876332800987         6.786186300258625        0.9999905274855552      
   5.5927871519444992E-005
  -0.4800000000000004       -0.2000000000000011        0.1454763915788560      
   0.6184092121225497         6.767756161152409        0.9999906196154906      
   7.5548028375995403E-005
  -0.4800000000000004       -5.0612032226220773E-003   0.1409673310587738      
   0.6260463444985790         6.748460062105932        0.9999907219764915      
   9.8715089485715773E-005
  -0.4800000000000004        0.1899728225015762        0.1358347925136413      
   0.6332838316142962         6.728437907024007        0.9999908341172955      
   1.2488903879625041E-004
  -0.4800000000000004        0.3851971143511089        0.1301398424742649      
   0.6400141693240797         6.707844854033163        0.9999909555099065      
   1.5316617861617563E-004
  -0.4800000000000004        0.5807063267879043        0.1239687395434218      
   0.6461451840407062         6.686845047273588        0.9999910855524095      
   1.8235919850321378E-004
  -0.4800000000000004        0.7765945422431204        0.1174278321611841      
   0.6516065166142118         6.665604263551716        0.9999912235804148      
   2.1113628594085466E-004
  -0.4800000000000004        0.9729550842390562        0.1106361810978834      
   0.6563540239250444         6.644282210838852        0.9999913688841028      
   2.3819281028593028E-004
  -0.4800000000000004         1.169880333731538        0.1037170357933931      
   0.6603715009804241         6.623025386357100        0.9999915207274144      
   2.6241930902064388E-004
  -0.4800000000000004         1.367461549433629        9.6789453677532722E-002 
   0.6636696190230844         6.601961303400660        0.9999916783666865      
   2.8303043673369340E-004
  -0.4800000000000004         1.565788692852865        8.9961207545835059E-002 
   0.6662824741655025         6.581194623843938        0.9999918410669547      
   2.9963070001056975E-004
  -0.4800000000000004         1.764950258740411        8.3323742806285850E-002 
   0.6682624979450345         6.560805379567659        0.9999920081147941      
   3.1221005912991331E-004
  -0.4800000000000004         1.965033111612069        7.6949464864665904E-002 
   0.6696746231803606         6.540849141525991        0.9999921788273518      
   3.2107984436495848E-004
  -0.4800000000000004         2.166122328958343        7.0891201077561458E-002 
   0.6705905336200486         6.521358759039783        0.9999923525582699      
   3.2677154674001628E-004
  -0.4800000000000004         2.368301051714338        6.5183385535429045E-002 
   0.6710836196577206         6.502347179298952        0.9999925287013421      
   3.2992508998715364E-004
  -0.4800000000000004         2.571650342510284        5.9844386068940575E-002 
   0.6712249998135189         6.483810850312980        0.9999927066932192      
   3.3118953919481734E-004
  -0.4800000000000004         2.776249052171010        5.4879406347451670E-002 
   0.6710807212618555         6.465733278269035        0.9999928860152677      
   3.3115064813225685E-004
  -0.4800000000000004         2.982173694877646        5.0283500460826080E-002 
   0.6707100664306969         6.448088422072961        0.9999930661950331      
   3.3028987358440051E-004
  -0.4800000000000004         3.189498332348288        4.6044379291243567E-002 
   0.6701647809549927         6.430843716339896        0.9999932468072217      
   3.2897154759191848E-004
  -0.4800000000000004         3.398294467336542        4.2144826449068515E-002 
   0.6694889938637707         6.413962619082763        0.9999934274736145      
   3.2745036427841268E-004
  -0.4800000000000004         3.608630946688375        3.8564653080404160E-002 
   0.6687196054988152         6.397406658332819        0.9999936078626337      
   3.2589023411769931E-004
  -0.4800000000000004         3.820573874139177        3.5282197484111037E-002 
   0.6678869518015285         6.381136996225320        0.9999937876880692      
   3.2438689674821282E-004
  -0.4800000000000004         4.034186532974921        3.2275419777478540E-002 
   0.6670155982532464         6.365115568139388        0.9999939667058092      
   3.2298915570743846E-004
  -0.4800000000000004         4.249529318623878        2.9522661159475029E-002 
   0.6661251612020735         6.349305878232166        0.9999941447107694      
   3.2171611454629681E-004
  -0.4800000000000004         4.466659681189796        2.7003139925269502E-002 
   0.6652310920129507         6.333673519370294        0.9999943215369400      
   3.2056972373822911E-004
  -0.4800000000000004         4.685632077883227        2.4697249690240487E-002 
   0.6643453882256369         6.318186459954233        0.9999944970576381      
   3.1954310593603548E-004
  -0.4800000000000004         4.906497935255945        2.2586714738820061E-002 
   0.6634772161898882         6.302815146336335        0.9999946711801811      
   3.1862561903280419E-004
  -0.4800000000000004         5.129305621094297        2.0654646139237325E-002 
   0.6626334428340239         6.287532488342300        0.9999948438349914      
   3.1780566663085056E-004
  -0.4800000000000004         5.354100425780786        1.8885531761045127E-002 
   0.6618190818120619         6.272313783421001        0.9999950149645538      
   3.1707209387747784E-004
  -0.4800000000000004         5.580924552890115        1.7265184413096317E-002 
   0.6610376629540403         6.257136607889780        0.9999951845166356      
   3.1641477047012390E-004
  -0.4800000000000004         5.809817118746128        1.5780665287726304E-002 
   0.6602915352468990         6.241980688236511        0.9999953524426659      
   3.1582474822932651E-004
  -0.4800000000000004         6.040814160629681        1.4420194592309993E-002 
   0.6595821135211808         6.226827757128570        0.9999955186994166      
   3.1529422022413925E-004
  -0.4800000000000004         6.273948653295052        1.3173057365716830E-002 
   0.6589100782634945         6.211661397520421        0.9999956832511477      
   3.1481640299513644E-004
  -0.4800000000000004         6.509250533423568        1.2029509698811955E-002 
   0.6582755369120413         6.196466884125434        0.9999958460707680      
   3.1438540090229891E-004
  -0.4800000000000004         6.746746731618209        1.0980688596576464E-002 
   0.6576781537976077         6.181231031557322        0.9999960071402231      
   3.1399607781927862E-004
  -0.4800000000000004         6.986461211521710        1.0018527324241775E-002 
   0.6571172546958313         6.165942051847125        0.9999961664503875      
   3.1364394472469578E-004
  -0.4800000000000004         7.228415015623348        9.1356771466592941E-003 
   0.6565919108925173         6.150589421798154        0.9999963240003817      
   3.1332506435532216E-004
  -0.4800000000000004         7.472626317305855        8.3254357709011996E-003 
   0.6561010067671751         6.135163762360666        0.9999964797965781      
   3.1303597129272108E-004
  -0.4800000000000004         7.719110478673879        7.5816824158755928E-003 
   0.6556432941327455         6.119656730901296        0.9999966338517828      
   3.1277360512023080E-004
  -0.4800000000000004         7.967880113698818        6.8988191920361401E-003 
   0.6552174359221834         6.104060923893722        0.9999967861846120      
   3.1253525436372855E-004
  -0.4800000000000004         8.218945156211536        6.2717183455049327E-003 
   0.6548220412994826         6.088369787202454        0.9999969368187055      
   3.1231850925894281E-004
  -0.4800000000000004         8.472312932274409        5.6956748680093896E-003 
   0.6544556938775316         6.072577533698091        0.9999970857816310      
   3.1212122174705193E-004
  -0.4800000000000004         8.727988236466917        5.1663639596116750E-003 
   0.6541169744052043         6.056679069450141        0.9999972331037651      
   3.1194147141449407E-004
  -0.4800000000000004         8.985973411624599        4.6798028346031603E-003 
   0.6538044790145323         6.040669928613415        0.9999973788174996      
   3.1177753634737651E-004
  -0.4800000000000004         9.246268431579237        4.2323163785067171E-003 
   0.6535168338964090         6.024546215421725        0.9999975229568444      
   3.1162786807115026E-004
  -0.4800000000000004         9.508870986458517        3.8205061948495215E-003 
   0.6532527071036394         6.008304551318372        0.9999976655572971      
   3.1149106990286919E-004
  -0.4800000000000004         9.773776570115773        3.4412226188634816E-003 
   0.6530108180537693         5.991942025896084        0.9999978066557680      
   3.1136587816642247E-004
  -0.4800000000000004         10.04097856927476        3.0915393170992864E-003 
   0.6527899452068178         5.975456150988466        0.9999979462904707      
   3.1125114581939179E-004
  -0.4800000000000004         10.31046835399012        2.7687301406186414E-003 
   0.6525889323156648         5.958844817619048        0.9999980845007241      
   3.1114582812203257E-004
  -0.4800000000000004         10.58223536904130        2.4702479736130210E-003 
   0.6524066935841714         5.942106255612694        0.9999982213266982      
   3.1104897005562005E-004
  -0.4800000000000004         10.85626722589636        2.1937054717658675E-003 
   0.6522422180147679         5.925238995552965        0.9999983568091662      
   3.1095969529006226E-004
  -0.4800000000000004         11.13254979490064        1.9368579503057373E-003 
   0.6520945731750771         5.908241832532831        0.9999984909892706      
   3.1087719665457797E-004
  -0.4800000000000004         11.41106729736590        1.6975895762957245E-003 
   0.6519629085424629         5.891113791000946        0.9999986239083187      
   3.1080072837680420E-004
  -0.4800000000000004         11.69180239725550        1.4739061065578878E-003 
   0.6518464584461218         5.873854090028473        0.9999987556075978      
   3.1072960100948555E-004
  -0.4800000000000004         11.97473629218198        1.2639418918373784E-003 
   0.6517445443068168         5.856462108369871        0.9999988861282277      
   3.1066318125121616E-004
  -0.4800000000000004         12.25984880345458        1.0659974415997723E-003 
   0.6516565751524201         5.838937348505799        0.9999990155110852      
   3.1060090108584408E-004
  -0.4800000000000004         12.54711846493471        8.7863780271213270E-004 
   0.6515820438756488         5.821279398610091        0.9999991437969417      
   3.1054228367646759E-004
  -0.4800000000000004         12.83652261047853        7.0089936511313216E-004 
   0.6515205138590641         5.803487891477321        0.9999992710271177      
   3.1048699560399249E-004
  -0.4800000000000004         13.12803745976597        5.3266290925239120E-004 
   0.6514715859632414         5.785562459831540        0.9999993972453062      
   3.1043493144762379E-004
  -0.4800000000000004         13.42163820233561        3.7522989583166691E-004 
   0.6514348297099826         5.767502687583129        0.9999995225015608      
   3.1038631796973535E-004
  -0.4800000000000004         13.71729907966468        2.3205600782483628E-004 
   0.6514096567175667         5.749308057042592        0.9999996468603309      
   3.1034177946820434E-004
  -0.4800000000000004         14.01499346515192        1.0944303651513646E-004 
   0.6513951131285289         5.730977894471291        0.9999997704155380      
   3.1030222723059760E-004
  -0.4800000000000004         14.31469394187969        1.6834010462177093E-005 
   0.6513895752953054         5.712511318516580        0.9999998933166182      
   3.1026833501729390E-004
  -0.4800000000000004         14.61637237804932       -3.3646749695869765E-005 
   0.6513903486849103         5.693907199630583         1.000000015810424      
   3.1023926241703051E-004
  -0.4800000000000004         14.92000000000000       -3.3646749695869765E-005 
   0.6513888019057006         5.675303080744587         1.000000138304229      
   3.1021018981676712E-004
  -0.2400000000000002        -4.227026579539560         0.000000000000000      
   0.5000000000000000         4.528335150163564         1.000000000000000      
    0.000000000000000     
  -0.2400000000000002        -4.014206434341432        2.9681807112500902E-002 
   0.5006464071927814         4.528335150163564        0.9999976483679813      
   2.2161447234622587E-010
  -0.2400000000000002        -3.803070304910810        5.6473640561637520E-002 
   0.5024903437804242         4.532664341385328        0.9999956106783288      
   6.5272937821720338E-010
  -0.2400000000000002        -3.593549933081869        7.9664004545728639E-002 
   0.5053431540635180         4.535585967366284        0.9999940314220912      
   1.6390692519165464E-009
  -0.2400000000000002        -3.385574045583126        9.8963271266238204E-002 
   0.5090275728707481         4.537155388884496        0.9999928470442524      
   3.9001662851545923E-009
  -0.2400000000000002        -3.179068445902549        0.1143953393447883      
   0.5133877724944629         4.537412511986141        0.9999919870258814      
   8.9274051250365134E-009
  -0.2400000000000002        -2.973956117362914        0.1262514442284016      
   0.5182935374267164         4.536388830459628        0.9999913820114735      
   1.9706849459201529E-008
  -0.2400000000000002        -2.770157337224366        0.1350040073520500      
   0.5236420948680479         4.534108775539827        0.9999909696316834      
   4.1975222706485255E-008
  -0.2400000000000002        -2.567589801560878        0.1412077975700937      
   0.5293569417484683         4.530590798649407        0.9999906977171008      
   8.6284994217848655E-008
  -0.2400000000000002        -2.366168760586374        0.1454128921544623      
   0.5353841465994811         4.525848367695900        0.9999905252690774      
   1.7119371234878117E-007
  -0.2400000000000002        -2.165807164036497        0.1481035407385544      
   0.5416870039912729         4.519891107357845        0.9999904218122750      
   3.2784993719536492E-007
  -0.2400000000000002        -1.966415816142869        0.1496661520946832      
   0.5482399890291574         4.512726283220913        0.9999903658230427      
   6.0605019554179115E-007
  -0.2400000000000002        -1.767903539669862        0.1503819182395723      
   0.5550227977994604         4.504360649875195        0.9999903428153966      
   1.0814146896440641E-006
  -0.2400000000000002        -1.570177348419479        0.1504361248336964      
   0.5620150047167898         4.494802622581624        0.9999903434741967      
   1.8626409396863971E-006
  -0.2400000000000002        -1.373142627548817        0.1499361657866738      
   0.5691916305471014         4.484064735124020        0.9999903620587500      
   3.0969105946266473E-006
  -0.2400000000000002        -1.176703320987477        0.1489321491106695      
   0.5765197533297027         4.472166281696347        0.9999903951662815      
   4.9706675614362923E-006
  -0.2400000000000002       -0.9807621251897585        0.1474363562375832      
   0.5839562183281070         4.459135976285422        0.9999904408447502      
   7.7025468738345710E-006
  -0.2400000000000002       -0.7852206884089804        0.1454398300207774      
   0.5914464898369065         4.445014427500793        0.9999904979918542      
   1.1525697681268317E-005
  -0.2400000000000002       -0.5899798146396622        0.1429256811029199      
   0.5989246991419168         4.429856204485322        0.9999905659659204      
   1.6658496495970105E-005
  -0.2400000000000002       -0.3949396713377247        0.1398793417239636      
   0.6063149403997532         4.413731249920295        0.9999906443435265      
   2.3265706368492434E-005
  -0.2400000000000002       -0.2000000000000011        0.1362961533318647      
   0.6135338119321365         4.396725397141494        0.9999907327743868      
   3.1415922982338511E-005
  -0.2400000000000002       -5.0612032226220773E-003   0.1321865980713587      
   0.6204940842735757         4.378939843571266        0.9999908308997282      
   4.1044412416546249E-005
  -0.2400000000000002        0.1899728225015762        0.1275793429123429      
   0.6271092937392468         4.360489477396616        0.9999909383145724      
   5.1931743015763866E-005
  -0.2400000000000002        0.3851971143511089        0.1225219563668159      
   0.6332988880549085         4.341499607920015        0.9999910545572676      
   6.3707343056549915E-005
  -0.2400000000000002        0.5807063267879043        0.1170794921430677      
   0.6389932852388462         4.322101631652941        0.9999911791079720      
   7.5881336022484957E-005
  -0.2400000000000002        0.7765945422431204        0.1113311851107429      
   0.6441381795359997         4.302428061653541        0.9999913113945402      
   8.7901030944725783E-005
  -0.2400000000000002        0.9729550842390562        0.1053657084710347      
   0.6486975628277563         4.282607327957049        0.9999914508033504      
   9.9221551230341772E-005
  -0.2400000000000002         1.169880333731538        9.9275652677946274E-002 
   0.6526551027768109         4.262758877845712        0.9999915966923438      
   1.0937582304869922E-004
  -0.2400000000000002         1.367461549433629        9.3151972461655852E-002 
   0.6560137813855030         4.242989064503468        0.9999917484043823      
   1.1802921362184958E-004
  -0.2400000000000002         1.565788692852865        8.7079087283932655E-002 
   0.6587939761887478         4.223388173907068        0.9999919052798661      
   1.2500845057817131E-004
  -0.2400000000000002         1.764950258740411        8.1131132895949268E-002 
   0.6610303827279287         4.204028752634304        0.9999920666677542      
   1.3030147010195973E-004
  -0.2400000000000002         1.965033111612069        7.5369607615650550E-002 
   0.6627682876620731         4.184965213557764        0.9999922319346940      
   1.3403208793666651E-004
  -0.2400000000000002         2.166122328958343        6.9842406914664840E-002 
   0.6640597004236564         4.166234546128179        0.9999924004722227      
   1.3641859298269365E-004
  -0.2400000000000002         2.368301051714338        6.4584048074076722E-002 
   0.6649597623739145         4.147857868226922        0.9999925717023870      
   1.3772727300451719E-004
  -0.2400000000000002         2.571650342510284        5.9616778108859486E-002 
   0.6655237161835409         4.129842523194140        0.9999927450820927      
   1.3823056024473402E-004
  -0.2400000000000002         2.776249052171010        5.4952230360103681E-002 
   0.6658045745513097         4.112184443581693        0.9999929201063169      
   1.3817603763755158E-004
  -0.2400000000000002         2.982173694877646        5.0593327738504515E-002 
   0.6658515053840828         4.094870550052442        0.9999930963104685      
   1.3776849239965230E-004
  -0.2400000000000002         3.189498332348288        4.6536197051395181E-002 
   0.6657088647912472         4.077881014153669        0.9999932732717343      
   1.3716383808895594E-004
  -0.2400000000000002         3.398294467336542        4.2771935375695409E-002 
   0.6654157616816105         4.061191277390614        0.9999934506095786      
   1.3647174231885202E-004
  -0.2400000000000002         3.608630946688375        3.9288139452851076E-002 
   0.6650060221317107         4.044773769537502        0.9999936279856031      
   1.3576324622313523E-004
  -0.2400000000000002         3.820573874139177        3.6070164058419396E-002 
   0.6645084282951708         4.028599311371076        0.9999938051025304      
   1.3508015695454605E-004
  -0.2400000000000002         4.034186532974921        3.3102113061685881E-002 
   0.6639471257115563         4.012638219410752        0.9999939817029556      
   1.3444399804677688E-004
  -0.2400000000000002         4.249529318623878        3.0367589155124629E-002 
   0.6633421166064704         3.996861143058535        0.9999941575690737      
   1.3386335339728961E-004
  -0.2400000000000002         4.466659681189796        2.7850238601698135E-002 
   0.6627097799760616         3.981239662761908        0.9999943325223691      
   1.3333926360756235E-004
  -0.2400000000000002         4.685632077883227        2.5534129774061894E-002 
   0.6620633792469054         3.965746682633376        0.9999945064198495      
   1.3286883890908553E-004
  -0.2400000000000002         4.906497935255945        2.3404001993124368E-002 
   0.6614135340961627         3.950356667081445        0.9999946791457993      
   1.3244747703811496E-004
  -0.2400000000000002         5.129305621094297        2.1445416450075437E-002 
   0.6607686444976808         3.935045772022997        0.9999948506023885      
   1.3207010766957139E-004
  -0.2400000000000002         5.354100425780786        1.9644835377288422E-002 
   0.6601352627625525         3.919791903338313        0.9999950207028624      
   1.3173181938886289E-004
  -0.2400000000000002         5.580924552890115        1.7989650182117581E-002 
   0.6595184141858240         3.904574721844726        0.9999951893686491      
   1.3142812814306550E-004
  -0.2400000000000002         5.809817118746128        1.6468174474002596E-002 
   0.6589218697292509         3.889375607589739        0.9999953565296490      
   1.3115505572718165E-004
  -0.2400000000000002         6.040814160629681        1.5069613936564308E-002 
   0.6583483755944736         3.874177591297047        0.9999955221256902      
   1.3090911814017959E-004
  -0.2400000000000002         6.273948653295052        1.3784021824791704E-002 
   0.6577998450769775         3.858965262712081        0.9999956861074233      
   1.3068727789626575E-004
  -0.2400000000000002         6.509250533423568        1.2602246396198082E-002 
   0.6572775180634314         3.843724668681900        0.9999958484364254      
   1.3048688693573099E-004
  -0.2400000000000002         6.746746731618209        1.1515874675016722E-002 
   0.6567820931423547         3.828443208952447        0.9999960090849817      
   1.3030563176741802E-004
  -0.2400000000000002         6.986461211521710        1.0517175519420136E-002 
   0.6563138367410962         3.813109532073756        0.9999961680354972      
   1.3014148497354614E-004
  -0.2400000000000002         7.228415015623348        9.5990439373862813E-003 
   0.6558726731294144         3.797713434288921        0.9999963252794684      
   1.2999266382531590E-004
  -0.2400000000000002         7.472626317305855        8.7549478660310202E-003 
   0.6554582585761753         3.782245765072566        0.9999964808164241      
   1.2985759543876596E-004
  -0.2400000000000002         7.719110478673879        7.9788781027951543E-003 
   0.6550700424157206         3.766698339976719        0.9999966346531279      
   1.2973488752095159E-004
  -0.2400000000000002         7.967880113698818        7.2653017119588530E-003 
   0.6547073173101841         3.751063858755627        0.9999967868028541      
   1.2962330375647631E-004
  -0.2400000000000002         8.218945156211536        6.6091189938171212E-003 
   0.6543692606092646         3.735335827710844        0.9999969372843990      
   1.2952174300917541E-004
  -0.2400000000000002         8.472312932274409        6.0056239541506559E-003 
   0.6540549683940304         3.719508487533960        0.9999970861208626      
   1.2942922165937271E-004
  -0.2400000000000002         8.727988236466917        5.4504681120293415E-003 
   0.6537634835173818         3.703576748187686        0.9999972333385546      
   1.2934485852757310E-004
  -0.2400000000000002         8.985973411624599        4.9396274180866185E-003 
   0.6534938187133053         3.687536130622894        0.9999973789662859      
   1.2926786194227856E-004
  -0.2400000000000002         9.246268431579237        4.4693720191076401E-003 
   0.6532449756493290         3.671382713763802        0.9999975230350205      
   1.2919751859430143E-004
  -0.2400000000000002         9.508870986458517        4.0362385924798440E-003 
   0.6530159606437405         3.655113085251283        0.9999976655777085      
   1.2913318388649701E-004
  -0.2400000000000002         9.773776570115773        3.6370049766984718E-003 
   0.6528057976505026         3.638724295117813        0.9999978066291317      
   1.2907427354033228E-004
  -0.2400000000000002         10.04097856927476        3.2686668361952042E-003 
   0.6526135390191051         3.622213812071760        0.9999979462257067      
   1.2902025626278278E-004
  -0.2400000000000002         10.31046835399012        2.9284161235420638E-003 
   0.6524382744580334         3.605579482281082        0.9999980844052135      
   1.2897064731232980E-004
  -0.2400000000000002         10.58223536904130        2.6136211579563624E-003 
   0.6522791385653719         3.588819490534310        0.9999982212064942      
   1.2892500283637556E-004
  -0.2400000000000002         10.85626722589636        2.3218082798780052E-003 
   0.6521353172336345         3.571932323464693        0.9999983566691651      
   1.2888291489383908E-004
  -0.2400000000000002         11.13254979490064        2.0506454068235629E-003 
   0.6520060531811407         3.554916734316732        0.9999984908333613      
   1.2884400714709460E-004
  -0.2400000000000002         11.41106729736590        1.7979287342409747E-003 
   0.6518906507920694         3.537771708652943        0.9999986237395068      
   1.2880793135164185E-004
  -0.2400000000000002         11.69180239725550        1.5615759892885482E-003 
   0.6517884803180508         3.520496430452730        0.9999987554281138      
   1.2877436507607325E-004
  -0.2400000000000002         11.97473629218198        1.3396343154404933E-003 
   0.6516989812093641         3.503090248127751        0.9999988859396444      
   1.2874301168528651E-004
  -0.2400000000000002         12.25984880345458        1.1303198465349843E-003 
   0.6516216637125911         3.485552639869491        0.9999990153144652      
   1.2871360465683423E-004
  -0.2400000000000002         12.54711846493471        9.3212074264209337E-004 
   0.6515561065587840         3.467883177479147        0.9999991435929807      
   1.2868591971443034E-004
  -0.2400000000000002         12.83652261047853        7.4401399288922285E-004 
   0.6515019460955076         3.450081487881061        0.9999992708162594      
   1.2865979929373717E-004
  -0.2400000000000002         13.12803745976597        5.6585785746803333E-004 
   0.6514588481630733         3.432147212147313        0.9999993970278100      
   1.2863519223183304E-004
  -0.2400000000000002         13.42163820233561        3.9900169712953927E-004 
   0.6514264485490536         3.414079962288162        0.9999995222775685      
   1.2861220288876024E-004
  -0.2400000000000002         13.71729907966468        2.4707034600972657E-004 
   0.6514042425780444         3.395879276072048        0.9999996466299118      
   1.2859112253060993E-004
  -0.2400000000000002         14.01499346515192        1.1672193620167011E-004 
   0.6513914028020602         3.377544572018224        0.9999997701787222      
   1.2857237865755610E-004
  -0.2400000000000002         14.31469394187969        1.8014112991645934E-005 
   0.6513865097496914         3.359075108287390        0.9999998930734234      
   1.2855628966028124E-004
  -0.2400000000000002         14.61637237804932       -3.5993372049781424E-005 
   0.6513871938789233         3.340469950511715         1.000000015560856      
   1.2854246401829893E-004
  -0.2400000000000002         14.92000000000000       -3.5993372049781424E-005 
   0.6513858256204594         3.321864792736041         1.000000138048288      
   1.2852863837631661E-004
    0.000000000000000        -4.227026579539560         0.000000000000000      
   0.5000000000000000         2.147883021775744         1.000000000000000      
    0.000000000000000     
    0.000000000000000        -4.014206434341432        2.8222618556759553E-002 
   0.5006452433365770         2.147883021775744        0.9999976826046667      
   9.2835086834413680E-011
    0.000000000000000        -3.803070304910810        5.3744015375373072E-002 
   0.5024888895480382         2.152256127528203        0.9999956733015053      
   2.7268654663196601E-010
    0.000000000000000        -3.593549933081869        7.5858200920980653E-002 
   0.5053460124570444         2.155268798475370        0.9999941145716530      
   6.8241921179828063E-010
    0.000000000000000        -3.385574045583126        9.4262906352953119E-002 
   0.5090381442157232         2.156970982435841        0.9999929444777722      
   1.6180514560742907E-009
    0.000000000000000        -3.179068445902549        0.1089610079050292      
   0.5134043999376871         2.157399862051111        0.9999920940433982      
   3.6906388503917081E-009
    0.000000000000000        -2.973956117362914        0.1202171097163666      
   0.5183069336746331         2.156586452914007        0.9999914952438639      
   8.1189319687703597E-009
    0.000000000000000        -2.770157337224366        0.1284750381869436      
   0.5236339147134172         2.154556713085407        0.9999910867675665      
   1.7235763123381585E-008
    0.000000000000000        -2.567589801560878        0.1342626166299726      
   0.5292993048319894         2.151332460082384        0.9999908172243299      
   3.5317318650259498E-008
    0.000000000000000        -2.366168760586374        0.1381074512998283      
   0.5352399039448013         2.146932181172020        0.9999906461479278      
   6.9858970635710642E-008
    0.000000000000000        -2.165807164036497        0.1404774860562330      
   0.5414105761203216         2.141371923035899        0.9999905433962213      
   1.3340306827173114E-007
    0.000000000000000        -1.966415816142869        0.1417495696303169      
   0.5477786627539560         2.134666464281505        0.9999904876344157      
   2.4594453182313499E-007
    0.000000000000000        -1.767903539669862        0.1422017960219296      
   0.5543184308203223         2.126830751897189        0.9999904644718766      
   4.3777099458467374E-007
    0.000000000000000        -1.570177348419479        0.1420219755364098      
   0.5610061341802309         2.117881534090850        0.9999904646307545      
   7.5232356275714063E-007
    0.000000000000000        -1.373142627548817        0.1413245140407859      
   0.5678160020632295         2.107839170698754        0.9999904823713974      
   1.2483188998382456E-006
    0.000000000000000        -1.176703320987477        0.1401697511560018      
   0.5747172744659779         2.096729543533607        0.9999905142708598      
   2.0000403693090134E-006
    0.000000000000000       -0.9807621251897585        0.1385820923521441      
   0.5816722943274304         2.084585923085428        0.9999905583473894      
   3.0945372049630384E-006
    0.000000000000000       -0.7852206884089804        0.1365652269422644      
   0.5886356234534471         2.071450636403164        0.9999906134686015      
   4.6246528265090276E-006
    0.000000000000000       -0.5899798146396622        0.1341140267049617      
   0.5955541412000163         2.057376383045598        0.9999906789689772      
   6.6774848380162354E-006
    0.000000000000000       -0.3949396713377247        0.1312233867008065      
   0.6023680802438736         2.042427047528395        0.9999907544121970      
   9.3190672677669826E-006
    0.000000000000000       -0.2000000000000011        0.1278944790914682      
   0.6090129224450849         2.026677869523792        0.9999908394493141      
   1.2577538862246294E-005
    0.000000000000000       -5.0612032226220773E-003   0.1241388678851114      
   0.6154220133339294         2.010214917362148        0.9999909337389850      
   1.6428342264169544E-005
    0.000000000000000        0.1899728225015762        0.1199808219574534      
   0.6215297407846982         1.993133834003853        0.9999910369099696      
   2.0785532667924433E-005
    0.000000000000000        0.3851971143511089        0.1154578686762815      
   0.6272750391351138         1.975537458477666        0.9999911485491524      
   2.5502829180872382E-005
    0.000000000000000        0.5807063267879043        0.1106198757984902      
   0.6326048016968981         1.957532780249502        0.9999912681973994      
   3.0385824321639903E-005
    0.000000000000000        0.7765945422431204        0.1055268891226471      
   0.6374767903788259         1.939227514276222        0.9999913953518706      
   3.5214059014692512E-005
    0.000000000000000        0.9729550842390562        0.1002460277199455      
   0.6418617351538034         1.920726519569181        0.9999915294727364      
   3.9768937513887543E-005
    0.000000000000000         1.169880333731538        9.4847841564402152E-002 
   0.6457444060161510         1.902128378204818        0.9999916699920084      
   4.3861700203069509E-005
    0.000000000000000         1.367461549433629        8.9402577698896118E-002 
   0.6491235820220054         1.883522437872258        0.9999918163232407      
   4.7355592628718183E-005
    0.000000000000000         1.565788692852865        8.3976772371889080E-002 
   0.6520109995705210         1.864986547492324        0.9999919678713959      
   5.0177990579861130E-005
    0.000000000000000         1.764950258740411        7.8630491999638868E-002 
   0.6544294923511782         1.846585614010158        0.9999921240422296      
   5.2320973527063530E-005
    0.000000000000000         1.965033111612069        7.3415410438409628E-002 
   0.6564106134300464         1.828371000856064        0.9999922842507681      
   5.3831728783604435E-005
    0.000000000000000         2.166122328958343        6.8373767614860123E-002 
   0.6579920478389285         1.810380695541326        0.9999924479285649      
   5.4796302336983176E-005
    0.000000000000000         2.368301051714338        6.3538134644743921E-002 
   0.6592150899454984         1.792640108293773        0.9999926145297739      
   5.5321058996846689E-005
    0.000000000000000         2.571650342510284        5.8931830705263401E-002 
   0.6601223921106361         1.775163329260225        0.9999927835360404      
   5.5515765493032785E-005
    0.000000000000000         2.776249052171010        5.4569801005938640E-002 
   0.6607561105784583         1.757954667752125        0.9999929544603321      
   5.5480881984083448E-005
    0.000000000000000         2.982173694877646        5.0459766550210956E-002 
   0.6611564986933427         1.741010313316787        0.9999931268497944      
   5.5300038155165011E-005
    0.000000000000000         3.189498332348288        4.6603482915363495E-002 
   0.6613609374552454         1.724319989334298        0.9999933002877048      
   5.5037304108890503E-005
    0.000000000000000         3.398294467336542        4.2997984197030929E-002 
   0.6614033534284720         1.707868504612664        0.9999934743947552      
   5.4738036446855513E-005
    0.000000000000000         3.608630946688375        3.9636729177394421E-002 
   0.6613139532259920         1.691637141850982        0.9999936488297311      
   5.4431822886977174E-005
    0.000000000000000         3.820573874139177        3.6510602964381751E-002 
   0.6611191983032522         1.675604852161410        0.9999938232897447      
   5.4136220744345063E-005
    0.000000000000000         4.034186532974921        3.3608755561922200E-002 
   0.6608419486433967         1.659749246234727        0.9999939975102898      
   5.3860374078562298E-005
    0.000000000000000         4.249529318623878        3.0919278471877466E-002 
   0.6605017144712253         1.644047385478148        0.9999941712646447      
   5.3608014695656095E-005
    0.000000000000000         4.466659681189796        2.8429732523484491E-002 
   0.6601149678481883         1.628476386600481        0.9999943443610712      
   5.3379688390873959E-005
    0.000000000000000         4.685632077883227        2.6127546365689352E-002 
   0.6596954785318384         1.613013866544836        0.9999945166369298      
   5.3174259083582959E-005
    0.000000000000000         4.906497935255945        2.4000307124942593E-002 
   0.6592546494527498         1.597638262662346        0.9999946879514208      
   5.2989840968257709E-005
    0.000000000000000         5.129305621094297        2.2035964092540484E-002 
   0.6588018359577834         1.582329056411864        0.9999948581796697      
   5.2824327284211520E-005
    0.000000000000000         5.354100425780786        2.0222964199654220E-002 
   0.6583446396017142         1.567066919624912        0.9999950272094903      
   5.2675660627537713E-005
    0.000000000000000         5.580924552890115        1.8550335334308974E-002 
   0.6578891720422331         1.551833798588442        0.9999951949406565      
   5.2541951609025375E-005
    0.000000000000000         5.809817118746128        1.7007730744883400E-002 
   0.6574402878439347         1.536612947353170        0.9999953612855547      
   5.2421516167648193E-005
    0.000000000000000         6.040814160629681        1.5585445149644543E-002 
   0.6570017870840130         1.521388920344681        0.9999955261697256      
   5.2312873636920703E-005
    0.000000000000000         6.273948653295052        1.4274410874716675E-002 
   0.6565765898958698         1.506147537437680        0.9999956895317161      
   5.2214728635042464E-005
    0.000000000000000         6.509250533423568        1.3066180389332769E-002 
   0.6561668857021417         1.490875833204740        0.9999958513226341      
   5.2125948304406741E-005
    0.000000000000000         6.746746731618209        1.1952899995792942E-002 
   0.6557742600721451         1.475561995765630        0.9999960115055564      
   5.2045540036636599E-005
    0.000000000000000         6.986461211521710        1.0927278166884312E-002 
   0.6553998020895790         1.460195298613956        0.9999961700545696      
   5.1972631585354426E-005
    0.000000000000000         7.228415015623348        9.9825510564381728E-003 
   0.6550441949451753         1.444766030439047        0.9999963269535724      
   5.1906453986016160E-005
    0.000000000000000         7.472626317305855        9.1124469622680324E-003 
   0.6547077922104518         1.429265426661546        0.9999964821952563      
   5.1846327107414619E-005
    0.000000000000000         7.719110478673879        8.3111509508171227E-003 
   0.6543906819478831         1.413685602793109        0.9999966357803112      
   5.1791647475275997E-005
    0.000000000000000         7.967880113698818        7.5732704376456576E-003 
   0.6540927405265269         1.398019488594771        0.9999967877165443      
   5.1741877993722185E-005
    0.000000000000000         8.218945156211536        6.8938022246985663E-003 
   0.6538136777622254         1.382260763835000        0.9999969380176956      
   5.1696539234111527E-005
    0.000000000000000         8.472312932274409        6.2681012836047299E-003 
   0.6535530747751107         1.366403797904018        0.9999970867021687      
   5.1655202016656048E-005
    0.000000000000000         8.727988236466917        5.6918514162348811E-003 
   0.6533104157430830         1.350443594644220        0.9999972337920158      
   5.1617481061626952E-005
    0.000000000000000         8.985973411624599        5.1610378092509773E-003 
   0.6530851145365127         1.334375741878505        0.9999973793123299      
   5.1583029529595875E-005
    0.000000000000000         9.246268431579237        4.6719214235894299E-003 
   0.6528765370594318         1.318196364307425        0.9999975232909093      
   5.1551534304191157E-005
    0.000000000000000         9.508870986458517        4.2210151135018085E-003 
   0.6526840199955813         1.301902078828025        0.9999976657580369      
   5.1522711897715737E-005
    0.000000000000000         9.773776570115773        3.8050613423906521E-003 
   0.6525068865541392         1.285489951918512        0.9999978067462412      
   5.1496304881240266E-005
    0.000000000000000         10.04097856927476        3.4210113491885759E-003 
   0.6523444597226153         1.268957459044034        0.9999979462900056      
   5.1472078757898421E-005
    0.000000000000000         10.31046835399012        3.0660056229339762E-003 
   0.6521960734606099         1.252302446129130        0.9999980844254336      
   5.1449819212563909E-005
    0.000000000000000         10.58223536904130        2.7373555827860220E-003 
   0.6520610822054103         1.235523093036581        0.9999982211899059      
   5.1429329685046595E-005
    0.000000000000000         10.85626722589636        2.4325264909470885E-003 
   0.6519388690051109         1.218617878756706        0.9999983566217608      
   5.1410429231637305E-005
    0.000000000000000         11.13254979490064        2.1491219905516480E-003 
   0.6518288525414089         1.201585547843232        0.9999984907600106      
   5.1392950670585092E-005
    0.000000000000000         11.41106729736590        1.8848715986483997E-003 
   0.6517304932383517         1.184425077617721        0.9999986236440872      
   5.1376739070848159E-005
    0.000000000000000         11.69180239725550        1.6376247131677621E-003 
   0.6516432985387590         1.167135645730062        0.9999987553136319      
   5.1361650778528375E-005
    0.000000000000000         11.97473629218198        1.4053595230216051E-003 
   0.6515668271867998         1.149716597737927        0.9999988858083575      
   5.1347553442463233E-005
    0.000000000000000         12.25984880345458        1.1862245352455775E-003 
   0.6515006918251300         1.132167414317148        0.9999990151680208      
   5.1334327962346706E-005
    0.000000000000000         12.54711846493471        9.7864579070444527E-004 
   0.6514445581164983         1.114487677438199        0.9999991434325689      
   5.1321873914370346E-005
    0.000000000000000         12.83652261047853        7.8155238698059755E-004 
   0.6513981365204506         1.096677034829762        0.9999992706427367      
   5.1310120475362307E-005
    0.000000000000000         13.12803745976597        5.9478570840917032E-004 
   0.6513611594018700         1.078735162803619        0.9999993968417855      
   5.1299044158796626E-005
    0.000000000000000         13.42163820233561        4.1973833840337071E-004 
   0.6513333313915439         1.060661728097765        0.9999995220794753      
   5.1288690828284031E-005
    0.000000000000000         13.71729907966468        2.6018283819820065E-004 
   0.6513142361120852         1.042456349037341        0.9999996464200624      
   5.1279189918879507E-005
    0.000000000000000         14.01499346515192        1.2308792979115029E-004 
   0.6513031804082972         1.024118557751524        0.9999997699573409      
   5.1270732117966615E-005
    0.000000000000000         14.31469394187969        1.9049001287613117E-005 
   0.6512989614587488         1.005647766277301        0.9999998928406687      
   5.1263459921467230E-005
    0.000000000000000         14.61637237804932       -3.8050489832800897E-005 
   0.6512995525171200        0.9870432392030496         1.000000015316818      
   5.1257198780328997E-005
    0.000000000000000         14.92000000000000       -3.8050489832800897E-005 
   0.6512983704003775        0.9684387121287983         1.000000137792967      
   5.1250937639190763E-005
   0.2400000000000002        -4.227026579539560         0.000000000000000      
   0.5000000000000000       -0.2308257737054512         1.000000000000000      
    0.000000000000000     
   0.2400000000000002        -4.014206434341432        2.6771360674672784E-002 
   0.5006393518791430       -0.2308257737054512        0.9999977154026499      
   3.7549469164918404E-011
   0.2400000000000002        -3.803070304910810        5.1022627924431740E-002 
   0.5024689463224261       -0.2264462309944648        0.9999957332952973      
   1.0998754540996396E-010
   0.2400000000000002        -3.593549933081869        7.2058822144919932E-002 
   0.5053088137933168       -0.2233742845379434        0.9999941942251410      
   2.7429643643470513E-010
   0.2400000000000002        -3.385574045583126        8.9569910669137165E-002 
   0.5089811454592288       -0.2215651040728099        0.9999930377963481      
   6.4801066241671048E-010
   0.2400000000000002        -3.179068445902549        0.1035413646268135      
   0.5133222507972499       -0.2209844195883713        0.9999921965050309      
   1.4727393975766218E-009
   0.2400000000000002        -2.973956117362914        0.1142135134060316      
   0.5181891000239245       -0.2216022974407075        0.9999916035938394      
   3.2284790591112589E-009
   0.2400000000000002        -2.770157337224366        0.1220028065703965      
   0.5234633051758917       -0.2233922408232374        0.9999911987558069      
   6.8305573127554406E-009
   0.2400000000000002        -2.567589801560878        0.1274103858242643      
   0.5290517564054882       -0.2263304241689533        0.9999909313429280      
   1.3950825646046039E-008
   0.2400000000000002        -2.366168760586374        0.1309408840698326      
   0.5348843569128280       -0.2303950546623005        0.9999907614023501      
   2.7509853408609520E-008
   0.2400000000000002        -2.165807164036497        0.1330448202578054      
   0.5409097835729022       -0.2355657162105980        0.9999906591208582      
   5.2379355718314141E-008
   0.2400000000000002        -1.966415816142869        0.1340878389999031      
   0.5470903183340283       -0.2418224855103958        0.9999906033570548      
   9.6303216702379084E-008
   0.2400000000000002        -1.767903539669862        0.1343428052292002      
   0.5533966416893540       -0.2491448613798219        0.9999905798241119      
   1.7098080744351336E-007
   0.2400000000000002        -1.570177348419479        0.1339974408955886      
   0.5598032003077722       -0.2575105835329187        0.9999905792914915      
   2.9315367165466274E-007
   0.2400000000000002        -1.373142627548817        0.1331700721297776      
   0.5662844787563825       -0.2668943354348379        0.9999905960312508      
   4.8540657531864487E-007
   0.2400000000000002        -1.176703320987477        0.1319277363239748      
   0.5728122885258682       -0.2772663836942100        0.9999906266111909      
   7.7626933341577567E-007
   0.2400000000000002       -0.9807621251897585        0.1303030899355684      
   0.5793540560232040       -0.2885912766170265        0.9999906690305855      
   1.1991435517750974E-006
   0.2400000000000002       -0.7852206884089804        0.1283084507662157      
   0.5858720313130784       -0.3008267243460148        0.9999907221366966      
   1.7896478647284633E-006
   0.2400000000000002       -0.5899798146396622        0.1259465843859289      
   0.5923233226294646       -0.3139227646992989        0.9999907852479483      
   2.5812313003689485E-006
   0.2400000000000002       -0.3949396713377247        0.1232185161179140      
   0.5986606598023740       -0.3278213075718866        0.9999908579198955      
   3.5993497146431874E-006
   0.2400000000000002       -0.2000000000000011        0.1201288830985174      
   0.6048337760558811       -0.3424561353384513        0.9999909398057858      
   4.8550530958828981E-006
   0.2400000000000002       -5.0612032226220773E-003   0.1166893435923279      
   0.6107912658838881       -0.3577533649120170        0.9999910305781045      
   6.3393152849363699E-006
   0.2400000000000002        0.1899728225015762        0.1129204630105629      
   0.6164828021874096       -0.3736323692078148        0.9999911298912917      
   8.0196465133732721E-006
   0.2400000000000002        0.3851971143511089        0.1088522127897744      
   0.6218615590542891       -0.3900075226963275        0.9999912373688581      
   9.8403776600159502E-006
   0.2400000000000002        0.5807063267879043        0.1045234053315308      
   0.6268865560283732       -0.4067903740519023        0.9999913525976457      
   1.1727182784509979E-005
   0.2400000000000002        0.7765945422431204        9.9980271945581178E-002 
   0.6315246600047350       -0.4238920449929526        0.9999914751279089      
   1.3595393436976226E-005
   0.2400000000000002        0.9729550842390562        9.5274399186385167E-002 
   0.6357520654773365       -0.4412257393704894        0.9999916044773504      
   1.5360618094816545E-005
   0.2400000000000002         1.169880333731538        9.0460284619659354E-002 
   0.6395551198771989       -0.4587091679115973        0.9999917401370929      
   1.6949490078974228E-005
   0.2400000000000002         1.367461549433629        8.5592788486391264E-002 
   0.6429304384410195       -0.4762666960889463        0.9999918815787651      
   1.8308301646493677E-005
   0.2400000000000002         1.565788692852865        8.0724741334070899E-002 
   0.6458843436637456       -0.4938310628346523        0.9999920282622291      
   1.9407865043068785E-005
   0.2400000000000002         1.764950258740411        7.5904917946234857E-002 
   0.6484317429513731       -0.5113445744542459        0.9999921796434582      
   2.0243963393705529E-005
   0.2400000000000002         1.965033111612069        7.1176514517699990E-002 
   0.6505946106729277       -0.5287597408211752        0.9999923351820368      
   2.0833859373648661E-005
   0.2400000000000002         2.166122328958343        6.6576184711236344E-002 
   0.6524002612234354       -0.5460393782877092        0.9999924943479318      
   2.1210166125387266E-005
   0.2400000000000002         2.368301051714338        6.2133616575614378E-002 
   0.6538795899245518       -0.5631562490836357        0.9999926566273818      
   2.1413739849200252E-005
   0.2400000000000002         2.571650342510284        5.7871577275593292E-002 
   0.6550654265655298       -0.5800923354062020        0.9999928215278743      
   2.1487110843045953E-005
   0.2400000000000002         2.776249052171010        5.3806320732487617E-002 
   0.6559911026776543       -0.5968378579217077        0.9999929885822574      
   2.1469479311240018E-005
   0.2400000000000002         2.982173694877646        4.9948243373235834E-002 
   0.6566892882252988       -0.6133901455624647        0.9999931573520207      
   2.1393689503069464E-005
   0.2400000000000002         3.189498332348288        4.6302680265639717E-002 
   0.6571911136616220       -0.6297524502521248        0.9999933274298874      
   2.1285064049313938E-005
   0.2400000000000002         3.398294467336542        4.2870751564302770E-002 
   0.6575255632799673       -0.6459327821700271        0.9999934984417801      
   2.1161647925172326E-005
   0.2400000000000002         3.608630946688375        3.9650191404075857E-002 
   0.6577191065431069       -0.6619428206500078        0.9999936700481694      
   2.1035298573975566E-005
   0.2400000000000002         3.820573874139177        3.6636113574510090E-002 
   0.6577955245199572       -0.6777969367361294        0.9999938419447197      
   2.0913114516728993E-005
   0.2400000000000002         4.034186532974921        3.3821687643410744E-002 
   0.6577758865152956       -0.6935113475682854        0.9999940138619587      
   2.0798839546687053E-005
   0.2400000000000002         4.249529318623878        3.1198714379100333E-002 
   0.6576786349812476       -0.7091034093263699        0.9999941855633409      
   2.0694040950827580E-005
   0.2400000000000002         4.466659681189796        2.8758100171997453E-002 
   0.6575197426443815       -0.7245910431049759        0.9999943568413316      
   2.0598992011786066E-005
   0.2400000000000002         4.685632077883227        2.6490237136137143E-002 
   0.6573129127443429       -0.7399922781598036        0.9999945275123252      
   2.0513273745131619E-005
   0.2400000000000002         4.906497935255945        2.4385299422049457E-002 
   0.6570698001598387       -0.7553248951462667        0.9999946974120908      
   2.0436151374416435E-005
   0.2400000000000002         5.129305621094297        2.2433467844328311E-002 
   0.6568002373239668       -0.7706061555154853        0.9999948663928655      
   2.0366790230747247E-005
   0.2400000000000002         5.354100425780786        2.0625095009910645E-002 
   0.6565124539400145       -0.7858526046669035        0.9999950343221684      
   2.0304367724469338E-005
   0.2400000000000002         5.580924552890115        1.8950822315114458E-002 
   0.6562132835447512       -0.8010799374652822        0.9999952010827733      
   2.0248123696405884E-005
   0.2400000000000002         5.809817118746128        1.7401658883708371E-002 
   0.6559083530012202       -0.8163029162605868        0.9999953665728579      
   2.0197377317244045E-005
   0.2400000000000002         6.040814160629681        1.5969031050086162E-002 
   0.6556022531949213       -0.8315353299017272        0.9999955307056811      
   2.0151527583535284E-005
   0.2400000000000002         6.273948653295052        1.4644809521154170E-002 
   0.6552986907035905       -0.8467899813700522        0.9999956934089336      
   2.0110046860095115E-005
   0.2400000000000002         6.509250533423568        1.3421319970498821E-002 
   0.6550006211472863       -0.8620786960735294        0.9999958546240646      
   2.0072472253839164E-005
   0.2400000000000002         6.746746731618209        1.2291341609947656E-002 
   0.6547103654709598       -0.8774123465575562        0.9999960143053924      
   2.0038396992987919E-005
   0.2400000000000002         6.986461211521710        1.1248097280781591E-002 
   0.6544297107074261       -0.8928008884030291        0.9999961724189006      
   2.0007462647405334E-005
   0.2400000000000002         7.228415015623348        1.0285237781060493E-002 
   0.6541599968788194       -0.9082534016748340        0.9999963289410382      
   1.9979352402425251E-005
   0.2400000000000002         7.472626317305855        9.3968224670329392E-003 
   0.6539021916655570       -0.9237781353316240        0.9999964838577847      
   1.9953785342062554E-005
   0.2400000000000002         7.719110478673879        8.5772976295780089E-003 
   0.6536569543709658       -0.9393825546348220        0.9999966371637987      
   1.9930511613121074E-005
   0.2400000000000002         7.967880113698818        7.8214737389084681E-003 
   0.6534246905889507       -0.9550733910676938        0.9999967888613246      
   1.9909308329837606E-005
   0.2400000000000002         8.218945156211536        7.1245023416804370E-003 
   0.6532055988535019       -0.9708566924768495        0.9999969389588820      
   1.9889976092802870E-005
   0.2400000000000002         8.472312932274409        6.4818531535636194E-003 
   0.6529997104075221       -0.9867378709350290        0.9999970874700238      
   1.9872336016262502E-005
   0.2400000000000002         8.727988236466917        5.8892917014156474E-003 
   0.6528069230800645        -1.002721747451541        0.9999972344124465      
   1.9856227177235402E-005
   0.2400000000000002         8.985973411624599        5.3428577276226075E-003 
   0.6526270301230300        -1.018812594196610        0.9999973798074536      
   1.9841504416134874E-005
   0.2400000000000002         9.246268431579237        4.8388444687716345E-003 
   0.6524597447422414        -1.035014175129372        0.9999975236796127      
   1.9828036431638689E-005
   0.2400000000000002         9.508870986458517        4.3737788504684509E-003 
   0.6523047209612590        -1.051329785400937        0.9999976660564582      
   1.9815704122906868E-005
   0.2400000000000002         9.773776570115773        3.9444025900326959E-003 
   0.6521615713724387        -1.067762289505807        0.9999978069681622      
   1.9804399140465473E-005
   0.2400000000000002         10.04097856927476        3.5476541654366894E-003 
   0.6520298822557682        -1.084314158016089        0.9999979464471616      
   1.9794022613714839E-005
   0.2400000000000002         10.31046835399012        3.1806515961428656E-003 
   0.6519092264816029        -1.100987502732816        0.9999980845277692      
   1.9784484028671048E-005
   0.2400000000000002         10.58223536904130        2.8406760077509677E-003 
   0.6517991745571334        -1.117784110264417        0.9999982212457894      
   1.9775700235099495E-005
   0.2400000000000002         10.85626722589636        2.5251560736599173E-003 
   0.6516993041258330        -1.134705474297736        0.9999983566381753      
   1.9767594569430618E-005
   0.2400000000000002         11.13254979490064        2.2316537903819848E-003 
   0.6516092081802246        -1.151752826942630        0.9999984907427162      
   1.9760096092713241E-005
   0.2400000000000002         11.41106729736590        1.9578529962487401E-003 
   0.6515285021901087        -1.168927169488272        0.9999986235977609      
   1.9753138969838457E-005
   0.2400000000000002         11.69180239725550        1.7015543230471154E-003 
   0.6514568302524437        -1.186229302850879        0.9999987552419927      
   1.9746662073636431E-005
   0.2400000000000002         11.97473629218198        1.4606852286412645E-003 
   0.6513938701727399        -1.203659857928634        0.9999988857142932      
   1.9740609011010104E-005
   0.2400000000000002         12.25984880345458        1.2333433620826850E-003 
   0.6513393369662476        -1.221219326096418        0.9999990150537302      
   1.9734928964778977E-005
   0.2400000000000002         12.54711846493471        1.0179073999673394E-003 
   0.6512929833929133        -1.238908090348025        0.9999991432997101      
   1.9729579013933354E-005
   0.2400000000000002         12.83652261047853        8.1326989324044139E-004 
   0.6512545944647846        -1.256726457676270        0.9999992704925540      
   1.9724528794608910E-005
   0.2400000000000002         13.12803745976597        6.1926051005009835E-004 
   0.6512239700233061        -1.274674692471068        0.9999993966752087      
   1.9719768066377682E-005
   0.2400000000000002         13.42163820233561        4.3730935694096315E-004 
   0.6512008854442389        -1.292753050063152        0.9999995218972035      
   1.9715316115085619E-005
   0.2400000000000002         13.71729907966468        2.7131350979273008E-004 
   0.6511850161763880        -1.310961810205066        0.9999996462226214      
   1.9711227859694473E-005
   0.2400000000000002         14.01499346515192        1.2850383338895119E-004 
   0.6511758094050277        -1.329301309155877        0.9999997697451196      
   1.9707584393356616E-005
   0.2400000000000002         14.31469394187969        1.9933094673206327E-005 
   0.6511722884972611        -1.347771968303734        0.9999998926139438      
   1.9704446319232965E-005
   0.2400000000000002         14.61637237804932       -3.9807014121258382E-005 
   0.6511727833051830        -1.366374318336702         1.000000015075748      
   1.9701739035028863E-005
   0.2400000000000002         14.92000000000000       -3.9807014121258382E-005 
   0.6511717936893390        -1.384976668369669         1.000000137537551      
   1.9699031750824760E-005
   0.4799999999999998        -4.227026579539560         0.000000000000000      
   0.5000000000000000        -2.607867662659338         1.000000000000000      
    0.000000000000000     
   0.4799999999999998        -4.014206434341432        2.5337311815866927E-002 
   0.5006299954956752        -2.607867662659338        0.9999977467304756      
   1.4682570746861936E-011
   0.4799999999999998        -3.803070304910810        4.8327439077558154E-002 
   0.5024353700730306        -2.603510584408852        0.9999957906006293      
   4.2884977259188659E-011
   0.4799999999999998        -3.593549933081869        6.8291038233580875E-002 
   0.5052419241164404        -2.600405276466784        0.9999942703033903      
   1.0657145702607354E-010
   0.4799999999999998        -3.385574045583126        8.4914574002765739E-002 
   0.5088739275901052        -2.598511627542547        0.9999931269092205      
   2.5083820069169973E-010
   0.4799999999999998        -3.179068445902549        9.8169348146159296E-002 
   0.5131666938262940        -2.597798312260946        0.9999922943177945      
   5.6799378386998694E-010
   0.4799999999999998        -2.973956117362914        0.1082735810500790      
   0.5179740219009694        -2.598236870569480        0.9999917069792625      
   1.2406915915186348E-009
   0.4799999999999998        -2.770157337224366        0.1156175126861068      
   0.5231730388484390        -2.599800986005507        0.9999913055423456      
   2.6159139189576193E-009
   0.4799999999999998        -2.567589801560878        0.1206759103268423      
   0.5286655937516389        -2.602465862031570        0.9999910400640900      
   5.3251219921315120E-009
   0.4799999999999998        -2.366168760586374        0.1239300383989268      
   0.5343766144263687        -2.606207741265386        0.9999908710803455      
   1.0467620972458024E-008
   0.4799999999999998        -2.165807164036497        0.1258120336382359      
   0.5402503547301395        -2.611003451906800        0.9999907690944975      
   1.9871204603774841E-008
   0.4799999999999998        -1.966415816142869        0.1266749206457557      
   0.5462456003007790        -2.616829767098307        0.9999907131565595      
   3.6432566920075166E-008
   0.4799999999999998        -1.767903539669862        0.1267845273109555      
   0.5523307539971116        -2.623662639013727        0.9999906890883393      
   6.4516079836560631E-008
   0.4799999999999998        -1.570177348419479        0.1263263298238236      
   0.5584794386465669        -2.631476385322884        0.9999906877151009      
   1.1035195761216288E-007
   0.4799999999999998        -1.373142627548817        0.1254201075244859      
   0.5646669607752480        -2.640242793689916        0.9999907033306081      
   1.8232753821150146E-007
   0.4799999999999998        -1.176703320987477        0.1241368786524239      
   0.5708677474188946        -2.649930172164862        0.9999907325035103      
   2.9102045674175462E-007
   0.4799999999999998       -0.9807621251897585        0.1225146836115811      
   0.5770537226070558        -2.660502451026958        0.9999907732234697      
   4.4880041033302180E-007
   0.4799999999999998       -0.7852206884089804        0.1205716041477894      
   0.5831935202308811        -2.671918436108282        0.9999908243254076      
   6.6885193265350951E-007
   0.4799999999999998       -0.5899798146396622        0.1183156450753953      
   0.5892524093048288        -2.684131285768577        0.9999908851178302      
   9.6356368896022531E-007
   0.4799999999999998       -0.3949396713377247        0.1157517678347602      
   0.5951928093772862        -2.697088267308097        0.9999909551519434      
   1.3423911176041915E-006
   0.4799999999999998       -0.2000000000000011        0.1128866065836513      
   0.6009752725289230        -2.710730834627806        0.9999910340841365      
   1.8094995410760616E-006
   0.4799999999999998       -5.0612032226220773E-003   0.1097314121362384      
   0.6065597969349369        -2.724995008175163        0.9999911215985727      
   2.3616709057711235E-006
   0.4799999999999998        0.1899728225015762        0.1063036773099211      
   0.6119073831670478        -2.739812040927248        0.9999912173701111      
   2.9870353995206679E-006
   0.4799999999999998        0.3851971143511089        0.1026276264973480      
   0.6169817334319809        -2.755109711489474        0.9999913210508573      
   3.6651391187629155E-006
   0.4799999999999998        0.5807063267879043        9.8733900002349995E-002 
   0.6217508906745373        -2.770813895454318        0.9999914322634282      
   4.3685640084256559E-006
   0.4799999999999998        0.7765945422431204        9.4658620853659059E-002 
   0.6261886405940340        -2.786850269205426        0.9999915505996291      
   5.0659506288944722E-006
   0.4799999999999998        0.9729550842390562        9.0442006776536743E-002 
   0.6302755714421137        -2.803146093126149        0.9999916756227102      
   5.7258933359297412E-006
   0.4799999999999998         1.169880333731538        8.6126704966856441E-002 
   0.6339997087512050        -2.819631952480643        0.9999918068713827      
   6.3209179702297421E-006
   0.4799999999999998         1.367461549433629        8.1756027962180733E-002 
   0.6373566849224979        -2.836243330931922        0.9999919438650001      
   6.8307167033093871E-006
   0.4799999999999998         1.565788692852865        7.7372257005501627E-002 
   0.6403494567227558        -2.852921914499838        0.9999920861096447      
   7.2440169184675692E-006
   0.4799999999999998         1.764950258740411        7.3015151482824614E-002 
   0.6429876315071831        -2.869616556350260        0.9999922331047071      
   7.5588290734232398E-006
   0.4799999999999998         1.965033111612069        6.8720762216719189E-002 
   0.6452864977023960        -2.886283869587003        0.9999923843494236      
   7.7812246357777362E-006
   0.4799999999999998         2.166122328958343        6.4520599561342748E-002 
   0.6472658725570065        -2.902888450631975        0.9999925393490035      
   7.9231098135161212E-006
   0.4799999999999998         2.368301051714338        6.0441162303398924E-002 
   0.6489488802832992        -2.919402766082472        0.9999926976201446      
   7.9996022710344809E-006
   0.4799999999999998         2.571650342510284        5.6503796760964634E-002 
   0.6503607597343838        -2.935806757693032        0.9999928586958979      
   8.0265759841977395E-006
   0.4799999999999998         2.776249052171010        5.2724830770633051E-002 
   0.6515277778520270        -2.952087232344780        0.9999930221298432      
   8.0187654335631021E-006
   0.4799999999999998         2.982173694877646        4.9115915055692856E-002 
   0.6524762987602544        -2.968237106745469        0.9999931874996015      
   7.9885960730673363E-006
   0.4799999999999998         3.189498332348288        4.5684503060150858E-002 
   0.6532320331461394        -2.984254572633952        0.9999933544096995      
   7.9457091314334778E-006
   0.4799999999999998         3.398294467336542        4.2434406744479319E-002 
   0.6538194715139060        -3.000142239536536        0.9999935224937359      
   7.8970209839146223E-006
   0.4799999999999998         3.608630946688375        3.9366376821618816E-002 
   0.6542614894668604        -3.015906300588056        0.9999936914157145      
   7.8471103655181682E-006
   0.4799999999999998         3.820573874139177        3.6478668626018854E-002 
   0.6545791034864354        -3.031555754813421        0.9999938608703508      
   7.7987434385566224E-006
   0.4799999999999998         4.034186532974921        3.3767567174388176E-002 
   0.6547913509957415        -3.047101707276091        0.9999940305821134      
   7.7533983562375044E-006
   0.4799999999999998         4.249529318623878        3.1227855723202261E-002 
   0.6549152676522095        -3.062556757562813        0.9999942003029620      
   7.7117104828523954E-006
   0.4799999999999998         4.466659681189796        2.8853220669457322E-002 
   0.6549659365664133        -3.077934477782056        0.9999943698092060      
   7.6738091173243552E-006
   0.4799999999999998         4.685632077883227        2.6636591882455075E-002 
   0.6549565873780434        -3.093248975637830        0.9999945388984365      
   7.6395492018041895E-006
   0.4799999999999998         4.906497935255945        2.4570421719562367E-002 
   0.6548987269704607        -3.108514536810416        0.9999947073873240      
   7.6086576661969140E-006
   0.4799999999999998         5.129305621094297        2.2646908464989214E-002 
   0.6548022874950044        -3.123745340069564        0.9999948751104530      
   7.5808182606186602E-006
   0.4799999999999998         5.354100425780786        2.0858171152673858E-002 
   0.6546757809522213        -3.138955237300611        0.9999950419199168      
   7.5557161733999931E-006
   0.4799999999999998         5.580924552890115        1.9196383056871338E-002 
   0.6545264526476526        -3.154157590492087        0.9999952076851574      
   7.5330585585443988E-006
   0.4799999999999998         5.809817118746128        1.7653870873402658E-002 
   0.6543604283481468        -3.169365156795758        0.9999953722925307      
   7.5125818310954629E-006
   0.4799999999999998         6.040814160629681        1.6223186009665044E-002 
   0.6541828519256715        -3.184590011236675        0.9999955356445834      
   7.4940523730222921E-006
   0.4799999999999998         6.273948653295052        1.4897153611701720E-002 
   0.6539980117295850        -3.199843498509956        0.9999956976592896      
   7.4772643726806387E-006
   0.4799999999999998         6.509250533423568        1.3668904111898448E-002 
   0.6538094549610018        -3.215136208796184        0.9999958582692069      
   7.4620367076852659E-006
   0.4799999999999998         6.746746731618209        1.2531891279817679E-002 
   0.6536200900441635        -3.230477972673913        0.9999960174203347      
   7.4482097546140469E-006
   0.4799999999999998         6.986461211521710        1.1479900034676263E-002 
   0.6534322774696348        -3.245877868988813        0.9999961750708489      
   7.4356424765458991E-006
   0.4799999999999998         7.228415015623348        1.0507046631247586E-002 
   0.6532479098629107        -3.261344241258381        0.9999963311900265      
   7.4242098876639086E-006
   0.4799999999999998         7.472626317305855        9.6077732740341287E-003 
   0.6530684821677355        -3.276884721229402        0.9999964857573546      
   7.4138008881884215E-006
   0.4799999999999998         7.719110478673879        8.7768387595772331E-003 
   0.6528951528891676        -3.292506258943498        0.9999966387615209      
   7.4043164262464312E-006
   0.4799999999999998         7.967880113698818        8.0093063833230199E-003 
   0.6527287973500440        -3.308215157273867        0.9999967901991418      
   7.3956679363747764E-006
   0.4799999999999998         8.218945156211536        7.3005300527402006E-003 
   0.6525700538827760        -3.324017107942168        0.9999969400734116      
   7.3877760084657148E-006
   0.4799999999999998         8.472312932274409        6.6461393061002950E-003 
   0.6524193638122726        -3.339917226912243        0.9999970883929710      
   7.3805692480303529E-006
   0.4799999999999998         8.727988236466917        6.0420237414887407E-003 
   0.6522770060021998        -3.355920088800225        0.9999972351711433      
   7.3739832956195039E-006
   0.4799999999999998         8.985973411624599        5.4843172110843096E-003 
   0.6521431266548186        -3.372029760853491        0.9999973804254384      
   7.3679599791798939E-006
   0.4799999999999998         9.246268431579237        4.9693820240997427E-003 
   0.6520177649821498        -3.388249836832281        0.9999975241771686      
   7.3624465779297702E-006
   0.4799999999999998         9.508870986458517        4.4937933172070751E-003 
   0.6519008753004204        -3.404583470677840        0.9999976664510670      
   7.3573951801611564E-006
   0.4799999999999998         9.773776570115773        4.0543236864322308E-003 
   0.6517923460377306        -3.421033409672472        0.9999978072748695      
   7.3527621204199462E-006
   0.4799999999999998         10.04097856927476        3.6479281276702983E-003 
   0.6516920160873991        -3.437602026777068        0.9999979466788765      
   7.3485074839821493E-006
   0.4799999999999998         10.31046835399012        3.2717293084531043E-003 
   0.6515996888874198        -3.454291351896533        0.9999980846955095      
   7.3445946686613461E-006
   0.4799999999999998         10.58223536904130        2.9230032099945577E-003 
   0.6515151445594034        -3.471103102044531        0.9999982213589056      
   7.3409899960994334E-006
   0.4799999999999998         10.85626722589636        2.5991652929687427E-003 
   0.6514381503972216        -3.488038710628067        0.9999983567045396      
   7.3376623675306641E-006
   0.4799999999999998         11.13254979490064        2.2977577025936374E-003 
   0.6513684699538921        -3.505099356129873        0.9999984907688927      
   7.3345829641756904E-006
   0.4799999999999998         11.41106729736590        2.0164389921467733E-003 
   0.6513058709273409        -3.522285990384989        0.9999986235891518      
   7.3317250033706758E-006
   0.4799999999999998         11.69180239725550        1.7529801609493978E-003 
   0.6512501319713084        -3.539599366607983        0.9999987552029692      
   7.3290635848941872E-006
   0.4799999999999998         11.97473629218198        1.5052758568749711E-003 
   0.6512010484119721        -3.557040067286327        0.9999988856483261      
   7.3265757082128042E-006
   0.4799999999999998         12.25984880345458        1.2713894090199671E-003 
   0.6511584365425893        -3.574608532049397        0.9999990149635316      
   7.3242406213934307E-006
   0.4799999999999998         12.54711846493471        1.0496666573489451E-003 
   0.6511221355241141        -3.592305085898446        0.9999991431873786      
   7.3220407719670636E-006
   0.4799999999999998         12.83652261047853        8.3897463781134501E-004 
   0.6510920046553672        -3.610129968321868        0.9999992703597070      
   7.3199637113484232E-006
   0.4799999999999998         13.12803745976597        6.3913594466647144E-004 
   0.6510679115555902        -3.628083362985241        0.9999993965230822      
   7.3180051833618566E-006
   0.4799999999999998         13.42163820233561        4.5161163904018696E-004 
   0.6510497034854199        -3.646165427014467        0.9999995217267459      
   7.3161729620288740E-006
   0.4799999999999998         13.71729907966468        2.8039871830531427E-004 
   0.6510371501335852        -3.664376319815720        0.9999996460345517      
   7.3144893453245871E-006
   0.4799999999999998         14.01499346515192        1.3293972624387263E-004 
   0.6510298433193304        -3.682716230425002        0.9999997695399776      
   7.3129872932875309E-006
   0.4799999999999998         14.31469394187969        2.0661782848742500E-005 
   0.6510270395105553        -3.701185401883489        0.9999998923921096      
   7.3116913702222077E-006
   0.4799999999999998         14.61637237804932       -4.1253798963628458E-005 
   0.6510274354789304        -3.719784152704437         1.000000014837435      
   7.3105709562140791E-006
   0.4799999999999998         14.92000000000000       -4.1253798963628458E-005 
   0.6510266435421802        -3.738382903525386         1.000000137282760      
   7.3094505422059506E-006
   0.7200000000000000        -4.227026579539560         0.000000000000000      
   0.5000000000000000        -4.983321476205064         1.000000000000000      
    0.000000000000000     
   0.7200000000000000        -4.014206434341432        2.3927149669327002E-002 
   0.5006182083764185        -4.983321476205064        0.9999977765682341      
   5.5567446164153219E-012
   0.7200000000000000        -3.803070304910810        4.5671560255138688E-002 
   0.5023921483020802        -4.979008531141522        0.9999958451817371      
   1.6183238430463832E-011
   0.7200000000000000        -3.593549933081869        6.4573350193741413E-002 
   0.5051538711469162        -4.975890609628253        0.9999943427615700      
   4.0071353506137331E-011
   0.7200000000000000        -3.385574045583126        8.0319158192996912E-002 
   0.5087307662411976        -4.973931873032655        0.9999932117681355      
   9.3961801192221049E-011
   0.7200000000000000        -3.179068445902549        9.2868981944455864E-002 
   0.5129585646683577        -4.973103862850791        0.9999923874345437      
   2.1197411252822393E-010
   0.7200000000000000        -2.973956117362914        0.1024209111332757      
   0.5176895101902217        -4.973379821575820        0.9999918053600346      
   4.6134786345759484E-010
   0.7200000000000000        -2.770157337224366        0.1093400982706849      
   0.5227979245433297        -4.974734117204174        0.9999914071035328      
   9.6932234471906477E-010
   0.7200000000000000        -2.567589801560878        0.1140753013945005      
   0.5281822569307321        -4.977141747290169        0.9999911433931075      
   1.9666008925719997E-009
   0.7200000000000000        -2.366168760586374        0.1170841535077103      
   0.5337639906563916        -4.980577999014390        0.9999909752290043      
   3.8534051970421013E-009
   0.7200000000000000        -2.165807164036497        0.1187796441183052      
   0.5394843258567780        -4.985018167302952        0.9999908734160546      
   7.2929820173908698E-009
   0.7200000000000000        -1.966415816142869        0.1195010154908773      
   0.5452997173311782        -4.990437113007536        0.9999908171888259      
   1.3333224089860191E-008
   0.7200000000000000        -1.767903539669862        0.1195055781843957      
   0.5511772088303093        -4.996808741656486        0.9999907924773233      
   2.3548530458119646E-008
   0.7200000000000000        -1.570177348419479        0.1189748254731500      
   0.5570902208027768        -5.004105480251654        0.9999907901665115      
   4.0180726463033512E-008
   0.7200000000000000        -1.373142627548817        0.1180280520626042      
   0.5630151477682297        -5.012297689908731        0.9999908045784034      
   6.6241245710153130E-008
   0.7200000000000000        -1.176703320987477        0.1167381844731328      
   0.5689288802744885        -5.021353020366878        0.9999908322902717      
   1.0552111069667446E-007
   0.7200000000000000       -0.9807621251897585        0.1151465276805884      
   0.5748072118120262        -5.031235799379343        0.9999908712900268      
   1.6244772081451545E-007
   0.7200000000000000       -0.7852206884089804        0.1132748778141637      
   0.5806240150280628        -5.041906541783318        0.9999909204073218      
   2.4173671248801430E-007
   0.7200000000000000       -0.5899798146396622        0.1111346438382473      
   0.5863510489776551        -5.053321629458244        0.9999909789463782      
   3.4781993765897902E-007
   0.7200000000000000       -0.3949396713377247        0.1087332660808842      
   0.5919582638495706        -5.065433194335384        0.9999910464577894      
   4.8408714817900212E-007
   0.7200000000000000       -0.2000000000000011        0.1060784606516651      
   0.5974144764670629        -5.078189225434092        0.9999911226026056      
   6.5204912142328413E-007
   0.7200000000000000       -5.0612032226220773E-003   0.1031808387895542      
   0.6026882907843049        -5.091533869521400        0.9999912070758196      
   8.5059179215368432E-007
   0.7200000000000000        0.1899728225015762        0.1000553621846412      
   0.6077491945489683        -5.105407904313192        0.9999912995695237      
   1.0755189531613993E-006
   0.7200000000000000        0.3851971143511089        9.6721838290921486E-002 
   0.6125687664722881        -5.119749705686655        0.9999913997591150      
   1.3195649872356693E-006
   0.7200000000000000        0.5807063267879043        9.3204779851235500E-002 
   0.6171218413071764        -5.134496398608189        0.9999915072959557      
   1.5729566547516984E-006
   0.7200000000000000        0.7765945422431204        8.9532799480930375E-002 
   0.6213875082110601        -5.149585081675853        0.9999916218051642      
   1.8244754196222083E-006
   0.7200000000000000        0.9729550842390562        8.5737668556770438E-002 
   0.6253498809013993        -5.164954109761397        0.9999917428866948      
   2.0628372425149297E-006
   0.7200000000000000         1.169880333731538        8.1853168074612598E-002 
   0.6289985873365933        -5.180544357597496        0.9999918701179950      
   2.2781130344887917E-006
   0.7200000000000000         1.367461549433629        7.7913851502985951E-002 
   0.6323289500868143        -5.196300381348325        0.9999920030578147      
   2.4628968534522005E-006
   0.7200000000000000         1.565788692852865        7.3953829311501462E-002 
   0.6353418603754390        -5.212171408851082        0.9999921412510574      
   2.6129966822984786E-006
   0.7200000000000000         1.764950258740411        7.0005667951520467E-002 
   0.6380433781739469        -5.228112108511795        0.9999922842343136      
   2.7275504895320559E-006
   0.7200000000000000         1.965033111612069        6.6099472576721385E-002 
   0.6404441134975936        -5.244083108598208        0.9999924315415695      
   2.8086140730174482E-006
   0.7200000000000000         2.166122328958343        6.2262195405449361E-002 
   0.6425584575156096        -5.260051260477889        0.9999925827096884      
   2.8603809923460458E-006
   0.7200000000000000         2.368301051714338        5.8517184187137750E-002 
   0.6444037356144353        -5.275989659267703        0.9999927372834864      
   2.8882487302137370E-006
   0.7200000000000000         2.571650342510284        5.4883961330846137E-002 
   0.6459993493438440        -5.291877451309678        0.9999928948203040      
   2.8979339304780949E-006
   0.7200000000000000         2.776249052171010        5.1378206320721327E-002 
   0.6473659626815678        -5.307699468363169        0.9999930548940111      
   2.8947801861274909E-006
   0.7200000000000000         2.982173694877646        4.8011903047078738E-002 
   0.6485247731881808        -5.323445733193275        0.9999932170984090      
   2.8833228050787453E-006
   0.7200000000000000         3.189498332348288        4.4793609272900589E-002 
   0.6494968931013828        -5.339110881430890        0.9999933810499601      
   2.8671033575715658E-006
   0.7200000000000000         3.398294467336542        4.1728806395712803E-002 
   0.6503028513127291        -5.354693541009532        0.9999935463897662      
   2.8486795499405117E-006
   0.7200000000000000         3.608630946688375        3.8820292310035573E-002 
   0.6509622157489097        -5.370195704395369        0.9999937127846404      
   2.8297573713816739E-006
   0.7200000000000000         3.820573874139177        3.6068586886293288E-002 
   0.6514933274510226        -5.385622121186270        0.9999938799271882      
   2.8113770167170811E-006
   0.7200000000000000         4.034186532974921        3.3472326983227538E-002 
   0.6519131325280905        -5.400979730582957        0.9999940475349386      
   2.7941017787209940E-006
   0.7200000000000000         4.249529318623878        3.1028635005737659E-002 
   0.6522370957037131        -5.416277145851950        0.9999942153488178      
   2.7781802434162510E-006
   0.7200000000000000         4.466659681189796        2.8733451196770878E-002 
   0.6524791787545068        -5.431524196958561        0.9999943831314591      
   2.7636701595005746E-006
   0.7200000000000000         4.685632077883227        2.6581824824796818E-002 
   0.6526518681127922        -5.446731533831114        0.9999945506658476      
   2.7505244579166589E-006
   0.7200000000000000         4.906497935255945        2.4568163160992675E-002 
   0.6527662377134916        -5.461910290203105        0.9999947177544859      
   2.7386460912242938E-006
   0.7200000000000000         5.129305621094297        2.2686439745392022E-002 
   0.6528320353671708        -5.477071805489496        0.9999948842189443      
   2.7279201592170832E-006
   0.7200000000000000         5.354100425780786        2.0930365095040045E-002 
   0.6528577832150337        -5.492227400402875        0.9999950498995734      
   2.7182310355283729E-006
   0.7200000000000000         5.580924552890115        1.9293523913102701E-002 
   0.6528508849592005        -5.507388200730861        0.9999952146550557      
   2.7094704174615447E-006
   0.7200000000000000         5.809817118746128        1.7769483214496264E-002 
   0.6528177344480991        -5.522565002150358        0.9999953783617298      
   2.7015403332878103E-006
   0.7200000000000000         6.040814160629681        1.6351875753476457E-002 
   0.6527638217735900        -5.537768168982697        0.9999955409128238      
   2.6943536013359330E-006
   0.7200000000000000         6.273948653295052        1.5034462859582603E-002 
   0.6526938342958031        -5.553007561818851        0.9999957022176357      
   2.6878331541837233E-006
   0.7200000000000000         6.509250533423568        1.3811180382092886E-002 
   0.6526117509935885        -5.568292489634365        0.9999958622004950      
   2.6819109620196946E-006
   0.7200000000000000         6.746746731618209        1.2676170987185167E-002 
   0.6525209292860586        -5.583631680841313        0.9999960207995332      
   2.6765269004519898E-006
   0.7200000000000000         6.986461211521710        1.1623805580201239E-002 
   0.6524241840081095        -5.599033268183626        0.9999961779655369      
   2.6716277039931091E-006
   0.7200000000000000         7.228415015623348        1.0648696167482225E-002 
   0.6523238585854083        -5.614504784907736        0.9999963336609995      
   2.6671660485899404E-006
   0.7200000000000000         7.472626317305855        9.7457020606994231E-003 
   0.6522218886956272        -5.630053171102598        0.9999964878591537      
   2.6630997645238513E-006
   0.7200000000000000         7.719110478673879        8.9099309742279760E-003 
   0.6521198588631363        -5.645684788380372        0.9999966405427799      
   2.6593911658375249E-006
   0.7200000000000000         7.967880113698818        8.1367362652321126E-003 
   0.6520190525298678        -5.661405439920297        0.9999967917028350      
   2.6560064790108771E-006
   0.7200000000000000         8.218945156211536        7.4217113066275785E-003 
   0.6519204961837239        -5.677220393045379        0.9999969413371690      
   2.6529153546480781E-006
   0.7200000000000000         8.472312932274409        6.7606817619437218E-003 
   0.6518249981223039        -5.693134402929592        0.9999970894495490      
   2.6500904482790748E-006
   0.7200000000000000         8.727988236466917        6.1496963499413681E-003 
   0.6517331824043550        -5.709151737371111        0.9999972360489870      
   2.6475070587899989E-006
   0.7200000000000000         8.985973411624599        5.5850165440351363E-003 
   0.6516455185097371        -5.725276202826824        0.9999973811492482      
   2.6451428150858509E-006
   0.7200000000000000         9.246268431579237        5.0631055394454788E-003 
   0.6515623471948953        -5.741511171510059        0.9999975247683985      
   2.6429774032909573E-006
   0.7200000000000000         9.508870986458517        4.5806167311265543E-003 
   0.6514839029934842        -5.757859609098548        0.9999976669283391      
   2.6409923281512495E-006
   0.7200000000000000         9.773776570115773        4.1343818736896080E-003 
   0.6514103337718229        -5.774324102597154        0.9999978076543160      
   2.6391707033863413E-006
   0.7200000000000000         10.04097856927476        3.7213990405611883E-003 
   0.6513417177090440        -5.790906887945236        0.9999979469744172      
   2.6374970666208623E-006
   0.7200000000000000         10.31046835399012        3.3388204680902386E-003 
   0.6512780780335734        -5.807609877064989        0.9999980849191010      
   2.6359572152869051E-006
   0.7200000000000000         10.58223536904130        2.9839403804250830E-003 
   0.6512193958113217        -5.824434684294856        0.9999982215207568      
   2.6345380606667864E-006
   0.7200000000000000         10.85626722589636        2.6541830007221195E-003 
   0.6511656210469793        -5.841382652367106        0.9999983568133098      
   2.6332274983176590E-006
   0.7200000000000000         11.13254979490064        2.3470913149251714E-003 
   0.6511166823271000        -5.858454878089890        0.9999984908318640      
   2.6320142951156338E-006
   0.7200000000000000         11.41106729736590        2.0603181237099999E-003 
   0.6510724951978353        -5.875652237800391        0.9999986236123762      
   2.6308879974274459E-006
   0.7200000000000000         11.69180239725550        1.7916232581521659E-003 
   0.6510329694193835        -5.892975412643389        0.9999987551914061      
   2.6298388740510524E-006
   0.7200000000000000         11.97473629218198        1.5388859512377897E-003 
   0.6509980151465389        -5.910424913706526        0.9999988856059784      
   2.6288579256534034E-006
   0.7200000000000000         12.25984880345458        1.3001513181590141E-003 
   0.6509675478923989        -5.928001107020095        0.9999990148935864      
   2.6279370236948423E-006
   0.7200000000000000         12.54711846493471        1.0737464971996744E-003 
   0.6509414917206509        -5.945704238715764        0.9999991430923530      
   2.6270692845582881E-006
   0.7200000000000000         12.83652261047853        8.5852362324116173E-004 
   0.6509197792614507        -5.963534460823519        0.9999992702415684      
   2.6262498162001914E-006
   0.7200000000000000         13.12803745976597        6.5430233750882780E-004 
   0.6509023455497723        -5.981491857331132        0.9999993963833618      
   2.6254769270282578E-006
   0.7200000000000000         13.42163820233561        4.6256736534006440E-004 
   0.6508891100969729        -5.999576469468371        0.9999995215666265      
   2.6247536261276669E-006
   0.7200000000000000         13.71729907966468        2.8738999722848846E-004 
   0.6508799381668815        -6.017788320324175        0.9999996458549402      
   2.6240885945380886E-006
   0.7200000000000000         14.01499346515192        1.3637252713092466E-004 
   0.6508745688926283        -6.036127438020351        0.9999997693415510      
   2.6234946644526253E-006
   0.7200000000000000         14.31469394187969        2.1231412204118150E-005 
   0.6508724964030252        -6.054593876295562        0.9999998921753405      
   2.6229813491670189E-006
   0.7200000000000000         14.61637237804932       -4.2383611432449617E-005 
   0.6508727915554943        -6.073187733180583         1.000000014602586      
   2.6225365596594393E-006
   0.7200000000000000         14.92000000000000       -4.2383611432449617E-005 
   0.6508722012505563        -6.091781590065604         1.000000137029831      
   2.6220917701518597E-006
   0.9600000000000002        -4.227026579539560         0.000000000000000      
   0.5000000000000000        -7.357265899380268         1.000000000000000      
    0.000000000000000     
   0.9600000000000002        -4.014206434341432        2.2545438509391759E-002 
   0.5006048229408795        -7.357265899380268        0.9999978049053577      
   2.0377686628886559E-012
   0.9600000000000002        -3.803070304910810        4.3064139805887310E-002 
   0.5023424997446245        -7.353012763561958        0.9999958970205937      
   5.9172968092435253E-012
   0.9600000000000002        -3.593549933081869        6.0918800517224009E-002 
   0.5050515540099383        -7.349898514089674        0.9999944115792434      
   1.4598294187190030E-011
   0.9600000000000002        -3.385574045583126        7.5799372398201420E-002 
   0.5085632183590648        -7.347891121842625        0.9999932923546808      
   3.4100541419473828E-011
   0.9600000000000002        -3.179068445902549        8.7657066135654688E-002 
   0.5127147127374785        -7.346964841281498        0.9999924758425576      
   7.6639603820543680E-011
   0.9600000000000002        -2.973956117362914        9.6671639114200930E-002 
   0.5173579913890567        -7.347094724485723        0.9999918987326337      
   1.6619005675553204E-010
   0.9600000000000002        -2.770157337224366        0.1031842350311120      
   0.5223659040228753        -7.348256162307106        0.9999915034492523      
   3.4794204587415708E-010
   0.9600000000000002        -2.567589801560878        0.1076180274426847      
   0.5276348029847944        -7.350424495081183        0.9999912413590640      
   7.0352541339222062E-010
   0.9600000000000002        -2.366168760586374        0.1104068904156642      
   0.5330839293050502        -7.353574791874028        0.9999910739042824      
   1.3740472352836229E-009
   0.9600000000000002        -2.165807164036497        0.1119440958401020      
   0.5386524806228892        -7.357681712046236        0.9999909721769753      
   2.5925658694171300E-009
   0.9600000000000002        -1.966415816142869        0.1125541894274083      
   0.5442954426874684        -7.362719225079771        0.9999909155885153      
   4.7261484261542770E-009
   0.9600000000000002        -1.767903539669862        0.1124847884371087      
   0.5499791384125489        -7.368660283207674        0.9999908901739835      
   8.3247044360661734E-009
   0.9600000000000002        -1.570177348419479        0.1119120331821148      
   0.5556771661624160        -7.375476523061700        0.9999908868782015      
   1.4169227745027212E-008
   0.9600000000000002        -1.373142627548817        0.1109532307628763      
   0.5613670947666423        -7.383137910412953        0.9999909000540470      
   2.3306427453382244E-008
   0.9600000000000002        -1.176703320987477        0.1096816439627716      
   0.5670280355496811        -7.391612316765263        0.9999909262917429      
   3.7051449833953124E-008
   0.9600000000000002       -0.9807621251897585        0.1081402753947513      
   0.5726390511297970        -7.400865112676558        0.9999909635826384      
   5.6937920607708749E-008
   0.9600000000000002       -0.7852206884089804        0.1063531618497814      
   0.5781782807073530        -7.410858852643374        0.9999910107563453      
   8.4597774878872917E-008
   0.9600000000000002       -0.5899798146396622        0.1043338368761375      
   0.5836226378074650        -7.421553088648939        0.9999910671173509      
   1.2156453384338776E-007
   0.9600000000000002       -0.3949396713377247        0.1020912415723079      
   0.5889479430996027        -7.432904329138315        0.9999911322189990      
   1.6901288430924512E-007
   0.9600000000000002       -0.2000000000000011        9.9633599752781660E-002 
   0.5941293669256433        -7.444866151987767        0.9999912057288304      
   2.2747119538462877E-007
   0.9600000000000002       -5.0612032226220773E-003   9.6970795893988035E-002 
   0.5991420645371381        -7.457389436572177        0.9999912873527701      
   2.9656459880880307E-007
   0.9600000000000002        0.1899728225015762        9.4115709615544135E-002 
   0.6039619491795296        -7.470422693235158        0.9999913767984958      
   3.7485591304324014E-007
   0.9600000000000002        0.3851971143511089        9.1084717944555110E-002 
   0.6085665591475784        -7.483912793985816        0.9999914737614171      
   4.5984665165984566E-007
   0.9600000000000002        0.5807063267879043        8.7897676776432704E-002 
   0.6129358983336392        -7.497805825535439        0.9999915779169685      
   5.4816586901520007E-007
   0.9600000000000002        0.7765945422431204        8.4577537828286406E-002 
   0.6170531578631961        -7.512047978201529        0.9999916889178473      
   6.3593155034180502E-007
   0.9600000000000002        0.9729550842390562        8.1149708200616538E-002 
   0.6209052834405113        -7.526586477773375        0.9999918063943170      
   7.1922334347222183E-007
   0.9600000000000002         1.169880333731538        7.7641249178914351E-002 
   0.6244833549702546        -7.541370511083033        0.9999919299559162      
   7.9457281674819452E-007
   0.9600000000000002         1.367461549433629        7.4079998763686955E-002 
   0.6277827575342303        -7.556352089086226        0.9999920591942827      
   8.5937082657759773E-007
   0.9600000000000002         1.565788692852865        7.0493692587940512E-002 
   0.6308031423117773        -7.571486799992469        0.9999921936870769      
   9.1211353923054850E-007
   0.9600000000000002         1.764950258740411        6.6909146537474012E-002 
   0.6335481944040652        -7.586734416789682        0.9999923330026962      
   9.5245157563952161E-007
   0.9600000000000002         1.965033111612069        6.3351550222479347E-002 
   0.6360252394626592        -7.602059336487320        0.9999924767052749      
   9.8105589308035018E-007
   0.9600000000000002         2.166122328958343        5.9843904096835182E-002 
   0.6382447309052619        -7.617430841693606        0.9999926243595622      
   9.9935369249896070E-007
   0.9600000000000002         2.368301051714338        5.6406616166093201E-002 
   0.6402196636835977        -7.632823188115224        0.9999927755354912      
   1.0092072725929486E-006
   0.9600000000000002         2.571650342510284        5.3057258762386927E-002 
   0.6419649594053449        -7.648215532902523        0.9999929298123320      
   1.0126060930144536E-006
   0.9600000000000002         2.776249052171010        4.9810473314921132E-002 
   0.6434968622187077        -7.663591726993539        0.9999930867823372      
   1.0114227728817043E-006
   0.9600000000000002         2.982173694877646        4.6678002255925347E-002 
   0.6448323767548524        -7.678939999445313        0.9999932460538281      
   1.0072568706200143E-006
   0.9600000000000002         3.189498332348288        4.3668822314854236E-002 
   0.6459887701406795        -7.694252563541983        0.9999934072536558      
   1.0013654115156724E-006
   0.9600000000000002         3.398294467336542        4.0789352044820412E-002 
   0.6469831509672845        -7.709525173673878        0.9999935700289763      
   9.9466229531776685E-007
   0.9600000000000002         3.608630946688375        3.8043707727948115E-002 
   0.6478321300776255        -7.724756659071062        0.9999937340482691      
   9.8776167833325495E-007
   0.9600000000000002         3.820573874139177        3.5433984931601645E-002 
   0.6485515616576758        -7.739948456074963        0.9999938990016394      
   9.8104149905267453E-007
   0.9600000000000002         4.034186532974921        3.2960547092133988E-002 
   0.6491563585514768        -7.755104155785031        0.9999940646005638      
   9.7470914840322443E-007
   0.9600000000000002         4.249529318623878        3.0622306895021240E-002 
   0.6496603728762051        -7.770229079351854        0.9999942305773644      
   9.6885852651372914E-007
   0.9600000000000002         4.466659681189796        2.8416990401513704E-002 
   0.6500763316290581        -7.785329889377731        0.9999943966846975      
   9.6351404468894514E-007
   0.9600000000000002         4.685632077883227        2.6341377536533553E-002 
   0.6504158167226920        -7.800414242807664        0.9999945626951999      
   9.5866146082240227E-007
   0.9600000000000002         4.906497935255945        2.4391515556977158E-002 
   0.6506892794261696        -7.815490487819984        0.9999947284012637      
   9.5426771986124512E-007
   0.9600000000000002         5.129305621094297        2.2562904433181076E-002 
   0.6509060802234625        -7.830567404713499        0.9999948936148284      
   9.5029269664483804E-007
   0.9600000000000002         5.354100425780786        2.0850654743391109E-002 
   0.6510745463865313        -7.845653988910612        0.9999950581670431      
   9.4669553786187729E-007
   0.9600000000000002         5.580924552890115        1.9249619792038840E-002 
   0.6512020409150310        -7.860759272580119        0.9999952219077393      
   9.4343770282490994E-007
   0.9600000000000002         5.809817118746128        1.7754504321737273E-002 
   0.6512950377948975        -7.875892180477738        0.9999953847047682      
   9.4048414998553758E-007
   0.9600000000000002         6.040814160629681        1.6359952499937255E-002 
   0.6513591996958654        -7.891061416060988        0.9999955464432472      
   9.3780357332073346E-007
   0.9600000000000002         6.273948653295052        1.5060617927608152E-002 
   0.6513994552334823        -7.906275374362235        0.9999957070246338      
   9.3536820637174576E-007
   0.9600000000000002         6.509250533423568        1.3851218325205285E-002 
   0.6514200737618763        -7.921542077273165        0.9999958663656179      
   9.3315346610323869E-007
   0.9600000000000002         6.746746731618209        1.2726577354600322E-002 
   0.6514247363381902        -7.936869126600366        0.9999960243969953      
   9.3113756660840002E-007
   0.9600000000000002         6.986461211521710        1.1681655775475870E-002 
   0.6514166020159577        -7.952263671823387        0.9999961810626942      
   9.2930115723063003E-007
   0.9600000000000002         7.228415015623348        1.0711573854133457E-002 
   0.6513983690124340        -7.967732391025894        0.9999963363188287      
   9.2762700299942098E-007
   0.9600000000000002         7.472626317305855        9.8116266724152107E-003 
   0.6513723305870586        -7.983281483295648        0.9999964901325837      
   9.2609970922373011E-007
   0.9600000000000002         7.719110478673879        8.9772937334444899E-003 
   0.6513404256822477        -7.998916669877652        0.9999966424808875      
   9.2470548608448657E-007
   0.9600000000000002         7.967880113698818        8.2042440288538111E-003 
   0.6513042845219068        -8.014643201064834        0.9999967933490703      
   9.2343194752459299E-007
   0.9600000000000002         8.218945156211536        7.4883375210534116E-003 
   0.6512652694488933        -8.030465866702402        0.9999969427297267      
   9.2226793893534068E-007
   0.9600000000000002         8.472312932274409        6.8256238091364448E-003 
   0.6512245113275337        -8.046389009528246        0.9999970906218779      
   9.2120338887935570E-007
   0.9600000000000002         8.727988236466917        6.2123385922555185E-003 
   0.6511829418590565        -8.062416541260767        0.9999972370303521      
   9.2022918089475962E-007
   0.9600000000000002         8.985973411624599        5.6448984177937690E-003 
   0.6511413221664604        -8.078551961171669        0.9999973819652525      
   9.1933704213467277E-007
   0.9600000000000002         9.246268431579237        5.1198940970548813E-003 
   0.6511002680027850        -8.094798376554454        0.9999975254414328      
   9.1851944617831039E-007
   0.9600000000000002         9.508870986458517        4.6340830836053403E-003 
   0.6510602719239936        -8.111158524462175        0.9999976674779569      
   9.1776952781595957E-007
   0.9600000000000002         9.773776570115773        4.1843810375026807E-003 
   0.6510217227483442        -8.127634794177029        0.9999978080975429      
   9.1708100798264060E-007
   0.9600000000000002         10.04097856927476        3.7678527430840226E-003 
   0.6509849226014457        -8.144229249943583        0.9999979473260189      
   9.1644812731909437E-007
   0.9600000000000002         10.31046835399012        3.3817025138533317E-003 
   0.6509501018217192        -8.160943653639128        0.9999980851918207      
   9.1586558710370117E-007
   0.9600000000000002         10.58223536904130        3.0232642251606058E-003 
   0.6509174319760267        -8.177779487302576        0.9999982217255368      
   9.1532849657448387E-007
   0.9600000000000002         10.85626722589636        2.6899912224846814E-003 
   0.6508870372111670        -8.194737975601367        0.9999983569594876      
   9.1483232605142344E-007
   0.9600000000000002         11.13254979490064        2.3794467121311400E-003 
   0.6508590041440772        -8.211820108275285        0.9999984909273436      
   9.1437286601273559E-007
   0.9600000000000002         11.41106729736590        2.0892962116096552E-003 
   0.6508333904707895        -8.229026662515214        0.9999986236637786      
   9.1394619388241331E-007
   0.9600000000000002         11.69180239725550        1.8173059859427011E-003 
   0.6508102324481508        -8.246358225256868        0.9999987552042112      
   9.1354865372269900E-007
   0.9600000000000002         11.97473629218198        1.5613565423945243E-003 
   0.6507895513638136        -8.263815215349517        0.9999988855846657      
   9.1317686082596980E-007
   0.9600000000000002         12.25984880345458        1.3194902954976103E-003 
   0.6507713590345829        -8.281397905520784        0.9999990148417746      
   9.1282775493677922E-007
   0.9600000000000002         12.54711846493471        1.0900292947032459E-003 
   0.6507556621947108        -8.299106444360717        0.9999991430129417      
   9.1249874183657149E-007
   0.9600000000000002         12.83652261047853        8.7182089279559043E-004 
   0.6507424651994367        -8.316940878776656        0.9999992701368571      
   9.1218797476391998E-007
   0.9600000000000002         13.12803745976597        6.6468538345587831E-004 
   0.6507317694987580        -8.334901176493283        0.9999993962551585      
   9.1189480901462881E-007
   0.9600000000000002         13.42163820233561        4.7012327314660399E-004 
   0.6507235664816904        -8.352987247521336        0.9999995214163414      
   9.1162036480028409E-007
   0.9600000000000002         13.71729907966468        2.9225377223568238E-004 
   0.6507178173224379        -8.371198964855845        0.9999996456836551      
   9.1136788897778778E-007
   0.9600000000000002         14.01499346515192        1.3878599682079533E-004 
   0.6507144096863503        -8.389536183770495        0.9999997691500734      
   9.1114217672688402E-007
   0.9600000000000002         14.31469394187969        2.1639334520681494E-005 
   0.6507130777937211        -8.407998758749855        0.9999998919642303      
   9.1094675610840690E-007
   0.9600000000000002         14.61637237804932       -4.3191223919364482E-005 
   0.6507132708036114        -8.426586559068371         1.000000014372149      
   9.1077702876706057E-007
   0.9600000000000002         14.92000000000000       -4.3191223919364482E-005 
   0.6507128847838309        -8.445174359386886         1.000000136780068      
   9.1060730142571424E-007
    1.199999999999999        -4.227026579539560         0.000000000000000      
   0.5000000000000000        -9.729777651756869         1.000000000000000      
    0.000000000000000     
    1.199999999999999        -4.014206434341432        2.1195053733376455E-002 
   0.5005904984632987        -9.729777651756869        0.9999978317399546      
   7.2490845837430907E-013
    1.199999999999999        -3.803070304910810        4.0511139284614917E-002 
   0.5022889818324081        -9.725595109974254        0.9999959461142711      
   2.0987438879768081E-012
    1.199999999999999        -3.593549933081869        5.7336031965286680E-002 
   0.5049404692495503        -9.722497024214718        0.9999944767545201      
   5.1585650099465563E-012
    1.199999999999999        -3.385574045583126        7.1365652870272522E-002 
   0.5083805024271930        -9.720454717303774        0.9999933686712199      
   1.2003569732818554E-011
    1.199999999999999        -3.179068445902549        8.2544622733355152E-002 
   0.5124485719052577        -9.719444955197860        0.9999925595520404      
   2.6874780184793406E-011
    1.199999999999999        -2.973956117362914        9.1035994919887120E-002 
   0.5169973079701757        -9.719444617160198        0.9999919871182434      
   5.8061274188508009E-011
    1.199999999999999        -2.770157337224366        9.7157938238528391E-002 
   0.5218991241545525        -9.720430325896688        0.9999915946141227      
   1.2112554649532893E-010
    1.199999999999999        -2.567589801560878        0.1013085191827271      
   0.5270492924419750        -9.722378141593284        0.9999913340124752      
   2.4407289867417569E-010
    1.199999999999999        -2.366168760586374        0.1038978506199904      
   0.5323657426684156        -9.725263437752039        0.9999911671760129      
   4.7513976529248255E-010
    1.199999999999999        -2.165807164036497        0.1052990966396829      
   0.5377864687152247        -9.729060880524925        0.9999910654710812      
   8.9372469657136546E-010
    1.199999999999999        -1.966415816142869        0.1058214177399684      
   0.5432656196893259        -9.733744278716017        0.9999910084787470      
   1.6244827611901401E-009
    1.199999999999999        -1.767903539669862        0.1057018295156241      
   0.5487692369406866        -9.739286408486477        0.9999909823355492      
   2.8536130241454746E-009
    1.199999999999999        -1.570177348419479        0.1051100586475725      
   0.5542713194238149        -9.745658887090489        0.9999909780447719      
   4.8448534387747316E-009
    1.199999999999999        -1.373142627548817        0.1041602717035232      
   0.5597505949200808        -9.752831990351726        0.9999909899905104      
   7.9508354072325960E-009
    1.199999999999999        -1.176703320987477        0.1029248808624479      
   0.5651881239719871        -9.760774389872690        0.9999910147777170      
   1.2613727978245122E-008
    1.199999999999999       -0.9807621251897585        0.1014474268954454      
   0.5705656989642633        -9.769452890206887        0.9999910504039011      
   1.9348318543259309E-008
    1.199999999999999       -0.7852206884089804        9.9753121789924251E-002 
   0.5758649179960166        -9.778832234606154        0.9999910957017156      
   2.8701778191718721E-008
    1.199999999999999       -0.5899798146396622        9.7856723241453891E-002 
   0.5810667885140872        -9.788875006818506        0.9999911499788248      
   4.1188068045397631E-008
    1.199999999999999       -0.3949396713377247        9.5768008965869317E-002 
   0.5861517233959548        -9.799541635475162        0.9999912127936373      
   5.7201263456153320E-008
    1.199999999999999       -0.2000000000000011        9.3495347255686395E-002 
   0.5910998072524616        -9.810790502163456        0.9999912838215952      
   7.6919884022996593E-008
    1.199999999999999       -5.0612032226220773E-003   9.1047883198189072E-002 
   0.5958912234884035        -9.822578117311053        0.9999913627798627      
   1.0022121663044943E-007
    1.199999999999999        0.1899728225015762        8.8436778857390763E-002 
   0.6005067969089450        -9.834859343342208        0.9999914493908029      
   1.2662782781934280E-007
    1.199999999999999        0.3851971143511089        8.5675718086523758E-002 
   0.6049286219892861        -9.847587952425549        0.9999915433677682      
   1.5530692459163165E-007
    1.199999999999999        0.5807063267879043        8.2780971624816707E-002 
   0.6091406772644272        -9.860717265984210        0.9999916444071332      
   1.8513195575968867E-007
    1.199999999999999        0.7765945422431204        7.9771166156295190E-002 
   0.6131293537392102        -9.874200805415358        0.9999917521851749      
   2.1480176921381341E-007
    1.199999999999999        0.9729550842390562        7.6666849099920747E-002 
   0.6168838778267711        -9.887992974763646        0.9999918663578342      
   2.4299748272233944E-007
    1.199999999999999         1.169880333731538        7.3489925742303966E-002 
   0.6203966071741163        -9.902049743875109        0.9999919865617528      
   2.6854627229660720E-007
    1.199999999999999         1.367461549433629        7.0263030884223143E-002 
   0.6236631839784318        -9.916329293186269        0.9999921124163609      
   2.9055877094771823E-007
    1.199999999999999         1.565788692852865        6.7008887567562514E-002 
   0.6266825426722751        -9.930792587371966        0.9999922435270987      
   3.0851366552041117E-007
    1.199999999999999         1.764950258740411        6.3749697027843694E-002 
   0.6294567805321090        -9.945403852619901        0.9999923794894804      
   3.2227702698346207E-007
    1.199999999999999         1.965033111612069        6.0506594959080541E-002 
   0.6319909096249098        -9.960130940053563        0.9999925198934868      
   3.3206015067347376E-007
    1.199999999999999         2.166122328958343        5.7299199140515622E-002 
   0.6342925155854365        -9.974945565766388        0.9999926643278934      
   3.3833304043192937E-007
    1.199999999999999         2.368301051714338        5.4145263012008046E-002 
   0.6363713525120773        -9.989823426290343        0.9999928123843309      
   3.4171755246592369E-007
    1.199999999999999         2.571650342510284        5.1060439813650133E-002 
   0.6382389038127851        -10.00474419621599        0.9999929636609859      
   3.4288372527497191E-007
    1.199999999999999         2.776249052171010        4.8058153310491410E-002 
   0.6399079366036373        -10.01969142086829        0.9999931177658598      
   3.4246661586472701E-007
    1.199999999999999         2.982173694877646        4.5149564520914370E-002 
   0.6413920730212175        -10.03465232108199        0.9999932743195525      
   3.4101212879359215E-007
    1.199999999999999         3.189498332348288        4.2343619517209302E-002 
   0.6427053964175721        -10.04961752939498        0.9999934329575351      
   3.3895197488336798E-007
    1.199999999999999         3.398294467336542        3.9647161196989404E-002 
   0.6438621046731057        -10.06458077755955        0.9999935933318980      
   3.3660210909529312E-007
    1.199999999999999         3.608630946688375        3.7065087618966229E-002 
   0.6448762174413303        -10.07953855422848        0.9999937551125649      
   3.3417644348043349E-007
    1.199999999999999         3.820573874139177        3.4600540607078636E-002 
   0.6457613394729377        -10.09448974944593        0.9999939179880228      
   3.3180782201286907E-007
    1.199999999999999         4.034186532974921        3.2255110369640128E-002 
   0.6465304784879530        -10.10943529985519        0.9999940816657332      
   3.2957009610189974E-007
    1.199999999999999         4.249529318623878        3.0029044412071215E-002 
   0.6471959134313217        -10.12437784579632        0.9999942458723644      
   3.2749753485607073E-007
    1.199999999999999         4.466659681189796        2.7921451683480838E-002 
   0.6477691072909194        -10.13932140890294        0.9999944103539775      
   3.2559994137894767E-007
    1.199999999999999         4.685632077883227        2.5930495430357418E-002 
   0.6482606578331166        -10.15427109628913        0.9999945748761663      
   3.2387334195270353E-007
    1.199999999999999         4.906497935255945        2.4053570471410424E-002 
   0.6486802794393338        -10.16923283496852        0.9999947392241003      
   3.2230692662262342E-007
    1.199999999999999         5.129305621094297        2.2287462471834892E-002 
   0.6490368095224044        -10.18421313805007        0.9999949032024221      
   3.2088719839896195E-007
    1.199999999999999         5.354100425780786        2.0628488261157304E-002 
   0.6493382335975733        -10.19921890253752        0.9999950666349483      
   3.1960024209105287E-007
    1.199999999999999         5.580924552890115        1.9072617326553187E-002 
   0.6495917238421860        -10.21425723725952        0.9999952293642027      
   3.1843283244454203E-007
    1.199999999999999         5.809817118746128        1.7615575366971097E-002 
   0.6498036867943560        -10.22933531889224        0.9999953912507999      
   3.1737288331561138E-007
    1.199999999999999         6.040814160629681        1.6252931271512318E-002 
   0.6499798166420728        -10.24446027384631        0.9999955521726746      
   3.1640955471879876E-007
    1.199999999999999         6.273948653295052        1.4980169151173383E-002 
   0.6501251512979003        -10.25963908314392        0.9999957120241333      
   3.1553320110708358E-007
    1.199999999999999         6.509250533423568        1.3792747157565829E-002 
   0.6502441291126038        -10.27487850684723        0.9999958707148524      
   3.1473525838209622E-007
    1.199999999999999         6.746746731618209        1.2686144806718706E-002 
   0.6503406446365601        -10.29018502525462        0.9999960281689295      
   3.1400811689689962E-007
    1.199999999999999         6.986461211521710        1.1655900432998943E-002 
   0.6504181022930473        -10.30556479521941        0.9999961843239725      
   3.1334500074808082E-007
    1.199999999999999         7.228415015623348        1.0697640265284615E-002 
   0.6504794671978984        -10.32102362004260        0.9999963391300519      
   3.1273986038022679E-007
    1.199999999999999         7.472626317305855        9.8071004657567171E-003 
   0.6505273126564184        -10.33656693060676        0.9999964925484546      
   3.1218727961426397E-007
    1.199999999999999         7.719110478673879        8.9801433100419274E-003 
   0.6505638640955276        -10.35219977493745        0.9999966445503486      
   3.1168239593231191E-007
    1.199999999999999         7.967880113698818        8.2127685236977437E-003 
   0.6505910393535566        -10.36792681380188        0.9999967951155658      
   3.1122083220803034E-007
    1.199999999999999         8.218945156211536        7.5011206332168878E-003 
   0.6506104853640280        -10.38375232101515        0.9999969442316328      
   3.1079863808200606E-007
    1.199999999999999         8.472312932274409        6.8414930481589678E-003 
   0.6506236113481950        -10.39968018799179        0.9999970918930270      
   3.1041223940579274E-007
    1.199999999999999         8.727988236466917        6.2303294686049965E-003 
   0.6506316186863113        -10.41571393219790        0.9999972381005581      
   3.1005839443755987E-007
    1.199999999999999         8.985973411624599        5.6642231070161714E-003 
   0.6506355276747544        -10.43185670884974        0.9999973828607709      
   3.0973415570548304E-007
    1.199999999999999         9.246268431579237        5.1399141220481422E-003 
   0.6506362013967149        -10.44811132507767        0.9999975261853602      
   3.0943683664780699E-007
    1.199999999999999         9.508870986458517        4.6542855826105850E-003 
   0.6506343669414996        -10.46448025587756        0.9999976680905588      
   3.0916398229330278E-007
    1.199999999999999         9.773776570115773        4.2043582139411669E-003 
   0.6506306342060770        -10.48096566127564        0.9999978085965440      
   3.0891334336978010E-007
    1.199999999999999         10.04097856927476        3.7872841248052908E-003 
   0.6506255125050143        -10.49756940421437        0.9999979477268555      
   3.0868285332966528E-007
    1.199999999999999         10.31046835399012        3.4003396818453220E-003 
   0.6506194252030970        -10.51429306883650        0.9999980855078747      
   3.0847060787077543E-007
    1.199999999999999         10.58223536904130        3.0409177042196520E-003 
   0.6506127225708425        -10.53113797906153        0.9999982219683508      
   3.0827484662495875E-007
    1.199999999999999         10.85626722589636        2.7065192578969773E-003 
   0.6506056930489167        -10.54810521744261        0.9999983571389598      
   3.0809393682524121E-007
    1.199999999999999         11.13254979490064        2.3947456858535087E-003 
   0.6505985730944701        -10.56519564422730        0.9999984910518961      
   3.0792635902944817E-007
    1.199999999999999         11.41106729736590        2.1032924772131957E-003 
   0.6505915557729610        -10.58240991650054        0.9999986237405150      
   3.0777069555912289E-007
    1.199999999999999         11.69180239725550        1.8299489224767340E-003 
   0.6505847982581827        -10.59974850734062        0.9999987552390582      
   3.0762562355869929E-007
    1.199999999999999         11.97473629218198        1.5726126453193597E-003 
   0.6505784284191549        -10.61721172489014        0.9999988855825133      
   3.0748991704333354E-007
    1.199999999999999         12.25984880345458        1.3293381532465259E-003 
   0.6505725507135935        -10.63479973118406        0.9999990148066237      
   3.0736246654597978E-007
    1.199999999999999         12.54711846493471        1.0984553959699460E-003 
   0.6505672516609229        -10.65251256090112        0.9999991429480330      
   3.0724233073825197E-007
    1.199999999999999         12.83652261047853        8.7881650895436664E-004 
   0.6505626051433578        -10.67035014047432        0.9999992700447916      
   3.0712883857930552E-007
    1.199999999999999         13.12803745976597        6.7024553726977314E-004 
   0.6505586774374450        -10.68831230709281        0.9999993961380012      
   3.0702175385954829E-007
    1.199999999999999         13.42163820233561        4.7425040336305938E-004 
   0.6505555307597919        -10.70639882648306        0.9999995212757125      
   3.0692147826811109E-007
    1.199999999999999         13.71729907966468        2.9497136843654965E-004 
   0.6505532216249839        -10.72460940985766        0.9999996455208027      
   3.0682918048997562E-007
    1.199999999999999         14.01499346515192        1.4017085681408022E-004 
   0.6505517861290386        -10.74294372947248        0.9999997689659272      
   3.0674658359090496E-007
    1.199999999999999         14.31469394187969        2.1883962399047554E-005 
   0.6505511990600445        -10.76140143189861        0.9999998917594307      
   3.0667494290570423E-007
    1.199999999999999         14.61637237804932       -4.3673519857227565E-005 
   0.6505512892811294        -10.77998215017052         1.000000014147044      
   3.0661257073450745E-007
    1.199999999999999         14.92000000000000       -4.3673519857227565E-005 
   0.6505511088389597        -10.79856286844242         1.000000136534657      
   3.0655019856331066E-007
    1.439999999999999        -4.227026579539560         0.000000000000000      
   0.5000000000000000        -12.10093025017339         1.000000000000000      
    0.000000000000000     
    1.439999999999999        -4.014206434341432        1.9877542252269662E-002 
   0.5005757490195262        -12.10093025017339        0.9999978570768455      
   2.5041722486221296E-013
    1.439999999999999        -3.803070304910810        3.8015995914685755E-002 
   0.5022335960397395        -12.09682514668409        0.9999959924718023      
   7.2282822975750612E-013
    1.439999999999999        -3.593549933081869        5.3830190984600658E-002 
   0.5048249324371131        -12.09375252673327        0.9999945383006977      
   1.7700222295126069E-012
    1.439999999999999        -3.385574045583126        6.7024248401458306E-002 
   0.5081898689208014        -12.09168663387707        0.9999934407368706      
   4.1026645097505700E-012
    1.439999999999999        -3.179068445902549        7.7538106771522425E-002 
   0.5121707093748710        -12.09060652199481        0.9999926385901453      
   9.1501436924197065E-012
    1.439999999999999        -2.973956117362914        8.5519584485954134E-002 
   0.5166214738650355        -12.09049085152887        0.9999920705541765      
   1.9694545646590653E-011
    1.439999999999999        -2.770157337224366        9.1264861898768118E-002 
   0.5214149256478667        -12.09131758454707        0.9999916806474228      
   4.0938354534150694E-011
    1.439999999999999        -2.567589801560878        9.5147417049881944E-002 
   0.5264460344827657        -12.09306374198581        0.9999914214163117      
   8.2207978243143565E-011
    1.439999999999999        -2.366168760586374        9.7553707202466616E-002 
   0.5316321294448334        -12.09570535649904        0.9999912551228340      
   1.5950895174505171E-010
    1.439999999999999        -2.165807164036497        9.8836555715147850E-002 
   0.5369106007855462        -12.09921754675210        0.9999911533950169      
   2.9909633961432917E-010
    1.439999999999999        -1.966415816142869        9.9289244453688655E-002 
   0.5422352210712191        -12.10357447011101        0.9999910959767367      
   5.4205754919907196E-010
    1.439999999999999        -1.767903539669862        9.9137505676629281E-002 
   0.5475720488655201        -12.10874926455999        0.9999910691023269      
   9.4958204789742390E-010
    1.439999999999999        -1.570177348419479        9.8543845975307937E-002 
   0.5528956050634835        -12.11471405251600        0.9999910638317177      
   1.6081039326168977E-009
    1.439999999999999        -1.373142627548817        9.7618416165078992E-002 
   0.5581857079657520        -12.12143988572807        0.9999910745797613      
   2.6329081109891130E-009
    1.439999999999999        -1.176703320987477        9.6431885599478864E-002 
   0.5634251008585521        -12.12889659798254        0.9999910979667330      
   4.1682461489302689E-009
    1.439999999999999       -0.9807621251897585        9.5027474494762773E-002 
   0.5685978389707905        -12.13705264345845        0.9999911319975862      
   6.3817684267031218E-009
    1.439999999999999       -0.7852206884089804        9.3430795653720894E-002 
   0.5736883179104915        -12.14587498551213        0.9999911755095687      
   9.4514435778323046E-009
    1.439999999999999       -0.5899798146396622        9.1657191561987011E-002 
   0.5786808001431889        -12.15532905677212        0.9999912278150126      
   1.3544329672799543E-008
    1.439999999999999       -0.3949396713377247        8.9716820324208441E-002 
   0.5835593041800538        -12.16537879025607        0.9999912884785542      
   1.8788581879629663E-008
    1.439999999999999       -0.2000000000000011        8.7617963093999607E-002 
   0.5883077379316768        -12.17598671810425        0.9999913571841756      
   2.5242570864029542E-008
    1.439999999999999       -5.0612032226220773E-003   8.5369048649276635E-002 
   0.5929101729754702        -12.18711410276556        0.9999914336602314      
   3.2867184168721398E-008
    1.439999999999999        0.1899728225015762        8.2979813504405614E-002 
   0.5973512211724041        -12.19872108186081        0.9999915176429498      
   4.1508413501437562E-008
    1.439999999999999        0.3851971143511089        8.0461803182813332E-002 
   0.6016164928136033        -12.21076709844725        0.9999916088620108      
   5.0896873568806061E-008
    1.439999999999999        0.5807063267879043        7.7828493337988858E-002 
   0.6056930507489927        -12.22321138585240        0.9999917070323657      
   6.0667322473343610E-008
    1.439999999999999        0.7765945422431204        7.5095163287099531E-002 
   0.6095698015093531        -12.23601344741911        0.9999918118508453      
   7.0396787787423533E-008
    1.439999999999999        0.9729550842390562        7.2278602540921263E-002 
   0.6132378137431012        -12.24913356005340        0.9999919229955205      
   7.9655052497090018E-008
    1.439999999999999         1.169880333731538        6.9396713472353017E-002 
   0.6166905498408366        -12.26253328159662        0.9999920401262155      
   8.8057696455470251E-008
    1.439999999999999         1.367461549433629        6.6468057834032770E-002 
   0.6199239992120951        -12.27617593460327        0.9999921628860304      
   9.5310988036068829E-008
    1.439999999999999         1.565788692852865        6.3511385430437092E-002 
   0.6229367096233077        -12.29002704372629        0.9999922909040134      
   1.0124002000298815E-007
    1.439999999999999         1.764950258740411        6.0545176439873984E-002 
   0.6257297205673090        -12.30405470901907        0.9999924237987016      
   1.0579587673998225E-007
    1.439999999999999         1.965033111612069        5.7587222682937818E-002 
   0.6283064091992518        -12.31822990204747        0.9999925611820177      
   1.0904281826976626E-007
    1.439999999999999         2.166122328958343        5.4654266753279793E-002 
   0.6306722643847007        -12.33252667627042        0.9999927026631196      
   1.1113081714666693E-007
    1.439999999999999         2.368301051714338        5.1761711335686300E-002 
   0.6328346075136015        -12.34692228844808        0.9999928478520226      
   1.1226110917794728E-007
    1.439999999999999         2.571650342510284        4.8923404598628414E-002 
   0.6348022798674670        -12.36139723328355        0.9999929963629168      
   1.1265238471095424E-007
    1.439999999999999         2.776249052171010        4.6151501737042369E-002 
   0.6365853156731680        -12.37593519803371        0.9999931478171210      
   1.1251334117964614E-007
    1.439999999999999         2.982173694877646        4.3456397958317267E-002 
   0.6381946179046911        -12.39052294711837        0.9999933018456633      
   1.1202450786333415E-007
    1.439999999999999         3.189498332348288        4.0846724690308520E-002 
   0.6396416508688758        -12.40515014899034        0.9999934580914944      
   1.1132954225583685E-007
    1.439999999999999         3.398294467336542        3.8329398602190687E-002 
   0.6409381601114246        -12.41980915869595        0.9999936162113343      
   1.1053427403579889E-007
    1.439999999999999         3.608630946688375        3.5909712068706211E-002 
   0.6420959266304087        -12.43449476953717        0.9999937758771409      
   1.0971088172543889E-007
    1.439999999999999         3.820573874139177        3.3591453770249462E-002 
   0.6431265591121451        -12.44920394627992        0.9999939367772387      
   1.0890459413112462E-007
    1.439999999999999         4.034186532974921        3.1377048946487289E-002 
   0.6440413251206193        -12.46393555090126        0.9999940986171931      
   1.0814087569375082E-007
    1.439999999999999         4.249529318623878        2.9267710144214393E-002 
   0.6448510199826121        -12.47869007026824        0.9999942611205060      
   1.0743182120548265E-007
    1.439999999999999         4.466659681189796        2.7263590881782707E-002 
   0.6455658705362951        -12.49346935344133        0.9999944240291636      
   1.0678118495263936E-007
    1.439999999999999         4.685632077883227        2.5363936299122120E-002 
   0.6461954699082946        -12.50827636445611        0.9999945871040354      
   1.0618796903887888E-007
    1.439999999999999         4.906497935255945        2.3567226431746052E-002 
   0.6467487389695836        -12.52311495461462        0.9999947501250781      
   1.0564877429293443E-007
    1.439999999999999         5.129305621094297        2.1871309147083878E-002 
   0.6472339099919879        -12.53798965668300        0.9999949128913359      
   1.0515921945423669E-007
    1.439999999999999         5.354100425780786        2.0273520963338121E-002 
   0.6476585281811775        -12.55290550201555        0.9999950752207339      
   1.0471472646963965E-007
    1.439999999999999         5.580924552890115        1.8770794919194499E-002 
   0.6480294671043343        -12.56786786061169        0.9999952369496857      
   1.0431091069479939E-007
    1.439999999999999         5.809817118746128        1.7359755385805774E-002 
   0.6483529544823957        -12.58288230343219        0.9999953979325196      
   1.0394374444530557E-007
    1.439999999999999         6.040814160629681        1.6036800235254233E-002 
   0.6486346053177765        -12.59795448563621        0.9999955580407462      
   1.0360960139196198E-007
    1.439999999999999         6.273948653295052        1.4798171132111779E-002 
   0.6488794598337140        -12.61309004878795        0.9999957171622306      
   1.0330524465456519E-007
    1.439999999999999         6.509250533423568        1.3640012925999093E-002 
   0.6490920241771809        -12.62829454011767        0.9999958752003482      
   1.0302779239070763E-007
    1.439999999999999         6.746746731618209        1.2558423225254009E-002 
   0.6492763122649718        -12.64357334748313        0.9999960320731369      
   1.0277467748900095E-007
    1.439999999999999         6.986461211521710        1.1549493258202962E-002 
   0.6494358875280470        -12.65893164877579        0.9999961877123265      
   1.0254360864891271E-007
    1.439999999999999         7.228415015623348        1.0609341103627302E-002 
   0.6495739036322139        -12.67437437392021        0.9999963420621862      
   1.0233253548178853E-007
    1.439999999999999         7.472626317305855        9.7341383101630062E-003 
   0.6496931435216362        -12.68990617709371        0.9999964950782548      
   1.0213961816446705E-007
    1.439999999999999         7.719110478673879        8.9201308370848390E-003 
   0.6497960563457893        -12.70553141690502        0.9999966467261148      
   1.0196320134409625E-007
    1.439999999999999         7.967880113698818        8.1636551481126390E-003 
   0.6498847919959423        -12.72125414296342        0.9999967969803429      
   1.0180179173983234E-007
    1.439999999999999         8.218945156211536        7.4611501864619793E-003 
   0.6499612331034954        -12.73707808806144        0.9999969458236684      
   1.0165403887098394E-007
    1.439999999999999         8.472312932274409        6.8091658614570626E-003 
   0.6500270244497370        -12.75300666551573        0.9999970932462695      
   1.0151871840568407E-007
    1.439999999999999         8.727988236466917        6.2043685875729487E-003 
   0.6500835998113197        -12.76904297101235        0.9999972392451143      
   1.0139471770502284E-007
    1.439999999999999         8.985973411624599        5.6435443348888063E-003 
   0.6501322063201481        -12.78518978809807        0.9999973838233089      
   1.0128102321191016E-007
    1.439999999999999         9.246268431579237        5.1235995749934092E-003 
   0.6501739264526929        -12.80144959651411        0.9999975269894491      
   1.0117670939590617E-007
    1.439999999999999         9.508870986458517        4.6415604396562917E-003 
   0.6502096977864126        -12.81782458270640        0.9999976687569681      
   1.0108092901516775E-007
    1.439999999999999         9.773776570115773        4.1945703521694064E-003 
   0.6502403306737718        -12.83431665192612        0.9999978091435030      
   1.0099290449667814E-007
    1.439999999999999         10.04097856927476        3.7798863447120307E-003 
   0.6502665239892333        -12.85092744144098        0.9999979481702994      
   1.0091192026873551E-007
    1.439999999999999         10.31046835399012        3.3948742459092534E-003 
   0.6502888791035313        -12.86765833455190        0.9999980858616714      
   1.0083731590875540E-007
    1.439999999999999         10.58223536904130        3.0370029321508197E-003 
   0.6503079122352453        -12.88451047527258        0.9999982222445113      
   1.0076848000091891E-007
    1.439999999999999         10.85626722589636        2.7038379428168070E-003 
   0.6503240653245317        -12.90148478356316        0.9999983573478239      
   1.0070484464536142E-007
    1.439999999999999         11.13254979490064        2.3930351136060160E-003 
   0.6503377155701751        -12.91858197094897        0.9999984912023046      
   1.0064588065356791E-007
    1.439999999999999         11.41106729736590        2.1023358405005944E-003 
   0.6503491837747633        -12.93580255634989        0.9999986238399615      
   1.0059109366788448E-007
    1.439999999999999         11.69180239725550        1.8295679123702452E-003 
   0.6503587416669836        -12.95314688202362        0.9999987552938365      
   1.0054002187928839E-007
    1.439999999999999         11.97473629218198        1.5726609585129804E-003 
   0.6503666184399197        -12.97061512947327        0.9999988855978609      
   1.0049223687859529E-007
    1.439999999999999         12.25984880345458        1.3296955562805159E-003 
   0.6503730069002596        -12.98820733509037        0.9999990147868606      
   1.0044735065505622E-007
    1.439999999999999         12.54711846493471        1.0990218422539076E-003 
   0.6503780699053492        -13.00592340565278        0.9999991428966963      
   1.0040503375674628E-007
    1.439999999999999         12.83652261047853        8.7950569966294806E-004 
   0.6503819481479597        -13.02376313410669        0.9999992699647471      
   1.0036505105552215E-007
    1.439999999999999         13.12803745976597        6.7097752737141228E-004 
   0.6503847706220242        -13.04172621512719        0.9999993960315405      
   1.0032731916740954E-007
    1.439999999999999         13.42163820233561        4.7494391334649281E-004 
   0.6503866687194317        -13.05981225930623        0.9999995211446467      
   1.0029197702556154E-007
    1.439999999999999         13.71729907966468        2.9553902630938061E-004 
   0.6503877929164583        -13.07802080645689        0.9999996453665314      
   1.0025943011294743E-007
    1.439999999999999         14.01499346515192        1.4052488245603028E-004 
   0.6503883264434747        -13.09635133749739        0.9999997687894908      
   1.0023027480797866E-007
    1.439999999999999         14.31469394187969        2.1964809110487664E-005 
   0.6503884833185480        -13.11480328400596        0.9999998915615411      
   1.0020494038353784E-007
    1.439999999999999         14.61637237804932       -4.3829569761672612E-005 
   0.6503884708030289        -13.13337603665823         1.000000013928085      
   1.0018282829913109E-007
    1.439999999999999         14.92000000000000       -4.3829569761672612E-005 
   0.6503884958340671        -13.15194878931049         1.000000136294629      
   1.0016071621472434E-007
    1.679999999999999        -4.227026579539560         0.000000000000000      
   0.5000000000000000        -14.47079320309570         1.000000000000000      
    0.000000000000000     
    1.679999999999999        -4.014206434341432        1.8593422135092047E-002 
   0.5005609692158240        -14.47079320309570        0.9999978809255846      
   8.4088750070843138E-014
    1.679999999999999        -3.803070304910810        3.5580176302812225E-002 
   0.5021778852019533        -14.46676924773911        0.9999960361110904      
   2.4198727405683735E-013
    1.679999999999999        -3.593549933081869        5.0403683307821509E-002 
   0.5047082830615075        -14.46372874512934        0.9999945962430925      
   5.9033208025281051E-013
    1.679999999999999        -3.385574045583126        6.2778124263573876E-002 
   0.5079969415320627        -14.46164846715758        0.9999935085842900      
   1.3629361335633861E-012
    1.679999999999999        -3.179068445902549        7.2640405357694809E-002 
   0.5118893269825575        -14.46050952744234        0.9999927129973030      
   3.0279749531510667E-012
    1.679999999999999        -2.973956117362914        8.0124431143206609E-002 
   0.5162413556686694        -14.46029227867106        0.9999921490894020      
   6.4928566180540371E-012
    1.679999999999999        -2.770157337224366        8.5505329212539047E-002 
   0.5209267199732333        -14.46097605376623        0.9999917616077976      
   1.3447633794683974E-011
    1.679999999999999        -2.567589801560878        8.9132535657069994E-002 
   0.5258406700851801        -14.46253897112306        0.9999915036403175      
   2.6910426157153063E-011
    1.679999999999999        -2.366168760586374        9.1369045279173722E-002 
   0.5309004670171191        -14.46495794858054        0.9999913378270615      
   5.2041857161722968E-011
    1.679999999999999        -2.165807164036497        9.2547238930220793E-002 
   0.5360433421401619        -14.46820885286460        0.9999912360449582      
   9.7277958029700744E-011
    1.679999999999999        -1.966415816142869        9.2944189389319198E-002 
   0.5412230223626792        -14.47226653129922        0.9999911781935308      
   1.7577756892307936E-010
    1.679999999999999        -1.767903539669862        9.2773850715284129E-002 
   0.5464057831865590        -14.47710484216211        0.9999911506010053      
   3.0707817649810539E-010
    1.679999999999999        -1.570177348419479        9.2190907960128202E-002 
   0.5515667246282145        -14.48269675540859        0.9999911443819626      
   5.1870112096167946E-010
    1.679999999999999        -1.373142627548817        9.1300838992671926E-002 
   0.5566866631670495        -14.48901439072623        0.9999911539812975      
   8.4726235341654498E-010
    1.679999999999999        -1.176703320987477        9.0171902769363571E-002 
   0.5617497801772847        -14.49602895285140        0.9999911760347749      
   1.3384777342426023E-009
    1.679999999999999       -0.9807621251897585        8.8846362782881966E-002 
   0.5667419989189091        -14.50371064087056        0.9999912085554155      
   2.0453811498860573E-009
    1.679999999999999       -0.7852206884089804        8.7349667256133620E-002 
   0.5716499759433833        -14.51202859391821        0.9999912503858009      
   3.0241910061230721E-009
    1.679999999999999       -0.5899798146396622        8.5697285765125322E-002 
   0.5764605663832720        -14.52095088966171        0.9999913008435402      
   4.3276341500998258E-009
    1.679999999999999       -0.3949396713377247        8.3899439984485291E-002 
   0.5811606306321613        -14.53044459071100        0.9999913594998385      
   5.9961638221522728E-009
    1.679999999999999       -0.2000000000000011        8.1964175189886246E-002 
   0.5857370675403013        -14.54047583279249        0.9999914260471759      
   8.0482789577259851E-009
    1.679999999999999       -5.0612032226220773E-003   7.9899241763757747E-002 
   0.5901769759204449        -14.55100992095427        0.9999915002245899      
   1.0471831798176524E-008
    1.679999999999999        0.1899728225015762        7.7713182820088739E-002 
   0.5944679103946648        -14.56201141688916        0.9999915817811361      
   1.3218531202999332E-008
    1.679999999999999        0.3851971143511089        7.5415825923043772E-002 
   0.5985982166886671        -14.57344447442873        0.9999916704612531      
   1.6203716287725584E-008
    1.679999999999999        0.5807063267879043        7.3018440272690416E-002 
   0.6025573704347301        -14.58527321121682        0.9999917659963860      
   1.9312371613012528E-008
    1.679999999999999        0.7765945422431204        7.0533681944960541E-002 
   0.6063362691725274        -14.59746206446518        0.9999918681013642      
   2.2410978985726457E-008
    1.679999999999999        0.9729550842390562        6.7975399187507751E-002 
   0.6099274740161711        -14.60997616438199        0.9999919764734310      
   2.5363294997169876E-008
    1.679999999999999         1.169880333731538        6.5358351431785228E-002 
   0.6133253917324606        -14.62278171280872        0.9999920907923343      
   2.8047023227833003E-008
    1.679999999999999         1.367461549433629        6.2697880038896814E-002 
   0.6165263884107681        -14.63584634727443        0.9999922107213961      
   3.0368042297951182E-008
    1.679999999999999         1.565788692852865        6.0009559650242530E-002 
   0.6195288312121208        -14.64913947453100        0.9999923359097453      
   3.2269471521390638E-008
    1.679999999999999         1.764950258740411        5.7308853158440934E-002 
   0.6223330596834904        -14.66263256133501        0.9999924659954514      
   3.3734198978417974E-008
    1.679999999999999         1.965033111612069        5.4610788760756430E-002 
   0.6249412925419195        -14.67629937287983        0.9999926006090228      
   3.4781110616197723E-008
    1.679999999999999         2.166122328958343        5.1929673323990955E-002 
   0.6273574793662191        -14.69011615169770        0.9999927393768832      
   3.5456632099059755E-008
    1.679999999999999         2.368301051714338        4.9278852057299434E-002 
   0.6295871090532775        -14.70406173313229        0.9999928819246535      
   3.5823953745812846E-008
    1.679999999999999         2.571650342510284        4.6670520313598904E-002 
   0.6316369881156407        -14.71811759723472        0.9999930278801800      
   3.5952335725599479E-008
    1.679999999999999         2.776249052171010        4.4115589439518078E-002 
   0.6335150019762682        -14.73226786019764        0.9999931768762813      
   3.5908324050104808E-008
    1.679999999999999         2.982173694877646        4.1623605208042938E-002 
   0.6352298715261715        -14.74649921095736        0.9999933285532199      
   3.5749841702757546E-008
    1.679999999999999         3.189498332348288        3.9202714678058498E-002 
   0.6367909155937765        -14.76080080055899        0.9999934825609162      
   3.5523265924586756E-008
    1.679999999999999         3.398294467336542        3.6859675419803423E-002 
   0.6382078279060066        -14.77516409320284        0.9999936385609065      
   3.5262983754041912E-008
    1.679999999999999         3.608630946688375        3.4599899920936622E-002 
   0.6394904748662127        -14.78958268834591        0.9999937962280160      
   3.4992618315098472E-008
    1.679999999999999         3.820573874139177        3.2427527565792175E-002 
   0.6406487182572713        -14.80405212292208        0.9999939552517519      
   3.4727103252900176E-008
    1.679999999999999         4.034186532974921        3.0345516733298938E-002 
   0.6416922649652967        -14.81856966202806        0.9999941153374549      
   3.4474950234595178E-008
    1.679999999999999         4.249529318623878        2.8355750137757783E-002 
   0.6426305441165316        -14.83313408555275        0.9999942762072456      
   3.4240291856607283E-008
    1.679999999999999         4.466659681189796        2.6459147392328668E-002 
   0.6434726106792465        -14.84774547719722        0.9999944376007793      
   3.4024504169261022E-008
    1.679999999999999         4.685632077883227        2.4655779774560259E-002 
   0.6442270736106034        -14.86240502112134        0.9999945992758051      
   3.3827374737860382E-008
    1.679999999999999         4.906497935255945        2.2944983208145711E-002 
   0.6449020459980004        -14.87711481017259        0.9999947610084968      
   3.3647874697250878E-008
    1.679999999999999         5.129305621094297        2.1325466465081128E-002 
   0.6455051143068915        -14.89187766843209        0.9999949225935530      
   3.3484629274986000E-008
    1.679999999999999         5.354100425780786        1.9795412484426258E-002 
   0.6460433237445470        -14.90669698975335        0.9999950838440912      
   3.3336181131668786E-008
    1.679999999999999         5.580924552890115        1.8352571468340340E-002 
   0.6465231768228443        -14.92157659309998        0.9999952445913330      
   3.3201123323322134E-008
    1.679999999999999         5.809817118746128        1.6994345042517407E-002 
   0.6469506423991052        -14.93652059476475        0.9999954046841227      
   3.3078156710003673E-008
    1.679999999999999         6.040814160629681        1.5717861259184028E-002 
   0.6473311727459250        -14.95153329694203        0.9999955639883177      
   3.2966107166558550E-008
    1.679999999999999         6.273948653295052        1.4520040586527738E-002 
   0.6476697265103646        -14.96661909184162        0.9999957223861053      
   3.2863923480769291E-008
    1.679999999999999         6.509250533423568        1.3397653284831883E-002 
   0.6479707957409320        -14.98178238060349        0.9999958797752631      
   3.2770667291221825E-008
    1.679999999999999         6.746746731618209        1.2347368737717595E-002 
   0.6482384354697847        -14.99702750621991        0.9999960360682831      
   3.2685500717088867E-008
    1.679999999999999         6.986461211521710        1.1365797406374100E-002 
   0.6484762946265642        -15.01235869918402        0.9999961911913402      
   3.2607674205179628E-008
    1.679999999999999         7.228415015623348        1.0449526119632912E-002 
   0.6486876473199681        -15.02778003407654        0.9999963450831192      
   3.2536515543047735E-008
    1.679999999999999         7.472626317305855        9.5951474149101428E-003 
   0.6488754237472403        -15.04329539522358        0.9999964976936385      
   3.2471420262785667E-008
    1.679999999999999         7.719110478673879        8.7992836166640477E-003 
   0.6490422401791036        -15.05890844993652        0.9999966489831879      
   3.2411843366461379E-008
    1.679999999999999         7.967880113698818        8.0586062918145320E-003 
   0.6491904276214691        -15.07462262842089        0.9999967989214266      
   3.2357292209624313E-008
    1.679999999999999         8.218945156211536        7.3698516653555052E-003 
   0.6493220588810695        -15.09044110980939        0.9999969474866093      
   3.2307320367650352E-008
    1.679999999999999         8.472312932274409        6.7298325205439524E-003 
   0.6494389738650259        -15.10636681370737        0.9999970946648720      
   3.2261522327285842E-008
    1.679999999999999         8.727988236466917        6.1354470488043707E-003 
   0.6495428030264667        -15.12240239641044        0.9999972404495296      
   3.2219528870155010E-008
    1.679999999999999         8.985973411624599        5.5836850556051807E-003 
   0.6496349889307506        -15.13855025093020        0.9999973848403716      
   3.2181003038011311E-008
    1.679999999999999         9.246268431579237        5.0716318719881484E-003 
   0.6497168059626494        -15.15481251009216        0.9999975278429724      
   3.2145636588880465E-008
    1.679999999999999         9.508870986458517        4.5964702694230855E-003 
   0.6497893782279740        -15.17119105206784        0.9999976694680086      
   3.2113146868896441E-008
    1.679999999999999         9.773776570115773        4.1554806294140378E-003 
   0.6498536957259793        -15.18768750777189        0.9999978097306057      
   3.2083274037199382E-008
    1.679999999999999         10.04097856927476        3.7460395808579339E-003 
   0.6499106288829485        -15.20430326968719        0.9999979486497282      
   3.2055778591592376E-008
    1.679999999999999         10.31046835399012        3.3656172949067835E-003 
   0.6499609415449181        -15.22103950183224        0.9999980862476319      
   3.2030439151883206E-008
    1.679999999999999         10.58223536904130        3.0117736403941038E-003 
   0.6500053025313903        -15.23789715067711        0.9999982225493463      
   3.2007050468023151E-008
    1.679999999999999         10.85626722589636        2.6821535105078526E-003 
   0.6500442958544352        -15.25487695681354        0.9999983575822018      
   3.1985421635802369E-008
    1.679999999999999         11.13254979490064        2.3744819816098857E-003 
   0.6500784297121955        -15.27197946714659        0.9999984913753776      
   3.1965374534179577E-008
    1.679999999999999         11.41106729736590        2.0865609101341940E-003 
   0.6501081443818824        -15.28920504741052        0.9999986239595249      
   3.1946742567118885E-008
    1.679999999999999         11.69180239725550        1.8162708667664061E-003 
   0.6501338191860282        -15.30655389489261        0.9999987553664722      
   3.1929369940455966E-008
    1.679999999999999         11.97473629218198        1.5615873487461276E-003 
   0.6501557788283878        -15.32402605117009        0.9999988856290836      
   3.1913111995146447E-008
    1.679999999999999         12.25984880345458        1.3206300926820840E-003 
   0.6501742996645223        -15.34162141456459        0.9999990147812552      
   3.1897837616148458E-008
    1.679999999999999         12.54711846493471        1.0917809474867376E-003 
   0.6501896169785665        -15.35933975239830        0.9999991428580425      
   3.1883435406180950E-008
    1.679999999999999         12.83652261047853        8.7392787614200686E-004 
   0.6502019351212821        -15.37718071348086        0.9999992698961320      
   3.1869825782882709E-008
    1.679999999999999         13.12803745976597        6.6690974947593968E-004 
   0.6502114432495294        -15.39514384028813        0.9999993959354517      
   3.1856980327734331E-008
    1.679999999999999         13.42163820233561        4.7222277343154473E-004 
   0.6502183397549737        -15.41322857963675        0.9999995210230586      
   3.1844945449866561E-008
    1.679999999999999         13.71729907966468        2.9396781127870601E-004 
   0.6502228669805052        -15.43143429242001        0.9999996452209751      
   3.1833856958900006E-008
    1.679999999999999         14.01499346515192        1.3985291923161264E-004 
   0.6502253529092881        -15.44976026185536        0.9999997686211052      
   3.1823913981441177E-008
    1.679999999999999         14.31469394187969        2.1882507337310307E-005 
   0.6502262477549432        -15.46820569927000        0.9999998913711033      
   3.1815257800778387E-008
    1.679999999999999         14.61637237804932       -4.3660666966297633E-005 
   0.6502261332583732        -15.48676974863324         1.000000013716008      
   3.1807683022506834E-008
    1.679999999999999         14.92000000000000       -4.3660666966297633E-005 
   0.6502263622515132        -15.50533379799648         1.000000136060913      
   3.1800108244235281E-008
    1.920000000000000        -4.227026579539560         0.000000000000000      
   0.5000000000000000        -16.83943152636387         1.000000000000000      
    0.000000000000000     
    1.920000000000000        -4.014206434341432        1.7342427433672286E-002 
   0.5005464569250597        -16.83943152636387        0.9999979032999792      
   2.7474219495108585E-014
    1.920000000000000        -3.803070304910810        3.3203631327205524E-002 
   0.5021230197766695        -16.83548996797361        0.9999960770575227      
   7.8823343884772479E-014
    1.920000000000000        -3.593549933081869        4.7056795567887957E-002 
   0.5045930663952588        -16.83248605931440        0.9999946506162760      
   1.9156115024195992E-013
    1.920000000000000        -3.385574045583126        5.8627703684885873E-002 
   0.5078060194654292        -16.83039874934049        0.9999935722558309      
   4.4052123306983549E-013
    1.920000000000000        -3.179068445902549        6.7851651049062156E-002 
   0.5116107028301131        -16.82921098758997        0.9999927828230639      
   9.7487347732744153E-013
    1.920000000000000        -2.973956117362914        7.4849812973092067E-002 
   0.5158652673390487        -16.82890470313827        0.9999922227808288      
   2.0825172586221061E-012
    1.920000000000000        -2.770157337224366        7.9877146255880979E-002 
   0.5204447456902158        -16.82946057812909        0.9999918375602653      
   4.2975107537431489E-012
    1.920000000000000        -2.567589801560878        8.3259606172478962E-002 
   0.5252450926520625        -16.83085788938989        0.9999915807586243      
   8.5699121671793460E-012
    1.920000000000000        -2.366168760586374        8.5336985274098637E-002 
   0.5301838918015194        -16.83307457020361        0.9999914153728149      
   1.6518241043585682E-011
    1.920000000000000        -2.165807164036497        8.6421225318535425E-002 
   0.5351985392188354        -16.83608741791132        0.9999913135155050      
   3.0779058509107115E-011
    1.920000000000000        -1.966415816142869        8.6772991563584714E-002 
   0.5402429500464490        -16.83987218495777        0.9999912552342719      
   5.5451478616748282E-011
    1.920000000000000        -1.767903539669862        8.6594115564569224E-002 
   0.5452837464790833        -16.84440367464238        0.9999912269470392      
   9.6603014735460270E-011
    1.920000000000000        -1.570177348419479        8.6031022270773388E-002 
   0.5502966247816767        -16.84965591307351        0.9999912198208833      
   1.6275656751707867E-010
    1.920000000000000        -1.373142627548817        8.5184029212664381E-002 
   0.5552633001149552        -16.85560225469889        0.9999912283299141      
   2.6522260813257451E-010
    1.920000000000000        -1.176703320987477        8.4118488326694829E-002 
   0.5601691757611804        -16.86221537625146        0.9999912491253645      
   4.1809075325324312E-010
    1.920000000000000       -0.9807621251897585        8.2875235410528325E-002 
   0.5650017141937864        -16.86946723541409        0.9999912802286556      
   6.3767473553534223E-010
    1.920000000000000       -0.7852206884089804        8.1479139884201440E-002 
   0.5697494001505448        -16.87732905525240        0.9999913204880446      
   9.4124152731306667E-010
    1.920000000000000       -0.5899798146396622        7.9945468503162101E-002 
   0.5744011586694099        -16.88577134779208        0.9999913692265796      
   1.3449691247616265E-009
    1.920000000000000       -0.3949396713377247        7.8284284421139230E-002 
   0.5789460987350263        -16.89476396874933        0.9999914260219196      
   1.8612671301899461E-009
    1.920000000000000       -0.2000000000000011        7.6503301083986675E-002 
   0.5833734710878904        -16.90427619547112        0.9999914905745894      
   2.4958262872005853E-009
    1.920000000000000       -5.0612032226220773E-003   7.4609632431103884E-002 
   0.5876727460945547        -16.91427679601318        0.9999915626334686      
   3.2449673403073761E-009
    1.920000000000000        0.1899728225015762        7.2610812068626199E-002 
   0.5918337809140264        -16.92473407421926        0.9999916419592143      
   4.0939561829512635E-009
    1.920000000000000        0.3851971143511089        7.0515270184512813E-002 
   0.5958470649842664        -16.93561613415648        0.9999917283094114      
   5.0169146118498615E-009
    1.920000000000000        0.5807063267879043        6.8332512330407144E-002 
   0.5997039746717944        -16.94689116823267        0.9999918214300272      
   5.9786245872883718E-009
    1.920000000000000        0.7765945422431204        6.6073113529145078E-002 
   0.6033969926636897        -16.95852772219741        0.9999919210515894      
   6.9381115407316189E-009
    1.920000000000000        0.9729550842390562        6.3748592788362923E-002 
   0.6069198924667378        -16.97049497314081        0.9999920268879288      
   7.8534379046155238E-009
    1.920000000000000         1.169880333731538        6.1371214678216254E-002 
   0.6102678819707116        -16.98276301298461        0.9999921386359191      
   8.6867958291864903E-009
    1.920000000000000         1.367461549433629        5.8953749250523942E-002 
   0.6134376991847372        -16.99530312283505        0.9999922559761822      
   9.4088873267195043E-009
    1.920000000000000         1.565788692852865        5.6509212763164889E-002 
   0.6164276569288187        -17.00808802703541        0.9999923785749775      
   1.0001758369517479E-008
    1.920000000000000         1.764950258740411        5.4050606441817042E-002 
   0.6192376366433781        -17.02109211864163        0.9999925060870130      
   1.0459652494671793E-008
    1.920000000000000         1.965033111612069        5.1590666940627423E-002 
   0.6218690344928017        -17.03429164947339        0.9999926381586473      
   1.0787936055012811E-008
    1.920000000000000         2.166122328958343        4.9141639213562176E-002 
   0.6243246654318131        -17.04766487893182        0.9999927744310811      
   1.1000567803203950E-008
    1.920000000000000         2.368301051714338        4.6715079723324379E-002 
   0.6266086327355325        -17.06119217772759        0.9999929145433839      
   1.1116825064144994E-008
    1.920000000000000         2.571650342510284        4.4321695185367299E-002 
   0.6287261715947419        -17.07485608525415        0.9999930581353207      
   1.1158017993547993E-008
    1.920000000000000         2.776249052171010        4.1971219436184440E-002 
   0.6306834757562096        -17.08864132166465        0.9999932048499527      
   1.1144760193330743E-008
    1.920000000000000         2.982173694877646        3.9672328655047481E-002 
   0.6324875159171429        -17.10253475757482        0.9999933543360408      
   1.1095104801079125E-008
    1.920000000000000         3.189498332348288        3.7432593178029341E-002 
   0.6341458577842889        -17.11652534593700        0.9999935062502654      
   1.1023594592849452E-008
    1.920000000000000         3.398294467336542        3.5258462603908580E-002 
   0.6356664865346742        -17.13060402189631        0.9999936602592582      
   1.0941081533213219E-008
    1.920000000000000         3.608630946688375        3.3155279833681897E-002 
   0.6370576430275520        -17.14476357705315        0.9999938160413944      
   1.0855073879839950E-008
    1.920000000000000         3.820573874139177        3.1127319091407639E-002 
   0.6383276756624081        -17.15899851455811        0.9999939732883372      
   1.0770359048041027E-008
    1.920000000000000         4.034186532974921        2.9177842789551364E-002 
   0.6394849103749543        -17.17330489116821        0.9999941317063392      
   1.0689698217619346E-008
    1.920000000000000         4.249529318623878        2.7309172249556264E-002 
   0.6405375399997377        -17.18768015199879        0.9999942910173321      
   1.0614459982580186E-008
    1.920000000000000         4.466659681189796        2.5522767681236028E-002 
   0.6414935331611042        -17.20212296316767        0.9999944509598145      
   1.0545128598896941E-008
    1.920000000000000         4.685632077883227        2.3819313377584736E-002 
   0.6423605620107187        -17.21663304679138        0.9999946112895209      
   1.0481673137982022E-008
    1.920000000000000         4.906497935255945        2.2198804718853299E-002 
   0.6431459475111918        -17.23121102192422        0.9999947717798601      
   1.0423793624099978E-008
    1.920000000000000         5.129305621094297        2.0660634239196507E-002 
   0.6438566205546328        -17.24585825414934        0.9999949322221214      
   1.0371072440171830E-008
    1.920000000000000         5.354100425780786        1.9203674644114287E-002 
   0.6444990969741832        -17.26057671572837        0.9999950924254696      
   1.0323059997131713E-008
    1.920000000000000         5.580924552890115        1.7826357245607473E-002 
   0.6450794644227793        -17.27536885751535        0.9999952522167446      
   1.0279318641920558E-008
    1.920000000000000         5.809817118746128        1.6526744785807630E-002 
   0.6456033791224991        -17.29023749325768        0.9999954114400987      
   1.0239442124201748E-008
    1.920000000000000         6.040814160629681        1.5302598040472147E-002 
   0.6460760705976839        -17.30518569649536        0.9999955699565196      
   1.0203061909468886E-008
    1.920000000000000         6.273948653295052        1.4151435930893635E-002 
   0.6465023526673594        -17.32021671005642        0.9999957276432331      
   1.0169847074003196E-008
    1.920000000000000         6.509250533423568        1.3070589132904421E-002 
   0.6468866391651298        -17.33533386792345        0.9999958843929659      
   1.0139501481721979E-008
    1.920000000000000         6.746746731618209        1.2057247364506609E-002 
   0.6472329630608635        -17.35054052881660        0.9999960401130501      
   1.0111760108145975E-008
    1.920000000000000         6.986461211521710        1.1108500668308024E-002 
   0.6475449978640877        -17.36584002035902        0.9999961947243812      
   1.0086385359442617E-008
    1.920000000000000         7.228415015623348        1.0221375089871698E-002 
   0.6478260803828204        -17.38123559249672        0.9999963481603441      
   1.0063163715684375E-008
    1.920000000000000         7.472626317305855        9.3928631980014273E-003 
   0.6480792340869549        -17.39673037899273        0.9999965003657867      
   1.0041902785766849E-008
    1.920000000000000         7.719110478673879        8.6199499081201676E-003 
   0.6483071924798847        -17.41232736615568        0.9999966512961040      
   1.0022428761285725E-008
    1.920000000000000         7.967880113698818        7.8996340645918969E-003 
   0.6485124220162953        -17.42802936825347        0.9999968009164308      
   1.0004584222853224E-008
    1.920000000000000         8.218945156211536        7.2289462194959544E-003 
   0.6486971442197264        -17.44383900907284        0.9999969492008842      
   9.9882262465999882E-009
    1.920000000000000         8.472312932274409        6.6049630184272148E-003 
   0.6488633567515942        -17.45975870888883        0.9999970961318155      
   9.9732247631019477E-009
    1.920000000000000         8.727988236466917        6.0248185705511006E-003 
   0.6490128532637371        -17.47579067600654        0.9999972416990726      
   9.9594611281041013E-009
    1.920000000000000         8.985973411624599        5.4857131428319231E-003 
   0.6491472419303255        -17.49193690212401        0.9999973858992622      
   9.9468268713433756E-009
    1.920000000000000         9.246268431579237        4.9849194801942307E-003 
   0.6492679626050488        -17.50819916086166        0.9999975287350303      
   9.9352225956660723E-009
    1.920000000000000         9.508870986458517        4.5197870164163396E-003 
   0.6493763025882997        -17.52457900885577        0.9999976702143623      
   9.9245570034176611E-009
    1.920000000000000         9.773776570115773        4.0877442061079709E-003 
   0.6494734110178689        -17.54107778890093        0.9999978103499191      
   9.9147460309282267E-009
    1.920000000000000         10.04097856927476        3.6862991788985718E-003 
   0.6495603119168123        -17.55769663476246        0.9999979491584257      
   9.9057120750843757E-009
    1.920000000000000         10.31046835399012        3.3130389008560182E-003 
   0.6496379159460508        -17.57443647737923        0.9999980866600983      
   9.8973832988320795E-009
    1.920000000000000         10.58223536904130        2.9656270462582010E-003 
   0.6497070309194060        -17.59129805220649        0.9999982228781259      
   9.8896930056647207E-009
    1.920000000000000         10.85626722589636        2.6418008916869002E-003 
   0.6497683711473943        -17.60828190744017        0.9999983578381653      
   9.8825790781951002E-009
    1.920000000000000         11.13254979490064        2.3393678895075520E-003 
   0.6498225656878126        -17.62538841286427        0.9999984915678872      
   9.8759834861417435E-009
    1.920000000000000         11.41106729736590        2.0562035046272123E-003 
   0.6498701656088026        -17.64261776911895        0.9999986240965854      
   9.8698518916185602E-009
    1.920000000000000         11.69180239725550        1.7902541461204944E-003 
   0.6499116504422403        -17.65997001725752        0.9999987554548749      
   9.8641334279991466E-009
    1.920000000000000         11.97473629218198        1.5395539693011328E-003 
   0.6499474341790188        -17.67744504835357        0.9999988856745506      
   9.8587808236916294E-009
    1.920000000000000         12.25984880345458        1.3022740250312002E-003 
   0.6499778715358850        -17.69504261280333        0.9999990147885717      
   9.8537512043119025E-009
    1.920000000000000         12.54711846493471        1.0768385983703555E-003 
   0.6500032659488132        -17.71276232938206        0.9999991428311810      
   9.8490081235971289E-009
    1.920000000000000         12.83652261047853        8.6216540910255893E-004 
   0.6500238819233168        -17.73060369448857        0.9999992698383559      
   9.8445255218108924E-009
    1.920000000000000         13.12803745976597        6.5810345018141043E-004 
   0.6500399658573917        -17.74856609100990        0.9999993958494066      
   9.8402940305885304E-009
    1.920000000000000         13.42163820233561        4.6612928521964550E-004 
   0.6500517805221131        -17.76664879556348        0.9999995209108554      
   9.8363286396620779E-009
    1.920000000000000         13.71729907966468        2.9028338420612824E-004 
   0.6500596574014761        -17.78485098473536        0.9999996450842531      
   9.8326733194551469E-009
    1.920000000000000         14.01499346515192        1.3816681313577039E-004 
   0.6500640658619248        -17.80317173973050        0.9999997684610853      
   9.8293922984079114E-009
    1.920000000000000         14.31469394187969        2.1638808128819792E-005 
   0.6500656876864044        -17.82161004836897        0.9999998911886158      
   9.8265303861203081E-009
    1.920000000000000         14.61637237804932       -4.3170325442631972E-005 
   0.6500654726614320        -17.84016480560588         1.000000013511492      
   9.8240192954747715E-009
    1.920000000000000         14.92000000000000       -4.3170325442631972E-005 
   0.6500659027113769        -17.85871956284279         1.000000135834368      
   9.8215082048292349E-009
    2.160000000000000        -4.227026579539560         0.000000000000000      
   0.5000000000000000        -19.20690550675322         1.000000000000000      
    0.000000000000000     
    2.160000000000000        -4.014206434341432        1.6123705151462598E-002 
   0.5005324327877740        -19.20690550675322        0.9999979242178735      
   8.7423708832889882E-015
    2.160000000000000        -3.803070304910810        3.0885164281002901E-002 
   0.5020698720417940        -19.20304568663631        0.9999961153430541      
   2.5004982474781616E-014
    2.160000000000000        -3.593549933081869        4.3788199493720550E-002 
   0.5044811901983008        -19.20008108195936        0.9999947014620180      
   6.0536665955002321E-014
    2.160000000000000        -3.385574045583126        5.4571468250170632E-002 
   0.5076203376894775        -19.19799250688278        0.9999936318006285      
   1.3865923591499182E-013
    2.160000000000000        -3.179068445902549        6.3169876645057910E-002 
   0.5113395700815349        -19.19676453281923        0.9999928481229247      
   3.0565162349712576E-013
    2.160000000000000        -2.973956117362914        6.9692929961014574E-002 
   0.5154994769708658        -19.19638053484289        0.9999922916903661      
   6.5045499830535570E-013
    2.160000000000000        -2.770157337224366        7.4376240173099406E-002 
   0.5199767071639081        -19.19682248765853        0.9999919085737529      
   1.3373915832021706E-012
    2.160000000000000        -2.567589801560878        7.7522845370413401E-002 
   0.5246682168449317        -19.19807083415368        0.9999916528478344      
   2.6576529457950566E-012
    2.160000000000000        -2.366168760586374        7.9449644083913612E-002 
   0.5294921898993317        -19.20010458348452        0.9999914878447451      
   5.1054852923017011E-012
    2.160000000000000        -2.165807164036497        8.0448223582562761E-002 
   0.5343864164025879        -19.20290156251056        0.9999913858992903      
   9.4831959790974585E-012
    2.160000000000000        -1.966415816142869        8.0762747237259680E-002 
   0.5393051606423889        -19.20643855031511        0.9999913271991046      
   1.7034032721266852E-011
    2.160000000000000        -1.767903539669862        8.0582698782068612E-002 
   0.5442154716147920        -19.21069142145877        0.9999912982473335      
   2.9592580906025415E-011
    2.160000000000000        -1.570177348419479        8.0045932256567170E-002 
   0.5490936343425593        -19.21563536966854        0.9999912902612325      
   4.9728511299596733E-011
    2.160000000000000        -1.373142627548817        7.9247248807291074E-002 
   0.5539221650672675        -19.22124506170655        0.9999912977431821      
   8.0843137532196681E-011
    2.160000000000000        -1.176703320987477        7.8248726635729279E-002 
   0.5586875023321909        -19.22749467237416        0.9999913173597255      
   1.2716378281691515E-010
    2.160000000000000       -0.9807621251897585        7.7089425917512860E-002 
   0.5633783765819695        -19.23435787704004        0.9999913471408448      
   1.9357537768240439E-010
    2.160000000000000       -0.7852206884089804        7.5793333218280246E-002 
   0.5679847528578328        -19.24180786211848        0.9999913859406302      
   2.8523992979645612E-010
    2.160000000000000       -0.5899798146396622        7.4375273444522882E-002 
   0.5724972132088693        -19.24981736483882        0.9999914330875348      
   4.0698825095529705E-010
    2.160000000000000       -0.3949396713377247        7.2844994391410289E-002 
   0.5769066526252835        -19.25835873205309        0.9999914881653563      
   5.6252412342289900E-010
    2.160000000000000       -0.2000000000000011        7.1209815769395571E-002 
   0.5812041801574459        -19.26740398889680        0.9999915508820257      
   7.5354907697006315E-010
    2.160000000000000       -5.0612032226220773E-003   6.9476255810898974E-002 
   0.5853811344843618        -19.27692488692048        0.9999916209952984      
   9.7897564591115496E-010
    2.160000000000000        0.1899728225015762        6.7650984170940870E-002 
   0.5894291854318989        -19.28689291819317        0.9999916982761410      
   1.2344252500186388E-009
    2.160000000000000        0.3851971143511089        6.5741279739893577E-002 
   0.5933405130870784        -19.29727952601861        0.9999917824937067      
   1.5121964123623405E-009
    2.160000000000000        0.5807063267879043        6.3755220504727719E-002 
   0.5971080002733895        -19.30805633082504        0.9999918734066423      
   1.8017920447667071E-009
    2.160000000000000        0.7765945422431204        6.1701710424136365E-002 
   0.6007253980668361        -19.31919532816937        0.9999919707590920      
   2.0909742539291964E-009
    2.160000000000000        0.9729550842390562        5.9590402556432262E-002 
   0.6041874672103258        -19.33066909612845        0.9999920742791996      
   2.3671817534146084E-009
    2.160000000000000         1.169880333731538        5.7431559670684369E-002 
   0.6074900915346778        -19.34245100787501        0.9999921836785582      
   2.6190433700678425E-009
    2.160000000000000         1.367461549433629        5.5235878742808484E-002 
   0.6106303578791319        -19.35451543835145        0.9999922986526261      
   2.8376894019150441E-009
    2.160000000000000         1.565788692852865        5.3014297324130669E-002 
   0.6136065996485620        -19.36683795723414        0.9999924188823438      
   3.0176124102440250E-009
    2.160000000000000         1.764950258740411        5.0777794995849265E-002 
   0.6164184034909973        -19.37939550279163        0.9999925440367058      
   3.1569443718493603E-009
    2.160000000000000         1.965033111612069        4.8537200169448992E-002 
   0.6190665806650810        -19.39216653190822        0.9999926737757334      
   3.2571597877433719E-009
    2.160000000000000         2.166122328958343        4.6303010327549354E-002 
   0.6215531064331706        -19.40513114169817        0.9999928077534497      
   3.3223395038891127E-009
    2.160000000000000         2.368301051714338        4.4085231912238204E-002 
   0.6238810321818762        -19.41827115921381        0.9999929456207186      
   3.3582033458231106E-009
    2.160000000000000         2.571650342510284        4.1893244264777654E-002 
   0.6260543758893208        -19.43157019755015        0.9999930870279147      
   3.3711285459758359E-009
    2.160000000000000         2.776249052171010        3.9735690278699554E-002 
   0.6280779970206884        -19.44501367829069        0.9999932316274126      
   3.3673253379282237E-009
    2.160000000000000         2.982173694877646        3.7620394801356719E-002 
   0.6299574619679552        -19.45858882158162        0.9999933790759289      
   3.3522657547605728E-009
    2.160000000000000         3.189498332348288        3.5554310380342458E-002 
   0.6316989058127493        -19.47228460641690        0.9999935290367302      
   3.3303843583327160E-009
    2.160000000000000         3.398294467336542        3.3543488762926246E-002 
   0.6333088955650501        -19.48609170482983        0.9999936811816886      
   3.3050111306647883E-009
    2.160000000000000         3.608630946688375        3.1593075655692568E-002 
   0.6347942992095821        -19.50000239430327        0.9999938351931346      
   3.2784661591830541E-009
    2.160000000000000         3.820573874139177        2.9707325646457769E-002 
   0.6361621639684035        -19.51401045283409        0.9999939907654735      
   3.2522412337806321E-009
    2.160000000000000         4.034186532974921        2.7889633864542747E-002 
   0.6374196062426777        -19.52811104101547        0.9999941476065697      
   3.2272066311430484E-009
    2.160000000000000         4.249529318623878        2.6142580873126400E-002 
   0.6385737147948545        -19.54230057540404        0.9999943054389278      
   3.2038021550903900E-009
    2.160000000000000         4.466659681189796        2.4467987401983134E-002 
   0.6396314679241263        -19.55657659723204        0.9999944640006641      
   3.1821918939970965E-009
    2.160000000000000         4.685632077883227        2.2866975789518663E-002 
   0.6405996647047156        -19.57093764011999        0.9999946230462775      
   3.1623776235083916E-009
    2.160000000000000         4.906497935255945        2.1340035360150361E-002 
   0.6414848698122853        -19.58538309987968        0.9999947823471821      
   3.1442750735279667E-009
    2.160000000000000         5.129305621094297        1.9887089372550314E-002 
   0.6422933710583636        -19.59991310889015        0.9999949416920212      
   3.1277612699906219E-009
    2.160000000000000         5.354100425780786        1.8507561599524200E-002 
   0.6430311484763054        -19.61452841695244        0.9999951008867725      
   3.1127016055013821E-009
    2.160000000000000         5.580924552890115        1.7200441013336388E-002 
   0.6437038536390115        -19.62923028002105        0.9999952597546569      
   3.0989639104499342E-009
    2.160000000000000         5.809817118746128        1.5964343431442766E-002 
   0.6443167978192965        -19.64402035778533        0.9999954181358873      
   3.0864248418984893E-009
    2.160000000000000         6.040814160629681        1.4797569314704273E-002 
   0.6448749476083211        -19.65890062074859        0.9999955758872594      
   3.0749720922661119E-009
    2.160000000000000         6.273948653295052        1.3698157197638856E-002 
   0.6453829266671829        -19.67387326714538        0.9999957328815829      
   3.0645045285357009E-009
    2.160000000000000         6.509250533423568        1.2663932467515491E-002 
   0.6458450223850565        -19.68894064964342        0.9999958890069470      
   3.0549314335618706E-009
    2.160000000000000         6.746746731618209        1.1692551397902894E-002 
   0.6462651963394368        -19.70410521134961        0.9999960441658500      
   3.0461714471639307E-009
    2.160000000000000         6.986461211521710        1.0781540485897377E-002 
   0.6466470975871313        -19.71936943037881        0.9999961982742506      
   3.0381514831333960E-009
    2.160000000000000         7.228415015623348        9.9283312457988000E-003 
   0.6469940779488497        -19.73473577223065        0.9999963512606328      
   3.0308057324459288E-009
    2.160000000000000         7.472626317305855        9.1302906823244982E-003 
   0.6473092085793632        -19.75020664936988        0.9999965030651232      
   3.0240747846661937E-009
    2.160000000000000         7.719110478673879        8.3847477105465258E-003 
   0.6475952972357997        -19.76578438756644        0.9999966536386798      
   3.0179048664467701E-009
    2.160000000000000         7.967880113698818        7.6890158140073567E-003 
   0.6478549057670113        -19.78147119857008        0.9999968029423174      
   3.0122471843861455E-009
    2.160000000000000         8.218945156211536        7.0404122417478399E-003 
   0.6480903674460451        -19.79726915854215        0.9999969509463352      
   3.0070573571064498E-009
    2.160000000000000         8.472312932274409        6.4362740422813300E-003 
   0.6483038038540909        -19.81318019152541        0.9999970976295512      
   3.0022949224640610E-009
    2.160000000000000         8.727988236466917        5.8739712205242867E-003 
   0.6484971410972026        -19.82920605725075        0.9999972429785363      
   2.9979229078244454E-009
    2.160000000000000         8.985973411624599        5.3509172855927779E-003 
   0.6486721251976215        -19.84534834265985        0.9999973869868577      
   2.9939074533631820E-009
    2.160000000000000         9.246268431579237        4.8645774360630296E-003 
   0.6488303365514314        -19.86160845655670        0.9999975296543424      
   2.9902174801028797E-009
    2.160000000000000         9.508870986458517        4.4124746063490174E-003 
   0.6489732033844779        -19.87798762684547        0.9999976709863742      
   2.9868243958205943E-009
    2.160000000000000         9.773776570115773        3.9921935748608037E-003 
   0.6491020141696561        -19.89448689992419        0.9999978109932212      
   2.9837018331082495E-009
    2.160000000000000         10.04097856927476        3.6013833148858211E-003 
   0.6492179289921882        -19.91110714190840        0.9999979496894219      
   2.9808254148163749E-009
    2.160000000000000         10.31046835399012        3.2377577605898020E-003 
   0.6493219898674479        -19.92784904139209        0.9999980870932021      
   2.9781725429724802E-009
    2.160000000000000         10.58223536904130        2.8990951836191854E-003 
   0.6494151300302073        -19.94471311344532        0.9999982232259373      
   2.9757222082512714E-009
    2.160000000000000         10.85626722589636        2.5832364856077871E-003 
   0.6494981822271682        -19.96169970456247        0.9999983581116366      
   2.9734548186563115E-009
    2.160000000000000         11.13254979490064        2.2880830503298651E-003 
   0.6495718860621953        -19.97880899830482        0.9999984917764804      
   2.9713520493182505E-009
    2.160000000000000         11.41106729736590        2.0115957028971534E-003 
   0.6496368944818789        -19.99604102144172        0.9999986242484187      
   2.9693967224897768E-009
    2.160000000000000         11.69180239725550        1.7517985123667837E-003 
   0.6496937795834352        -20.01339565044011        0.9999987555568690      
   2.9675727421866173E-009
    2.160000000000000         11.97473629218198        1.5067959901848386E-003 
   0.6497430381496789        -20.03087261802248        0.9999988857325616      
   2.9658651380346545E-009
    2.160000000000000         12.25984880345458        1.2748216963417856E-003 
   0.6497850977995603        -20.04847151938921        0.9999990148075238      
   2.9642603240298370E-009
    2.160000000000000         12.54711846493471        1.0543522503179462E-003 
   0.6498203255801669        -20.06619181814503        0.9999991428151824      
   2.9627467458368928E-009
    2.160000000000000         12.83652261047853        8.4434214024865708E-004 
   0.6498490423823267        -20.08403285237567        0.9999992697907992      
   2.9613161354745205E-009
    2.160000000000000         13.12803745976597        6.4465168488347599E-004 
   0.6498715486325375        -20.10199384028091        0.9999993957730550      
   2.9599655005805690E-009
    2.160000000000000         13.42163820233561        4.5672841590601503E-004 
   0.6498881684908500        -20.12007388407584        0.9999995208079209      
   2.9586995276055507E-009
    2.160000000000000         13.71729907966468        2.8452563628686775E-004 
   0.6498993193057407        -20.13827197281257        0.9999996449564610      
   2.9575319950832989E-009
    2.160000000000000         14.01499346515192        1.3548526278778488E-004 
   0.6499056075579877        -20.15658698349194        0.9999997683097218      
   2.9564829414049596E-009
    2.160000000000000         14.31469394187969        2.1236563507605783E-005 
   0.6499079404806262        -20.17501767929232        0.9999998910145530      
   2.9555660760725116E-009
    2.160000000000000         14.61637237804932       -4.2364245945227295E-005 
   0.6499076270618045        -20.19356270604956         1.000000013315188      
   2.9547593763845407E-009
    2.160000000000000         14.92000000000000       -4.2364245945227295E-005 
   0.6499082538994478        -20.21210773280680         1.000000135615823      
   2.9539526766965699E-009
    2.399999999999999        -4.227026579539560         0.000000000000000      
   0.5000000000000000        -21.57327064698683         1.000000000000000      
    0.000000000000000     
    2.399999999999999        -4.014206434341432        1.4935971565928076E-002 
   0.5005190565578803        -21.57327064698683        0.9999979436997103      
   2.7116531653060323E-015
    2.399999999999999        -3.803070304910810        2.8622724911660936E-002 
   0.5020190784719487        -21.56949044724417        0.9999961510039461      
   7.7320370500172712E-015
    2.399999999999999        -3.593549933081869        4.0595355769063902E-002 
   0.5043740567197832        -21.56656643125525        0.9999947488270248      
   1.8647379579051912E-014
    2.399999999999999        -3.385574045583126        5.0606438464470702E-002 
   0.5074422861375290        -21.56448100460557        0.9999936872727404      
   4.2541377751158774E-014
    2.399999999999999        -3.179068445902549        5.8591536936690433E-002 
   0.5110794352389092        -21.56322016135546        0.9999929089568995      
   9.3407056202929220E-014
    2.399999999999999        -2.973956117362914        6.4649431019394937E-002 
   0.5151486306236264        -21.56276858756276        0.9999923558837137      
   1.9802299619024797E-013
    2.399999999999999        -2.770157337224366        6.8997156467094423E-002 
   0.5195283051611058        -21.56310947222790        0.9999919747198893      
   4.0566392686430693E-013
    2.399999999999999        -2.567589801560878        7.1915389875314512E-002 
   0.5241166118347544        -21.56422439497118        0.9999917199857841      
   8.0331103335419079E-013
    2.399999999999999        -2.366168760586374        7.3698475206073824E-002 
   0.5288325233157122        -21.56609345079439        0.9999915553269397      
   1.5380545703796055E-012
    2.399999999999999        -2.165807164036497        7.4617789865863843E-002 
   0.5336143796212456        -21.56869553371699        0.9999914532863701      
   2.8478277518566678E-012
    2.399999999999999        -1.966415816142869        7.4900980748248969E-002 
   0.5384168999866121        -21.57200850245222        0.9999913941834552      
   5.1001086831935497E-012
    2.399999999999999        -1.767903539669862        7.4725050689494088E-002 
   0.5432076048675596        -21.57600935759875        0.9999913646018375      
   8.8354825128352372E-012
    2.399999999999999        -1.570177348419479        7.4219070971430323E-002 
   0.5479633456948119        -21.58067450237725        0.9999913558064486      
   1.4808966586146434E-011
    2.399999999999999        -1.373142627548817        7.3472071236186320E-002 
   0.5526673485149864        -21.58597993053407        0.9999913623268165      
   2.4017317726610517E-011
    2.399999999999999        -1.176703320987477        7.2542587804962436E-002 
   0.5573069282022407        -21.59190128948850        0.9999913808444770      
   3.7696458012414786E-011
    2.399999999999999       -0.9807621251897585        7.1467649224123492E-002 
   0.5618718606790969        -21.59841389561228        0.9999914093980021      
   5.7271664656707145E-011
    2.399999999999999       -0.7852206884089804        7.0270135999149455E-002 
   0.5663533120153004        -21.60549276192341        0.9999914468473665      
   8.4246507449127820E-011
    2.399999999999999       -0.5899798146396622        6.8964257466820611E-002 
   0.5707431946311075        -21.61311264807394        0.9999914925263090      
   1.2002627593894807E-010
    2.399999999999999       -0.3949396713377247        6.7559334780255734E-002 
   0.5750338274420660        -21.62124812063211        0.9999915460243870      
   1.6568764007647570E-010
    2.399999999999999       -0.2000000000000011        6.6062254257657188E-002 
   0.5792177944010704        -21.62987361358075        0.9999916070562679      
   2.2172570068759217E-010
    2.399999999999999       -5.0612032226220773E-003   6.4478975663914362E-002 
   0.5832879134932851        -21.63896346029838        0.9999916753876221      
   2.8782658221881810E-010
    2.399999999999999        0.1899728225015762        6.2815420074490799E-002 
   0.5872372893141414        -21.64849188500110        0.9999917507985050      
   3.6272176829042549E-010
    2.399999999999999        0.3851971143511089        6.1077905201443961E-002 
   0.5910594426576502        -21.65843317253686        0.9999918330681853      
   4.4417755495775018E-010
    2.399999999999999        0.5807063267879043        5.9273338671735606E-002 
   0.5947484565510726        -21.66876184755856        0.9999919219663274      
   5.2914532247444454E-010
    2.399999999999999        0.7765945422431204        5.7409266208437504E-002 
   0.5982991013428506        -21.67945282267777        0.9999920172488523      
   6.1406414108495241E-010
    2.399999999999999        0.9729550842390562        5.5493828827474362E-002 
   0.6017069433062086        -21.69048155318830        0.9999921186562418      
   6.9526910027618789E-010
    2.399999999999999         1.169880333731538        5.3535665873497271E-002 
   0.6049684343287960        -21.70182419638219        0.9999922259127563      
   7.6942940079551926E-010
    2.399999999999999         1.367461549433629        5.1543786620650775E-002 
   0.6080809781854730        -21.71345776683449        0.9999923387266187      
   8.3393059357687298E-010
    2.399999999999999         1.565788692852865        4.9527425201249975E-002 
   0.6110429708778976        -21.72536028222994        0.9999924567914270      
   8.8712890728848088E-010
    2.399999999999999         1.764950258740411        4.7495889226108992E-002 
   0.6138538142013463        -21.73751089643344        0.9999925797885371      
   9.2843807980974699E-010
    2.399999999999999         1.965033111612069        4.5458409920572290E-002 
   0.6165139031690212        -21.74989001669394        0.9999927073898587      
   9.5824983443486117E-010
    2.399999999999999         2.166122328958343        4.3423999928131021E-002 
   0.6190245891839107        -21.76247940145308        0.9999928392606657      
   9.7772538144251178E-010
    2.399999999999999         2.368301051714338        4.1401323609441716E-002 
   0.6213881218585700        -21.77526223573566        0.9999929750622802      
   9.8851713012441236E-010
    2.399999999999999         2.571650342510284        3.9398583456476156E-002 
   0.6236075731154909        -21.78822318235497        0.9999931144546174      
   9.9248324547932444E-010
    2.399999999999999         2.776249052171010        3.7423425077605266E-002 
   0.6256867476472188        -21.80134840831995        0.9999932570985746      
   9.9144531585420651E-010
    2.399999999999999         2.982173694877646        3.5482862097248463E-002 
   0.6276300839833293        -21.81462558677508        0.9999934026583098      
   9.8701809402892559E-010
    2.399999999999999         3.189498332348288        3.3583221291804022E-002 
   0.6294425503241615        -21.82804387581195        0.9999935508034119      
   9.8051796330871878E-010
    2.399999999999999         3.398294467336542        3.1730107394241563E-002 
   0.6311295390007583        -21.84159387643665        0.9999937012109560      
   9.7293955507494394E-010
    2.399999999999999         3.608630946688375        2.9928386275423956E-002 
   0.6326967629607889        -21.85526757252137        0.9999938535673749      
   9.6498061754742435E-010
    2.399999999999999         3.820573874139177        2.8182184667930130E-002 
   0.6341501571169689        -21.86905825571285        0.9999940075701048      
   9.5709347549039229E-010
    2.399999999999999         4.034186532974921        2.6494904238900014E-002 
   0.6354957867790986        -21.88296043830723        0.9999941629290204      
   9.4954491900959991E-010
    2.399999999999999         4.249529318623878        2.4869247629656796E-002 
   0.6367397647694677        -21.89696975717508        0.9999943193676751      
   9.4247224984048406E-010
    2.399999999999999         4.466659681189796        2.3307254039249634E-002 
   0.6378881782330659        -21.91108287182774        0.9999944766243485      
   9.3592913704625134E-010
    2.399999999999999         4.685632077883227        2.1810342008544804E-002 
   0.6389470256278147        -21.92529735953383        0.9999946344528904      
   9.2991951641593369E-010
    2.399999999999999         4.906497935255945        2.0379357230948449E-002 
   0.6399221639333166        -21.93961161005299        0.9999947926233551      
   9.2442058402584978E-010
    2.399999999999999         5.129305621094297        1.9014623445989903E-002 
   0.6408192657567959        -21.95402472215202        0.9999949509224043      
   9.1939719671492198E-010
    2.399999999999999         5.354100425780786        1.7715994736546847E-002 
   0.6416437857420149        -21.96853640367912        0.9999951091535032      
   9.1481019058149648E-010
    2.399999999999999         5.580924552890115        1.6482907827421060E-002 
   0.6424009354956430        -21.98314687660827        0.9999952671369166      
   9.1062076267044743E-010
    2.399999999999999         5.809817118746128        1.5314433255094431E-002 
   0.6430956661268568        -21.99785678814006        0.9999954247095181      
   9.0679250389857047E-010
    2.399999999999999         6.040814160629681        1.4209324533446210E-002 
   0.6437326574388347        -22.01266712863717        0.9999955817244167      
   9.0329214022845458E-010
    2.399999999999999         6.273948653295052        1.3166064670042523E-002 
   0.6443163128036938        -22.02757915683634        0.9999957380504180      
   9.0008962554140576E-010
    2.399999999999999         6.509250533423568        1.2182909587698632E-002 
   0.6448507587836523        -22.04259433242301        0.9999958935713397      
   8.9715794701612048E-010
    2.399999999999999         6.746746731618209        1.1257928174212690E-002 
   0.6453398486194840        -22.05771425578078        0.9999960481852307      
   8.9447282920785328E-010
    2.399999999999999         6.986461211521710        1.0389038819735618E-002 
   0.6457871687827028        -22.07294061461219        0.9999962018035555      
   8.9201242415788490E-010
    2.399999999999999         7.228415015623348        9.5740424086144648E-003 
   0.6461960478726541        -22.08827513713687        0.9999963543503897      
   8.8975702331288803E-010
    2.399999999999999         7.472626317305855        8.8106518144280659E-003 
   0.6465695672282101        -22.10371955161827        0.9999965057616390      
   8.8768880237931482E-010
    2.399999999999999         7.719110478673879        8.0965180072957339E-003 
   0.6469105727120945        -22.11927555195265        0.9999966559842774      
   8.8579159962914266E-010
    2.399999999999999         7.967880113698818        7.4292529250367025E-003 
   0.6472216872109811        -22.13494476893186        0.9999968049755765      
   8.8405072430935670E-010
    2.399999999999999         8.218945156211536        6.8064492872044330E-003 
   0.6475053234737571        -22.15072874664433        0.9999969527023251      
   8.8245279089122125E-010
    2.399999999999999         8.472312932274409        6.2256975457233186E-003 
   0.6477636969815380        -22.16662892343354        0.9999970991400509      
   8.8098557511071173E-010
    2.399999999999999         8.727988236466917        5.6846001706921320E-003 
   0.6479988386054494        -22.18264661687434        0.9999972442722396      
   8.7963788830397109E-010
    2.399999999999999         8.985973411624599        5.1807834677590221E-003 
   0.6482126068623038        -22.19878301224478        0.9999973880895732      
   8.7839946712084982E-010
    2.399999999999999         9.246268431579237        4.7119071163498156E-003 
   0.6484066996244205        -22.21503915397880        0.9999975305891903      
   8.7726087620515014E-010
    2.399999999999999         9.508870986458517        4.2756716072848717E-003 
   0.6485826651780400        -22.23141593965088        0.9999976717739778      
   8.7621342184454975E-010
    2.399999999999999         9.773776570115773        3.8698237458916090E-003 
   0.6487419125555969        -22.24791411615224        0.9999978116519062      
   8.7524907492780426E-010
    2.399999999999999         10.04097856927476        3.4921603761131040E-003 
   0.6488857210916714        -22.26453427776469        0.9999979502354022      
   8.7436040182387420E-010
    2.399999999999999         10.31046835399012        3.1405304798278787E-003 
   0.6490152491721939        -22.28127686581545        0.9999980875407618      
   8.7354050205130330E-010
    2.399999999999999         10.58223536904130        2.8128358333337831E-003 
   0.6491315421629793        -22.29814216958636        0.9999982235875908      
   8.7278295190178167E-010
    2.399999999999999         10.85626722589636        2.5070305131430267E-003 
   0.6492355395194191        -22.31513032819799        0.9999983583982932      
   8.7208175366512820E-010
    2.399999999999999         11.13254979490064        2.2211198732973950E-003 
   0.6493280811013947        -22.33224133323478        0.9999984919975898      
   8.7143129110370504E-010
    2.399999999999999         11.41106729736590        1.9531604918559633E-003 
   0.6494099127651076        -22.34947503192090        0.9999986244121195      
   8.7082629404039927E-010
    2.399999999999999         11.69180239725550        1.7012647015142723E-003 
   0.6494816914186621        -22.36683113067809        0.9999987556701236      
   8.7026181966279837E-010
    2.399999999999999         11.97473629218198        1.4636179780523851E-003 
   0.6495439899975515        -22.38430919874669        0.9999988858012884      
   8.6973326739914195E-010
    2.399999999999999         12.25984880345458        1.2385266184331471E-003 
   0.6495973034013149        -22.40190867142971        0.9999990148367174      
   8.6923645986570168E-010
    2.399999999999999         12.54711846493471        1.0245286404859263E-003 
   0.6496420575742561        -22.41962885298650        0.9999991428090289      
   8.6876784299466005E-010
    2.399999999999999         12.83652261047853        8.2062164703133986E-004 
   0.6496786258370446        -22.43746891963856        0.9999992697527698      
   8.6832487173743015E-010
    2.399999999999999         13.12803745976597        6.2667806732001358E-004 
   0.6497073592134055        -22.45542792207329        0.9999993957059877      
   8.6790661853712581E-010
    2.399999999999999         13.42163820233561        4.4410696646923986E-004 
   0.6497286399614589        -22.47350478611159        0.9999995207140979      
   8.6751450302841981E-010
    2.399999999999999         13.71729907966468        2.7674820554704895E-004 
   0.6497429675394526        -22.49169831221562        0.9999996448376651      
   8.6715270881852059E-010
    2.399999999999999         14.01499346515192        1.3183360609278591E-004 
   0.6497510804565932        -22.51000717314785        0.9999997681672816      
   8.6682728971899798E-010
    2.399999999999999         14.31469394187969        2.0679696331187901E-005 
   0.6497541038806960        -22.52842990849915        0.9999998908493701      
   8.6654229517443903E-010
    2.399999999999999         14.61637237804932       -4.1250257050523092E-005 
   0.6497536948623536        -22.54696491716776         1.000000013127735      
   8.6629082787009470E-010
    2.399999999999999         14.92000000000000       -4.1250257050523092E-005 
   0.6497545128990383        -22.56549992583637         1.000000135406101      
   8.6603936056575037E-010
    2.640000000000000        -4.227026579539560         0.000000000000000      
   0.5000000000000000        -23.93857772843794         1.000000000000000      
    0.000000000000000     
    2.640000000000000        -4.014206434341432        1.3777634841988694E-002 
   0.5005064405375084        -23.93857772843794        0.9999979617664916      
   8.2055439289821352E-016
    2.640000000000000        -3.803070304910810        2.6413641562344940E-002 
   0.5019710911772054        -23.93487393136460        0.9999961840777772      
   2.3325218034772223E-015
    2.640000000000000        -3.593549933081869        3.7474833878564637E-002 
   0.5042726718350041        -23.93199064609276        0.9999947927602155      
   5.6037126136788600E-015
    2.640000000000000        -3.385574045583126        4.6728554274952372E-002 
   0.5072735910802438        -23.92991163253901        0.9999937387291372      
   1.2732899441854470E-014
    2.640000000000000        -3.179068445902549        5.4111920350688639E-002 
   0.5108328411895193        -23.92862412693091        0.9999929653882079      
   2.7847171484845165E-014
    2.640000000000000        -2.973956117362914        5.9713826718216255E-002 
   0.5148161015333830        -23.92811399409308        0.9999924154295071      
   5.8811094170045124E-014
    2.640000000000000        -2.770157337224366        6.3733443716739141E-002 
   0.5191036719108142        -23.92836554740443        0.9999920360723842      
   1.2003766209330065E-013
    2.640000000000000        -2.567589801560878        6.6429625634256625E-002 
   0.5235950171746309        -23.92936144924964        0.9999917822510640      
   2.3687078898709593E-013
    2.640000000000000        -2.366168760586374        6.8074518249112786E-002 
   0.5282100169181807        -23.93108285478805        0.9999916179026400      
   4.5201025811519581E-013
    2.640000000000000        -2.165807164036497        6.8919475663944713E-002 
   0.5328876600087458        -23.93350971881345        0.9999915157642655      
   8.3428469266873796E-013
    2.640000000000000        -1.966415816142869        6.9175672907303698E-002 
   0.5375831846416090        -23.93662098336106        0.9999914562785601      
   1.4896443959107523E-012
    2.640000000000000        -1.767903539669862        6.9007568856297802E-002 
   0.5422646018825542        -23.94039477871450        0.9999914261047452      
   2.5734649472100655E-012
    2.640000000000000        -1.570177348419479        6.8535315813063866E-002 
   0.5469092984618770        -23.94480871015061        0.9999914165527263      
   4.3021288796265215E-012
    2.640000000000000        -1.373142627548817        6.7841993769623021E-002 
   0.5515011270289145        -23.94984006921652        0.9999914221778761      
   6.9605464601421276E-012
    2.640000000000000        -1.176703320987477        6.6982403637494595E-002 
   0.5560281444886785        -23.95546591561566        0.9999914396762393      
   1.0901153291925019E-011
    2.640000000000000       -0.9807621251897585        6.5991355135113797E-002 
   0.5604809902218968        -23.96166310734731        0.9999914670948743      
   1.6529536917093795E-011
    2.640000000000000       -0.7852206884089804        6.4890459177606663E-002 
   0.5648518070903741        -23.96840833947101        0.9999915032995986      
   2.4272813047309829E-011
    2.640000000000000       -0.5899798146396622        6.3693183180042356E-002 
   0.5691335788836701        -23.97567820025342        0.9999915476292710      
   3.4529625611070526E-011
    2.640000000000000       -0.3949396713377247        6.2408342571134826E-002 
   0.5733197638803760        -23.98344923131665        0.9999915996788208      
   4.7605121355480925E-011
    2.640000000000000       -0.2000000000000011        6.1042365348248306E-002 
   0.5774041214719137        -23.99169798106290        0.9999916591690180      
   6.3639655593643215E-011
    2.640000000000000       -5.0612032226220773E-003   5.9600685814593268E-002 
   0.5813806462493556        -24.00040102420387        0.9999917258725745      
   8.2544703043184826E-011
    2.640000000000000        0.1899728225015762        5.8088568184529454E-002 
   0.5852435838806557        -24.00953493667495        0.9999917995775400      
   1.0396167807820712E-010
    2.640000000000000        0.3851971143511089        5.6511516831524299E-002 
   0.5889875234345019        -24.01907643402119        0.9999918800720137      
   1.2725862002186987E-010
    2.640000000000000        0.5807063267879043        5.4875467390959061E-002 
   0.5926075083962450        -24.02900251522615        0.9999919671352280      
   1.5157199193778476E-010
    2.640000000000000        0.7765945422431204        5.3186848019298509E-002 
   0.5960991311240054        -24.03929057349825        0.9999920605332886      
   1.7589136481844012E-010
    2.640000000000000        0.9729550842390562        5.1452560279141933E-002 
   0.5994586162429648        -24.04991851141713        0.9999921600173204      
   1.9917413305486828E-010
    2.640000000000000         1.169880333731538        4.9679912741739295E-002 
   0.6026828915553841        -24.06086485997513        0.9999922653225068      
   2.2046914681098935E-010
    2.640000000000000         1.367461549433629        4.7876527142474021E-002 
   0.6057696427003052        -24.07210889462037        0.9999923761680924      
   2.3902530164902410E-010
    2.640000000000000         1.565788692852865        4.6050229452017463E-002 
   0.6087173493567910        -24.08363074457299        0.9999924922586358      
   2.5436472038967659E-010
    2.640000000000000         1.764950258740411        4.4208934160828404E-002 
   0.6115253020227147        -24.09541149364810        0.9999926132862454      
   2.6630907571878702E-010
    2.640000000000000         1.965033111612069        4.2360527834672299E-002 
   0.6141935994582021        -24.10743327070420        0.9999927389332364      
   2.7495893181839165E-010
    2.640000000000000         2.166122328958343        4.0512756649263904E-002 
   0.6167231277900890        -24.11967932704628        0.9999928688748049      
   2.8063620400743458E-010
    2.640000000000000         2.368301051714338        3.8673121647556985E-002 
   0.6191155230182646        -24.13213409824151        0.9999930027815858      
   2.8380613827187132E-010
    2.640000000000000         2.571650342510284        3.6848784639425591E-002 
   0.6213731192340720        -24.14478324869222        0.9999931403220823      
   2.8499642485208377E-010
    2.640000000000000         2.776249052171010        3.5046486884005593E-002 
   0.6234988852512520        -24.15761369811805        0.9999932811649690      
   2.8472780209306802E-010
    2.640000000000000         2.982173694877646        3.3272481939982917E-002 
   0.6254963525610802        -24.17061362974405        0.9999934249812964      
   2.8346464064467589E-010
    2.640000000000000         3.189498332348288        3.1532483353451046E-002 
   0.6273695375624377        -24.18377248077082        0.9999935714466210      
   2.8158772834269254E-010
    2.640000000000000         3.398294467336542        2.9831627202596772E-002 
   0.6291228609045322        -24.19708091648646        0.9999937202430402      
   2.7938653969795407E-010
    2.640000000000000         3.608630946688375        2.8174448958082795E-002 
   0.6307610665446801        -24.21053078982913        0.9999938710610552      
   2.7706551372322132E-010
    2.640000000000000         3.820573874139177        2.6564873664955743E-002 
   0.6322891427981526        -24.22411508832292        0.9999940236012358      
   2.7475823975064781E-010
    2.640000000000000         4.034186532974921        2.5006218114243216E-002 
   0.6337122472727394        -24.23782787038501        0.9999941775756827      
   2.7254434843488258E-010
    2.640000000000000         4.249529318623878        2.3501203449114185E-002 
   0.6350356371679080        -24.25166419316780        0.9999943327093141      
   2.7046552783095044E-010
    2.640000000000000         4.466659681189796        2.2051976533150046E-002 
   0.6362646060059985        -24.26562003423404        0.9999944887409663      
   2.6853875907330226E-010
    2.640000000000000         4.685632077883227        2.0660138383212744E-002 
   0.6374044274744264        -24.27969220932735        0.9999946454243107      
   2.6676618736717586E-010
    2.640000000000000         4.906497935255945        1.9326778019764207E-002 
   0.6384603067097814        -24.29387828830583        0.9999948025285502      
   2.6514187409181323E-010
    2.640000000000000         5.129305621094297        1.8052510195286101E-002 
   0.6394373390567452        -24.30817651104931        0.9999949598388993      
   2.6365606259429051E-010
    2.640000000000000         5.354100425780786        1.6837515609111835E-002 
   0.6403404760914947        -24.32258570488693        0.9999951171568424      
   2.6229766671409029E-010
    2.640000000000000         5.580924552890115        1.5681582388612347E-002 
   0.6411744985113156        -24.33710520482666        0.9999952743001804      
   2.6105559818715916E-010
    2.640000000000000         5.809817118746128        1.4584147798710468E-002 
   0.6419439953568133        -24.35173477761142        0.9999954311028856      
   2.5991939478603941E-010
    2.640000000000000         6.040814160629681        1.3544339323302269E-002 
   0.6426533489453722        -24.36647455036463        0.9999955874147739      
   2.5887945988703222E-010
    2.640000000000000         6.273948653295052        1.2561014435093568E-002 
   0.6433067248479329        -24.38132494432278        0.9999957431010283      
   2.5792710447919254E-010
    2.640000000000000         6.509250533423568        1.1632798528732537E-002 
   0.6439080662283692        -24.39628661391495        0.9999958980416083      
   2.5705449980306152E-010
    2.640000000000000         6.746746731618209        1.0758120632349349E-002 
   0.6444610918781580        -24.41136039128954        0.9999960521305841      
   2.5625459707495937E-010
    2.640000000000000         6.986461211521710        9.9352466332381581E-003 
   0.6449692973117338        -24.42654723630869        0.9999962052754419      
   2.5552104115566850E-010
    2.640000000000000         7.228415015623348        9.1623098546870022E-003 
   0.6454359583340352        -24.44184819199198        0.9999963573963701      
   2.5484808942301746E-010
    2.640000000000000         7.472626317305855        8.4373389040216431E-003 
   0.6458641365465824        -24.45726434533122        0.9999965084255393      
   2.5423053955433467E-010
    2.640000000000000         7.719110478673879        7.7582827783986789E-003 
   0.6462566863179635        -24.47279679328802        0.9999966583063554      
   2.5366366661904761E-010
    2.640000000000000         7.967880113698818        7.1230332663538252E-003 
   0.6466162628054479        -24.48844661364993        0.9999968069926956      
   2.5314316864003538E-010
    2.640000000000000         8.218945156211536        6.5294447211176705E-003 
   0.6469453306735022        -24.50421484033907        0.9999969544481252      
   2.5266511945597468E-010
    2.640000000000000         8.472312932274409        5.9753513081891871E-003 
   0.6472461732102771        -24.52010244275647        0.9999971006451195      
   2.5222592775004400E-010
    2.640000000000000         8.727988236466917        5.4585818469081475E-003 
   0.6475209015937655        -24.53611030874576        0.9999972455642757      
   2.5182230125643320E-010
    2.640000000000000         8.985973411624599        4.9769723757405963E-003 
   0.6477714641048198        -24.55223923073687        0.9999973891935594      
   2.5145121531699942E-010
    2.640000000000000         9.246268431579237        4.5283765749759000E-003 
   0.6479996551240136        -24.56848989465228        0.9999975315275630      
   2.5110988510307930E-010
    2.640000000000000         9.508870986458517        4.1106741799386282E-003 
   0.6482071237832884        -24.58486287123666        0.9999976725668063      
   2.5079574093517509E-010
    2.640000000000000         9.773776570115773        3.7217775146550528E-003 
   0.6483953821717601        -24.60135860953721        0.9999978123170687      
   2.5050640622854804E-010
    2.640000000000000         10.04097856927476        3.3596362734257534E-003 
   0.6485658130186731        -24.61797743225216        0.9999979507887574      
   2.5023967767191700E-010
    2.640000000000000         10.31046835399012        3.0222406829081435E-003 
   0.6487196767960850        -24.63471953261523        0.9999980879963088      
   2.4999350731954005E-010
    2.640000000000000         10.58223536904130        2.7076232090105664E-003 
   0.6488581182007941        -24.65158497249469        0.9999982239576263      
   2.4976598636350111E-010
    2.640000000000000         10.85626722589636        2.4138590826453328E-003 
   0.6489821719922275        -24.66857368146078        0.9999983586935585      
   2.4955533049692068E-010
    2.640000000000000         11.13254979490064        2.1390662381637589E-003 
   0.6490927681888012        -24.68568545661452        0.9999984922274171      
   2.4935986707906380E-010
    2.640000000000000         11.41106729736590        1.8814061004259557E-003 
   0.6491907366811660        -24.70291996298998        0.9999986245845699      
   2.4917802497874730E-010
    2.640000000000000         11.69180239725550        1.6390886894645630E-003 
   0.6492768114550262        -24.72027673434019        0.9999987557921202      
   2.4900832939198488E-010
    2.640000000000000         11.97473629218198        1.4103899847507173E-003 
   0.6493516349295345        -24.73775517396010        0.9999988858787330      
   2.4884940669153742E-010
    2.640000000000000         12.25984880345458        1.1936982904813737E-003 
   0.6494157635989499        -24.75535455507830        0.9999990148746117      
   2.4870000901130020E-010
    2.640000000000000         12.54711846493471        9.8762125714356138E-004 
   0.6494696775022405        -24.77307402084030        0.9999991428115782      
   2.4855907433379213E-010
    2.640000000000000         12.83652261047853        7.9120529380504877E-004 
   0.6495137983217836        -24.79091258436323        0.9999992697234713      
   2.4842584161393987E-010
    2.640000000000000         13.12803745976597        6.0433533957258631E-004 
   0.6495485240945102        -24.80886912823331        0.9999993956477138      
   2.4830003141645792E-010
    2.640000000000000         13.42163820233561        4.2837259881640710E-004 
   0.6495742916485807        -24.82694240206999        0.9999995206291611      
   2.4818206077367432E-010
    2.640000000000000         13.71729907966468        2.6701789524083603E-004 
   0.6495916783863358        -24.84513101884606        0.9999996447278784      
   2.4807316180550182E-010
    2.640000000000000         14.01499346515192        1.2724355440454051E-004 
   0.6496015490208850        -24.86343344921378        0.9999997680339962      
   2.4797510734333843E-010
    2.640000000000000         14.31469394187969        1.9973160484257892E-005 
   0.6496052378409224        -24.88184801244238        0.9999998906935021      
   2.4788905281630774E-010
    2.640000000000000         14.61637237804932       -3.9838236851321495E-005 
   0.6496047366497505        -24.90037286499062         1.000000012949764      
   2.4781289815278527E-010
    2.640000000000000         14.92000000000000       -3.9838236851321495E-005 
   0.6496057390320943        -24.91889771753887         1.000000135206026      
   2.4773674348926281E-010
    2.880000000000000        -4.227026579539560         0.000000000000000      
   0.5000000000000000        -26.30287294525087         1.000000000000000      
    0.000000000000000     
    2.880000000000000        -4.014206434341432        1.2646890220691983E-002 
   0.5004946604163099        -26.30287294525087        0.9999979784385769      
   2.4243732169922916E-016
    2.880000000000000        -3.803070304910810        2.4254802542730651E-002 
   0.5019262195691009        -26.29924151908254        0.9999962146015116      
   6.8702693762200740E-016
    2.880000000000000        -3.593549933081869        3.4422562769827955E-002 
   0.5041777337754286        -26.29639819818004        0.9999948333105109      
   1.6441674120321549E-015
    2.880000000000000        -3.385574045583126        4.2932973262106572E-002 
   0.5071154629087147        -26.29432789378355        0.9999937862274156      
   3.7209260695265535E-015
    2.880000000000000        -3.179068445902549        4.9725470488932055E-002 
   0.5106015816254705        -26.29301892423534        0.9999930174810504      
   8.1056414053156117E-015
    2.880000000000000        -2.973956117362914        5.4879809494517054E-002 
   0.5145042743625394        -26.29245820846192        0.9999924703973070      
   1.7053207625532108E-014
    2.880000000000000        -2.770157337224366        5.8577948659296407E-002 
   0.5187057241097316        -26.29263108992582        0.9999920927053941      
   3.4679383050401744E-014
    2.880000000000000        -2.567589801560878        6.1057435890381200E-002 
   0.5231067593909209        -26.29352124477042        0.9999918397219081      
   6.8193405617925536E-014
    2.880000000000000        -2.366168760586374        6.2568580273953622E-002 
   0.5276282295456295        -26.29511083873132        0.9999916756537340      
   1.2969668811014589E-013
    2.880000000000000        -2.165807164036497        6.3342925976753436E-002 
   0.5322098267955272        -26.29738085052813        0.9999915734180665      
   2.3862726172829648E-013
    2.880000000000000        -1.966415816142869        6.3575262861865003E-002 
   0.5368073404728119        -26.30031127465232        0.9999915135721472      
   4.2480745399930005E-013
    2.880000000000000        -1.767903539669862        6.3417494566823468E-002 
   0.5413892729024260        -26.30388133873788        0.9999914828457028      
   7.3183540118526875E-013
    2.880000000000000        -1.570177348419479        6.2980775056847446E-002 
   0.5459335100289466        -26.30806980814868        0.9999914725907644      
   1.2202521566082843E-012
    2.880000000000000        -1.373142627548817        6.2342114693939320E-002 
   0.5504244562558197        -26.31285521286170        0.9999914773870974      
   1.9695606206491834E-012
    2.880000000000000        -1.176703320987477        6.1552441718645295E-002 
   0.5548507973971466        -26.31821594141103        0.9999914939446425      
   3.0778710929270079E-012
    2.880000000000000       -0.9807621251897585        6.0644211366931280E-002 
   0.5592038874403702        -26.32413028035512        0.9999915203187278      
   4.6578517968411715E-012
    2.880000000000000       -0.7852206884089804        5.9637645683169066E-002 
   0.5634766657381538        -26.33057645980503        0.9999915553808881      
   6.8279369311157909E-012
    2.880000000000000       -0.5899798146396622        5.8545378440727401E-002 
   0.5676629814772771        -26.33753271292632        0.9999915984748894      
   9.6985034586015393E-012
    2.880000000000000       -0.3949396713377247        5.7375663278825748E-002 
   0.5717572077092916        -26.34497733497243        0.9999916492006616      
   1.3353950556443107E-011
    2.880000000000000       -0.2000000000000011        5.6134454811955586E-002 
   0.5757540441093418        -26.35288873064523        0.9999917072845095      
   1.7833085138087078E-011
    2.880000000000000       -5.0612032226220773E-003   5.4826690674187502E-002 
   0.5796484248543272        -26.36124542401840        0.9999917725054177      
   2.3111494546569162E-011
    2.880000000000000        0.1899728225015762        5.3457051436990394E-002 
   0.5834355068464671        -26.37002602142769        0.9999918446584787      
   2.9090190010648561E-011
    2.880000000000000        0.3851971143511089        5.2030343838928531E-002 
   0.5871107338008856        -26.37920932554820        0.9999919235395106      
   3.5594610343237111E-011
    2.880000000000000        0.5807063267879043        5.0551685626965076E-002 
   0.5906699206427255        -26.38877445227102        0.9999920089360588      
   4.2385978761630543E-011
    2.880000000000000        0.7765945422431204        4.9026573945330831E-002 
   0.5941093245644675        -26.39870091328432        0.9999921006230466      
   4.9184441156028807E-011
    2.880000000000000        0.9729550842390562        4.7460882431047680E-002 
   0.5974257089082400        -26.40896870128114        0.9999921983607964      
   5.5700524005401649E-011
    2.880000000000000         1.169880333731538        4.5860816830720713E-002 
   0.6006163991530780        -26.41955837836219        0.9999923018939288      
   6.1669182879901316E-011
    2.880000000000000         1.367461549433629        4.4232846607240972E-002 
   0.6036793277877563        -26.43045116196073        0.9999924109512266      
   6.6879898612147282E-011
    2.880000000000000         1.565788692852865        4.2583623049416361E-002 
   0.6066130661290665        -26.44162900577661        0.9999925252467605      
   7.1197207600516394E-011
    2.880000000000000         1.764950258740411        4.0919890647485635E-002 
   0.6094168420930886        -26.45307467507668        0.9999926444820176      
   7.4568440280454913E-011
    2.880000000000000         1.965033111612069        3.9248396492990348E-002 
   0.6120905437055828        -26.46477181540985        0.9999927683484353      
   7.7018516688171637E-011
    2.880000000000000         2.166122328958343        3.7575801333560241E-002 
   0.6146347087990172        -26.47670501275478        0.9999928965299639      
   7.8634458693795263E-011
    2.880000000000000         2.368301051714338        3.5908595183034062E-002 
   0.6170505018922761        -26.48885984299848        0.9999930287055214      
   7.9544052331808798E-011
    2.880000000000000         2.571650342510284        3.4253019813564024E-002 
   0.6193396796841899        -26.50122290928011        0.9999931645513173      
   7.9893490871705205E-011
    2.880000000000000         2.776249052171010        3.2614999932340197E-002 
   0.6215045469150839        -26.51378186629974        0.9999933037430755      
   7.9827995242180062E-011
    2.880000000000000         2.982173694877646        3.1000084336315722E-002 
   0.6235479045598560        -26.52652543111763        0.9999934459581709      
   7.9477834042511510E-011
    2.880000000000000         3.189498332348288        2.9413397843447698E-002 
   0.6254729924113209        -26.53944338056998        0.9999935908777120      
   7.8950447950649147E-011
    2.880000000000000         3.398294467336542        2.7859604332297214E-002 
   0.6272834281021301        -26.55252653607442        0.9999937381885450      
   7.8328005058550863E-011
    2.880000000000000         3.608630946688375        2.6342880800369145E-002 
   0.6289831445134020        -26.56576673694716        0.9999938875851049      
   7.7668919425728553E-011
    2.880000000000000         3.820573874139177        2.4866901989879397E-002 
   0.6305763273458362        -26.57915680341903        0.9999940387710843      
   7.7011658404592004E-011
    2.880000000000000         4.034186532974921        2.3434834837357199E-002 
   0.6320673544021032        -26.59269049060772        0.9999941914609107      
   7.6379386207961135E-011
    2.880000000000000         4.249529318623878        2.2049341784679981E-002 
   0.6334607378667573        -26.60636243491103        0.9999943453810599      
   7.5784426301875330E-011
    2.880000000000000         4.466659681189796        2.0712591842773673E-002 
   0.6347610705919453        -26.62016809448886        0.9999945002711998      
   7.5231986427857354E-011
    2.880000000000000         4.685632077883227        1.9426278220049574E-002 
   0.6359729771217576        -26.63410368554797        0.9999946558851527      
   7.4722961140180759E-011
    2.880000000000000         4.906497935255945        1.8191641307469454E-002 
   0.6371010699287774        -26.64816611604187        0.9999948119916392      
   7.4255864934013161E-011
    2.880000000000000         5.129305621094297        1.7009495840810664E-002 
   0.6381499111024940        -26.66235291823141        0.9999949683748054      
   7.3828064062944191E-011
    2.880000000000000         5.354100425780786        1.5880261127433713E-002 
   0.6391239795268715        -26.67666218137120        0.9999951248345265      
   7.3436502039386196E-011
    2.880000000000000         5.580924552890115        1.4803993318932347E-002 
   0.6400276434168425        -26.69109248560269        0.9999952811865017      
   7.3078091285823625E-011
    2.880000000000000         5.809817118746128        1.3780418822626633E-002 
   0.6408651379516188        -26.70564283794806        0.9999954372621602      
   7.2749901865427708E-011
    2.880000000000000         6.040814160629681        1.2808968065334518E-002 
   0.6416405476451761        -26.72031261112197        0.9999955929084011      
   7.2449236311348589E-011
    2.880000000000000         6.273948653295052        1.1888808945053488E-002 
   0.6423577930282538        -26.73510148570971        0.9999957479872085      
   7.2173645827229531E-011
    2.880000000000000         6.509250533423568        1.1018879424544372E-002 
   0.6430206211777711        -26.75000939611288        0.9999959023751570      
   7.1920919475578630E-011
    2.880000000000000         6.746746731618209        1.0197918831438391E-002 
   0.6436325996142096        -26.76503648055000        0.9999960559628566      
   7.1689063032221408E-011
    2.880000000000000         6.986461211521710        9.4244975299720580E-003 
   0.6441971130907189        -26.78018303530730        0.9999962086543365      
   7.1476275549481421E-011
    2.880000000000000         7.228415015623348        8.6970447185503851E-003 
   0.6447173628152907        -26.79544947334864        0.9999963603663908      
   7.1280927070851933E-011
    2.880000000000000         7.472626317305855        8.0138741845116133E-003 
   0.6451963676755206        -26.81083628728589        0.9999965110278891      
   7.1101538685702085E-011
    2.880000000000000         7.719110478673879        7.3732079127686295E-003 
   0.6456369670708109        -26.82634401659296        0.9999966605790463      
   7.0936765110241568E-011
    2.880000000000000         7.967880113698818        6.7731974987390985E-003 
   0.6460418249961479        -26.84197321885097        0.9999968089706648      
   7.0785379594005116E-011
    2.880000000000000         8.218945156211536        6.2119433589445817E-003 
   0.6464134350621911        -26.85772444476328        0.9999969561633610      
   7.0646260840878138E-011
    2.880000000000000         8.472312932274409        5.6875117661627887E-003 
   0.6467541261765615        -26.87359821665267        0.9999971021267873      
   7.0518381634419026E-011
    2.880000000000000         8.727988236466917        5.1979497613996823E-003 
   0.6470660686497043        -26.88959501011299        0.9999972468388597      
   7.0400798894464820E-011
    2.880000000000000         8.985973411624599        4.7412980132699378E-003 
   0.6473512805243824        -26.90571523847571        0.9999973902850032      
   7.0292644935518537E-011
    2.880000000000000         9.246268431579237        4.3156017075740008E-003 
   0.6476116339600102        -26.92195923978516        0.9999975324574243      
   7.0193119736726839E-011
    2.880000000000000         9.508870986458517        3.9189195573392536E-003 
   0.6478488615314031        -26.93832726603486        0.9999976733544175      
   7.0101484065926966E-011
    2.880000000000000         9.773776570115773        3.5493310280554219E-003 
   0.6480645623261632        -26.95481947443382        0.9999978129796920      
   7.0017053326788008E-011
    2.880000000000000         10.04097856927476        3.2049418770567491E-003 
   0.6482602077459344        -26.97143592042331        0.9999979513417370      
   6.9939192020202793E-011
    2.880000000000000         10.31046835399012        2.8838881164701988E-003 
   0.6484371469345902        -26.98817655212103        0.9999980884532194      
   6.9867308731675991E-011
    2.880000000000000         10.58223536904130        2.5843385439335998E-003 
   0.6485966117724439        -27.00504120590623        0.9999982243304154      
   6.9800851581219608E-011
    2.880000000000000         10.85626722589636        2.3044960935785699E-003 
   0.6487397213931414        -27.02202960294101        0.9999983589926857      
   6.9739304114054889E-011
    2.880000000000000         11.13254979490064        2.0425985672016794E-003 
   0.6488674862082491        -27.03914134644598        0.9999984924619957      
   6.9682181698156293E-011
    2.880000000000000         11.41106729736590        1.7969201092222055E-003 
   0.6489808114875237        -27.05637591953643        0.9999986247624939      
   6.9629028689108947E-011
    2.880000000000000         11.69180239725550        1.5657767255050263E-003 
   0.6490805006946199        -27.07373268341487        0.9999987559201874      
   6.9579417036395714E-011
    2.880000000000000         11.97473629218198        1.3475434062381309E-003 
   0.6491672591325494        -27.09121087555400        0.9999988859627588      
   6.9532947806676078E-011
    2.880000000000000         12.25984880345458        1.1406987988813754E-003 
   0.6492416992263419        -27.10880960738404        0.9999990149195381      
   6.9489258440074609E-011
    2.880000000000000         12.54711846493471        9.4392760787977246E-004 
   0.6493043502929400        -27.12652786150833        0.9999991428215714      
   6.9448040288434283E-011
    2.880000000000000         12.83652261047853        7.5633010503224824E-004 
   0.6493556782604011        -27.14436448894856        0.9999992697020085      
   6.9409072013581921E-011
    2.880000000000000         13.12803745976597        5.7780379259366442E-004 
   0.6493961245002005        -27.16231820578071        0.9999993955976546      
   6.9372271687941702E-011
    2.880000000000000         13.42163820233561        4.0965274677837654E-004 
   0.6494261767016436        -27.18038758774942        0.9999995205528157      
   6.9337758204450782E-011
    2.880000000000000         13.71729907966468        2.5541401312819355E-004 
   0.6494464856958924        -27.19857106355499        0.9999996446270583      
   6.9305883864789891E-011
    2.880000000000000         14.01499346515192        1.2175288557123587E-004 
   0.6494580359122626        -27.21686690600318        0.9999997679100547      
   6.9277152367070382E-011
    2.880000000000000         14.31469394187969        1.9122893857954255E-005 
   0.6494623607474124        -27.23527321950530        0.9999998905473559      
   6.9251882278049623E-011
    2.880000000000000         14.61637237804932       -3.8140020094909119E-005 
   0.6494617714111518        -27.25378792488385         1.000000012781892      
   6.9229451337197413E-011
    2.880000000000000         14.92000000000000       -3.8140020094909119E-005 
   0.6494629500836728        -27.27230263026239         1.000000135016428      
   6.9207020396345204E-011
    3.120000000000000        -4.227026579539560         0.000000000000000      
   0.5000000000000000        -28.66619808532830         1.000000000000000      
    0.000000000000000     
    3.120000000000000        -4.014206434341432        1.1541793260020744E-002 
   0.5004837638458631        -28.66619808532830        0.9999979937356186      
   6.9991445700465198E-017
    3.120000000000000        -3.803070304910810        2.2142796480018739E-002 
   0.5018846635061658        -28.66263440944329        0.9999962426111052      
   1.9773054382117619E-016
    3.120000000000000        -3.593549933081869        3.1434025281556748E-002 
   0.5040897041327339        -28.65982957075067        0.9999948705257790      
   4.7137377162200010E-016
    3.120000000000000        -3.385574045583126        3.9214301798252034E-002 
   0.5069687149236193        -28.65776945974896        0.9999938298240422      
   1.0624810475544601E-015
    3.120000000000000        -3.179068445902549        4.5426034531036677E-002 
   0.5103868738217159        -28.65644333756311        0.9999930652983013      
   2.3053579332471109E-015
    3.120000000000000        -2.973956117362914        5.0140499368755601E-002 
   0.5142147743340950        -28.65583906310279        0.9999925208550194      
   4.8316690300858794E-015
    3.120000000000000        -2.770157337224366        5.3523040070085494E-002 
   0.5183364470335341        -28.65594291654820        0.9999921446910071      
   9.7897197961293736E-015
    3.120000000000000        -2.567589801560878        5.5790385699498138E-002 
   0.5226540861717124        -28.65673951110345        0.9999918924740229      
   1.9183152909405889E-014
    3.120000000000000        -2.366168760586374        5.7171365631259699E-002 
   0.5270895301557645        -28.65821195865096        0.9999917286591020      
   3.6362893810068982E-014
    3.120000000000000        -2.165807164036497        5.7877941802083194E-002 
   0.5315831944263132        -28.66034220480734        0.9999916263293706      
   6.6692539369314833E-014
    3.120000000000000        -1.966415816142869        5.8088633612749685E-002 
   0.5360914272726410        -28.66311124208400        0.9999915661479692      
   1.1837377105633218E-013
    3.120000000000000        -1.767903539669862        5.7942815123367200E-002 
   0.5405832094251737        -28.66649933831460        0.9999915349099349      
   2.0335954037052513E-013
    3.120000000000000        -1.570177348419479        5.7542604455728882E-002 
   0.5450368873270883        -28.67048635328166        0.9999915240064524      
   3.3819985286726950E-013
    3.120000000000000        -1.373142627548817        5.6958865773742803E-002 
   0.5494373501933467        -28.67505197576502        0.9999915280401281      
   5.4457047042849672E-013
    3.120000000000000        -1.176703320987477        5.6238559567220417E-002 
   0.5537738174732978        -28.68017582491985        0.9999915437340806      
   8.4915589865202694E-013
    3.120000000000000       -0.9807621251897585        5.5411689510085321E-002 
   0.5580382358655069        -28.68583749524843        0.9999915691515959      
   1.2825347040954355E-012
    3.120000000000000       -0.7852206884089804        5.4497002408059679E-002 
   0.5622241958809191        -28.69201660588939        0.9999916031697303      
   1.8767910192246988E-012
    3.120000000000000       -0.5899798146396622        5.3506232157526708E-002 
   0.5663262477268675        -28.69869286153625        0.9999916451369224      
   2.6617803477444750E-012
    3.120000000000000       -0.3949396713377247        5.2447031153878339E-002 
   0.5703395011717739        -28.70584610977706        0.9999916946577484      
   3.6603041134116637E-012
    3.120000000000000       -0.2000000000000011        5.1324872243045452E-002 
   0.5742594105254819        -28.71345638329204        0.9999917514635511      
   4.8828376585902772E-012
    3.120000000000000       -5.0612032226220773E-003   5.0144221324302060E-002 
   0.5780816628290464        -28.72150390235522        0.9999918153389289      
   6.3227944014728036E-012
    3.120000000000000        0.1899728225015762        4.8909234067354916E-002 
   0.5818021451683016        -28.72996902898367        0.9999918860851947      
   7.9534676701684137E-012
    3.120000000000000        0.3851971143511089        4.7624110700538624E-002 
   0.5854169872449526        -28.73883236202073        0.9999919635049266      
   9.7277424708384848E-012
    3.120000000000000        0.5807063267879043        4.6293271605395592E-002 
   0.5889226254074136        -28.74807483328500        0.9999920473929046      
   1.1581111904083197E-011
    3.120000000000000        0.7765945422431204        4.4921428511138950E-002 
   0.5923158557166848        -28.75767776871966        0.9999921375316959      
   1.3437854846069595E-011
    3.120000000000000        0.9729550842390562        4.3513592371170237E-002 
   0.5955938826378788        -28.76762295081956        0.9999922336895825      
   1.5219463693181932E-011
    3.120000000000000         1.169880333731538        4.2075044772026268E-002 
   0.5987543631328938        -28.77789268360230        0.9999923356193500      
   1.6853803437952775E-011
    3.120000000000000         1.367461549433629        4.0611288330866788E-002 
   0.6017954433447917        -28.78846985531137        0.9999924430580454      
   1.8283256964448188E-011
    3.120000000000000         1.565788692852865        3.9127985117793807E-002 
   0.6047157861565982        -28.79933799721229        0.9999925557280070      
   1.9470345923256662E-011
    3.120000000000000         1.764950258740411        3.7630888695480466E-002 
   0.6075145886605073        -28.81048133866648        0.9999926733388954      
   2.0399941190664695E-011
    3.120000000000000         1.965033111612069        3.6125773563451272E-002 
   0.6101915891627377        -28.82188485823372        0.9999927955901383      
   2.1077991799975389E-011
    3.120000000000000         2.166122328958343        3.4618364828125796E-002 
   0.6127470638388202        -28.83353432936693        0.9999929221733980      
   2.1527455618733324E-011
    3.120000000000000         2.368301051714338        3.3114270347045199E-002 
   0.6151818135592528        -28.84541635897647        0.9999930527749301      
   2.1782601657912282E-011
    3.120000000000000         2.571650342510284        3.1618917186217066E-002 
   0.6174971417340674        -28.85751841761388        0.9999931870778266      
   2.1882977161444991E-011
    3.120000000000000         2.776249052171010        3.0137493875297315E-002 
   0.6196948242831906        -28.86982886042040        0.9999933247641556      
   2.1868125056981740E-011
    3.120000000000000         2.982173694877646        2.8674899604016139E-002 
   0.6217770730266574        -28.88233693825417        0.9999934655170393      
   2.1773725134985001E-011
    3.120000000000000         3.189498332348288        2.7235701165311547E-002 
   0.6237464939016008        -28.89503279887542        0.9999936090226894      
   2.1629373324731018E-011
    3.120000000000000         3.398294467336542        2.5824098121428288E-002 
   0.6256060414542131        -28.90790747860123        0.9999937549723764      
   2.1457838135642794E-011
    3.120000000000000         3.608630946688375        2.4443896359432660E-002 
   0.6273589710327343        -28.92095288510314        0.9999939030642638      
   2.1275410842299005E-011
    3.120000000000000         3.820573874139177        2.3098489923154022E-002 
   0.6290087900307610        -28.93416177202632        0.9999940530050653      
   2.1092901071744747E-011
    3.120000000000000         4.034186532974921        2.1790850768291528E-002 
   0.6305592094075426        -28.94752770615630        0.9999942045115331      
   2.0916882216006840E-011
    3.120000000000000         4.249529318623878        2.0523525891992783E-002 
   0.6320140965545584        -28.96104502807418        0.9999943573117809      
   2.0750904741661951E-011
    3.120000000000000         4.466659681189796        1.9298641140032737E-002 
   0.6333774303990426        -28.97470880747174        0.9999945111464558      
   2.0596519330263000E-011
    3.120000000000000         4.685632077883227        1.8117910893200688E-002 
   0.6346532594482958        -28.98851479438854        0.9999946657697260      
   2.0454053412846139E-011
    3.120000000000000         4.906497935255945        1.6982652776627815E-002 
   0.6358456632938921        -29.00245936758063        0.9999948209500612      
   2.0323151266646421E-011
    3.120000000000000         5.129305621094297        1.5893806516635779E-002 
   0.6369587179199077        -29.01653948112382        0.9999949764707965      
   2.0203121090152962E-011
    3.120000000000000         5.354100425780786        1.4851956083256523E-002 
   0.6379964649999375        -29.03075261023783        0.9999951321304781      
   2.0093141328356371E-011
    3.120000000000000         5.580924552890115        1.3857354296233287E-002 
   0.6389628852281521        -29.04509669720049        0.9999952877430129      
   1.9992373336256441E-011
    3.120000000000000         5.809817118746128        1.2909949131486799E-002 
   0.6398618756123979        -29.05957009811131        0.9999954431376413      
   1.9900016591024496E-011
    3.120000000000000         6.040814160629681        1.2009411037462874E-002 
   0.6406972305631859        -29.07417153116402        0.9999955981587506      
   1.9815331337860240E-011
    3.120000000000000         6.273948653295052        1.1155160650918046E-002 
   0.6414726265408781        -29.08890002699354        0.9999957526655819      
   1.9737644273663068E-011
    3.120000000000000         6.509250533423568        1.0346396384938047E-002 
   0.6421916099729286        -29.10375488156129        0.9999959065318204      
   1.9666346281947781E-011
    3.120000000000000         6.746746731618209        9.5821214446213492E-003 
   0.6428575881213996        -29.11873561194202        0.9999960596451141      
   1.9600887024221548E-011
    3.120000000000000         6.986461211521710        8.8611699051631340E-003 
   0.6434738225653887        -29.13384191527298        0.9999962119065140      
   1.9540768735113247E-011
    3.120000000000000         7.228415015623348        8.1822315610357438E-003 
   0.6440434249607168        -29.14907363102705        0.9999963632298570      
   1.9485540245547737E-011
    3.120000000000000         7.472626317305855        7.5438753221511359E-003 
   0.6445693547474800        -29.16443070666787        0.9999965135410969      
   1.9434791602322214E-011
    3.120000000000000         7.719110478673879        6.9445709925053650E-003 
   0.6450544184922056        -29.17991316665503        0.9999966627775962      
   1.9388149356374551E-011
    3.120000000000000         7.967880113698818        6.3827093184275381E-003 
   0.6455012705728499        -29.19552108470061        0.9999968108873785      
   1.9345272474865637E-011
    3.120000000000000         8.218945156211536        5.8566202374069204E-003 
   0.6459124149396931        -29.21125455912821        0.9999969578283722      
   1.9305848796569004E-011
    3.120000000000000         8.472312932274409        5.3645892950114982E-003 
   0.6462902077116583        -29.22711369113658        0.9999971035676415      
   1.9269591947768813E-011
    3.120000000000000         8.727988236466917        4.9048722271636432E-003 
   0.6466368603943049        -29.24309856573258        0.9999972480806263      
   1.9236238644977044E-011
    3.120000000000000         8.985973411624599        4.4757077284717384E-003 
   0.6469544435315129        -29.25920923510016        0.9999973913504010      
   1.9205546322239838E-011
    3.120000000000000         9.246268431579237        4.0753284452425750E-003 
   0.6472448906269974        -29.27544570419926        0.9999975333669578      
   1.9177291031378756E-011
    3.120000000000000         9.508870986458517        3.7019702452399331E-003 
   0.6475100021939200        -29.29180791840626        0.9999976741265150      
   1.9151265572376239E-011
    3.120000000000000         9.773776570115773        3.3538798265102055E-003 
   0.6477514498106960        -29.30829575298804        0.9999978136308449      
   1.9127277818348415E-011
    3.120000000000000         10.04097856927476        3.0293207369559748E-003 
   0.6479707800783079        -29.32490900414832        0.9999979518866323      
   1.9105149205601587E-011
    3.120000000000000         10.31046835399012        2.7265778909108082E-003 
   0.6481694183893754        -29.34164738135690        0.9999980889048713      
   1.9084713364946988E-011
    3.120000000000000         10.58223536904130        2.4439607058754738E-003 
   0.6483486724334082        -29.35851050072533        0.9999982247003020      
   1.9065814877377621E-011
    3.120000000000000         10.85626722589636        2.1798050882595038E-003 
   0.6485097353797531        -29.37549787926445        0.9999983592908813      
   1.9048308149056422E-011
    3.120000000000000         11.13254979490064        1.9324747898583478E-003 
   0.6486536887097338        -29.39260892985632        0.9999984926972948      
   1.9032056425555912E-011
    3.120000000000000         11.41106729736590        1.7003634169317637E-003 
   0.6487815047383754        -29.40984295674103        0.9999986249425385      
   1.9016931020628267E-011
    3.120000000000000         11.69180239725550        1.4819002019460876E-003 
   0.6488940490337134        -29.42719915130635        0.9999987560515743      
   1.9002810952139727E-011
    3.120000000000000         11.97473629218198        1.2755666692727376E-003 
   0.6489920833347131        -29.44467658780447        0.9999988860511457      
   1.8989583404158314E-011
    3.120000000000000         12.25984880345458        1.0799392462279714E-003 
   0.6490762704279366        -29.46227421849911        0.9999990149697457      
   1.8977145810439658E-011
    3.120000000000000         12.54711846493471        8.9378632632295014E-004 
   0.6491471841407537        -29.47999086827509        0.9999991428376727      
   1.8965410835658532E-011
    3.120000000000000         12.83652261047853        7.1626649341093864E-004 
   0.6492053305379113        -29.49782522923410        0.9999992696874099      
   1.8954315801927092E-011
    3.120000000000000         13.12803745976597        5.4728956438100109E-004 
   0.6492511906012860        -29.51577585463363        0.9999993955551633      
   1.8943837302508108E-011
    3.120000000000000         13.42163820233561        3.8809343284730075E-004 
   0.6492852990398603        -29.53384115072759        0.9999995204847050      
   1.8934008254437179E-011
    3.120000000000000         13.71729907966468        2.4202764797416325E-004 
   0.6493083753041502        -29.55201936720800        0.9999996445351107      
   1.8924926538912855E-011
    3.120000000000000         14.01499346515192        1.1540510552666302E-004 
   0.6493215164620841        -29.57030858537415        0.9999997677956045      
   1.8916731112634771E-011
    3.120000000000000         14.31469394187969        1.8135766147947556E-005 
   0.6493264439092636        -29.58870670239522        0.9999998904113058      
   1.8909506847437094E-011
    3.120000000000000         14.61637237804932       -3.6169294828681697E-005 
   0.6493257710227094        -29.60721141252926         1.000000012624714      
   1.8903074142613122E-011
    3.120000000000000         14.92000000000000       -3.6169294828681697E-005 
   0.6493271167958180        -29.62571612266329         1.000000134838122      
   1.8896641437789149E-011
    3.359999999999999        -4.227026579539560         0.000000000000000      
   0.5000000000000000        -31.02859074456396         1.000000000000000      
    0.000000000000000     
    3.359999999999999        -4.014206434341432        1.0460315853850984E-002 
   0.5004737770615639        -31.02859074456396        0.9999980076769099      
   1.9758912156608396E-017
    3.359999999999999        -3.803070304910810        2.0074020002133090E-002 
   0.5018465391518238        -31.02508978500536        0.9999962681417323      
   5.5647532743483905E-017
    3.359999999999999        -3.593549933081869        2.8504407290298038E-002 
   0.5040088638492808        -31.02232138480266        0.9999949044525394      
   1.3214642860807805E-016
    3.359999999999999        -3.385574045583126        3.5566771934031023E-002 
   0.5068338577991011        -31.02027227069062        0.9999938695734631      
   2.9666098778753471E-016
    3.359999999999999        -3.179068445902549        4.1207052455772109E-002 
   0.5101894967699266        -31.01893252881607        0.9999931089000870      
   6.4114741061400116E-016
    3.359999999999999        -2.973956117362914        4.5488629768199715E-002 
   0.5139486508504911        -31.01829085724901        0.9999925668671018      
   1.3386208391085102E-015
    3.359999999999999        -2.770157337224366        4.8560776089317970E-002 
   0.5179971221514075        -31.01833438461193        0.9999921920972290      
   2.7023424940748732E-015
    3.359999999999999        -2.567589801560878        5.0619856985308617E-002 
   0.5222384334689145        -31.01904858208654        0.9999919405784897      
   5.2768120570412283E-015
    3.359999999999999        -2.366168760586374        5.1873566802116217E-002 
   0.5265953972729052        -31.02041743470987        0.9999917769925523      
   9.9693161227311192E-015
    3.359999999999999        -2.165807164036497        5.2514517044453493E-002 
   0.5310091449945067        -31.02242378487026        0.9999916745743533      
   1.8227009632026961E-014
    3.359999999999999        -1.966415816142869        5.2705087820411847E-002 
   0.5354365730316486        -31.02504955277054        0.9999916140841192      
   3.2255470603429337E-014
    3.359999999999999        -1.767903539669862        5.2572174195743282E-002 
   0.5398471178200235        -31.02827597243860        0.9999915823768840      
   5.5259067741368336E-014
    3.359999999999999        -1.570177348419479        5.2208850818114882E-002 
   0.5442195464558226        -31.03208391651798        0.9999915708799144      
   9.1661716492565019E-014
    3.359999999999999        -1.373142627548817        5.1679790940422694E-002 
   0.5485391732002424        -31.03645413984265        0.9999915742169923      
   1.4724204491030557E-013
    3.359999999999999        -1.176703320987477        5.1027923577024556E-002 
   0.5527956707406037        -31.04136738512142        0.9999915891235897      
   2.2909678821648590E-013
    3.359999999999999       -0.9807621251897585        5.0280732555079623E-002 
   0.5569814783945783        -31.04680443080004        0.9999916136705526      
   3.4534078788374200E-013
    3.359999999999999       -0.7852206884089804        4.9455427597295057E-002 
   0.5610907202881474        -31.05274614207845        0.9999916467402113      
   5.0447245303868814E-013
    3.359999999999999       -0.5899798146396622        4.8562795338876238E-002 
   0.5651185159227330        -31.05917353195532        0.9999916876854220      
   7.1438731872965523E-013
    3.359999999999999       -0.3949396713377247        4.7609859561026972E-002 
   0.5690605699254461        -31.06606781654309        0.9999917361150795      
   9.8110750365184611E-013
    3.359999999999999       -0.2000000000000011        4.6601607506601750E-002 
   0.5729129438538691        -31.07341045284618        0.9999917917651233      
   1.3073962121315972E-012
    3.359999999999999       -5.0612032226220773E-003   4.5542054885712030E-002 
   0.5766719296094165        -31.08118313548710        0.9999918544251936      
   1.6915138336634191E-012
    3.359999999999999        0.1899728225015762        4.4434879849234207E-002 
   0.5803340009087969        -31.08936774449177        0.9999919239021200      
   2.1264130799812281E-012
    3.359999999999999        0.3851971143511089        4.3283748313865542E-002 
   0.5838958393924338        -31.09794642538424        0.9999920000044101      
   2.5996583597368380E-012
    3.359999999999999        0.5807063267879043        4.2092478132356601E-002 
   0.5873543829966748        -31.10690166925493        0.9999920825331512      
   3.0942095434127324E-012
    3.359999999999999        0.7765945422431204        4.0865109937673588E-002 
   0.5907068651179685        -31.11621635751878        0.9999921712775472      
   3.5900349464039820E-012
    3.359999999999999        0.9729550842390562        3.9605921833271433E-002 
   0.5939508514273539        -31.12587380691699        0.9999922660127764      
   4.0663189394087857E-012
    3.359999999999999         1.169880333731538        3.8319412034478133E-002 
   0.5970842744642189        -31.13585781648497        0.9999923664986967      
   4.5038705206746328E-012
    3.359999999999999         1.367461549433629        3.7010263148155656E-002 
   0.6001054635106029        -31.14615271227913        0.9999924724795196      
   4.8872778531930296E-012
    3.359999999999999         1.565788692852865        3.5683295906086918E-002 
   0.6030131682130333        -31.15674338885629        0.9999925836847606      
   5.2064115278497086E-012
    3.359999999999999         1.764950258740411        3.4343417026426334E-002 
   0.6058065750407262        -31.16761534829991        0.9999926998311996      
   5.4570390620955630E-012
    3.359999999999999         1.965033111612069        3.2995564251356982E-002 
   0.6084853161286570        -31.17875473707738        0.9999928206252471      
   5.6405241998063572E-012
    3.359999999999999         2.166122328958343        3.1644650768850334E-002 
   0.6110494704230551        -31.19014837971602        0.9999929457653339      
   5.7627823842378125E-012
    3.359999999999999         2.368301051714338        3.0295510763565126E-002 
   0.6134995573475830        -31.20178380789442        0.9999930749441898      
   5.8327940338222711E-012
    3.359999999999999         2.571650342510284        2.8952847541952067E-002 
   0.6158365234544840        -31.21364928390864        0.9999932078510102      
   5.8610138223186368E-012
    3.359999999999999         2.776249052171010        2.7621185435440454E-002 
   0.6180617227265983        -31.22573381775298        0.9999933441735314      
   5.8579639356131138E-012
    3.359999999999999         2.982173694877646        2.6304826458413432E-002 
   0.6201768913540782        -31.23802717721196        0.9999934836000477      
   5.8331938987305536E-012
    3.359999999999999         3.189498332348288        2.5007812469969287E-002 
   0.6221841179201573        -31.25051989072072        0.9999936258214032      
   5.7946697715660561E-012
    3.359999999999999         3.398294467336542        2.3733893360076051E-002 
   0.6240858099935884        -31.26320324319542        0.9999937705329252      
   5.7485557545229625E-012
    3.359999999999999         3.608630946688375        2.2486501557538549E-002 
   0.6258846581454953        -31.27606926521863        0.9999939174362344      
   5.6992904988526960E-012
    3.359999999999999         3.820573874139177        2.1268732946846104E-002 
   0.6275835983891058        -31.28911071591563        0.9999940662408912      
   5.6498409190189105E-012
    3.359999999999999         4.034186532974921        2.0083334090528874E-002 
   0.6291857739854322        -31.30232105987080        0.9999942166658745      
   5.6020283253575504E-012
    3.359999999999999         4.249529318623878        1.8932695488706647E-002 
   0.6306944974722248        -31.31569443863592        0.9999943684409159      
   5.5568506307233491E-012
    3.359999999999999         4.466659681189796        1.7818850471692294E-002 
   0.6321132136661958        -31.32922563762136        0.9999945213076810      
   5.5147568468154605E-012
    3.359999999999999         4.685632077883227        1.6743479216517539E-002 
   0.6334454642686838        -31.34291004926492        0.9999946750207821      
   5.4758572503970714E-012
    3.359999999999999         4.906497935255945        1.5707917303940173E-002 
   0.6346948545799067        -31.35674363335406        0.9999948293485854      
   5.4400707669062711E-012
    3.359999999999999         5.129305621094297        1.4713168187220124E-002 
   0.6358650227024112        -31.37072287530593        0.9999949840738118      
   5.4072204728150835E-012
    3.359999999999999         5.354100425780786        1.3759918924897162E-002 
   0.6369596114951482        -31.38484474314414        0.9999951389939303      
   5.3770908859018852E-012
    3.359999999999999         5.580924552890115        1.2848558533364918E-002 
   0.6379822434298370        -31.39910664384864        0.9999952939213623      
   5.3494595936281440E-012
    3.359999999999999         5.809817118746128        1.1979198337202615E-002 
   0.6389364984038717        -31.41350637970454        0.9999954486835207      
   5.3241129980682248E-012
    3.359999999999999         6.040814160629681        1.1151693731879492E-002 
   0.6398258944808286        -31.42804210523326        0.9999956031226992      
   5.3008529703775815E-012
    3.359999999999999         6.273948653295052        1.0365666820649821E-002 
   0.6406538714615129        -31.44271228523571        0.9999957570958400      
   5.2794987164005527E-012
    3.359999999999999         6.509250533423568        9.6205294416383778E-003 
   0.6414237771354068        -31.45751565440407        0.9999959104741998      
   5.2598863623109780E-012
    3.359999999999999         6.746746731618209        8.9155061591389209E-003 
   0.6421388560234911        -31.47245117886668        0.9999960631429107      
   5.2418676117138153E-012
    3.359999999999999         6.986461211521710        8.2496568523604975E-003 
   0.6428022403972746        -31.48751801993748        0.9999962150004604      
   5.2253081425853519E-012
    3.359999999999999         7.228415015623348        7.6218985930960334E-003 
   0.6434169433438485        -31.50271550025807        0.9999963659581079      
   5.2100860409606311E-012
    3.359999999999999         7.472626317305855        7.0310265592980811E-003 
   0.6439858536411086        -31.51804307243917        0.9999965159392363      
   5.1960903820060887E-012
    3.359999999999999         7.719110478673879        6.4757337831431320E-003 
   0.6445117322091998        -31.53350029024637        0.9999966648786628      
   5.1832199838310975E-012
    3.359999999999999         7.967880113698818        5.9546295790154965E-003 
   0.6449972099119072        -31.54908678231395        0.9999968127219145      
   5.1713823248714460E-012
    3.359999999999999         8.218945156211536        5.4662565386171319E-003 
   0.6454447864935976        -31.56480222831695        0.9999969594244827      
   5.1604926045950730E-012
    3.359999999999999         8.472312932274409        5.0091060168962215E-003 
   0.6458568304519210        -31.58064633748259        0.9999971049510750      
   5.1504729259547882E-012
    3.359999999999999         8.727988236466917        4.5816320636618123E-003 
   0.6462355796625381        -31.59661882930085        0.9999972492748674      
   5.1412515801404774E-012
    3.359999999999999         8.985973411624599        4.1822637818019395E-003 
   0.6465831425886279        -31.61271941629371        0.9999973923767821      
   5.1327624171211113E-012
    3.359999999999999         9.246268431579237        3.8094161144535360E-003 
   0.6469014999242502        -31.62894778870547        0.9999975342447729      
   5.1249442882458599E-012
    3.359999999999999         9.508870986458517        3.4614990808410359E-003 
   0.6471925065362928        -31.64530360096187        0.9999976748731401      
   5.1177405495252479E-012
    3.359999999999999         9.773776570115773        3.1369254947049303E-003 
   0.6474578935841377        -31.66178645971591        0.9999978142618555      
   5.1110986161422631E-012
    3.359999999999999         10.04097856927476        2.8341172122362188E-003 
   0.6476992707088888        -31.67839591325634        0.9999979524159234      
   5.1049695603641061E-012
    3.359999999999999         10.31046835399012        2.5515099739288789E-003 
   0.6479181281953923        -31.69513144203968        0.9999980893447779      
   5.0993077465586879E-012
    3.359999999999999         10.58223536904130        2.2875569427776503E-003 
   0.6481158390219965        -31.71199245016038        0.9999982250617246      
   5.0940704989165479E-012
    3.359999999999999         10.85626722589636        2.0407311430698160E-003 
   0.6482936607289050        -31.72897825762288        0.9999983595834068      
   5.0892178007585864E-012
    3.359999999999999         11.13254979490064        1.8095272800678561E-003 
   0.6484527370667803        -31.74608809325678        0.9999984929293169      
   5.0847120312543518E-012
    3.359999999999999         11.41106729736590        1.5924641325727375E-003 
   0.6485940994609845        -31.76332108807330        0.9999986251213613      
   5.0805177607310110E-012
    3.359999999999999         11.69180239725550        1.3880904190451842E-003 
   0.6487186685087087        -31.78067626885090        0.9999987561835215      
   5.0766016581988766E-012
    3.359999999999999         11.97473629218198        1.1950007958214637E-003 
   0.6488272561548579        -31.79815255157036        0.9999988861416528      
   5.0729326269951982E-012
    3.359999999999999         12.25984880345458        1.0118760510617146E-003 
   0.6489205701319578        -31.81574873420044        0.9999990150234516      
   5.0694823872704797E-012
    3.359999999999999         12.54711846493471        8.3757415161904046E-004 
   0.6489992241109317        -31.83346348887605        0.9999991428585056      
   5.0662268539251931E-012
    3.359999999999999         12.83652261047853        6.7131587070966671E-004 
   0.6490637602357059        -31.85129535401831        0.9999992696786606      
   5.0631487274331073E-012
    3.359999999999999         13.12803745976597        5.1302283810900117E-004 
   0.6491146953682629        -31.86924272575698        0.9999993955195493      
   5.0602414835442881E-012
    3.359999999999999         13.42163820233561        3.6385800831696951E-004 
   0.6491526073024571        -31.88730384719497        0.9999995204244259      
   5.0575139774503903E-012
    3.359999999999999         13.71729907966468        2.2696089654849301E-004 
   0.6491782790529974        -31.90547679622485        0.9999996444518973      
   5.0549926531749708E-012
    3.359999999999999         14.01499346515192        1.0824908659771732E-004 
   0.6491929127300584        -31.92375947096300        0.9999997676907491      
   5.0527147572409780E-012
    3.359999999999999         14.31469394187969        1.7019523320041951E-005 
   0.6491984056306398        -31.94214957103013        0.9999998902856850      
   5.0507021297206926E-012
    3.359999999999999         14.61637237804932       -3.3941492245419413E-005 
   0.6491976543201037        -31.96064457540836         1.000000012478786      
   5.0489042311533477E-012
    3.359999999999999         14.92000000000000       -3.3941492245419413E-005 
   0.6491991569411759        -31.97913957978659         1.000000134671887      
   5.0471063325860029E-012
    3.600000000000000        -4.227026579539560         0.000000000000000      
   0.5000000000000000        -33.39008456333300         1.000000000000000      
    0.000000000000000     
    3.600000000000000        -4.014206434341432        9.4003891110823190E-003 
   0.5004647098384072        -33.39008456333300        0.9999980202815271      
   5.4583108563351946E-018
    3.600000000000000        -3.803070304910810        1.8044759734662942E-002 
   0.5018118987469624        -33.38664100676579        0.9999962912278362      
   1.5324831470442250E-017
    3.600000000000000        -3.593549933081869        2.5628710475743922E-002 
   0.5039353569543437        -33.38390655753137        0.9999949351358071      
   3.6251222108280467E-017
    3.600000000000000        -3.385574045583126        3.1984374208926546E-002 
   0.5067111745214024        -33.38186866592113        0.9999939055277480      
   8.1054370865934250E-017
    3.600000000000000        -3.179068445902549        3.7061698162307970E-002 
   0.5100099017614599        -33.38051814998467        0.9999931483432561      
   1.7448363013955202E-016
    3.600000000000000        -2.973956117362914        4.0916685031020465E-002 
   0.5137065250381827        -33.37984446293198        0.9999926084938521      
   3.6290841272591976E-016
    3.600000000000000        -2.770157337224366        4.3683026568580113E-002 
   0.5176885099718875        -33.37983550215500        0.9999922349870822      
   7.2994897301742969E-016
    3.600000000000000        -2.567589801560878        4.5537145077462149E-002 
   0.5218606394157035        -33.38047751887565        0.9999919841006473      
   1.4203947081571011E-015
    3.600000000000000        -2.366168760586374        4.6665925824492291E-002 
   0.5261466576608937        -33.38175529348844        0.9999918207214712      
   2.6746221035798694E-015
    3.600000000000000        -2.165807164036497        4.7242857273407546E-002 
   0.5304883837253587        -33.38365248617317        0.9999917182222099      
   4.8747048736073260E-015
    3.600000000000000        -1.966415816142869        4.7414318408145813E-002 
   0.5348432370674053        -33.38615186343884        0.9999916574513170      
   8.6010329197808650E-015
    3.600000000000000        -1.767903539669862        4.7294791093357394E-002 
   0.5391810801017617        -33.38923553992900        0.9999916253184338      
   1.4694209974281138E-014
    3.600000000000000        -1.570177348419479        4.6968319242931350E-002 
   0.5434810606580140        -33.39288530901156        0.9999916132837259      
   2.4311411629027646E-014
    3.600000000000000        -1.373142627548817        4.6493363329409579E-002 
   0.5477288647064020        -33.39708289056744        0.9999916159903690      
   3.8960145223179994E-014
    3.600000000000000        -1.176703320987477        4.5908780223086330E-002 
   0.5519145501252757        -33.40181003894397        0.9999916301852466      
   6.0487299274158362E-014
    3.600000000000000       -0.9807621251897585        4.5239487038574999E-002 
   0.5560309663542293        -33.40704859193939        0.9999916539462692      
   9.1000146953783488E-014
    3.600000000000000       -0.7852206884089804        4.4501112866989899E-002 
   0.5600726756518433        -33.41278052217918        0.9999916861607355      
   1.3270137866339284E-013
    3.600000000000000       -0.5899798146396622        4.3703463706085383E-002 
   0.5640352607225509        -33.41898799746003        0.9999917261856464      
   1.8763409403769030E-013
    3.600000000000000       -0.3949396713377247        4.2852916203769506E-002 
   0.5679149073950660        -33.42565343386204        0.9999917736338971      
   2.5735443583844936E-013
    3.600000000000000       -0.2000000000000011        4.1953971279362845E-002 
   0.5717081667399806        -33.43275952966414        0.9999918282456169      
   3.4257529934588356E-013
    3.600000000000000       -5.0612032226220773E-003   4.1010213083714137E-002 
   0.5754118174293469        -33.44028925748361        0.9999918898149797      
   4.4284666527825882E-013
    3.600000000000000        0.1899728225015762        4.0024880677433324E-002 
   0.5790228052071600        -33.44822580739169        0.9999919581537113      
   5.5634839558588943E-013
    3.600000000000000        0.3851971143511089        3.9001163179237887E-002 
   0.5825382563754838        -33.45655265507380        0.9999920330755319      
   6.7986835311887215E-013
    3.600000000000000        0.5807063267879043        3.7942350929873241E-002 
   0.5859555140917976        -33.46525362932113        0.9999921143870341      
   8.0900176399857197E-013
    3.600000000000000        0.7765945422431204        3.6851903678382592E-002 
   0.5892721667587483        -33.47431294417539        0.9999922018831879      
   9.3856338106084900E-013
    3.600000000000000        0.9729550842390562        3.5733469174238988E-002 
   0.5924860755289300        -33.48371523053625        0.9999922953451512      
   1.0631533320034772E-012
    3.600000000000000         1.169880333731538        3.4590873680833911E-002 
   0.5955954013087043        -33.49344556924148        0.9999923945389063      
   1.1777768000041428E-012
    3.600000000000000         1.367461549433629        3.3428096498487214E-002 
   0.5985986290004401        -33.50348952183583        0.9999924992148695      
   1.2784014781156442E-012
    3.600000000000000         1.565788692852865        3.2249235269350966E-002 
   0.6014945876016238        -33.51383315847672        0.9999926091087828      
   1.3623506379805577E-012
    3.600000000000000         1.764950258740411        3.1058465997004386E-002 
   0.6042824653113420        -33.52446308422473        0.9999927239436082      
   1.4284696208478325E-012
    3.600000000000000         1.965033111612069        2.9860000254822772E-002 
   0.6069618191649442        -33.53536646440199        0.9999928434318379      
   1.4770570266761398E-012
    3.600000000000000         2.166122328958343        2.8658041321622266E-002 
   0.6095325790019539        -33.54653104833666        0.9999929672778164      
   1.5096025903123965E-012
    3.600000000000000         2.368301051714338        2.7456740600549027E-002 
   0.6119950457970436        -33.55794519035134        0.9999930951799484      
   1.5284077909879372E-012
    3.600000000000000         2.571650342510284        2.6260155451670958E-002 
   0.6143498845667865        -33.56959786714605        0.9999932268328064      
   1.5361756812745328E-012
    3.600000000000000         2.776249052171010        2.5072209403002668E-002 
   0.6165981122192530        -33.58147869092931        0.9999933619291413      
   1.5356446033765052E-012
    3.600000000000000         2.982173694877646        2.3896655554685939E-002 
   0.6187410808417774        -33.59357791772563        0.9999935001618502      
   1.5293141374017239E-012
    3.600000000000000         3.189498332348288        2.2737043839951197E-002 
   0.6207804570210166        -33.60588645057183        0.9999936412259244      
   1.5192810683617605E-012
    3.600000000000000         3.398294467336542        2.1596692650795377E-002 
   0.6227181978580085        -33.61839583768970        0.9999937848203483      
   1.5071772515324430E-012
    3.600000000000000         3.608630946688375        2.0478665178589851E-002 
   0.6245565243814946        -33.63109826584198        0.9999939306498831      
   1.4941850733610508E-012
    3.600000000000000         3.820573874139177        1.9385750664968518E-002 
   0.6262978930762382        -33.64398654898197        0.9999940784266982      
   1.4811005711623220E-012
    3.600000000000000         4.034186532974921        1.8320450611615767E-002 
   0.6279449662294589        -33.65705411228182        0.9999942278718403      
   1.4684168831973337E-012
    3.600000000000000         4.249529318623878        1.7284969863710462E-002 
   0.6295005817601864        -33.67029497181160        0.9999943787165685      
   1.4564078863326721E-012
    3.600000000000000         4.466659681189796        1.6281212364514713E-002 
   0.6309677231387880        -33.68370371037010        0.9999945307035497      
   1.4452001878028604E-012
    3.600000000000000         4.685632077883227        1.5310781280493636E-002 
   0.6323494899332622        -33.69727545007997        0.9999946835878861      
   1.4348287298145611E-012
    3.600000000000000         4.906497935255945        1.4374983118728427E-002 
   0.6336490694399848        -33.71100582235179        0.9999948371379530      
   1.4252761037649535E-012
    3.600000000000000         5.129305621094297        1.3474835401453673E-002 
   0.6348697097732365        -33.72489093577890        0.9999949911360344      
   1.4164982352432120E-012
    3.600000000000000         5.354100425780786        1.2611077425519587E-002 
   0.6360146947036688        -33.73892734248947        0.9999951453787624      
   1.4084399291630825E-012
    3.600000000000000         5.580924552890115        1.1784183615903849E-002 
   0.6370873204542695        -33.75311200345946        0.9999952996773745      
   1.4010435428812942E-012
    3.600000000000000         5.809817118746128        1.0994378979982424E-002 
   0.6380908745862242        -33.76744225327975        0.9999954538578057      
   1.3942533677153402E-012
    3.600000000000000         6.040814160629681        1.0241656180673325E-002 
   0.6390286170384478        -33.78191576486063        0.9999956077606389      
   1.3880175310360817E-012
    3.600000000000000         6.273948653295052        9.5257937692331159E-003 
   0.6399037633250066        -33.79653051453247        0.9999957612409196      
   1.3822885778046303E-012
    3.600000000000000         6.509250533423568        8.8463751498385652E-003 
   0.6407194698448879        -33.81128474794834        0.9999959141678704      
   1.3770234139708217E-012
    3.600000000000000         6.746746731618209        8.2028078856705780E-003 
   0.6414788212186338        -33.82617694711920        0.9999960664244881      
   1.3721829830626213E-012
    3.600000000000000         6.986461211521710        7.5943429977910187E-003 
   0.6421848195357149        -33.84120579884245        0.9999962179070591      
   1.3677318618168810E-012
    3.600000000000000         7.228415015623348        7.0200939516285501E-003 
   0.6428403753743896        -33.85637016472240        0.9999963685245982      
   1.3636378587967566E-012
    3.600000000000000         7.472626317305855        6.4790550697142180E-003 
   0.6434483004412833        -33.87166905292546        0.9999965181982251      
   1.3598716482735859E-012
    3.600000000000000         7.719110478673879        5.9701191520320218E-003 
   0.6440113016699760        -33.88710159176338        0.9999966668604987      
   1.3564064476704763E-012
    3.600000000000000         7.967880113698818        5.4920941259833239E-003 
   0.6445319766153362        -33.90266700514541        0.9999968144547138      
   1.3532177369551160E-012
    3.600000000000000         8.218945156211536        5.0437185857154900E-003 
   0.6450128099820289        -33.91836458989077        0.9999969609341736      
   1.3502830150378302E-012
    3.600000000000000         8.472312932274409        4.6236761148749032E-003 
   0.6454561711304141        -33.93419369485849        0.9999971062614591      
   1.3475815876845056E-012
    3.600000000000000         8.727988236466917        4.2306083173882444E-003 
   0.6458643124099602        -33.95015370183284        0.9999972504077019      
   1.3450943819238854E-012
    3.600000000000000         8.985973411624599        3.8631265075899229E-003 
   0.6462393681785613        -33.96624400808875        0.9999973933518692      
   1.3428037826617443E-012
    3.600000000000000         9.246268431579237        3.5198220340037375E-003 
   0.6465833543751995        -33.98246401054154        0.9999975350800562      
   1.3406934879277184E-012
    3.600000000000000         9.508870986458517        3.1992752305528543E-003 
   0.6468981685226542        -33.99881309135996        0.9999976755848056      
   1.3387483797910285E-012
    3.600000000000000         9.773776570115773        2.9000630054748424E-003 
   0.6471855900457735        -34.01529060489859        0.9999978148644355      
   1.3369544084847589E-012
    3.600000000000000         10.04097856927476        2.6207650935203795E-003 
   0.6474472807987783        -34.03189586577646        0.9999979529224005      
   1.3352984877034869E-012
    3.600000000000000         10.31046835399012        2.3599690163354564E-003 
   0.6476847857026158        -34.04862813791600        0.9999980897667010      
   1.3337683994445292E-012
    3.600000000000000         10.58223536904130        2.1162738339902407E-003 
   0.6478995334022415        -34.06548662439691        0.9999982254093172      
   1.3323527072712365E-012
    3.600000000000000         10.85626722589636        1.8882928672709688E-003 
   0.6480928368679431        -34.08247045800709        0.9999983598656803      
   1.3310406777642089E-012
    3.600000000000000         11.13254979490064        1.6746558272860200E-003 
   0.6482658938956880        -34.09957869233953        0.9999984931541769      
   1.3298222118102652E-012
    3.600000000000000         11.41106729736590        1.4740114475068383E-003 
   0.6484197875390887        -34.11681029323677        0.9999986252957049      
   1.3286877915364285E-012
    3.600000000000000         11.69180239725550        1.2850332919977956E-003 
   0.6485554867001528        -34.13416413037564        0.9999987563133278      
   1.3276284574453790E-012
    3.600000000000000         11.97473629218198        1.1064348850683807E-003 
   0.6486738475672340        -34.15163896861491        0.9999988862320727      
   1.3266358470130267E-012
    3.600000000000000         12.25984880345458        9.3700715155784528E-004 
   0.6487756176023367        -34.16923345860629        0.9999990150788886      
   1.3257023533877764E-012
    3.600000000000000         12.54711846493471        7.7570280738184353E-004 
   0.6488614457937861        -34.18694612672552        0.9999991428826940      
   1.3248214969526344E-012
    3.600000000000000         12.83652261047853        6.2180816200552353E-004 
   0.6489319063927095        -34.20477536489765        0.9999992696747325      
   1.3239886193015515E-012
    3.600000000000000         13.12803745976597        4.7525595575619896E-004 
   0.6489875484337939        -34.22271941969146        0.9999993954900952      
   1.3232019442740056E-012
    3.600000000000000         13.42163820233561        3.3712582855230930E-004 
   0.6490289887964060        -34.24077637922206        0.9999995203715446      
   1.3224637874832336E-012
    3.600000000000000         13.71729907966468        2.1032605026937294E-004 
   0.6490570687981192        -34.25894415859749        0.9999996443772404      
   1.3217811004072866E-012
    3.600000000000000         14.01499346515192        1.0033868897345424E-004 
   0.6490730875439016        -34.27722048292365        0.9999997675955524      
   1.3211635887251143E-012
    3.600000000000000         14.31469394187969        1.5782730568715847E-005 
   0.6490791052596518        -34.29560286594174        0.9999998901707855      
   1.3206166756733502E-012
    3.600000000000000         14.61637237804932       -3.1473673343992714E-005 
   0.6490782811470175        -34.31408858481137         1.000000012344620      
   1.3201264839165087E-012
    3.600000000000000         14.92000000000000       -3.1473673343992714E-005 
   0.6490799293722862        -34.33257430368101         1.000000134518455      
   1.3196362921596672E-012
    3.840000000000000        -4.227026579539560         0.000000000000000      
   0.5000000000000000        -35.75070947998886         1.000000000000000      
    0.000000000000000     
    3.840000000000000        -4.014206434341432        8.3599365563470293E-003 
   0.5004565590716512        -35.75070947998886        0.9999980315680775      
   1.4764588798249029E-018
    3.840000000000000        -3.803070304910810        1.6051254069858759E-002 
   0.5017807456215899        -35.74731783007990        0.9999963119027242      
   4.1325165922733311E-018
    3.840000000000000        -3.593549933081869        2.2801835305892672E-002 
   0.5038692252113275        -35.74461448061281        0.9999949626186594      
   9.7377695806459569E-018
    3.840000000000000        -3.385574045583126        2.8460953903493909E-002 
   0.5066007812778792        -35.74258753034574        0.9999939377362231      
   2.1685157009762234E-017
    3.840000000000000        -3.179068445902549        3.2982980893469613E-002 
   0.5098483032229930        -35.74122846759322        0.9999931836810777      
   4.6496799595549215E-017
    3.840000000000000        -2.973956117362914        3.6416998691296366E-002 
   0.5134887110650073        -35.74052743807577        0.9999926457911422      
   9.6340913135687610E-017
    3.840000000000000        -2.770157337224366        3.8881559783176659E-002 
   0.5174109996402522        -35.74047303949246        0.9999922734183438      
   1.9307351634065760E-016
    3.840000000000000        -2.567589801560878        4.0533525667519971E-002 
   0.5215211179341006        -35.74105222797257        0.9999920230998116      
   3.7439431304952772E-016
    3.840000000000000        -2.366168760586374        4.1539274085177894E-002 
   0.5257436782117275        -35.74225049811987        0.9999918599064753      
   7.0266368177016590E-016
    3.840000000000000        -2.165807164036497        4.2053386228394843E-002 
   0.5300211424105523        -35.74405224182090        0.9999917573346602      
   1.2766585099317203E-015
    3.840000000000000        -1.966415816142869        4.2206377336627021E-002 
   0.5343114175864867        -35.74644098180237        0.9999916963122035      
   2.2459332605687569E-015
    3.840000000000000        -1.767903539669862        4.2100389300490787E-002 
   0.5385847577753404        -35.74939961912939        0.9999916637979316      
   3.8264250851851696E-015
    3.840000000000000        -1.570177348419479        4.1810460966447915E-002 
   0.5428206524273462        -35.75291076844322        0.9999916512816609      
   6.3145371576001250E-015
    3.840000000000000        -1.373142627548817        4.1388834066427155E-002 
   0.5470051116693039        -35.75695700852847        0.9999916534240851      
   1.0095382027996725E-014
    3.840000000000000        -1.176703320987477        4.0870269418814234E-002 
   0.5511285207739952        -35.76152099122902        0.9999916669824515      
   1.5639629956240179E-014
    3.840000000000000       -0.9807621251897585        4.0277086450803246E-002 
   0.5551840709682226        -35.76658549036122        0.9999916900411395      
   2.3483143540630259E-014
    3.840000000000000       -0.7852206884089804        3.9623303753069980E-002 
   0.5591666846271144        -35.77213345245805        0.9999917214920351      
   3.4184978366820364E-014
    3.840000000000000       -0.5899798146396622        3.8917723769611376E-002 
   0.5630723216577883        -35.77814805581204        0.9999917606959735      
   4.8262825035489713E-014
    3.840000000000000       -0.3949396713377247        3.8166064017475215E-002 
   0.5668975573901767        -35.78461276126526        0.9999918072695142      
   6.6110408411811379E-014
    3.840000000000000       -0.2000000000000011        3.7372340496130932E-002 
   0.5706393376658923        -35.79151134265181        0.9999918609565844      
   8.7907767491791570E-014
    3.840000000000000       -5.0612032226220773E-003   3.6539721932846617E-002 
   0.5742948329876423        -35.79882787516674        0.9999919215554129      
   1.1354081721993279E-013
    3.840000000000000        0.1899728225015762        3.5671039611593347E-002 
   0.5778613689272647        -35.80654667498839        0.9999919888820645      
   1.4254912824514943E-013
    3.840000000000000        0.3851971143511089        3.4769051866876982E-002 
   0.5813364299384309        -35.81465235785736        0.9999920627548382      
   1.7412015074667111E-013
    3.840000000000000        0.5807063267879043        3.3836581102103511E-002 
   0.5847176863364272        -35.82312989666708        0.9999921429851284      
   2.0713889098021496E-013
    3.840000000000000        0.7765945422431204        3.2876577632554332E-002 
   0.5880030143292789        -35.83196464384880        0.9999922293729112      
   2.4029105747352320E-013
    3.840000000000000        0.9729550842390562        3.1892140037321895E-002 
   0.5911905162205200        -35.84114235264002        0.9999923217045205      
   2.7220508525562852E-013
    3.840000000000000         1.169880333731538        3.0886511059182067E-002 
   0.5942785413542602        -35.85064919941872        0.9999924197512318      
   3.0160823590531226E-013
    3.840000000000000         1.367461549433629        2.9863059661918691E-002 
   0.5972657057265891        -35.86047180361591        0.9999925232688216      
   3.2746778920296844E-013
    3.840000000000000         1.565788692852865        2.8825255099508083E-002 
   0.6001509090060990        -35.87059724497669        0.9999926319984110      
   3.4909161131627531E-013
    3.840000000000000         1.764950258740411        2.7776636313298499E-002 
   0.6029333481762627        -35.88101307975082        0.9999927456683106      
   3.6617217391454450E-013
    3.840000000000000         1.965033111612069        2.6720778675666995E-002 
   0.6056125273205391        -35.89170735679587        0.9999928639962811      
   3.7877135768181484E-013
    3.840000000000000         2.166122328958343        2.5661259454941514E-002 
   0.6081882632953465        -35.90266863316486        0.9999929866917966      
   3.8725609665077678E-013
    3.840000000000000         2.368301051714338        2.4601623055852555E-002 
   0.6106606872055675        -35.91388598824985        0.9999931134582009      
   3.9220362538939235E-013
    3.840000000000000         2.571650342510284        2.3545346916254092E-002 
   0.6130302417323519        -35.92534903579675        0.9999932439947593      
   3.9429797117457491E-013
    3.840000000000000         2.776249052171010        2.2495808825742768E-002 
   0.6152976744791645        -35.93704793326086        0.9999933779986120      
   3.9423663049459600E-013
    3.840000000000000         2.982173694877646        2.1456256333655922E-002 
   0.6174640276032758        -35.94897338798550        0.9999935151667043      
   3.9265993943859569E-013
    3.840000000000000         3.189498332348288        2.0429778815475641E-002 
   0.6195306240834810        -35.96111665991711        0.9999936551976866      
   3.9010802312569336E-013
    3.840000000000000         3.398294467336542        1.9419282662590416E-002 
   0.6214990510399984        -35.97346956088953        0.9999937977937866      
   3.8700363029177355E-013
    3.840000000000000         3.608630946688375        1.8427469951067924E-002 
   0.6233711405705726        -35.98602445058315        0.9999939426625685      
   3.8365494888304477E-013
    3.840000000000000         3.820573874139177        1.7456820833382142E-002 
   0.6251489485973731        -35.99877422912264        0.9999940895185438      
   3.8027092550004369E-013
    3.840000000000000         4.034186532974921        1.6509579786621625E-002 
   0.6268347322304351        -36.01171232622181        0.9999942380846363      
   3.7698214494298195E-013
    3.840000000000000         4.249529318623878        1.5587745745265027E-002 
   0.6284309261454570        -36.02483268694751        0.9999943880935175      
   3.7386206751192900E-013
    3.840000000000000         4.466659681189796        1.4693066049445397E-002 
   0.6299401184500057        -36.03812975439285        0.9999945392888095      
   3.7094550060668551E-013
    3.840000000000000         4.685632077883227        1.3827034053400857E-002 
   0.6313650264766502        -36.05159844965648        0.9999946914261334      
   3.6824299127127920E-013
    3.840000000000000         4.906497935255945        1.2990890165441391E-002 
   0.6327084728972080        -36.06523414952319        0.9999948442739689      
   3.6575108529046594E-013
    3.840000000000000         5.129305621094297        1.2185626031384823E-002 
   0.6339733625013715        -36.07903266220967        0.9999949976143268      
   3.6345908429429493E-013
    3.840000000000000         5.354100425780786        1.1411991528440558E-002 
   0.6351626599278940        -36.09299020152429        0.9999951512432248      
   3.6135317093475912E-013
    3.840000000000000         5.580924552890115        1.0670504205695985E-002 
   0.6362793685798638        -36.10710335978947        0.9999953049709858      
   3.5941873402027984E-013
    3.840000000000000         5.809817118746128        9.9614607898972155E-003 
   0.6373265108997339        -36.12136907988759        0.9999954586223750      
   3.5764155952004259E-013
    3.840000000000000         6.040814160629681        9.2849503699167814E-003 
   0.6383071101267404        -36.13578462680572        0.9999956120365899      
   3.5600836024839092E-013
    3.840000000000000         6.273948653295052        8.6408688786629578E-003 
   0.6392241736107580        -36.15034755904988        0.9999957650671208      
   3.5450694957052254E-013
    3.840000000000000         6.509250533423568        8.0289345055195860E-003 
   0.6400806777135988        -36.16505570026572        0.9999959175814893      
   3.5312624065241180E-013
    3.840000000000000         6.746746731618209        7.4487036939617016E-003 
   0.6408795542917329        -36.17990711135101        0.9999960694608836      
   3.5185617101569408E-013
    3.840000000000000         6.986461211521710        6.8995874059979579E-003 
   0.6416236787234819        -36.19490006329628        0.9999962205996976      
   3.5068760290589177E-013
    3.840000000000000         7.228415015623348        6.3808673658742468E-003 
   0.6423158594186947        -36.21003301094873        0.9999963709049980      
   3.4961222264750327E-013
    3.840000000000000         7.472626317305855        5.8917120285518340E-003 
   0.6429588287295451        -36.22530456786035        0.9999965202959258      
   3.4862244814961801E-013
    3.840000000000000         7.719110478673879        5.4311920524729839E-003 
   0.6435552351668667        -36.24071348233945        0.9999966687030505      
   3.4771134713789062E-013
    3.840000000000000         7.967880113698818        4.9982950899814440E-003 
   0.6441076368167346        -36.25625861478841        0.9999968160676883      
   3.4687256591366345E-013
    3.840000000000000         8.218945156211536        4.5919397414837075E-003 
   0.6446184958460459        -36.27193891636994        0.9999969623411981      
   3.4610026747023761E-013
    3.840000000000000         8.472312932274409        4.2109885503132782E-003 
   0.6450901739829045        -36.28775340901850        0.9999971074842660      
   3.4538907760163315E-013
    3.840000000000000         8.727988236466917        3.8542599437816271E-003 
   0.6455249288570253        -36.30370116678774        0.9999972514661940      
   3.4473403773557153E-013
    3.840000000000000         8.985973411624599        3.5205390517538846E-003 
   0.6459249110865815        -36.31978129849867        0.9999973942641915      
   3.4413056340026845E-013
    3.840000000000000         9.246268431579237        3.2085873570375997E-003 
   0.6462921620004098        -36.33599293162390        0.9999975358626775      
   3.4357440741353579E-013
    3.840000000000000         9.508870986458517        2.9171511519103400E-003 
   0.6466286118877458        -36.35233519732494        0.9999976762526007      
   3.4306162703773539E-013
    3.840000000000000         9.773776570115773        2.6449687925773208E-003 
   0.6469360786710929        -36.36880721654638        0.9999978154307768      
   3.4258855447280764E-013
    3.840000000000000         10.04097856927476        2.3907767598088008E-003 
   0.6472162669011212        -36.38540808704557        0.9999979533992556      
   3.4215177016882985E-013
    3.840000000000000         10.31046835399012        2.1533145541309212E-003 
   0.6474707669761635        -36.40213687121881        0.9999980901647327      
   3.4174807854463597E-013
    3.840000000000000         10.58223536904130        1.9313284910153583E-003 
   0.6477010544946993        -36.41899258460274        0.9999982257379856      
   3.4137448583231589E-013
    3.840000000000000         10.85626722589636        1.7235745516679525E-003 
   0.6479084896613687        -36.43597418494995        0.9999983601333393      
   3.4102818000225916E-013
    3.840000000000000         11.13254979490064        1.5288206807314644E-003 
   0.6480943166974413        -36.45308056173457        0.9999984933681689      
   3.4070651322277115E-013
    3.840000000000000         11.41106729736590        1.3458495232639754E-003 
   0.6482596632872759        -36.47031052590108        0.9999986254624473      
   3.4040698840743242E-013
    3.840000000000000         11.69180239725550        1.1734640321587704E-003 
   0.6484055402980364        -36.48766279965474        0.9999987564383951      
   3.4012725370629761E-013
    3.840000000000000         11.97473629218198        1.0105015408468795E-003 
   0.6485328425007122        -36.50513600592058        0.9999988863202729      
   3.3986511316866521E-013
    3.840000000000000         12.25984880345458        8.5586813609749425E-004 
   0.6486423521022795        -36.52272865697348        0.9999990151343376      
   3.3961856891376919E-013
    3.840000000000000         12.54711846493471        7.0861579755120531E-004 
   0.6487347490528799        -36.54043914230770        0.9999991429088877      
   3.3938591887372267E-013
    3.840000000000000         12.83652261047853        5.6809923486706554E-004 
   0.6488106358493342        -36.55826571634889        0.9999992696746056      
   3.3916593809663601E-013
    3.840000000000000         13.12803745976597        4.3426145338102941E-004 
   0.6488705900337716        -36.57620648540576        0.9999993954660762      
   3.3895815381591058E-013
    3.840000000000000         13.42163820233561        3.0809086614030229E-004 
   0.6489152635240207        -36.59425939243123        0.9999995203256059      
   3.3876315479300301E-013
    3.840000000000000         13.71729907966468        1.9224474383923391E-004 
   0.6489455504996726        -36.61242220038478        0.9999996443109332      
   3.3858272004672472E-013
    3.840000000000000         14.01499346515192        9.1732368804250996E-005 
   0.6489628386219901        -36.63069247319374        0.9999997675100381      
   3.3841930925401003E-013
    3.840000000000000         14.31469394187969        1.4434715597733101E-005 
   0.6489693373181418        -36.64906755222069        0.9999998900668503      
   3.3827421968597253E-013
    3.840000000000000         14.61637237804932       -2.8784416033672892E-005 
   0.6489684464856591        -36.66754452838179         1.000000012222678      
   3.3814373017725079E-013
    3.840000000000000         14.92000000000000       -2.8784416033672892E-005 
   0.6489702281506244        -36.68602150454289         1.000000134378506      
   3.3801324066852906E-013
    4.080000000000000        -4.227026579539560         0.000000000000000      
   0.5000000000000000        -38.11049200879670         1.000000000000000      
    0.000000000000000     
    4.080000000000000        -4.014206434341432        7.3369003442711554E-003 
   0.5004493113755295        -38.11049200879670        0.9999980415540584      
   3.9131795486467765E-019
    4.080000000000000        -3.803070304910810        1.4089738066206600E-002 
   0.5017530463375255        -38.10714664182364        0.9999963301976003      
   1.0918946893494366E-018
    4.080000000000000        -3.593549933081869        2.0018637855971570E-002 
   0.5038104381864257        -38.10447121118877        0.9999949869412830      
   2.5629782852785769E-018
    4.080000000000000        -3.385574045583126        2.4990275252303296E-002 
   0.5065026817157144        -38.10245444535713        0.9999939662446813      
   5.6845834557900934E-018
    4.080000000000000        -3.179068445902549        2.8963812964108434E-002 
   0.5097047595827301        -38.10108848565869        0.9999932149626912      
   1.2140697653638682E-017
    4.080000000000000        -2.973956117362914        3.1981819984133790E-002 
   0.5132953224774899        -38.10036413463642        0.9999926788100764      
   2.5059948848416793E-017
    4.080000000000000        -2.770157337224366        3.4148101758139510E-002 
   0.5171647372394196        -38.10027063338080        0.9999923074433730      
   5.0039530025421006E-017
    4.080000000000000        -2.567589801560878        3.5600300329017801E-002 
   0.5212200042429491        -38.10079556903856        0.9999920576292869      
   9.6697494451484052E-017
    4.080000000000000        -2.366168760586374        3.6484557605901323E-002 
   0.5253865233516238        -38.10192506455427        0.9999918946016270      
   1.8088576331959499E-016
    4.080000000000000        -2.165807164036497        3.6936745419351116E-002 
   0.5296073431600614        -38.10364414970296        0.9999917919663199      
   3.2762667285197477E-016
    4.080000000000000        -1.966415816142869        3.7071645564262574E-002 
   0.5338408160817857        -38.10593700483366        0.9999917307217250      
   5.7468183738749696E-016
    4.080000000000000        -1.767903539669862        3.6979134601526131E-002 
   0.5380575510673584        -38.10878721563343        0.9999916978704511      
   9.7640650996480010E-016
    4.080000000000000        -1.570177348419479        3.6725279286244535E-002 
   0.5422373417231741        -38.11217811290624        0.9999916849287253      
   1.6071967486793439E-015
    4.080000000000000        -1.373142627548817        3.6356107395277205E-002 
   0.5463664800229979        -38.11609302499352        0.9999916865728491      
   2.5634584191947950E-015
    4.080000000000000        -1.176703320987477        3.5902271887279513E-002 
   0.5504356292979774        -38.12051538661986        0.9999916995693234      
   3.9627307265394891E-015
    4.080000000000000       -0.9807621251897585        3.5383475334820128E-002 
   0.5544382655213349        -38.12542878677837        0.9999917220083354      
   5.9385428185851613E-015
    4.080000000000000       -0.7852206884089804        3.4812106235125262E-002 
   0.5583696068726719        -38.13081701799353        0.9999917527859010      
   8.6299358579754160E-015
    4.080000000000000       -0.5899798146396622        3.4195948413205349E-002 
   0.5622259200921583        -38.13666413347587        0.9999917912663119      
   1.2165447143160951E-014
    4.080000000000000       -0.3949396713377247        3.3540053076761847E-002 
   0.5660040953174778        -38.14295449540503        0.9999918370694251      
   1.6642686302003433E-014
    4.080000000000000       -0.2000000000000011        3.2847954126173834E-002 
   0.5697013961921864        -38.14967280213565        0.9999918899425542      
   2.2106195927921606E-014
    4.080000000000000       -5.0612032226220773E-003   3.2122418846039308E-002 
   0.5733153079983988        -38.15680407334180        0.9999919496875189      
   2.8527618540113011E-014
    4.080000000000000        0.1899728225015762        3.1365896331521703E-002 
   0.5768434612716262        -38.16433358693700        0.9999920161242004      
   3.5792803081596451E-014
    4.080000000000000        0.3851971143511089        3.0580751032094344E-002 
   0.5802836282265216        -38.17224692990704        0.9999920890748987      
   4.3700318434752982E-014
    4.080000000000000        0.5807063267879043        2.9769384817563971E-002 
   0.5836337425606661        -38.18053004806839        0.9999921683551799      
   5.1973586869104647E-014
    4.080000000000000        0.7765945422431204        2.8934295253370001E-002 
   0.5868919130096406        -38.18916926087500        0.9999922537693485      
   6.0286181326573812E-014
    4.080000000000000        0.9729550842390562        2.8078096137575694E-002 
   0.5900564378302486        -38.19815127468530        0.9999923451081965      
   6.8296756486028702E-014
    4.080000000000000         1.169880333731538        2.7203516945502070E-002 
   0.5931258209217376        -38.20746319677595        0.9999924421475489      
   7.5687576538781748E-014
    4.080000000000000         1.367461549433629        2.6313390399611683E-002 
   0.5960987876541723        -38.21709254681269        0.9999925446477871      
   8.2199547619286714E-014
    4.080000000000000         1.565788692852865        2.5410633190406318E-002 
   0.5989742992489689        -38.22702726577800        0.9999926523546492      
   8.7657414656299167E-014
    4.080000000000000         1.764950258740411        2.4498222637136257E-002 
   0.6017515649829213        -38.23725572417418        0.9999927650010385      
   9.1981131471596266E-014
    4.080000000000000         1.965033111612069        2.3579170936841365E-002 
   0.6044300517514218        -38.24776673070935        0.9999928823092412      
   9.5182633842264937E-014
    4.080000000000000         2.166122328958343        2.2656498090727936E-002 
   0.6070094907081238        -38.25854954123488        0.9999930039931458      
   9.7350371109897575E-014
    4.080000000000000         2.368301051714338        2.1733204326941456E-002 
   0.6094898808276301        -38.26959386717493        0.9999931297603522      
   9.8626129347433769E-014
    4.080000000000000         2.571650342510284        2.0812242702810027E-002 
   0.6118714893369479        -38.28088988290563        0.9999932593141737      
   9.9179449496382083E-014
    4.080000000000000         2.776249052171010        1.9896492488713544E-002 
   0.6141548490474669        -38.29242823165572        0.9999933923555528      
   9.9184343491732868E-014
    4.080000000000000         2.982173694877646        1.8988733872168859E-002 
   0.6163407526972851        -38.30420002947730        0.9999935285849439      
   9.8801474591240487E-014
    4.080000000000000         3.189498332348288        1.8091624457961843E-002 
   0.6184302444818139        -38.31619686702318        0.9999936677041873      
   9.8167106006482143E-014
    4.080000000000000         3.398294467336542        1.7207677972150455E-002 
   0.6204246090082582        -38.32841080914746        0.9999938094183448      
   9.7388486951624250E-014
    4.080000000000000         3.608630946688375        1.6339245503564477E-002 
   0.6223253579579642        -38.34083439238256        0.9999939534374440      
   9.6544274409691918E-014
    4.080000000000000         3.820573874139177        1.5488499537448467E-002 
   0.6241342147786750        -38.35346062016698        0.9999940994780702      
   9.5688163195845729E-014
    4.080000000000000         4.034186532974921        1.4657420954527323E-002 
   0.6258530977536003        -38.36628295561754        0.9999942472648277      
   9.4853997681239718E-014
    4.080000000000000         4.249529318623878        1.3847789087753557E-002 
   0.6274841018049289        -38.37929531177890        0.9999943965316749      
   9.4061050576107990E-014
    4.080000000000000         4.466659681189796        1.3061174850979964E-002 
   0.6290294793879191        -38.39249203949009        0.9999945470231376      
   9.3318662886136405E-014
    4.080000000000000         4.685632077883227        1.2298936881195984E-002 
   0.6304916208206155        -38.40586791310417        0.9999946984953679      
   9.2629891103436937E-014
    4.080000000000000         4.906497935255945        1.1562220570778218E-002 
   0.6318730343751557        -38.41941811429440        0.9999948507170308      
   9.1994128076453290E-014
    4.080000000000000         5.129305621094297        1.0851959809929479E-002 
   0.6331763264305238        -38.43313821415282        0.9999950034700003      
   9.1408843129792849E-014
    4.080000000000000         5.354100425780786        1.0168881213138210E-002 
   0.6344041819548544        -38.44702415378034        0.9999951565498646      
   9.0870653472129337E-014
    4.080000000000000         5.580924552890115        9.5135105675697180E-003 
   0.6355593455497734        -38.46107222358108        0.9999953097662595      
   9.0375934073009824E-014
    4.080000000000000         5.809817118746128        8.8861812158503427E-003 
   0.6366446032515557        -38.47527904149818        0.9999954629430331      
   8.9921134183047645E-014
    4.080000000000000         6.040814160629681        8.2870440703455353E-003 
   0.6376627652457891        -38.48964153046127        0.9999956159182686      
   8.9502921232295134E-014
    4.080000000000000         6.273948653295052        7.7160789500629063E-003 
   0.6386166496152470        -38.50415689532605        0.9999957685441777      
   8.9118230847296395E-014
    4.080000000000000         6.509250533423568        7.1731069337486637E-003 
   0.6395090672059235        -38.51882259957178        0.9999959206868646      
   8.8764270241624681E-014
    4.080000000000000         6.746746731618209        6.6578034324449751E-003 
   0.6403428076643685        -38.53363634199120        0.9999960722259867      
   8.8438501205281258E-014
    4.080000000000000         6.986461211521710        6.1697117004534535E-003 
   0.6411206266709220        -38.54859603357617        0.9999962230543217      
   8.8138616119658802E-014
    4.080000000000000         7.228415015623348        5.7082565240288647E-003 
   0.6418452343684447        -38.56369977478123        0.9999963730772586      
   8.7862513250041795E-014
    4.080000000000000         7.472626317305855        5.2727578509297679E-003 
   0.6425192849647962        -38.57894583332650        0.9999965222122190      
   8.7608273851209360E-014
    4.080000000000000         7.719110478673879        4.8624441499954801E-003 
   0.6431453674695862        -38.59433262267613        0.9999966703880410      
   8.7374141852081017E-014
    4.080000000000000         7.967880113698818        4.4764653171163963E-003 
   0.6437259975113614        -38.60985868130170        0.9999968175443087      
   8.7158506126498701E-014
    4.080000000000000         8.218945156211536        4.1139049713617946E-003 
   0.6442636101700184        -38.62552265281061        0.9999969636306747      
   8.6959885082351769E-014
    4.080000000000000         8.472312932274409        3.7737920118328938E-003 
   0.6447605537504653        -38.64132326699195        0.9999971086061575      
   8.6776913237725182E-014
    4.080000000000000         8.727988236466917        3.4551113313981861E-003 
   0.6452190844170057        -38.65725932180283        0.9999972524384398      
   8.6608329470445456E-014
    4.080000000000000         8.985973411624599        3.1568136073237630E-003 
   0.6456413616032363        -38.67332966628700        0.9999973951031691      
   8.6452966669344612E-014
    4.080000000000000         9.246268431579237        2.8778241105410270E-003 
   0.6460294441090219        -38.68953318439524        0.9999975365832682      
   8.6309742559406520E-014
    4.080000000000000         9.508870986458517        2.6170504947214696E-003 
   0.6463852867939969        -38.70586877966589        0.9999976768682625      
   8.6177651511517131E-014
    4.080000000000000         9.773776570115773        2.3733895437122727E-003 
   0.6467107377755558        -38.72233536071833        0.9999978159536248      
   8.6055757179756297E-014
    4.080000000000000         10.04097856927476        2.1457328725237208E-003 
   0.6470075360382456        -38.73893182748248        0.9999979538401491      
   8.5943185836677916E-014
    4.080000000000000         10.31046835399012        1.9329715970294831E-003 
   0.6472773093614127        -38.75565705805695        0.9999980905333669      
   8.5839120303710765E-014
    4.080000000000000         10.58223536904130        1.7340000226447245E-003 
   0.6475215724746870        -38.77250989609404        0.9999982260429741      
   8.5742794408062825E-014
    4.080000000000000         10.85626722589636        1.5477184846741546E-003 
   0.6477417253607267        -38.78948913862355        0.9999983603823043      
   8.5653487958319376E-014
    4.080000000000000         11.13254979490064        1.3730356855918375E-003 
   0.6479390516541208        -38.80659352418566        0.9999984935678200      
   8.5570522360336139E-014
    4.080000000000000         11.41106729736590        1.2088714140768239E-003 
   0.6481147171681780        -38.82382172109578        0.9999986256186594      
   8.5493257279001672E-014
    4.080000000000000         11.69180239725550        1.0541618206390676E-003 
   0.6482697687965797        -38.84117231564954        0.9999987565562760      
   8.5421089343562786E-014
    4.080000000000000         11.97473629218198        9.0787226089331032E-004 
   0.6484051345538271        -38.85864379989561        0.9999988864042347      
   8.5353455011294709E-014
    4.080000000000000         12.25984880345458        7.6902831402886167E-004 
   0.6485216266614777        -38.87623455848047        0.9999990151881650      
   8.5289841505167760E-014
    4.080000000000000         12.54711846493471        6.3678512759325926E-004 
   0.6486199518686329        -38.89394285464078        0.9999991429357933      
   8.5229811915922538E-014
    4.080000000000000         12.83652261047853        5.1056824523768051E-004 
   0.6487007371857778        -38.91176681597194        0.9999992696772930      
   8.5173051432308162E-014
    4.080000000000000         13.12803745976597        3.9033001250640134E-004 
   0.6487645850514800        -38.92970441940688        0.9999993954467846      
   8.5119436901327714E-014
    4.080000000000000         13.42163820233561        2.7696025147871863E-004 
   0.6488121783317888        -38.94775347403741        0.9999995202861537      
   8.5069113888159030E-014
    4.080000000000000         13.71729907966468        1.7284705657380096E-004 
   0.6488444584554616        -38.96591160268981        0.9999996442527522      
   8.5022525818914795E-014
    4.080000000000000         14.01499346515192        8.2492770497833432E-005 
   0.6488628928526292        -38.98417622132790        0.9999997674341999      
   8.4980279085807734E-014
    4.080000000000000         14.31469394187969        1.2985514022152315E-005 
   0.6488698257908707        -39.00254451404585        0.9999998899740828      
   8.4942671761361726E-014
    4.080000000000000         14.61637237804932       -2.5893706261026774E-005 
   0.6488688747478140        -39.02101340320608         1.000000012113359      
   8.4908728691382464E-014
    4.080000000000000         14.92000000000000       -2.5893706261026774E-005 
   0.6488707768339276        -39.03948229236630         1.000000134252635      
   8.4874785621403202E-014
    4.319999999999999        -4.227026579539560         0.000000000000000      
   0.5000000000000000        -40.46945556617610         1.000000000000000      
    0.000000000000000     
    4.319999999999999        -4.014206434341432        6.3292618676815630E-003 
   0.5004429454490833        -40.46945556617610        0.9999980502552326      
   1.0168302307566837E-019
    4.319999999999999        -3.803070304910810        1.2156471234211222E-002 
   0.5017287434920010        -40.46615072714042        0.9999963461405710      
   2.8285225745763958E-019
    4.319999999999999        -3.593549933081869        1.7273959649254114E-002 
   0.5037589266247091        -40.46349966892895        0.9999950081399435      
   6.6137102220342975E-019
    4.319999999999999        -3.385574045583126        2.1566054736773262E-002 
   0.5064168263185164        -40.46149182883396        0.9999939910945022      
   1.4610046856197249E-018
    4.319999999999999        -3.179068445902549        2.4997048173003571E-002 
   0.5095792578901888        -40.46012004961451        0.9999932422325087      
   3.1080220582569264E-018
    4.319999999999999        -2.973956117362914        2.7603355850798397E-002 
   0.5131263773551290        -40.45937578615926        0.9999927075967332      
   6.3910712278164783E-018
    4.319999999999999        -2.770157337224366        2.9474377041976224E-002 
   0.5169497455404792        -40.45924887254919        0.9999923371090864      
   1.2715489934354173E-017
    4.319999999999999        -2.567589801560878        3.0728829460703100E-002 
   0.5209572836732416        -40.45972744646625        0.9999920877364764      
   2.4487064153684007E-017
    4.319999999999999        -2.366168760586374        3.1492855466651565E-002 
   0.5250750882711279        -40.46079816241776        0.9999919248547107      
   4.5656593278099205E-017
    4.319999999999999        -2.165807164036497        3.1883792437954563E-002 
   0.5292467320874515        -40.46244658309007        0.9999918221652239      
   8.2439050700902409E-017
    4.319999999999999        -1.966415816142869        3.2000807352451477E-002 
   0.5334309678242618        -40.46465743794149        0.9999917607279202      
   1.4418308943737853E-016
    4.319999999999999        -1.767903539669862        3.1921583350121782E-002 
   0.5375987225882249        -40.46741488773761        0.9999917275837555      
   2.4430432627495932E-016
    4.319999999999999        -1.570177348419479        3.1703251544488553E-002 
   0.5417300590543053        -40.47070286939427        0.9999917142721610      
   4.0111235369728540E-016
    4.319999999999999        -1.373142627548817        3.1385637710645460E-002 
   0.5458115133606269        -40.47450534949584        0.9999917154831738      
   6.3827107955231317E-016
    4.319999999999999        -1.176703320987477        3.0995283934436096E-002 
   0.5498339843129980        -40.47880643187968        0.9999917279914462      
   9.8456244216721658E-016
    4.319999999999999       -0.9807621251897585        3.0549265612928221E-002 
   0.5537911843170966        -40.48359040333725        0.9999917498922754      
   1.4726130686644491E-015
    4.319999999999999       -0.7852206884089804        3.0058329318983230E-002 
   0.5576785735256619        -40.48884178041880        0.9999917800853113      
   2.1363311607709537E-015
    4.319999999999999       -0.5899798146396622        2.9529231091035585E-002 
   0.5614926670723858        -40.49454536398776        0.9999918179378765      
   3.0070103632097905E-015
    4.319999999999999       -0.3949396713377247        2.8966352177190700E-002 
   0.5652306082044616        -40.50068628466427        0.9999918630727092      
   4.1083778410593798E-015
    4.319999999999999       -0.2000000000000011        2.8372748065952240E-002 
   0.5688899150107867        -40.50725002687165        0.9999919152400777      
   5.4512373330084365E-015
    4.319999999999999       -5.0612032226220773E-003   2.7750796658399704E-002 
   0.5724683242434716        -40.51422241110294        0.9999919742449234      
   7.0286743191488395E-015
    4.319999999999999        0.1899728225015762        2.7102585743848245E-002 
   0.5759637099022581        -40.52158952866372        0.9999920399104336      
   8.8129349459011238E-015
    4.319999999999999        0.3851971143511089        2.6430115441036128E-002 
   0.5793740740571280        -40.52933778621393        0.9999921120623654      
   1.0755052443314420E-014
    4.319999999999999        0.5807063267879043        2.5735404756941721E-002 
   0.5826975611496985        -40.53745394932459        0.9999921905198728      
   1.2787753836908139E-014
    4.319999999999999        0.7765945422431204        2.5020543414353537E-002 
   0.5859324665476867        -40.54592515140656        0.9999922750909666      
   1.4831544232112175E-014
    4.319999999999999        0.9729550842390562        2.4287711420591045E-002 
   0.5890772465625081        -40.55473890079963        0.9999923655702430      
   1.6803131117776907E-014
    4.319999999999999         1.169880333731538        2.3539180693473324E-002 
   0.5921305307462632        -40.56388308836407        0.9999924617374014      
   1.8624747736745101E-014
    4.319999999999999         1.367461549433629        2.2777306634134294E-002 
   0.5950911346527956        -40.57334599241601        0.9999925633567383      
   2.0232674131613242E-014
    4.319999999999999         1.565788692852865        2.2004513908699348E-002 
   0.5979580719919546        -40.58311628116281        0.9999926701779136      
   2.1583423583512627E-014
    4.319999999999999         1.764950258740411        2.1223278765006307E-002 
   0.6007305655011690        -40.59318301462712        0.9999927819377290      
   2.2656614742279974E-014
    4.319999999999999         1.965033111612069        2.0436109225353140E-002 
   0.6034080560915733        -40.60353564743222        0.9999928983623161      
   2.3454316714167020E-014
    4.319999999999999         2.166122328958343        1.9645524016156740E-002 
   0.6059902099768160        -40.61416403236960        0.9999930191693158      
   2.3997407000029306E-014
    4.319999999999999         2.368301051714338        1.8854030868822078E-002 
   0.6084769235927665        -40.62505842412357        0.9999931440699475      
   2.4320015498877834E-014
    4.319999999999999         2.571650342510284        1.8064104718353815E-002 
   0.6108683261886443        -40.63620948272561        0.9999932727709746      
   2.4463328119793695E-014
    4.319999999999999         2.776249052171010        1.7278166268632572E-002 
   0.6131647800326970        -40.64760827640325        0.9999934049765860      
   2.4469894150668440E-014
    4.319999999999999         2.982173694877646        1.6498561352547222E-002 
   0.6153668782345023        -40.65924628343443        0.9999935403902416      
   2.4379221886195067E-014
    4.319999999999999         3.189498332348288        1.5727541476200039E-002 
   0.6174754402399110        -40.67111539278034        0.9999936787165177      
   2.4225001535897988E-014
    4.319999999999999         3.398294467336542        1.4967245893134456E-002 
   0.6194915051034935        -40.68320790352061        0.9999938196629228      
   2.4033896518020232E-014
    4.319999999999999         3.608630946688375        1.4219685505298231E-002 
   0.6214163226883859        -40.69551652312105        0.9999939629416182      
   2.3825577786841676E-014
    4.319999999999999         3.820573874139177        1.3486728832740968E-002 
   0.6232513429833861        -40.70803436435971        0.9999941082710032      
   2.3613563874955435E-014
    4.319999999999999         4.034186532974921        1.2770090235280272E-002 
   0.6249982037587294        -40.72075494062985        0.9999942553771675      
   2.3406446177367831E-014
    4.319999999999999         4.249529318623878        1.2071320508485799E-002 
   0.6266587168035433        -40.73367215946248        0.9999944039952283      
   2.3209174223610976E-014
    4.319999999999999         4.466659681189796        1.1391799915337071E-002 
   0.6282348530006590        -40.74678031429894        0.9999945538705478      
   2.3024197520351650E-014
    4.319999999999999         4.685632077883227        1.0732733655818649E-002 
   0.6297287264999221        -40.76007407463305        0.9999947047598096      
   2.2852371016539180E-014
    4.319999999999999         4.906497935255945        1.0095149721346064E-002 
   0.6311425782500637        -40.77354847463192        0.9999948564319167      
   2.2693611036480130E-014
    4.319999999999999         5.129305621094297        9.4798990308066385E-003 
   0.6324787591415784        -40.78719890031627        0.9999950086687075      
   2.2547334254702237E-014
    4.319999999999999         5.354100425780786        8.8876577013841940E-003 
   0.6337397129994715        -40.80102107537614        0.9999951612654870      
   2.2412730243667051E-014
    4.319999999999999         5.580924552890115        8.3189312710728307E-003 
   0.6349279596462147        -40.81501104571772        0.9999953140313770      
   2.2288918106815305E-014
    4.319999999999999         5.809817118746128        7.7740606613856383E-003 
   0.6360460782330066        -40.82916516287166        0.9999954667895128      
   2.2175028788930463E-014
    4.319999999999999         6.040814160629681        7.2532296483720660E-003 
   0.6370966910127478        -40.84348006643599        0.9999956193770849      
   2.2070243258639951E-014
    4.319999999999999         6.273948653295052        6.7564735975016478E-003 
   0.6380824477022387        -40.85795266575126        0.9999957716452581      
   2.1973806450144227E-014
    4.319999999999999         6.509250533423568        6.2836892128051644E-003 
   0.6390060105550029        -40.87258012100599        0.9999959234589589      
   2.1885029011644212E-014
    4.319999999999999         6.746746731618209        5.8346450522087073E-003 
   0.6398700402405453        -40.88735982395434        0.9999960746965625      
   2.1803283611268968E-014
    4.319999999999999         6.986461211521710        5.4089925684120514E-003 
   0.6406771826012514        -40.90228937841417        0.9999962252494762      
   2.1727999294381956E-014
    4.319999999999999         7.228415015623348        5.0062774469899814E-003 
   0.6414300563349747        -40.91736658070646        0.9999963750216608      
   2.1658655542124360E-014
    4.319999999999999         7.472626317305855        4.6259510296600588E-003 
   0.6421312416300414        -40.93258940019083        0.9999965239290687      
   2.1594776715894507E-014
    4.319999999999999         7.719110478673879        4.2673816298340623E-003 
   0.6427832697601792        -40.94795596003889        0.9999966718990472      
   2.1535927107292666E-014
    4.319999999999999         7.967880113698818        3.9298655687183097E-003 
   0.6433886136298193        -40.96346451836988        0.9999968188696915      
   2.1481706610227079E-014
    4.319999999999999         8.218945156211536        3.6126377824454098E-003 
   0.6439496792452447        -40.97911344984725        0.9999969647891782      
   2.1431746956098734E-014
    4.319999999999999         8.472312932274409        3.3148818732364731E-003 
   0.6444687980740800        -40.99490122780861        0.9999971096150754      
   2.1385708433493359E-014
    4.319999999999999         8.727988236466917        3.0357394997058600E-003 
   0.6449482202444844        -41.01082640697253        0.9999972533136524      
   2.1343277016440701E-014
    4.319999999999999         8.985973411624599        2.7743190225427874E-003 
   0.6453901085259249        -41.02688760673998        0.9999973958591881      
   2.1304161834899105E-014
    4.319999999999999         9.246268431579237        2.5297033414876853E-003 
   0.6457965330254137        -41.04308349509482        0.9999975372332959      
   2.1268092931628232E-014
    4.319999999999999         9.508870986458517        2.3009568775098372E-003 
   0.6461694665263532        -41.05941277310240        0.9999976774242501      
   2.1234819258999956E-014
    4.319999999999999         9.773776570115773        2.0871316705563529E-003 
   0.6465107803913478        -41.07587415999939        0.9999978164263477      
   2.1204106877202708E-014
    4.319999999999999         10.04097856927476        1.8872725792232990E-003 
   0.6468222409453928        -41.09246637883056        0.9999979542392813      
   2.1175737322086820E-014
    4.319999999999999         10.31046835399012        1.7004215876815268E-003 
   0.6471055062523237        -41.10918814254721        0.9999980908675549      
   2.1149506117543175E-014
    4.319999999999999         10.58223536904130        1.5256212574209483E-003 
   0.6473621231971369        -41.12603814048148        0.9999982263199176      
   2.1125221415932721E-014
    4.319999999999999         10.85626722589636        1.3619174350364724E-003 
   0.6475935247942842        -41.14301502512500        0.9999983606088255      
   2.1102702765498953E-014
    4.319999999999999         11.13254979490064        1.2083615150334460E-003 
   0.6478010276703355        -41.16011739909622        0.9999984937499328      
   2.1081780036507108E-014
    4.319999999999999         11.41106729736590        1.0640130312146580E-003 
   0.6479858297537253        -41.17734380213127        0.9999986257616357      
   2.1062292609598652E-014
    4.319999999999999         11.69180239725550        9.2794448345916289E-004 
   0.6481490084273569        -41.19469269791198        0.9999987566647055      
   2.1044089078668299E-014
    4.319999999999999         11.97473629218198        7.9925279783110974E-004 
   0.6482915199391959        -41.21216246035915        0.9999988864820882      
   2.1027027999467347E-014
    4.319999999999999         12.25984880345458        6.7708673517549375E-004 
   0.6484142020627709        -41.22975135888985        0.9999990152388469      
   2.1010980660552307E-014
    4.319999999999999         12.54711846493471        5.6070795500037904E-004 
   0.6485177843943970        -41.24745754271248        0.9999991429622029      
   2.0995837381243305E-014
    4.319999999999999         12.83652261047853        4.4961489509480956E-004 
   0.6486029148748129        -41.26527902480426        0.9999992696818679      
   2.0981519024606437E-014
    4.319999999999999         13.12803745976597        3.4376831024959288E-004 
   0.6486702172944079        -41.28321366504508        0.9999993954315465      
   2.0967994166153329E-014
    4.319999999999999         13.42163820233561        2.4395271227244190E-004 
   0.6487204013297669        -41.30125915123977        0.9999995202527451      
   2.0955297797870360E-014
    4.319999999999999         13.71729907966468        1.5227053699952002E-004 
   0.6487544498547455        -41.31941297916744        0.9999996442024679      
   2.0943537598165429E-014
    4.319999999999999         14.01499346515192        7.2686288360869771E-005 
   0.6487739009346761        -41.33767243099922        0.9999997673680086      
   2.0932859007636058E-014
    4.319999999999999         14.31469394187969        1.1445818419079824E-005 
   0.6487812187898141        -41.35603454988576        0.9999998898926417      
   2.0923327500537493E-014
    4.319999999999999         14.61637237804932       -2.2822836279425476E-005 
   0.6487802144418152        -41.37449610943420         1.000000012017012      
   2.0914693160979633E-014
    4.319999999999999         14.92000000000000       -2.2822836279425476E-005 
   0.6487822231378130        -41.39295766898263         1.000000134141383      
   2.0906058821421772E-014
    4.560000000000000        -4.227026579539560         0.000000000000000      
   0.5000000000000000        -42.82762089410197         1.000000000000000      
    0.000000000000000     
    4.560000000000000        -4.014206434341432        5.3350552044792686E-003 
   0.5004374360340640        -42.82762089410197        0.9999980576856032      
   2.5919727520001156E-020
    4.560000000000000        -3.803070304910810        1.0247740788013403E-002 
   0.5017077770589744        -42.82435057613642        0.9999963597566086      
   7.1879462830353064E-020
    4.560000000000000        -3.593549933081869        1.4562622879869465E-002 
   0.5037146348237515        -42.82171982002492        0.9999950262468885      
   1.6742269817487693E-019
    4.560000000000000        -3.385574045583126        1.8181961565721154E-002 
   0.5063431972173782        -42.81971903406868        0.9999940123225158      
   3.6836318358219065E-019
    4.560000000000000        -3.179068445902549        2.1075496143469631E-002 
   0.5094718223540836        -42.81834190338342        0.9999932655300692      
   7.8054830455408530E-019
    4.560000000000000        -2.973956117362914        2.3273798686726497E-002 
   0.5129819190917939        -42.81758055414945        0.9999927321921660      
   1.5989952660984119E-018
    4.560000000000000        -2.770157337224366        2.4852143012708699E-002 
   0.5167660477867556        -42.81742535132423        0.9999923624571951      
   3.1698515881955769E-018
    4.560000000000000        -2.567589801560878        2.5910564008630066E-002 
   0.5207329128594429        -42.81786487818250        0.9999921134631776      
   6.0834639571297037E-018
    4.560000000000000        -2.366168760586374        2.6555400472893669E-002 
   0.5248092148261004        -42.81888619977637        0.9999919507074242      
   1.1305835697281715E-017
    4.560000000000000        -2.165807164036497        2.6885604209295526E-002 
   0.5289389887509744        -42.82047528830311        0.9999918479729610      
   2.0351403725880292E-017
    4.560000000000000        -1.966415816142869        2.6984832204658554E-002 
   0.5330813440499927        -42.82261730133379        0.9999917863721818      
   3.5490855881389382E-017
    4.560000000000000        -1.767903539669862        2.6918641449475873E-002 
   0.5372074911721946        -42.82529685734384        0.9999917529788180      
   5.9972808326487984E-017
    4.560000000000000        -1.570177348419479        2.6735265340990078E-002 
   0.5412977293411807        -42.82849838535390        0.9999917393522542      
   9.8218397899781483E-017
    4.560000000000000        -1.373142627548817        2.6468344615050758E-002 
   0.5453388047050729        -42.83220637828223        0.9999917401944085      
   1.5592667987561656E-016
    4.560000000000000        -1.176703320987477        2.6140314031192512E-002 
   0.5493218137346345        -42.83640549752973        0.9999917522870070      
   2.4001272047859672E-016
    4.560000000000000       -0.9807621251897585        2.5765618172338085E-002 
   0.5532406631147693        -42.84108061480626        0.9999917737297781      
   3.5829840302801800E-016
    4.560000000000000       -0.7852206884089804        2.5353355684992890E-002 
   0.5570910086665879        -42.84621685511362        0.9999918034254994      
   5.1889728061541594E-016
    4.560000000000000       -0.5899798146396622        2.4909249992573192E-002 
   0.5608695642066424        -42.85179964775072        0.9999918407440813      
   7.2928462023724188E-016
    4.560000000000000       -0.3949396713377247        2.4437011191323476E-002 
   0.5645736740516050        -42.85781476842129        0.9999918853107116      
   9.9511935267403120E-016
    4.560000000000000       -0.2000000000000011        2.3939220406970899E-002 
   0.5682010576197647        -42.86424836006199        0.9999919368781617      
   1.3189722708098988E-015
    4.560000000000000       -5.0612032226220773E-003   2.3417876395432736E-002 
   0.5717496502593513        -42.87108691244323        0.9999919952540209      
   1.6991886802249200E-015
    4.560000000000000        0.1899728225015762        2.2874722528300619E-002 
   0.5752175181623469        -42.87831719508478        0.9999920602642793      
   2.1291472054899457E-015
    4.560000000000000        0.3851971143511089        2.2311418090404468E-002 
   0.5786028449706411        -42.88592629670281        0.9999921317376190      
   2.5971679619471808E-015
    4.560000000000000        0.5807063267879043        2.1729628966363254E-002 
   0.5819039418814138        -42.89390166389483        0.9999922094962261      
   3.0871959196967553E-015
    4.560000000000000        0.7765945422431204        2.1131072397256194E-002 
   0.5851192523575260        -42.90223110555957        0.9999922933512351      
   3.5802368024839784E-015
    4.560000000000000        0.9729550842390562        2.0517534741392632E-002 
   0.5882473586743513        -42.91090279527317        0.9999923831004373      
   4.0563505140486657E-015
    4.560000000000000         1.169880333731538        1.9890874274616159E-002 
   0.5912869912027201        -42.91990527397958        0.9999924785267800      
   4.4968646254218680E-015
    4.560000000000000         1.367461549433629        1.9253015640097949E-002 
   0.5942370387052656        -42.92922744992065        0.9999925793978324      
   4.8864074833877964E-015
    4.560000000000000         1.565788692852865        1.8605939494064420E-002 
   0.5970965586439951        -42.93885859606850        0.9999926854665360      
   5.2143977132717621E-015
    4.560000000000000         1.764950258740411        1.7951669258568906E-002 
   0.5998647868687546        -42.94878834716887        0.9999927964729520      
   5.4757543947863172E-015
    4.560000000000000         1.965033111612069        1.7292256060570006E-002 
   0.6025411462667785        -42.95900669789047        0.9999929121464235      
   5.6707713319308635E-015
    4.560000000000000         2.166122328958343        1.6629762532757129E-002 
   0.6051252540823662        -42.96950400211725        0.9999930322077257      
   5.8042765464388195E-015
    4.560000000000000         2.368301051714338        1.5966245963697008E-002 
   0.6076169276946188        -42.98027097286420        0.9999931563711091      
   5.8843261392099304E-015
    4.560000000000000         2.571650342510284        1.5303741199277899E-002 
   0.6100161886936677        -42.99129868248358        0.9999932843462281      
   5.9207324076210044E-015
    4.560000000000000         2.776249052171010        1.4644243655925392E-002 
   0.6123232651406008        -43.00257856290180        0.9999934158399962      
   5.9236991027565574E-015
    4.560000000000000         2.982173694877646        1.3989692780199240E-002 
   0.6145385919400080        -43.01410240555870        0.9999935505584029      
   5.9027542546211037E-015
    4.560000000000000         3.189498332348288        1.3341956265913727E-002 
   0.6166628092958817        -43.02586236086143        0.9999936882083349      
   5.8660665316305157E-015
    4.560000000000000         3.398294467336542        1.2702815313231827E-002 
   0.6186967592618560        -43.03785093719560        0.9999938284993729      
   5.8201361943152804E-015
    4.560000000000000         3.608630946688375        1.2073951182344420E-002 
   0.6206414804369431        -43.05006099952080        0.9999939711454991      
   5.7697867802827270E-015
    4.560000000000000         3.820573874139177        1.1456933257245061E-002 
   0.6224982008967861        -43.06248576735024        0.9999941158666700      
   5.7183549827384606E-015
    4.560000000000000         4.034186532974921        1.0853208793559131E-002 
   0.6242683294845474        -43.07511881179050        0.9999942623902653      
   5.6679783783172632E-015
    4.560000000000000         4.249529318623878        1.0264094479627736E-002 
   0.6259534456129379        -43.08795405142167        0.9999944104524253      
   5.6199021573057001E-015
    4.560000000000000         4.466659681189796        9.6907698935688128E-003 
   0.6275552877501993        -43.10098574697489        0.9999945597992709      
   5.5747545852305747E-015
    4.560000000000000         4.685632077883227        9.1342728924137008E-003 
   0.6290757407792267        -43.11420849484111        0.9999947101879902      
   5.5327673765722225E-015
    4.560000000000000         4.906497935255945        8.5954969241602217E-003 
   0.6305168224304347        -43.12761721942649        0.9999948613877478      
   5.4939366245212436E-015
    4.560000000000000         5.129305621094297        8.0751902111032420E-003 
   0.6318806689948234        -43.14120716433664        0.9999950131804143      
   5.4581313511508857E-015
    4.560000000000000         5.354100425780786        7.5739567143102045E-003 
   0.6331695205238734        -43.15497388236913        0.9999951653611119      
   5.4251614590594669E-015
    4.560000000000000         5.580924552890115        7.0922587555814574E-003 
   0.6343857057178363        -43.16891322431166        0.9999953177385865      
   5.3948171479506901E-015
    4.560000000000000         5.809817118746128        6.6304211453780369E-003 
   0.6355316266944145        -43.18302132658734        0.9999954701354212      
   5.3668898756825374E-015
    4.560000000000000         6.040814160629681        6.1886366434593951E-003 
   0.6366097438165703        -43.19729459783591        0.9999956223880951      
   5.3411822643823362E-015
    4.560000000000000         6.273948653295052        5.7669725634910138E-003 
   0.6376225607422064        -43.21172970455755        0.9999957743469247      
   5.3175118741519717E-015
    4.560000000000000         6.509250533423568        5.3653783235620128E-003 
   0.6385726098405415        -43.22632355595395        0.9999959258758717      
   5.2957118543742565E-015
    4.560000000000000         6.746746731618209        4.9836937410747397E-003 
   0.6394624381007674        -43.24107328810125        0.9999960768522477      
   5.2756301753808597E-015
    4.560000000000000         6.986461211521710        4.6216578723131292E-003 
   0.6402945936385240        -43.25597624758627        0.9999962271663237      
   5.2571283310893378E-015
    4.560000000000000         7.228415015623348        4.2789182035013508E-003 
   0.6410716128853909        -43.27102997474315        0.9999963767208626      
   5.2400799388242318E-015
    4.560000000000000         7.472626317305855        3.9550400106189666E-003 
   0.6417960085265255        -43.28623218663241        0.9999965254305849      
   5.2243694169774891E-015
    4.560000000000000         7.719110478673879        3.6495157187998507E-003 
   0.6424702582322315        -43.30158075990152        0.9999966732215809      
   5.2098908014197317E-015
    4.560000000000000         7.967880113698818        3.3617741080517807E-003 
   0.6430967942108864        -43.31707371365260        0.9999968200306866      
   5.1965467085341980E-015
    4.560000000000000         8.218945156211536        3.0911892294785267E-003 
   0.6436779935934727        -43.33270919242445        0.9999969658048222      
   5.1842474323741087E-015
    4.560000000000000         8.472312932274409        2.8370889144655057E-003 
   0.6442161696440540        -43.34848544937203        0.9999971105003187      
   5.1729101577458369E-015
    4.560000000000000         8.727988236466917        2.5987627777023271E-003 
   0.6447135637759676        -43.36440082970381        0.9999972540822362      
   5.1624582712079734E-015
    4.560000000000000         8.985973411624599        2.3754696329066388E-003 
   0.6451723383402872        -43.38045375442169        0.9999973965236811      
   5.1528207541033308E-015
    4.560000000000000         9.246268431579237        2.1664442572200621E-003 
   0.6455945701412558        -43.39664270439789        0.9999975378051397      
   5.1439316442010484E-015
    4.560000000000000         9.508870986458517        1.9709034562140778E-003 
   0.6459822446228337        -43.41296620482166        0.9999976779138191      
   5.1357295547648662E-015
    4.560000000000000         9.773776570115773        1.7880513963249639E-003 
   0.6463372506611038        -43.42942281003817        0.9999978168430055      
   5.1281572417654311E-015
    4.560000000000000         10.04097856927476        1.6170841861605932E-003 
   0.6466613758889216        -43.44601108875795        0.9999979545914474      
   5.1211612115990869E-015
    4.560000000000000         10.31046835399012        1.4571937053931912E-003 
   0.6469563024725851        -43.46272960956735        0.9999980911627672      
   5.1146913632989051E-015
    4.560000000000000         10.58223536904130        1.3075707085622472E-003 
   0.6472236032572831        -43.47957692667400        0.9999982265648958      
   5.1087006613528699E-015
    4.560000000000000         10.85626722589636        1.1674072951445079E-003 
   0.6474647382033373        -43.49655156582954        0.9999983608095312      
   5.1031448390724434E-015
    4.560000000000000         11.13254979490064        1.0358989987942844E-003 
   0.6476810510622850        -43.51365201033035        0.9999984939116284      
   5.0979821405987285E-015
    4.560000000000000         11.41106729736590        9.1224715533883255E-004 
   0.6478737663270215        -43.53087668694011        0.9999986258889367      
   5.0931731273708024E-015
    4.560000000000000         11.69180239725550        7.9566317878885140E-004 
   0.6480439867193121        -43.54822395155180        0.9999987567616389      
   5.0886806114659153E-015
    4.560000000000000         11.97473629218198        6.8537850537985271E-004 
   0.6481926920356056        -43.56569207421455        0.9999988865521361      
   5.0844698462940904E-015
    4.560000000000000         12.25984880345458        5.8066817210647285E-004 
   0.6483207414138875        -43.58327922300695        0.9999990152850026      
   5.0805092127417858E-015
    4.560000000000000         12.54711846493471        4.8090317882769693E-004 
   0.6484288835764218        -43.60098344681454        0.9999991429870144      
   5.0767717638229433E-015
    4.560000000000000         12.83652261047853        3.8565659925508605E-004 
   0.6485177839882610        -43.61880265764381        0.9999992696874804      
   5.0732380265358774E-015
    4.560000000000000         13.12803745976597        2.9489674329222064E-004 
   0.6485880843405188        -43.63673461197008        0.9999993954197393      
   5.0699001398539106E-015
    4.560000000000000         13.42163820233561        2.0929686010694843E-004 
   0.6486405169369196        -43.65477688997428        0.9999995202249652      
   5.0667662791186057E-015
    4.560000000000000         13.71729907966468        1.3065908542255855E-004 
   0.6486761000526282        -43.67292687416644        0.9999996441598560      
   5.0638619225892725E-015
    4.560000000000000         14.01499346515192        6.2382554310782035E-005 
   0.6486964328328300        -43.69118172737480        0.9999997673114189      
   5.0612210024139850E-015
    4.560000000000000         14.31469394187969        9.8269309061756619E-006 
   0.6487040840734255        -43.70953836855103        0.9999998898226542      
   5.0588571576712692E-015
    4.560000000000000         14.61637237804932       -1.9594309969591765E-005 
   0.6487030336935486        -43.72799344437535         1.000000011933931      
   5.0567077085530908E-015
    4.560000000000000         14.92000000000000       -1.9594309969591765E-005 
   0.6487051344533024        -43.74644852019967         1.000000134045207      
   5.0545582594349123E-015
    4.800000000000000        -4.227026579539560         0.000000000000000      
   0.5000000000000000        -45.18500668727486         1.000000000000000      
    0.000000000000000     
    4.800000000000000        -4.014206434341432        4.3523637951630592E-003 
   0.5004327647618588        -45.18500668727486        0.9999980638576272      
   6.4851212954235059E-021
    4.800000000000000        -3.803070304910810        8.3598175697117659E-003 
   0.5016901341205284        -45.18176423759039        0.9999963710679314      
   1.7929122290226308E-020
    4.800000000000000        -3.593549933081869        1.1879374083399740E-002 
   0.5036776256223572        -45.17914879758635        0.9999950412906921      
   4.1600225826755316E-020
    4.800000000000000        -3.385574045583126        1.4831584683538941E-002 
   0.5062819544618371        -45.17715234848175        0.9999940299612210      
   9.1162499167293884E-020
    4.800000000000000        -3.179068445902549        1.7191925639832926E-002 
   0.5093826752264159        -45.17576965595922        0.9999932848900807      
   1.9241325281445418E-019
    4.800000000000000        -2.973956117362914        1.8985359071676887E-002 
   0.5128621702401346        -45.17499350946307        0.9999927526322395      
   3.9268608751673210E-019
    4.800000000000000        -2.770157337224366        2.0273236747784959E-002 
   0.5166138036552386        -45.17481468143684        0.9999923835241161      
   7.7566823184848298E-019
    4.800000000000000        -2.567589801560878        2.1137091307399769E-002 
   0.5205469357617621        -45.17522203880755        0.9999921348457943      
   1.4835551465544838E-018
    4.800000000000000        -2.366168760586374        2.1663612648587294E-002 
   0.5245887902059116        -45.17620289284862        0.9999919721957160      
   2.7481993190752225E-018
    4.800000000000000        -2.165807164036497        2.1933491298582096E-002 
   0.5286838113184515        -45.17774347355703        0.9999918694248980      
   4.9318548867412996E-018
    4.800000000000000        -1.966415816142869        2.2014966894670553E-002 
   0.5327914268034719        -45.17982923008202        0.9999918076893320      
   8.5759319702375111E-018
    4.800000000000000        -1.767903539669862        2.1961533693791016E-002 
   0.5368830981564201        -45.18244511437197        0.9999917740898917      
   1.4452677841776743E-017
    4.800000000000000        -1.570177348419479        2.1812566530213705E-002 
   0.5409393299345486        -45.18557593204924        0.9999917602025438      
   2.3610109691310736E-017
    4.800000000000000        -1.373142627548817        2.1595541989914500E-002 
   0.5449470454405778        -45.18920659246621        0.9999917607391717      
   3.7395658429899973E-017
    4.800000000000000        -1.176703320987477        2.1328796020169512E-002 
   0.5488975031010352        -45.19332220744789        0.9999917724874825      
   5.7440372608301034E-017
    4.800000000000000       -0.9807621251897585        2.1024143654220184E-002 
   0.5527847650463391        -45.19790812678619        0.9999917935509580      
   8.5585238066791453E-017
    4.800000000000000       -0.7852206884089804        2.0689033737744798E-002 
   0.5566046411075642        -45.20294997553828        0.9999918228350044      
   1.2373624853143982E-016
    4.800000000000000       -0.5899798146396622        2.0328155159851348E-002 
   0.5603539999377640        -45.20843370026616        0.9999918597116852      
   1.7364648980266167E-016
    4.800000000000000       -0.3949396713377247        1.9944547100078251E-002 
   0.5640303417204836        -45.21434560719276        0.9999919038082082      
   2.3664099447739287E-016
    4.800000000000000       -0.2000000000000011        1.9540320174994033E-002 
   0.5676315415787352        -45.22067237970445        0.9999919548794060      
   3.1332030584006402E-016
    4.800000000000000       -5.0612032226220773E-003   1.9117102358825591E-002 
   0.5711556883784856        -45.22740105546145        0.9999920127350419      
   4.0329561794213323E-016
    4.800000000000000        0.1899728225015762        1.8676305942118908E-002 
   0.5746009969800374        -45.23451895776797        0.9999920772034118      
   5.0501598063313503E-016
    4.800000000000000        0.3851971143511089        1.8219267721645852E-002 
   0.5779657916801404        -45.24201373097257        0.9999921481156049      
   6.1574619418629707E-016
    4.800000000000000        0.5807063267879043        1.7747323585381222E-002 
   0.5812485131270970        -45.24987337542943        0.9999922252963022      
   7.3172455953288189E-016
    4.800000000000000        0.7765945422431204        1.7261845762277385E-002 
   0.5844477200862537        -45.25808624857181        0.9999923085592027      
   8.4849558983704677E-016
    4.800000000000000        0.9729550842390562        1.6764258166121669E-002 
   0.5875620933025443        -45.26664106380168        0.9999923977047177      
   9.6137310335322970E-016
    4.800000000000000         1.169880333731538        1.6256039627591101E-002 
   0.5905904424257646        -45.27552688953561        0.9999924925184511      
   1.0659561039662855E-015
    4.800000000000000         1.367461549433629        1.5738720382724211E-002 
   0.5935317143492147        -45.28473314538765        0.9999925927706474      
   1.1586049294866348E-015
    4.800000000000000         1.565788692852865        1.5213874685302088E-002 
   0.5963850020137853        -45.29424959582551        0.9999926982169235      
   1.2367931598053071E-015
    4.800000000000000         1.764950258740411        1.4683111074389736E-002 
   0.5991495530839759        -45.30406634349639        0.9999928086000023      
   1.2992796536967075E-015
    4.800000000000000         1.965033111612069        1.4148061148113070E-002 
   0.6018247780965738        -45.31417382380777        0.9999929236518466      
   1.3460861511165776E-015
    4.800000000000000         2.166122328958343        1.3610367364956331E-002 
   0.6044102577959849        -45.32456280088914        0.9999930430957921      
   1.3783070527830203E-015
    4.800000000000000         2.368301051714338        1.3071670241683649E-002 
   0.6069057494341099        -45.33522436449720        0.9999931666485642      
   1.3978081231760710E-015
    4.800000000000000         2.571650342510284        1.2533595249643955E-002 
   0.6093111918508962        -45.34614992760670        0.9999932940221844      
   1.4068834053295589E-015
    4.800000000000000         2.776249052171010        1.1997739681122242E-002 
   0.6116267091832961        -45.35733122449003        0.9999934249257963      
   1.4079341948882086E-015
    4.800000000000000         2.982173694877646        1.1465659741058802E-002 
   0.6138526130823629        -45.36876030900999        0.9999935590674685      
   1.4032153902082991E-015
    4.800000000000000         3.189498332348288        1.0938858105808694E-002 
   0.6159894033502262        -45.38042955297582        0.9999936961559912      
   1.3946705105515729E-015
    4.800000000000000         3.398294467336542        1.0418772174729134E-002 
   0.6180377669413690        -45.39233164462961        0.9999938359026606      
   1.3838544765024631E-015
    4.800000000000000         3.608630946688375        9.9067632203765302E-003 
   0.6199985753077426        -45.40445958729605        0.9999939780229721      
   1.3719277462894115E-015
    4.800000000000000         3.820573874139177        9.4041066185694272E-003 
   0.6218728801036861        -45.41680669798522        0.9999941222381858      
   1.3596982386301063E-015
    4.800000000000000         4.034186532974921        8.9119833108849810E-003 
   0.6236619073009222        -45.42936660559864        0.9999942682767708      
   1.3476875601300887E-015
    4.800000000000000         4.249529318623878        8.4314726200902940E-003 
   0.6253670497939818        -45.44213324848105        0.9999944158757427      
   1.3362027974095553E-015
    4.800000000000000         4.466659681189796        7.9635465046048615E-003 
   0.6269898586027298        -45.45510087122411        0.9999945647818856      
   1.3254017014626287E-015
    4.800000000000000         4.685632077883227        7.5090653025174370E-003 
   0.6285320328019655        -45.46826402069357        0.9999947147528415      
   1.3153453003965403E-015
    4.800000000000000         4.906497935255945        7.0687749801217094E-003 
   0.6299954083279546        -45.48161754122701        0.9999948655580317      
   1.3060366293605527E-015
    4.800000000000000         5.129305621094297        6.6433058655855377E-003 
   0.6313819458271551        -45.49515656891005        0.9999950169793946      
   1.2974470590164890E-015
    4.800000000000000         5.354100425780786        6.2331728162706938E-003 
   0.6326937177226892        -45.50887652483321        0.9999951688119436      
   1.2895329107654553E-015
    4.800000000000000         5.580924552890115        5.8387767393307628E-003 
   0.6339328946793501        -45.52277310725134        0.9999953208641498      
   1.2822451824062868E-015
    4.800000000000000         5.809817118746128        5.4604073602496812E-003 
   0.6351017316483365        -45.53684228261368        0.9999954729581723      
   1.2755347792633228E-015
    4.800000000000000         6.040814160629681        5.0982471135154230E-003 
   0.6362025536689933        -45.55108027548518        0.9999956249299360      
   1.2693550294783078E-015
    4.800000000000000         6.273948653295052        4.7523760139331957E-003 
   0.6372377415972227        -45.56548355742442        0.9999957766290826      
   1.2636626783270487E-015
    4.800000000000000         6.509250533423568        4.4227773563090631E-003 
   0.6382097179195152        -45.58004883490084        0.9999959279187992      
   1.2584180990155493E-015
    4.800000000000000         6.746746731618209        4.1093440852479346E-003 
   0.6391209327982130        -45.59477303634156        0.9999960786755410      
   1.2535851410649642E-015
    4.800000000000000         6.986461211521710        3.8118856753554869E-003 
   0.6399738504780841        -45.60965329840575        0.9999962287886529      
   1.2491308388192816E-015
    4.800000000000000         7.228415015623348        3.5301353647801690E-003 
   0.6407709361671001        -45.62468695159878        0.9999963781599239      
   1.2450250879425868E-015
    4.800000000000000         7.472626317305855        3.2637575912538275E-003 
   0.6415146434861112        -45.63987150535173        0.9999965267030632      
   1.2412403365264699E-015
    4.800000000000000         7.719110478673879        3.0123554889857677E-003 
   0.6422074025634306        -45.65520463269488        0.9999966743431306      
   1.2377513072214621E-015
    4.800000000000000         7.967880113698818        2.7754783162942296E-003 
   0.6428516088316403        -45.67068415464862        0.9999968210159182      
   1.2345347532263221E-015
    4.800000000000000         8.218945156211536        2.5526286970715762E-003 
   0.6434496125655057        -45.68630802443880        0.9999969666673065      
   1.2315692456216089E-015
    4.800000000000000         8.472312932274409        2.3432695734453193E-003 
   0.6440037091820572        -45.70207431162992        0.9999971112525974      
   1.2288349879325594E-015
    4.800000000000000         8.727988236466917        2.1468307817282435E-003 
   0.6445161303068574        -45.71798118625193        0.9999972547358437      
   1.2263136537367946E-015
    4.800000000000000         8.985973411624599        1.9627151784312701E-003 
   0.6449890355944601        -45.73402690298688        0.9999973970891766      
   1.2239882435874084E-015
    4.800000000000000         9.246268431579237        1.7903042573434364E-003 
   0.6454245052762085        -45.75020978547414        0.9999975382921489      
   1.2218429580852102E-015
    4.800000000000000         9.508870986458517        1.6289632121943808E-003 
   0.6458245333949477        -45.76652821079050        0.9999976783310753      
   1.2198630844571455E-015
    4.800000000000000         9.773776570115773        1.4780454122063384E-003 
   0.6461910216738473        -45.78298059414661        0.9999978171984052      
   1.2180348944466059E-015
    4.800000000000000         10.04097856927476        1.3368962705427399E-003 
   0.6465257739553552        -45.79956537379485        0.9999979548920975      
   1.2163455517120900E-015
    4.800000000000000         10.31046835399012        1.2048565006231547E-003 
   0.6468304911370579        -45.81628099609622        0.9999980914150376      
   1.2147830273197901E-015
    4.800000000000000         10.58223536904130        1.0812647796721499E-003 
   0.6471067665258694        -45.83312590069492        0.9999982267744719      
   1.2133360224312622E-015
    4.800000000000000         10.85626722589636        9.6545989257884113E-004 
   0.6473560815353088        -45.85009850576155        0.9999983609814633      
   1.2119938982191764E-015
    4.800000000000000         11.13254979490064        8.5678256335427398E-004 
   0.6475798016764900        -45.86719719321620        0.9999984940503776      
   1.2107466150243352E-015
    4.800000000000000         11.41106729736590        7.5457751792607603E-004 
   0.6477791728790747        -45.88442029378631        0.9999986259984198      
   1.2095846870608612E-015
    4.800000000000000         11.69180239725550        6.5819712265676334E-004 
   0.6479553184119448        -45.90176607171902        0.9999987568452741      
   1.2084991677790956E-015
    4.800000000000000         11.97473629218198        5.6700970088946793E-004 
   0.6481092372448627        -45.91923270876472        0.9999988866128846      
   1.2074816972484393E-015
    4.800000000000000         12.25984880345458        4.8041909922557990E-004 
   0.6482418059693472        -45.93681828688707        0.9999990153254106      
   1.2065246683301630E-015
    4.800000000000000         12.54711846493471        3.9790799989688585E-004 
   0.6483537889668078        -45.95452076971109        0.9999991430092510      
   1.2056215972354823E-015
    4.800000000000000         12.83652261047853        3.1912557807491874E-004 
   0.6484458660485957        -45.97233798328790        0.9999992696933725      
   1.2047677902282966E-015
    4.800000000000000         13.12803745976597        2.4404700631181056E-004 
   0.6485186935173504        -45.99026759563008        0.9999993954108040      
   1.2039613179487679E-015
    4.800000000000000         13.42163820233561        1.7322924665507292E-004 
   0.6485730221215095        -46.00830709395763        0.9999995202024361      
   1.2032040354348380E-015
    4.800000000000000         13.71729907966468        1.0816156488585529E-004 
   0.6486098992000262        -46.02645376159774        0.9999996441247054      
   1.2025018167518327E-015
    4.800000000000000         14.01499346515192        5.1653739370526516E-005 
   0.6486309747942023        -46.04470465571205        0.9999997672643770      
   1.2018623593356160E-015
    4.800000000000000         14.31469394187969        8.1407104517152293E-006 
   0.6486389062375177        -46.06305658649285        0.9999998897642161      
   1.2012883188298305E-015
    4.800000000000000         14.61637237804932       -1.6231737824039418E-005 
   0.6486378174290468        -46.08150609695068         1.000000011864357      
   1.2007643014224365E-015
    4.800000000000000         14.92000000000000       -1.6231737824039418E-005 
   0.6486399950459888        -46.09995560740850         1.000000133964497      
   1.2002402840150426E-015
    5.039999999999999        -4.227026579539560         0.000000000000000      
   0.5000000000000000        -47.54163065818404         1.000000000000000      
    0.000000000000000     
    5.039999999999999        -4.014206434341432        3.3792645834599382E-003 
   0.5004289557151083        -47.54163065818404        0.9999980687820215      
   1.5935105912273898E-021
    5.039999999999999        -3.803070304910810        6.4888089265971380E-003 
   0.5016759822712771        -47.53840767732315        0.9999963800935869      
   4.3920352020965236E-021
    5.039999999999999        -3.593549933081869        9.2187540875773161E-003 
   0.5036483129960204        -47.53580081930237        0.9999950532957769      
   1.0151561819212276E-020
    5.039999999999999        -3.385574045583126        1.1508383780539578E-002 
   0.5062337052866070        -47.53380477836855        0.9999940440382789      
   2.2157226910959760E-020
    5.039999999999999        -3.179068445902549        1.3339093839559535E-002 
   0.5093124830261602        -47.53241559527125        0.9999933003420195      
   4.6583662073846298E-020
    5.039999999999999        -2.973956117362914        1.4730341126219553E-002 
   0.5127677272119830        -47.53162652602611        0.9999927689472248      
   9.4713699632584258E-020
    5.039999999999999        -2.770157337224366        1.5729663454702517E-002 
   0.5164934503598272        -47.53142846250543        0.9999924003404285      
   1.8641835562969928E-019
    5.039999999999999        -2.567589801560878        1.6400213496830414E-002 
   0.5203995821320766        -47.53181028651402        0.9999921519149849      
   3.5533629501545337E-019
    5.039999999999999        -2.366168760586374        1.6809155131664776E-002 
   0.5244138165909075        -47.53275932982279        0.9999919893499604      
   6.5612263798922752E-019
    5.039999999999999        -2.165807164036497        1.7019026566683783E-002 
   0.5284809690047363        -47.53426189531213        0.9999918865507774      
   1.1738858547690155E-018
    5.039999999999999        -1.966415816142869        1.7082736902325639E-002 
   0.5325607519150086        -47.53630357209597        0.9999918247083445      
   2.0354213379828108E-018
    5.039999999999999        -1.767903539669862        1.7041780466591511E-002 
   0.5366248450213902        -47.53886951796431        0.9999917909451754      
   3.4210445249216009E-018
    5.039999999999999        -1.570177348419479        1.6926714708905648E-002 
   0.5406539242604183        -47.54194480285148        0.9999917768504245      
   5.5747786309184247E-018
    5.039999999999999        -1.373142627548817        1.6758876079041723E-002 
   0.5446350544786802        -47.54551464913467        0.9999917771439476      
   8.8095538280503883E-018
    5.039999999999999        -1.176703320987477        1.6552513537759876E-002 
   0.5485596187751492        -47.54956451988567        0.9999917886182871      
   1.3503275323936802E-017
    5.039999999999999       -0.9807621251897585        1.6316816785872226E-002 
   0.5524217959930668        -47.55408014461366        0.9999918093799762      
   2.0081582852513900E-017
    5.039999999999999       -0.7852206884089804        1.6057585250277791E-002 
   0.5562175101358551        -47.55904754852266        0.9999918383365513      
   2.8984312113716008E-017
    5.039999999999999       -0.5899798146396622        1.5778472707787726E-002 
   0.5599437441763592        -47.56445309260349        0.9999918748617985      
   4.0615334421329514E-017
    5.039999999999999       -0.3949396713377247        1.5481847935287443E-002 
   0.5635981134672755        -47.57028350725785        0.9999919185845281      
   5.5279429037862086E-017
    5.039999999999999       -0.2000000000000011        1.5169354015686174E-002 
   0.5671786085171879        -47.57652590649436        0.9999919692612000      
   7.3114408605821780E-017
    5.039999999999999       -5.0612032226220773E-003   1.4842254416344423E-002 
   0.5706834323669236        -47.58316776286145        0.9999920267032953      
   9.4030529252610240E-017
    5.039999999999999        0.1899728225015762        1.4501640356646804E-002 
   0.5741109108443014        -47.59019683760917        0.9999920907409273      
   1.1767091993862064E-016
    5.039999999999999        0.3851971143511089        1.4148539953200725E-002 
   0.5774594735941478        -47.59760121304998        0.9999921612070891      
   1.4340636496635260E-016
    5.039999999999999        0.5807063267879043        1.3783976555559822E-002 
   0.5807276585538240        -47.60536932487862        0.9999922379284325      
   1.7037107954686582E-016
    5.039999999999999        0.7765945422431204        1.3408998180447168E-002 
   0.5839141114608987        -47.61348996096596        0.9999923207206857      
   1.9753844317526292E-016
    5.039999999999999        0.9729550842390562        1.3024689992818285E-002 
   0.5870175876490014        -47.62195225784524        0.9999924093863249      
   2.2382667887833661E-016
    5.039999999999999         1.169880333731538        1.2632177419199843E-002 
   0.5900369571484341        -47.63074569718965        0.9999925037130507      
   2.4821695223732793E-016
    5.039999999999999         1.367461549433629        1.2232624051090730E-002 
   0.5929712114967171        -47.63986009930787        0.9999926034732121      
   2.6986289322682107E-016
    5.039999999999999         1.565788692852865        1.1827226555049700E-002 
   0.5958194713497071        -47.64928561405463        0.9999927084245329      
   2.8817223168946973E-016
    5.039999999999999         1.764950258740411        1.1417207766384177E-002 
   0.5985809943256479        -47.65901271142248        0.9999928183118265      
   3.0284765961930254E-016
    5.039999999999999         1.965033111612069        1.1003808613046454E-002 
   0.6012551826979209        -47.66903217346834        0.9999929328691203      
   3.1388327941755040E-016
    5.039999999999999         2.166122328958343        1.0588279259004145E-002 
   0.6038415906553722        -47.67933508776701        0.9999930518217651      
   3.2152236476698835E-016
    5.039999999999999         2.368301051714338        1.0171869737982283E-002 
   0.6063399309030626        -47.68991284202128        0.9999931748884348      
   3.2618912201506925E-016
    5.039999999999999         2.571650342510284        9.7558202970005128E-003 
   0.6087500804048229        -47.70075711962735        0.9999933017830183      
   3.2841016941467883E-016
    5.039999999999999         2.776249052171010        9.3413516474623766E-003 
   0.6110720850913192        -47.71185989605090        0.9999934322164217      
   3.2874039818559435E-016
    5.039999999999999         2.982173694877646        8.9296553112827737E-003 
   0.6133061633807613        -47.72321343578092        0.9999935658983590      
   3.2770379518655548E-016
    5.039999999999999         3.189498332348288        8.5218842418789149E-003 
   0.6154527083839065        -47.73481028974617        0.9999937025391303      
   3.2575438457144655E-016
    5.039999999999999         3.398294467336542        8.1191438907814856E-003 
   0.6175122886915609        -47.74664329328504        0.9999938418513974      
   3.2325735112128485E-016
    5.039999999999999         3.608630946688375        7.7224838784938320E-003 
   0.6194856476733782        -47.75870556471035        0.9999939835518663      
   3.2048677899980878E-016
    5.039999999999999         3.820573874139177        7.3328904125352853E-003 
   0.6213737012504481        -47.77099050425888        0.9999941273628457      
   3.1763469177666138E-016
    5.039999999999999         4.034186532974921        6.9512795764477293E-003 
   0.6231775341375646        -47.78349179306090        0.9999942730136863      
   3.1482600199103849E-016
    5.039999999999999         4.249529318623878        6.5784915913908318E-003 
   0.6248983945821003        -47.79620339184948        0.9999944202421185      
   3.1213500065010944E-016
    5.039999999999999         4.466659681189796        6.2152861274794701E-003 
   0.6265376876554059        -47.80911953928089        0.9999945687954758      
   3.0960049676734144E-016
    5.039999999999999         4.685632077883227        5.8623387160626119E-003 
   0.6280969671802096        -47.82223474979612        0.9999947184317860      
   3.0723814637344902E-016
    5.039999999999999         4.906497935255945        5.5202382875769573E-003 
   0.6295779264029271        -47.83554381092052        0.9999948689206998      
   3.0504960115847662E-016
    5.039999999999999         5.129305621094297        5.1894858333490093E-003 
   0.6309823875417304        -47.84904177985451        0.9999950200442340      
   3.0302877597312983E-016
    5.039999999999999         5.354100425780786        4.8704941646193507E-003 
   0.6323122903587641        -47.86272397920080        0.9999951715973395      
   3.0116583573624096E-016
    5.039999999999999         5.580924552890115        4.5635887189108730E-003 
   0.6335696799176636        -47.87658599169263        0.9999953233882944      
   2.9944954987935930E-016
    5.039999999999999         5.809817118746128        4.2690093433196078E-003 
   0.6347566936955038        -47.89062365383298        0.9999954752389435      
   2.9786857264452357E-016
    5.039999999999999         6.040814160629681        3.9869129669071850E-003 
   0.6358755482216556        -47.90483304841420        0.9999956269847892      
   2.9641206870200998E-016
    5.039999999999999         6.273948653295052        3.7173770604499701E-003 
   0.6369285254151082        -47.91921049593212        0.9999957784749566      
   2.9506996868143673E-016
    5.039999999999999         6.509250533423568        3.4604037715771207E-003 
   0.6379179587870620        -47.93375254493623        0.9999959295720329      
   2.9383303189919040E-016
    5.039999999999999         6.746746731618209        3.2159246167969505E-003 
   0.6388462196672775        -47.94845596136816        0.9999960801518050      
   2.9269281845951071E-016
    5.039999999999999         6.986461211521710        2.9838056089778473E-003 
   0.6397157036011836        -47.96331771695633        0.9999962301028967      
   2.9164162527034968E-016
    5.039999999999999         7.228415015623348        2.7638526992455775E-003 
   0.6405288170505627        -47.97833497675646        0.9999963793263285      
   2.9067241273740637E-016
    5.039999999999999         7.472626317305855        2.5558174156278743E-003 
   0.6412879645144272        -47.99350508594541        0.9999965277350106      
   2.8977873391508870E-016
    5.039999999999999         7.719110478673879        2.3594025867000688E-003 
   0.6419955361690592        -48.00882555598552        0.9999966752531851      
   2.8895467042076824E-016
    5.039999999999999         7.967880113698818        2.1742680464614376E-003 
   0.6426538961076660        -48.02429405027758        0.9999968218158127      
   2.8819477601164768E-016
    5.039999999999999         8.218945156211536        2.0000362262143005E-003 
   0.6432653712410914        -48.03990836941119        0.9999969673679443      
   2.8749402735114656E-016
    5.039999999999999         8.472312932274409        1.8362975498049357E-003 
   0.6438322409020073        -48.05566643611176        0.9999971118640614      
   2.8684778105677840E-016
    5.039999999999999         8.727988236466917        1.6826155597735575E-003 
   0.6443567271762899        -48.07156627997362        0.9999972552674131      
   2.8625173607680761E-016
    5.039999999999999         8.985973411624599        1.5385317132986115E-003 
   0.6448409859672504        -48.08760602206068        0.9999973975493535      
   2.8570190053650843E-016
    5.039999999999999         9.246268431579237        1.4035697979990435E-003 
   0.6452870987813240        -48.10378385944921        0.9999975386886886      
   2.8519456232089078E-016
    5.039999999999999         9.508870986458517        1.2772399284157996E-003 
   0.6456970652079314        -48.12009804978403        0.9999976786710267      
   2.8472626278060796E-016
    5.039999999999999         9.773776570115773        1.1590420943032821E-003 
   0.6460727960515266        -48.13654689590338        0.9999978174881442      
   2.8429377305164249E-016
    5.039999999999999         10.04097856927476        1.0484692421964612E-003 
   0.6464161070604493        -48.15312873054110        0.9999979551373704      
   2.8389407257049352E-016
    5.039999999999999         10.31046835399012        9.4500988391226924E-004 
   0.6467287131858664        -48.16984190106827        0.9999980916210006      
   2.8352432945814868E-016
    5.039999999999999         10.58223536904130        8.4815024533372750E-004 
   0.6470122232969191        -48.18668475423880        0.9999982269457297      
   2.8318188256865753E-016
    5.039999999999999         10.85626722589636        7.5737601162625175E-004 
   0.6472681352801030        -48.20365562091378        0.9999983611221094      
   2.8286422522055570E-016
    5.039999999999999         11.13254979490064        6.7217383101069480E-004 
   0.6474978314759615        -48.22075280068859        0.9999984941640299      
   2.8256899110132694E-016
    5.039999999999999         11.41106729736590        5.9203300363802830E-004 
   0.6477025744922729        -48.23797454628817        0.9999986260882597      
   2.8229394385342738E-016
    5.039999999999999         11.69180239725550        5.1644840969267819E-004 
   0.6478835036697348        -48.25531904755270        0.9999987569140779      
   2.8203697392454484E-016
    5.039999999999999         11.97473629218198        4.4492710664671285E-004 
   0.6480416330576670        -48.27278441462020        0.9999988866630604      
   2.8179611006252420E-016
    5.039999999999999         12.25984880345458        3.7700373811332328E-004 
   0.6481778530589877        -48.29036865972282        0.9999990153590299      
   2.8156955870025733E-016
    5.039999999999999         12.54711846493471        3.1227452548884224E-004 
   0.6482929405284281        -48.30806967753464        0.9999991430280786      
   2.8135579095604639E-016
    5.039999999999999         12.83652261047853        2.5046594014811589E-004 
   0.6483875867537154        -48.32588522452197        0.9999992696988954      
   2.8115369782324139E-016
    5.039999999999999         13.12803745976597        1.9155954264902543E-004 
   0.6484624596669435        -48.34381289658253        0.9999993954042583      
   2.8096281437121368E-016
    5.039999999999999         13.42163820233561        1.3599210012623308E-004 
   0.6485183244527936        -48.36185010380161        0.9999995201848288      
   2.8078354891173675E-016
    5.039999999999999         13.71729907966468        8.4929902806331320E-005 
   0.6485562509276821        -48.37999404456048        0.9999996440968304      
   2.8061722075306523E-016
    5.039999999999999         14.01499346515192        4.0573383398898911E-005 
   0.6485779288622519        -48.39824168182409        0.9999997672268292      
   2.8046552637293211E-016
    5.039999999999999         14.31469394187969        6.3994605534375864E-006 
   0.6485860867165769        -48.41658972732588        0.9999998897174003      
   2.8032893513252696E-016
    5.039999999999999         14.61637237804932       -1.2759613572298622E-005 
   0.6485849673094488        -48.43503464202875         1.000000011808485      
   2.8020374262758229E-016
    5.039999999999999         14.92000000000000       -1.2759613572298622E-005 
   0.6485872061237049        -48.45347955673162         1.000000133899570      
   2.8007855012263762E-016
    5.279999999999999        -4.227026579539560         0.000000000000000      
   0.5000000000000000        -49.89751153777010         1.000000000000000      
    0.000000000000000     
    5.279999999999999        -4.014206434341432        2.4135869322835261E-003 
   0.5004262034654949        -49.89751153777010        0.9999980724677293      
   3.8494427591637444E-022
    5.279999999999999        -3.803070304910810        4.6302947127262219E-003 
   0.5016660534797458        -49.89429480305648        0.9999963868493098      
   1.0577400825280706E-021
    5.279999999999999        -3.593549933081869        6.5749084278164567E-003 
   0.5036279885811619        -49.89168650009771        0.9999950622821979      
   2.4354313160293651E-021
    5.279999999999999        -3.385574045583126        8.2057103790516873E-003 
   0.5061999852437222        -49.88968540221551        0.9999940545762501      
   5.2944393949272318E-021
    5.279999999999999        -3.179068445902549        9.5098915294573403E-003 
   0.5092627008028221        -49.88828827997951        0.9999933119098363      
   1.1087619715407330E-020
    5.279999999999999        -2.973956117362914        1.0501324320556810E-002 
   0.5126997659698884        -49.88748808567009        0.9999927811617458      
   2.2458889437415709E-020
    5.279999999999999        -2.770157337224366        1.1213761490204508E-002 
   0.5164058064034369        -49.88727523191998        0.9999924129308561      
   4.4046668567360638E-020
    5.279999999999999        -2.567589801560878        1.1692072394712809E-002 
   0.5202913099682576        -49.88763819966065        0.9999921646953623      
   8.3674251044467995E-020
    5.279999999999999        -2.366168760586374        1.1984013757139686E-002 
   0.5242844235114670        -49.88856405310727        0.9999920021945916      
   1.5400814404028155E-019
    5.279999999999999        -2.165807164036497        1.2134083183662825E-002 
   0.5283303040465657        -49.89003896067342        0.9999918993746421      
   2.7470674832856918E-019
    5.279999999999999        -1.966415816142869        1.2179949845079195E-002 
   0.5323889109823807        -49.89204849596550        0.9999918374526385      
   4.7496485886757386E-019
    5.279999999999999        -1.767903539669862        1.2151173986229806E-002 
   0.5364320994071581        -49.89457790107189        0.9999918035673474      
   7.9617700126169751E-019
    5.279999999999999        -1.570177348419479        1.2069538858529082E-002 
   0.5404406720509423        -49.89761240936244        0.9999917893177814      
   1.2942076395711578E-018
    5.279999999999999        -1.373142627548817        1.1950265957713212E-002 
   0.5444017908581373        -49.90113746614063        0.9999917894297572      
   2.0405126567021129E-018
    5.279999999999999        -1.176703320987477        1.1803529669067373E-002 
   0.5483069202497642        -49.90513879959460        0.9999918006994661      
   3.1211826798923671E-018
    5.279999999999999       -0.9807621251897585        1.1635898755184903E-002 
   0.5521503138553886        -49.90960243234720        0.9999918212357681      
   4.6329781329351326E-018
    5.279999999999999       -0.7852206884089804        1.1451523432036693E-002 
   0.5559279693477581        -49.91451470001511        0.9999918499478240      
   6.6756988409075974E-018
    5.279999999999999       -0.5899798146396622        1.1253021216332610E-002 
   0.5596369448378028        -49.91986228388366        0.9999918862107176      
   9.3408318037902803E-018
    5.279999999999999       -0.3949396713377247        1.1042089923669778E-002 
   0.5632749329309346        -49.92563223976020        0.9999919296544520      
   1.2697310195737421E-017
    5.279999999999999       -0.2000000000000011        1.0819906381627904E-002 
   0.5668400029272167        -49.93181200933150        0.9999919800366937      
   1.6776232324170305E-017
    5.279999999999999       -5.0612032226220773E-003   1.0587373401531073E-002 
   0.5703304369389699        -49.93838939366881        0.9999920371701930      
   2.1557232897026691E-017
    5.279999999999999        0.1899728225015762        1.0345267890105418E-002 
   0.5737446384616393        -49.94535248268751        0.9999921008864102      
   2.6959573001249940E-017
    5.279999999999999        0.3851971143511089        1.0094318961933944E-002 
   0.5770811114678160        -49.95268968546119        0.9999921710197481      
   3.2840930877092692E-017
    5.279999999999999        0.5807063267879043        9.8352499039477074E-003 
   0.5803384629777260        -49.96038976105294        0.9999922473983227      
   3.9005379601294979E-017
    5.279999999999999        0.7765945422431204        9.5687995581872441E-003 
   0.5835154008223700        -49.96844181613428        0.9999923298393665      
   4.5220337267580856E-017
    5.279999999999999        0.9729550842390562        9.2957315971375874E-003 
   0.5866107338579498        -49.97683530008050        0.9999924181468909      
   5.1240278821904235E-017
    5.279999999999999         1.169880333731538        9.0168371009901101E-003 
   0.5896233756834945        -49.98555999982441        0.9999925121101471      
   5.6833317316079087E-017
    5.279999999999999         1.367461549433629        8.7329334115620119E-003 
   0.5925523502979015        -49.99460603157043        0.9999926115030452      
   6.1805969665859128E-017
    5.279999999999999         1.565788692852865        8.4448608481915328E-003 
   0.5953967988055933        -50.00396382983804        0.9999927160848675      
   6.6021769891440352E-017
    5.279999999999999         1.764950258740411        8.1534781242397856E-003 
   0.5981559866153696        -50.01362413616219        0.9999928256019787      
   6.9410796736996113E-017
    5.279999999999999         1.965033111612069        7.8596569212037275E-003 
   0.6008293107556171        -50.02357798915750        0.9999929397899328      
   7.1969228729825996E-017
    5.279999999999999         2.166122328958343        7.5642758919659808E-003 
   0.6034163070271240        -50.03381671619081        0.9999930583755745      
   7.3750134284489973E-017
    5.279999999999999         2.368301051714338        7.2682142794119487E-003 
   0.6059166567631511        -50.04433192634102        0.9999931810790255      
   7.4848284178458361E-017
    5.279999999999999         2.571650342510284        6.9723452998600713E-003 
   0.6083301929890164        -50.05511550449046        0.9999933076155573      
   7.5382490026490898E-017
    5.279999999999999         2.776249052171010        6.6775294258283142E-003 
   0.6106569057897484        -50.06615960644267        0.9999934376973884      
   7.5478777949320621E-017
    5.279999999999999         2.982173694877646        6.3846076963484689E-003 
   0.6128969467119867        -50.07745665486657        0.9999935710354541      
   7.5256823160377435E-017
    5.279999999999999         3.189498332348288        6.0943951789175378E-003 
   0.6150506320454943        -50.08899933598061        0.9999937073411843      
   7.4820869053386282E-017
    5.279999999999999         3.398294467336542        5.8076747022660071E-003 
   0.6171184448516539        -50.10078059708643        0.9999938463282607      
   7.4255205869183978E-017
    5.279999999999999         3.608630946688375        5.5251909721573175E-003 
   0.6191010356333499        -50.11279364500511        0.9999939877142973      
   7.3623450003727192E-017
    5.279999999999999         3.820573874139177        5.2476451729209558E-003 
   0.6209992215718824        -50.12503194520566        0.9999941312223919      
   7.2970447662042740E-017
    5.279999999999999         4.034186532974921        4.9756901453723527E-003 
   0.6228139842887513        -50.13748922125599        0.9999942765825629      
   7.2325586997907908E-017
    5.279999999999999         4.249529318623878        4.7099262174106794E-003 
   0.6245464661212436        -50.15015945430201        0.9999944235330858      
   7.1706518160608167E-017
    5.279999999999999         4.466659681189796        4.4508977473409900E-003 
   0.6261979649310501        -50.16303688242407        0.9999945718217151      
   7.1122607803462732E-017
    5.279999999999999         4.685632077883227        4.1990904223850392E-003 
   0.6277699274951600        -50.17611599977296        0.9999947212067825      
   7.0577777660554578E-017
    5.279999999999999         4.906497935255945        3.9549293365229001E-003 
   0.6292639415571790        -50.18939155534819        0.9999948714581222      
   7.0072627813943806E-017
    5.279999999999999         5.129305621094297        3.7187778533797357E-003 
   0.6306817266434508        -50.20285855123393        0.9999950223578246      
   6.9605902528881809E-017
    5.279999999999999         5.354100425780786        3.4909372419630828E-003 
   0.6320251237707766        -50.21651224009747        0.9999951737008067      
   6.9175430083999826E-017
    5.279999999999999         5.580924552890115        3.2716470562520945E-003 
   0.6332960841905575        -50.23034812177318        0.9999953252952178      
   6.8778682610963624E-017
    5.279999999999999         5.809817118746128        3.0610862144574485E-003 
   0.6344966573275377        -50.24436193880136        0.9999954769626814      
   6.8413083751386236E-017
    5.279999999999999         6.040814160629681        2.8593747206266968E-003 
   0.6356289780799660        -50.25854967085132        0.9999956285383969      
   6.8076161290753050E-017
    5.279999999999999         6.273948653295052        2.6665759604788562E-003 
   0.6366952536520742        -50.27290752800663        0.9999957798711154      
   6.7765611351017168E-017
    5.279999999999999         6.509250533423568        2.4826994951099952E-003 
   0.6376977500895382        -50.28743194292076        0.9999959308229868      
   6.7479316003801394E-017
    5.279999999999999         6.746746731618209        2.3077042705775121E-003 
   0.6386387786842134        -50.30211956186625        0.9999960812693072      
   6.7215338654422771E-017
    5.279999999999999         6.986461211521710        2.1415021583341817E-003 
   0.6395206824061995        -50.31696723472123        0.9999962310981662      
   6.6971910323559098E-017
    5.279999999999999         7.228415015623348        1.9839617408748409E-003 
   0.6403458225096326        -50.33197200396297        0.9999963802100157      
   6.6747413344560165E-017
    5.279999999999999         7.472626317305855        1.8349122585710532E-003 
   0.6411165654441711        -50.34713109276132        0.9999965285171712      
   6.6540365394103914E-017
    5.279999999999999         7.719110478673879        1.6941476372204080E-003 
   0.6418352701875771        -50.36244189227941        0.9999966759432615      
   6.6349404959103471E-017
    5.279999999999999         7.967880113698818        1.5614305209708957E-003 
   0.6425042760966655        -50.37790194829567        0.9999968224226284      
   6.6173278504098497E-017
    5.279999999999999         8.218945156211536        1.4364962416755186E-003 
   0.6431258913547131        -50.39350894725639        0.9999969678997011      
   6.6010829258403595E-017
    5.279999999999999         8.472312932274409        1.3190566629902906E-003 
   0.6437023820737077        -50.40926070186372        0.9999971123283469      
   6.5860987427590279E-017
    5.279999999999999         8.727988236466917        1.2088038453450223E-003 
   0.6442359620900403        -50.42515513629612        0.9999972556712142      
   6.5722761616634773E-017
    5.279999999999999         8.985973411624599        1.1054134859619772E-003 
   0.6447287834728478        -50.44119027115329        0.9999973978990778      
   6.5595231270395263E-017
    5.279999999999999         9.246268431579237        1.0085480961131519E-003 
   0.6451829277455896        -50.45736420820809        0.9999975389901862      
   6.5477539964648387E-017
    5.279999999999999         9.508870986458517        9.1785988561488441E-004 
   0.6456003978038978        -50.47367511504819        0.9999976789296173      
   6.5368889407845240E-017
    5.279999999999999         9.773776570115773        8.3299333210813589E-004 
   0.6459831104963563        -50.49012120967037        0.9999978177086476      
   6.5268534037359426E-017
    5.279999999999999         10.04097856927476        7.5358742030656582E-004 
   0.6463328898198389        -50.50670074504883        0.9999979553241318      
   6.5175776114879617E-017
    5.279999999999999         10.31046835399012        6.7927754544533782E-004 
   0.6466514606682290        -50.52341199365253        0.9999980917779228      
   6.5089961246768119E-017
    5.279999999999999         10.58223536904130        6.0969708972385961E-004 
   0.6469404430649494        -50.54025323188562        0.9999982270762997      
   6.5010474283809487E-017
    5.279999999999999         10.85626722589636        5.4447871185656213E-004 
   0.6472013468108468        -50.55722272444235        0.9999983612294282      
   6.4936735606897242E-017
    5.279999999999999         11.13254979490064        4.8325546679229745E-004 
   0.6474355665039033        -50.57431870851104        0.9999984942508401      
   6.4868197915562186E-017
    5.279999999999999         11.41106729736590        4.2566206359834246E-004 
   0.6476443769744128        -50.59153937770659        0.9999986261569744      
   6.4804343873111205E-017
    5.279999999999999         11.69180239725550        3.7133702112306945E-004 
   0.6478289294194191        -50.60888286556125        0.9999987569668040      
   6.4744685441213984E-017
    5.279999999999999         11.97473629218198        3.1992746859078842E-004 
   0.6479902491094109        -50.62634722817157        0.9999988867016267      
   6.4688766606049631E-017
    5.279999999999999         12.25984880345458        2.7110028138147121E-004 
   0.6481292368581034        -50.64393042538335        0.9999990153850101      
   6.4636172522575868E-017
    5.279999999999999         12.54711846493471        2.2456655148970695E-004 
   0.6482466791024379        -50.66163030035040        0.9999991430428147      
   6.4586549523218235E-017
    5.279999999999999         12.83652261047853        1.8013090365956596E-004 
   0.6483432761434725        -50.67944455771271        0.9999992697035193      
   6.4539640484345275E-017
    5.279999999999999         13.12803745976597        1.3778098617127794E-004 
   0.6484197051150569        -50.69737073931388        0.9999993953997095      
   6.4495335276850244E-017
    5.279999999999999         13.42163820233561        9.7830705019007438E-005 
   0.6484767422320423        -50.71540619575378        0.9999995201718717      
   6.4453720937111967E-017
    5.279999999999999         13.71729907966468        6.1116297702443374E-005 
   0.6485154733889795        -50.73354805554640        0.9999996440760722      
   6.4415086075786286E-017
    5.279999999999999         14.01499346515192        2.9214030024538044E-005 
   0.6485376156829092        -50.75179319558225        0.9999997671987239      
   6.4379793565738398E-017
    5.279999999999999         14.31469394187969        4.6154554535712036E-006 
   0.6485459480423336        -50.77013822628483        0.9999998896822576      
   6.4347913378358057E-017
    5.279999999999999         14.61637237804932       -9.2023726816194577E-006 
   0.6485448056030874        -50.78857953217703         1.000000011766467      
   6.4318571128334711E-017
    5.279999999999999         14.92000000000000       -9.2023726816194577E-006 
   0.6485470904815798        -50.80702083806923         1.000000133850676      
   6.4289228878311366E-017
    5.520000000000000        -4.227026579539560         0.000000000000000      
   0.5000000000000000        -52.25267302885204         1.000000000000000      
    0.000000000000000     
    5.520000000000000        -4.014206434341432        1.4519552638212875E-003 
   0.5004253776762364        -52.25267302885204        0.9999980749219100      
   9.2405635189161510E-023
    5.520000000000000        -3.803070304910810        2.7786382131464024E-003 
   0.5016628103834562        -52.24943552668962        0.9999963913475264      
   2.5311325224805904E-022
    5.520000000000000        -3.593549933081869        3.9415811862300049E-003 
   0.5036199706367970        -52.24681056637728        0.9999950682655290      
   5.8049346014012430E-022
    5.520000000000000        -3.385574045583126        4.9171653742982758E-003 
   0.5061840024705078        -52.24479801805008        0.9999940615925067      
   1.2567745599255071E-021
    5.520000000000000        -3.179068445902549        5.6977710835810274E-003 
   0.5092359202336283        -52.24339193468687        0.9999933196117862      
   2.6213974313413769E-021
    5.520000000000000        -2.973956117362914        6.2915246529303128E-003 
   0.5126601333950467        -52.24258308627235        0.9999927892944926      
   5.2894977066525395E-021
    5.520000000000000        -2.770157337224366        6.7184597602168751E-003 
   0.5163520338680230        -52.24236047147947        0.9999924213142145      
   1.0336007292206142E-020
    5.520000000000000        -2.567589801560878        7.0053097461781778E-003 
   0.5202227211013195        -52.24271167372748        0.9999921732055707      
   1.9567152509138030E-020
    5.520000000000000        -2.366168760586374        7.1805801494925344E-003 
   0.5242007808108691        -52.24362319342066        0.9999920107479491      
   3.5896920949988954E-020
    5.520000000000000        -2.165807164036497        7.2708613340563832E-003 
   0.5282316615440190        -52.24508087003596        0.9999919079144572      
   6.3832480015918745E-020
    5.520000000000000        -1.966415816142869        7.2986831375562305E-003 
   0.5322755037201965        -52.24707012639539        0.9999918459396898      
   1.1004596393136518E-019
    5.520000000000000        -1.767903539669862        7.2817400242119294E-003 
   0.5363042685124557        -52.24957619068369        0.9999918119732906      
   1.8396906322022967E-019
    5.520000000000000        -1.570177348419479        7.2330824224831544E-003 
   0.5402988192207696        -52.25258438314653        0.9999917976208523      
   2.9829459373857151E-019
    5.520000000000000        -1.373142627548817        7.1618382857145235E-003 
   0.5442463546326823        -52.25608030492750        0.9999917976121507      
   4.6921564166946183E-019
    5.520000000000000        -1.176703320987477        7.0741155748837541E-003 
   0.5481383668581497        -52.26004988301131        0.9999918087458141      
   7.1619545287887667E-019
    5.520000000000000       -0.9807621251897585        6.9738625477179144E-003 
   0.5519691367214135        -52.26447936230596        0.9999918291322754      
   1.0610626970490048E-018
    5.520000000000000       -0.7852206884089804        6.8635770380853466E-003 
   0.5557346929140530        -52.26935531098247        0.9999918576817992      
   1.5262889193376448E-018
    5.520000000000000       -0.5899798146396622        6.7448363071616960E-003 
   0.5594321298241922        -52.27466464514686        0.9999918937703459      
   2.1324393054490199E-018
    5.520000000000000       -0.3949396713377247        6.6186640990785178E-003 
   0.5630591813067221        -52.28039465354243        0.9999919370287103      
   2.8949851376569517E-018
    5.520000000000000       -0.2000000000000011        6.4857697175974153E-003 
   0.5666139617063520        -52.28653300751974        0.9999919872153539      
   3.8208904157538163E-018
    5.520000000000000       -5.0612032226220773E-003   6.3466963878284124E-003 
   0.5700948004195119        -52.29306773500978        0.9999920441438646      
   4.9055703128515849E-018
    5.520000000000000        0.1899728225015762        6.2019102300029192E-003 
   0.5735001487646664        -52.29998714989843        0.9999921076465881      
   6.1309005934412976E-018
    5.520000000000000        0.3851971143511089        6.0518472088571824E-003 
   0.5768285573768308        -52.30727988091786        0.9999921775588566      
   7.4649396385067751E-018
    5.520000000000000        0.5807063267879043        5.8969385769154616E-003 
   0.5800786772233798        -52.31493490253970        0.9999922537097520      
   8.8636930129315338E-018
    5.520000000000000        0.7765945422431204        5.7376239798115382E-003 
   0.5832492560005216        -52.32294153280122        0.9999923359175030      
   1.0274876837424882E-017
    5.520000000000000        0.9729550842390562        5.5743572254165130E-003 
   0.5863391371683568        -52.33128942795298        0.9999924239871373      
   1.1643195826113388E-017
    5.520000000000000         1.169880333731538        5.4076079957330100E-003 
   0.5893472626810963        -52.33996857648121        0.9999925177089291      
   1.2916278666256676E-017
    5.520000000000000         1.367461549433629        5.2378613104142263E-003 
   0.5922726778407881        -52.34896928980272        0.9999926168578198      
   1.4050233932677129E-017
    5.520000000000000         1.565788692852865        5.0656157011048884E-003 
   0.5951145373769324        -52.35828219019091        0.9999927211941217      
   1.5013860315830692E-017
    5.520000000000000         1.764950258740411        4.8913806020080960E-003 
   0.5978721121946300        -52.36789819831432        0.9999928304652230      
   1.5790849101974102E-017
    5.520000000000000         1.965033111612069        4.7156732305960467E-003 
   0.6005447964144391        -52.37780852213628        0.9999929444076883      
   1.6379765804007555E-017
    5.520000000000000         2.166122328958343        4.5390151198058636E-003 
   0.6031321144246098        -52.38800464745678        0.9999930627493514      
   1.6792062229645238E-017
    5.520000000000000         2.368301051714338        4.3619284112184657E-003 
   0.6056337277126586        -52.39847832981228        0.9999931852112892      
   1.7048725695229263E-017
    5.520000000000000         2.571650342510284        4.1849319963772162E-003 
   0.6080494412629049        -52.40922158761183        0.9999933115096907      
   1.7176339638618153E-017
    5.520000000000000         2.776249052171010        4.0085375844953882E-003 
   0.6103792093195224        -52.42022669643023        0.9999934413576429      
   1.7203296071980298E-017
    5.520000000000000         2.982173694877646        3.8332457713028886E-003 
   0.6126231403288126        -52.43148618428238        0.9999935744668942      
   1.7156711257201081E-017
    5.520000000000000         3.189498332348288        3.6595421817541430E-003 
   0.6147815008902592        -52.44299282781218        0.9999937105496199      
   1.7060331937426026E-017
    5.520000000000000         3.398294467336542        3.4878937569409662E-003 
   0.6168547185649496        -52.45473964951862        0.9999938493201839      
   1.6933462847447734E-017
    5.520000000000000         3.608630946688375        3.3187452519920658E-003 
   0.6188433834145479        -52.46671991608135        0.9999939904968037      
   1.6790756270577730E-017
    5.520000000000000         3.820573874139177        3.1525160066898754E-003 
   0.6207482481734601        -52.47892713757659        0.9999941338031066      
   1.6642605843123384E-017
    5.520000000000000         4.034186532974921        2.9895970439370260E-003 
   0.6225702269879616        -52.49135506721142        0.9999942789695585      
   1.6495872897115779E-017
    5.520000000000000         4.249529318623878        2.8303485431648602E-003 
   0.6243103926868909        -52.50399770127348        0.9999944257348012      
   1.6354718218442347E-017
    5.520000000000000         4.466659681189796        2.6750977265290864E-003 
   0.6259699725793412        -52.51684927913453        0.9999945738468754      
   1.6221383658686705E-017
    5.520000000000000         4.685632077883227        2.5241371855796481E-003 
   0.6275503428060940        -52.52990428319118        0.9999947230643196      
   1.6096840371113050E-017
    5.520000000000000         4.906497935255945        2.3777236653801958E-003 
   0.6290530213024124        -52.54315743858448        0.9999948731570979      
   1.5981277690810971E-017
    5.520000000000000         5.129305621094297        2.2360773121593114E-003 
   0.6304796594585897        -52.55660371249158        0.9999950239073553      
   1.5874443302395439E-017
    5.520000000000000         5.354100425780786        2.0993813798633326E-003 
   0.6318320325900602        -52.57023831276640        0.9999951751099962      
   1.5775863090853918E-017
    5.520000000000000         5.580924552890115        1.9677823808250819E-003 
   0.6331120293501966        -52.58405668572760        0.9999953265730879      
   1.5684973248249044E-017
    5.520000000000000         5.809817118746128        1.8413906564770997E-003 
   0.6343216402357204        -52.59805451293514        0.9999954781181144      
   1.5601193635294846E-017
    5.520000000000000         6.040814160629681        1.7202813358936451E-003 
   0.6354629453467242        -52.61222770685958        0.9999956295800807      
   1.5523964715172195E-017
    5.520000000000000         6.273948653295052        1.6044956431533306E-003 
   0.6365381015706988        -52.62657240539783        0.9999957808074947      
   1.5452763511920006E-017
    5.520000000000000         6.509250533423568        1.4940425092085444E-003 
   0.6375493293627638        -52.64108496522011        0.9999959316622214      
   1.5387108401478185E-017
    5.520000000000000         6.746746731618209        1.3889004401986774E-003 
   0.6384988992926401        -52.65576195395229        0.9999960820192332      
   1.5326558494230231E-017
    5.520000000000000         6.986461211521710        1.2890195919420218E-003 
   0.6393891185229330        -52.67060014121993        0.9999962317662674      
   1.5270710744599946E-017
    5.520000000000000         7.228415015623348        1.1943239996293231E-003 
   0.6402223173734483        -52.68559648861004        0.9999963808033991      
   1.5219196363009277E-017
    5.520000000000000         7.472626317305855        1.1047139123857392E-003 
   0.6410008361131758        -52.70074813863297        0.9999965290425491      
   1.5171677246999601E-017
    5.520000000000000         7.719110478673879        1.0200681842161949E-003 
   0.6417270121058585        -52.71605240278623        0.9999966764069369      
   1.5127842710871529E-017
    5.520000000000000         7.967880113698818        9.4024667570001834E-004 
   0.6424031674173484        -52.73150674883011        0.9999968228304926      
   1.5087406588348464E-017
    5.520000000000000         8.218945156211536        8.6509262445116756E-004 
   0.6430315969737882        -52.74710878738648        0.9999969682572317      
   1.5050104696825118E-017
    5.520000000000000         8.472312932274409        7.9443494659291679E-004 
   0.6436145573396060        -52.76285625796724        0.9999971126406129      
   1.5015692621949774E-017
    5.520000000000000         8.727988236466917        7.2809043609805201E-004 
   0.6441542561639302        -52.77874701453469        0.9999972559428866      
   1.4983943775615094E-017
    5.520000000000000         8.985973411624599        6.6586583365212159E-004 
   0.6446528423238043        -52.79477901069029        0.9999973981344413      
   1.4954647683818109E-017
    5.520000000000000         9.246268431579237        6.0755974150890194E-004 
   0.6451123967729927        -52.81095028458011        0.9999975391931584      
   1.4927608466783262E-017
    5.520000000000000         9.508870986458517        5.5296436553529081E-004 
   0.6455349240865591        -52.82725894360459        0.9999976791037620      
   1.4902643479727889E-017
    5.520000000000000         9.773776570115773        5.0186707025036957E-004 
   0.6459223446739326        -52.84370314900415        0.9999978178571947      
   1.4879582087967801E-017
    5.520000000000000         10.04097856927476        4.5405173735059401E-004 
   0.6462764876171203        -52.86028110034833        0.9999979554499961      
   1.4858264554803659E-017
    5.520000000000000         10.31046835399012        4.0929992381391801E-004 
   0.6465990840770334        -52.87699101991200        0.9999980918837217      
   1.4838541025484176E-017
    5.520000000000000         10.58223536904130        3.6739182469351737E-004 
   0.6468917612019036        -52.89383113692455        0.9999982271643756      
   1.4820270597163530E-017
    5.520000000000000         10.85626722589636        3.2810706496437211E-004 
   0.6471560364727662        -52.91079967169058        0.9999983613018623      
   1.4803320476879592E-017
    5.520000000000000         11.13254979490064        2.9122539179123204E-004 
   0.6473933124467321        -52.92789481953609        0.9999984943094746      
   1.4787565255146028E-017
    5.520000000000000         11.41106729736590        2.5652745457534611E-004 
   0.6476048719482702        -52.94511473447246        0.9999986262034311      
   1.4772886377305453E-017
    5.520000000000000         11.69180239725550        2.2379613333853635E-004 
   0.6477918740037042        -52.96245751242672        0.9999987570025003      
   1.4759172004273502E-017
    5.520000000000000         11.97473629218198        1.9281947134312609E-004 
   0.6479553514117818        -52.97992117364543        0.9999988867277924      
   1.4746317650972471E-017
    5.520000000000000         12.25984880345458        1.6339743557986492E-004 
   0.6480962121736209        -52.99750364363675        0.9999990154027039      
   1.4734228285847094E-017
    5.520000000000000         12.54711846493471        1.3535671081351064E-004 
   0.6482152496766178        -53.01520273239213        0.9999991430529385      
   1.4722822879987163E-017
    5.520000000000000         12.83652261047853        1.0858042187078854E-004 
   0.6483131712398904        -53.03301611187051        0.9999992697068358      
   1.4712042367859264E-017
    5.520000000000000         13.12803745976597        8.3061922580844738E-005 
   0.6483906616302153        -53.05094129009416        0.9999993953968513      
   1.4701860841088299E-017
    5.520000000000000         13.42163820233561        5.8990637690190382E-005 
   0.6484485060773787        -53.06897557903317        0.9999995201633554      
   1.4692296321968770E-017
    5.520000000000000         13.71729907966468        3.6869095398618105E-005 
   0.6484878017546982        -53.08711605601177        0.9999996440623061      
   1.4683410693643343E-017
    5.520000000000000         14.01499346515192        1.7641911851296831E-005 
   0.6485102805518594        -53.10535951897126        0.9999997671800174      
   1.4675279610426143E-017
    5.520000000000000         14.31469394187969        2.7984160884981249E-006 
   0.6485187446784096        -53.12370244831079        0.9999998896588206      
   1.4667909454593764E-017
    5.520000000000000         14.61637237804932       -5.5793770081893203E-006 
   0.6485175838379310        -53.14214107308813         1.000000011738407      
   1.4661095742825895E-017
    5.520000000000000         14.92000000000000       -5.5793770081893203E-006 
   0.6485199055188883        -53.16057969786546         1.000000133817994      
   1.4654282031058027E-017
    5.760000000000000        -4.227026579539560         0.000000000000000      
   0.5000000000000000        -54.60715113078743         1.000000000000000      
    0.000000000000000     
    5.760000000000000        -4.014206434341432        4.8580294920864492E-004 
   0.5004301936144290        -54.60715113078743        0.9999980761492621      
   2.6204036555943915E-023
    5.760000000000000        -3.803070304910810        9.2685831585787124E-004 
   0.5016741383741670        -54.60382470659388        0.9999963935962640      
   7.1526821670846178E-023
    5.760000000000000        -3.593549933081869        1.3133730818324012E-003 
   0.5036317219979007        -54.60116627382855        0.9999950712558552      
   1.6332247232707645E-022
    5.760000000000000        -3.385574045583126        1.6378300876925646E-003 
   0.5061913064517926        -54.59913931959295        0.9999940650984011      
   3.5198406091274756E-022
    5.760000000000000        -3.179068445902549        1.8976086962700566E-003 
   0.5092358079014598        -54.59772608989141        0.9999933234599603      
   7.3090715545537891E-022
    5.760000000000000        -2.973956117362914        2.0953177526881550E-003 
   0.5126510319710726        -54.59691294095376        0.9999927933578583      
   1.4685600345525259E-021
    5.760000000000000        -2.770157337224366        2.2375607161233650E-003 
   0.5163332925792004        -54.59668682513001        0.9999924255029278      
   2.8580546494010277E-021
    5.760000000000000        -2.567589801560878        2.3331949101580316E-003 
   0.5201942678091409        -54.59703415648794        0.9999921774578906      
   5.3898740605560059E-021
    5.760000000000000        -2.366168760586374        2.3916834905023041E-003 
   0.5241628782420533        -54.59794069350253        0.9999920150220635      
   9.8521962583620222E-021
    5.760000000000000        -2.165807164036497        2.4218633370073385E-003 
   0.5281847380864770        -54.59939181804666        0.9999919121819494      
   1.7459555966099854E-020
    5.760000000000000        -1.966415816142869        2.4312277964809344E-003 
   0.5322200433852200        -54.60137271553403        0.9999918501808662      
   3.0003501536826491E-020
    5.760000000000000        -1.767903539669862        2.4256662160744144E-003 
   0.5362407474001509        -54.60386854632477        0.9999918161739628      
   5.0008114686693054E-020
    5.760000000000000        -1.570177348419479        2.4095254572875369E-003 
   0.5402276761282643        -54.60686468215274        0.9999918017701550      
   8.0859653799199490E-020
    5.760000000000000        -1.373142627548817        2.3858483362676030E-003 
   0.5441679842274667        -54.61034684856701        0.9999918017011863      
   1.2686580347219672E-019
    5.760000000000000        -1.176703320987477        2.3566727880606729E-003 
   0.5480531257354546        -54.61430113303485        0.9999918127668939      
   1.9319062185959003E-019
    5.760000000000000       -0.9807621251897585        2.3233174682192751E-003 
   0.5518773552136313        -54.61871395183319        0.9999918330785098      
   2.8561212414819932E-019
    5.760000000000000       -0.7852206884089804        2.2866174777517517E-003 
   0.5556366880554756        -54.62357204068896        0.9999918615468684      
   4.1006606216800910E-019
    5.760000000000000       -0.5899798146396622        2.2471006298641358E-003 
   0.5593282169444024        -54.62886247257972        0.9999918975483746      
   5.7197464548546305E-019
    5.760000000000000       -0.3949396713377247        2.2051096837399876E-003 
   0.5629496831767884        -54.63457268038062        0.9999919407142193      
   7.7541017087617532E-019
    5.760000000000000       -0.2000000000000011        2.1608820669518757E-003 
   0.5664992150900379        -54.64069046839685        0.9999919908032568      
   1.0222013928244573E-018
    5.760000000000000       -5.0612032226220773E-003   2.1145994449645383E-003 
   0.5699751604472306        -54.64720399241204        0.9999920476294889      
   1.3111380207598246E-018
    5.760000000000000        0.1899728225015762        2.0664174205249778E-003 
   0.5733759915226935        -54.65410168878071        0.9999921110256978      
   1.6374494563816310E-018
    5.760000000000000        0.3851971143511089        2.0164811896477199E-003 
   0.5767002807893592        -54.66137229993802        0.9999921808276748      
   1.9927297070314648E-018
    5.760000000000000        0.5807063267879043        1.9649341108540835E-003 
   0.5799467004543305        -54.66900490898052        0.9999922568649804      
   2.3653942618049019E-018
    5.760000000000000        0.7765945422431204        1.9119221585721074E-003 
   0.5831140178090441        -54.67698893994533        0.9999923389563398      
   2.7416586676381158E-018
    5.760000000000000        0.9729550842390562        1.8575958942818854E-003 
   0.5862010935284598        -54.68531415248034        0.9999924269072850      
   3.1069148458093935E-018
    5.760000000000000         1.169880333731538        1.8021110693217837E-003 
   0.5892068838379334        -54.69397063551119        0.9999925205086002      
   3.4472841955242447E-018
    5.760000000000000         1.367461549433629        1.7456284733775955E-003 
   0.5921304449232688        -54.70294879753040        0.9999926195357377      
   3.7510788761409911E-018
    5.760000000000000         1.565788692852865        1.6883133511676343E-003 
   0.5949709386685635        -54.71223935404987        0.9999927237495229      
   4.0099191177995764E-018
    5.760000000000000         1.764950258740411        1.6303345566021645E-003 
   0.5977276391569075        -54.72183331462119        0.9999928328978513      
   4.2193313289814665E-018
    5.760000000000000         1.965033111612069        1.5718635359197348E-003 
   0.6003999395532947        -54.73172197119698        0.9999929467177916      
   4.3787669456780020E-018
    5.760000000000000         2.166122328958343        1.5130731934898730E-003 
   0.6029873590879965        -54.74189688813642        0.9999930649376684      
   4.4911024785228854E-018
    5.760000000000000         2.368301051714338        1.4541366765253819E-003 
   0.6054895499050098        -54.75234989359617        0.9999931872790367      
   4.5617749244630506E-018
    5.760000000000000         2.571650342510284        1.3952261074070230E-003 
   0.6079063035591364        -54.76307307220397        0.9999933134585418      
   4.5977526922069653E-018
    5.760000000000000         2.776249052171010        1.3365112893306758E-003 
   0.6102375569569858        -54.77405875895192        0.9999934431897030      
   4.6065361029151013E-018
    5.760000000000000         2.982173694877646        1.2781584098486949E-003 
   0.6124833975498608        -54.78529953414477        0.9999935761846727      
   4.5953344644602738E-018
    5.760000000000000         3.189498332348288        1.2203287662577898E-003 
   0.6146440676007874        -54.79678821934687        0.9999937121560011      
   4.5704989578794200E-018
    5.760000000000000         3.398294467336542        1.1631775360833483E-003 
   0.6167199673655342        -54.80851787445891        0.9999938508183895      
   4.5372234556939016E-018
    5.760000000000000         3.608630946688375        1.1068526148116581E-003 
   0.6187116570507953        -54.82048179598942        0.9999939918903611      
   4.4994746615901253E-018
    5.760000000000000         3.820573874139177        1.0514935414494160E-003 
   0.6206198574411916        -54.83267351631354        0.9999941350958049      
   4.4600856307988273E-018
    5.760000000000000         4.034186532974921        9.9723053039158481E-004 
   0.6224454491172369        -54.84508680354494        0.9999942801654128      
   4.4209416031095120E-018
    5.760000000000000         4.249529318623878        9.4418362549554904E-004 
   0.6241894702169803        -54.85771566171510        0.9999944268380102      
   4.3831976991543138E-018
    5.760000000000000         4.466659681189796        8.9246198926067294E-004 
   0.6258531127249929        -54.87055433109290        0.9999945748617840      
   4.3474862827937486E-018
    5.760000000000000         4.685632077883227        8.4216333669234593E-004 
   0.6274377173041847        -54.88359728851879        0.9999947239953748      
   4.3140907437752668E-018
    5.760000000000000         4.906497935255945        7.9337351991024799E-004 
   0.6289447667176534        -54.89683924758543        0.9999948740088165      
   4.2830777662353387E-018
    5.760000000000000         5.129305621094297        7.4616626595758130E-004 
   0.6303758779176929        -54.91027515844611        0.9999950246842835      
   4.2543901676966126E-018
    5.760000000000000         5.354100425780786        7.0060306671132369E-004 
   0.6317327929058979        -54.92390020701612        0.9999951758166730      
   4.2279074318334767E-018
    5.760000000000000         5.580924552890115        6.5673321639503324E-004 
   0.6330173684911863        -54.93770981335109        0.9999953272140167      
   4.2034824297606139E-018
    5.760000000000000         5.809817118746128        6.1459398907879887E-004 
   0.6342315650910291        -54.95169962903248        0.9999954786977298      
   4.1809620429255291E-018
    5.760000000000000         6.040814160629681        5.7421094579428254E-004 
   0.6353774347349586        -54.96586553344984        0.9999956301027222      
   4.1601977069219780E-018
    5.760000000000000         6.273948653295052        5.3559835857854910E-004 
   0.6364571084384671        -54.98020362892265        0.9999957812773828      
   4.1410500925708304E-018
    5.760000000000000         6.509250533423568        4.9875973693391264E-004 
   0.6374727831197720        -54.99471023463477        0.9999959320834335      
   4.1233906289927941E-018
    5.760000000000000         6.746746731618209        4.6368844088214928E-004 
   0.6384267082316517        -55.00938187937596        0.9999960823956894      
   4.1071014732937276E-018
    5.760000000000000         6.986461211521710        4.3036836399322720E-004 
   0.6393211722757910        -55.02421529310798        0.9999962321017120      
   4.0920748101025293E-018
    5.760000000000000         7.228415015623348        3.9877466947306223E-004 
   0.6401584893582024        -55.03920739740465        0.9999963811013869      
   4.0782119303407948E-018
    5.760000000000000         7.472626317305855        3.6887456255831611E-004 
   0.6409409859319408        -55.05435529484359        0.9999965293064369      
   4.0654222972350438E-018
    5.760000000000000         7.719110478673879        3.4062808302872668E-004 
   0.6416709878581186        -55.06965625744784        0.9999966766398799      
   4.0536226831386239E-018
    5.760000000000000         7.967880113698818        3.1398890256377580E-004 
   0.6423508078987895        -55.08510771428682        0.9999968230354382      
   4.0427364016274851E-018
    5.760000000000000         8.218945156211536        2.8890511284930694E-004 
   0.6429827337361758        -55.10070723834743        0.9999969684369212      
   4.0326926340272798E-018
    5.760000000000000         8.472312932274409        2.6531999173343563E-004 
   0.6435690165925584        -55.11645253278368        0.9999971127975842      
   4.0234258403853428E-018
    5.760000000000000         8.727988236466917        2.4317273624754643E-004 
   0.6441118605045122        -55.13234141664872        0.9999972560794786      
   4.0148752428256185E-018
    5.760000000000000         8.985973411624599        2.2239915290494697E-004 
   0.6446134122845717        -55.14837181020695        0.9999973982528015      
   4.0069843698760388E-018
    5.760000000000000         9.246268431579237        2.0293229729443558E-004 
   0.6450757521833589        -55.16454171991872        0.9999975392952493      
   3.9997006518327989E-018
    5.760000000000000         9.508870986458517        1.8470305656831544E-004 
   0.6455008852460908        -55.18084922318599        0.9999976791913713      
   3.9929750587784368E-018
    5.760000000000000         9.773776570115773        1.6764066997233069E-004 
   0.6458907333394066        -55.19729245293625        0.9999978179319423      
   3.9867617742729057E-018
    5.760000000000000         10.04097856927476        1.5167318414931224E-004 
   0.6462471278079107        -55.21386958207460        0.9999979555133448      
   3.9810178990004261E-018
    5.760000000000000         10.31046835399012        1.3672784185038786E-004 
   0.6465718027058114        -55.23057880779357        0.9999980919369860      
   3.9757031799625745E-018
    5.760000000000000         10.58223536904130        1.2273140575629627E-004 
   0.6468663885399624        -55.24741833573102        0.9999982272087297      
   3.9707797626092467E-018
    5.760000000000000         10.85626722589636        1.0961042564920157E-004 
   0.6471324064621657        -55.26438636398588        0.9999983613383532      
   3.9662119666038625E-018
    5.760000000000000         11.13254979490064        9.7291473059775570E-005 
   0.6473712628760433        -55.28148106695690        0.9999984943390275      
   3.9619660928717730E-018
    5.760000000000000         11.41106729736590        8.5701406576946194E-005 
   0.6475842445172434        -55.29870057892110        0.9999986262268609      
   3.9580102843106022E-018
    5.760000000000000         11.69180239725550        7.4767822696247509E-005 
   0.6477725143184984        -55.31604297723030        0.9999987570205188      
   3.9543144918281056E-018
    5.760000000000000         11.97473629218198        6.4420046295995435E-005 
   0.6479371089818042        -55.33350626477783        0.9999988867410179      
   3.9508506493410404E-018
    5.760000000000000         12.25984880345458        5.4591404476637431E-005 
   0.6480789405284166        -55.35108835113505        0.9999990154116676      
   3.9475932378708756E-018
    5.760000000000000         12.54711846493471        4.5224186751285795E-005 
   0.6481988067837898        -55.36878703206492        0.9999991430580955      
   3.9445204943042888E-018
    5.760000000000000         12.83652261047853        3.6279584720039859E-005 
   0.6482974204557734        -55.38659996717081        0.9999992697085675      
   3.9416165013802473E-018
    5.760000000000000         13.12803745976597        2.7755636441251884E-005 
   0.6483754733726574        -55.40452465337383        0.9999993953954764      
   3.9388740740997466E-018
    5.760000000000000         13.42163820233561        1.9715782909758362E-005 
   0.6484337600866257        -55.42255838991599        0.9999995201591346      
   3.9362974201590057E-018
    5.760000000000000         13.71729907966468        1.2327622280871489E-005 
   0.6484733887964553        -55.44069823122807        0.9999996440554463      
   3.9339017779682474E-018
    5.760000000000000         14.01499346515192        5.9051573500099716E-006 
   0.6484960997974463        -55.45894091772380        0.9999997671706752      
   3.9317050536988098E-018
    5.760000000000000         14.31469394187969        9.4128003393789024E-007 
   0.6485046873447000        -55.47728275336413        0.9999998896471017      
   3.9297058903099259E-018
    5.760000000000000         14.61637237804932       -1.8766393614800378E-006 
   0.6485034946420639        -55.49571930249688         1.000000011724368      
   3.9278481124725820E-018
    5.760000000000000         14.92000000000000       -1.8766393614800378E-006 
   0.6485058800473360        -55.51415585162963         1.000000133801634      
   3.9259903346352382E-018
    6.000000000000000        -4.227026579539560         0.000000000000000      
   0.5000000000000000        -54.60715113078743         1.000000000000000      
    0.000000000000000     
    6.000000000000000        -4.014206434341432         0.000000000000000      
   0.5004301936144290        -54.60715113078743        0.9999980761492621      
   2.6204036555943915E-023
    6.000000000000000        -3.803070304910810         0.000000000000000      
   0.5016741383741670        -54.60382470659388        0.9999963935962640      
   7.1526821670846178E-023
    6.000000000000000        -3.593549933081869         0.000000000000000      
   0.5036317219979007        -54.60116627382855        0.9999950712558552      
   1.6332247232707645E-022
    6.000000000000000        -3.385574045583126         0.000000000000000      
   0.5061913064517926        -54.59913931959295        0.9999940650984011      
   3.5198406091274756E-022
    6.000000000000000        -3.179068445902549         0.000000000000000      
   0.5092358079014598        -54.59772608989141        0.9999933234599603      
   7.3090715545537891E-022
    6.000000000000000        -2.973956117362914         0.000000000000000      
   0.5126510319710726        -54.59691294095376        0.9999927933578583      
   1.4685600345525259E-021
    6.000000000000000        -2.770157337224366         0.000000000000000      
   0.5163332925792004        -54.59668682513001        0.9999924255029278      
   2.8580546494010277E-021
    6.000000000000000        -2.567589801560878         0.000000000000000      
   0.5201942678091409        -54.59703415648794        0.9999921774578906      
   5.3898740605560059E-021
    6.000000000000000        -2.366168760586374         0.000000000000000      
   0.5241628782420533        -54.59794069350253        0.9999920150220635      
   9.8521962583620222E-021
    6.000000000000000        -2.165807164036497         0.000000000000000      
   0.5281847380864770        -54.59939181804666        0.9999919121819494      
   1.7459555966099854E-020
    6.000000000000000        -1.966415816142869         0.000000000000000      
   0.5322200433852200        -54.60137271553403        0.9999918501808662      
   3.0003501536826491E-020
    6.000000000000000        -1.767903539669862         0.000000000000000      
   0.5362407474001509        -54.60386854632477        0.9999918161739628      
   5.0008114686693054E-020
    6.000000000000000        -1.570177348419479         0.000000000000000      
   0.5402276761282643        -54.60686468215274        0.9999918017701550      
   8.0859653799199490E-020
    6.000000000000000        -1.373142627548817         0.000000000000000      
   0.5441679842274667        -54.61034684856701        0.9999918017011863      
   1.2686580347219672E-019
    6.000000000000000        -1.176703320987477         0.000000000000000      
   0.5480531257354546        -54.61430113303485        0.9999918127668939      
   1.9319062185959003E-019
    6.000000000000000       -0.9807621251897585         0.000000000000000      
   0.5518773552136313        -54.61871395183319        0.9999918330785098      
   2.8561212414819932E-019
    6.000000000000000       -0.7852206884089804         0.000000000000000      
   0.5556366880554756        -54.62357204068896        0.9999918615468684      
   4.1006606216800910E-019
    6.000000000000000       -0.5899798146396622         0.000000000000000      
   0.5593282169444024        -54.62886247257972        0.9999918975483746      
   5.7197464548546305E-019
    6.000000000000000       -0.3949396713377247         0.000000000000000      
   0.5629496831767884        -54.63457268038062        0.9999919407142193      
   7.7541017087617532E-019
    6.000000000000000       -0.2000000000000011         0.000000000000000      
   0.5664992150900379        -54.64069046839685        0.9999919908032568      
   1.0222013928244573E-018
    6.000000000000000       -5.0612032226220773E-003    0.000000000000000      
   0.5699751604472306        -54.64720399241204        0.9999920476294889      
   1.3111380207598246E-018
    6.000000000000000        0.1899728225015762         0.000000000000000      
   0.5733759915226935        -54.65410168878071        0.9999921110256978      
   1.6374494563816310E-018
    6.000000000000000        0.3851971143511089         0.000000000000000      
   0.5767002807893592        -54.66137229993802        0.9999921808276748      
   1.9927297070314648E-018
    6.000000000000000        0.5807063267879043         0.000000000000000      
   0.5799467004543305        -54.66900490898052        0.9999922568649804      
   2.3653942618049019E-018
    6.000000000000000        0.7765945422431204         0.000000000000000      
   0.5831140178090441        -54.67698893994533        0.9999923389563398      
   2.7416586676381158E-018
    6.000000000000000        0.9729550842390562         0.000000000000000      
   0.5862010935284598        -54.68531415248034        0.9999924269072850      
   3.1069148458093935E-018
    6.000000000000000         1.169880333731538         0.000000000000000      
   0.5892068838379334        -54.69397063551119        0.9999925205086002      
   3.4472841955242447E-018
    6.000000000000000         1.367461549433629         0.000000000000000      
   0.5921304449232688        -54.70294879753040        0.9999926195357377      
   3.7510788761409911E-018
    6.000000000000000         1.565788692852865         0.000000000000000      
   0.5949709386685635        -54.71223935404987        0.9999927237495229      
   4.0099191177995764E-018
    6.000000000000000         1.764950258740411         0.000000000000000      
   0.5977276391569075        -54.72183331462119        0.9999928328978513      
   4.2193313289814665E-018
    6.000000000000000         1.965033111612069         0.000000000000000      
   0.6003999395532947        -54.73172197119698        0.9999929467177916      
   4.3787669456780020E-018
    6.000000000000000         2.166122328958343         0.000000000000000      
   0.6029873590879965        -54.74189688813642        0.9999930649376684      
   4.4911024785228854E-018
    6.000000000000000         2.368301051714338         0.000000000000000      
   0.6054895499050098        -54.75234989359617        0.9999931872790367      
   4.5617749244630506E-018
    6.000000000000000         2.571650342510284         0.000000000000000      
   0.6079063035591364        -54.76307307220397        0.9999933134585418      
   4.5977526922069653E-018
    6.000000000000000         2.776249052171010         0.000000000000000      
   0.6102375569569858        -54.77405875895192        0.9999934431897030      
   4.6065361029151013E-018
    6.000000000000000         2.982173694877646         0.000000000000000      
   0.6124833975498608        -54.78529953414477        0.9999935761846727      
   4.5953344644602738E-018
    6.000000000000000         3.189498332348288         0.000000000000000      
   0.6146440676007874        -54.79678821934687        0.9999937121560011      
   4.5704989578794200E-018
    6.000000000000000         3.398294467336542         0.000000000000000      
   0.6167199673655342        -54.80851787445891        0.9999938508183895      
   4.5372234556939016E-018
    6.000000000000000         3.608630946688375         0.000000000000000      
   0.6187116570507953        -54.82048179598942        0.9999939918903611      
   4.4994746615901253E-018
    6.000000000000000         3.820573874139177         0.000000000000000      
   0.6206198574411916        -54.83267351631354        0.9999941350958049      
   4.4600856307988273E-018
    6.000000000000000         4.034186532974921         0.000000000000000      
   0.6224454491172369        -54.84508680354494        0.9999942801654128      
   4.4209416031095120E-018
    6.000000000000000         4.249529318623878         0.000000000000000      
   0.6241894702169803        -54.85771566171510        0.9999944268380102      
   4.3831976991543138E-018
    6.000000000000000         4.466659681189796         0.000000000000000      
   0.6258531127249929        -54.87055433109290        0.9999945748617840      
   4.3474862827937486E-018
    6.000000000000000         4.685632077883227         0.000000000000000      
   0.6274377173041847        -54.88359728851879        0.9999947239953748      
   4.3140907437752668E-018
    6.000000000000000         4.906497935255945         0.000000000000000      
   0.6289447667176534        -54.89683924758543        0.9999948740088165      
   4.2830777662353387E-018
    6.000000000000000         5.129305621094297         0.000000000000000      
   0.6303758779176929        -54.91027515844611        0.9999950246842835      
   4.2543901676966126E-018
    6.000000000000000         5.354100425780786         0.000000000000000      
   0.6317327929058979        -54.92390020701612        0.9999951758166730      
   4.2279074318334767E-018
    6.000000000000000         5.580924552890115         0.000000000000000      
   0.6330173684911863        -54.93770981335109        0.9999953272140167      
   4.2034824297606139E-018
    6.000000000000000         5.809817118746128         0.000000000000000      
   0.6342315650910291        -54.95169962903248        0.9999954786977298      
   4.1809620429255291E-018
    6.000000000000000         6.040814160629681         0.000000000000000      
   0.6353774347349586        -54.96586553344984        0.9999956301027222      
   4.1601977069219780E-018
    6.000000000000000         6.273948653295052         0.000000000000000      
   0.6364571084384671        -54.98020362892265        0.9999957812773828      
   4.1410500925708304E-018
    6.000000000000000         6.509250533423568         0.000000000000000      
   0.6374727831197720        -54.99471023463477        0.9999959320834335      
   4.1233906289927941E-018
    6.000000000000000         6.746746731618209         0.000000000000000      
   0.6384267082316517        -55.00938187937596        0.9999960823956894      
   4.1071014732937276E-018
    6.000000000000000         6.986461211521710         0.000000000000000      
   0.6393211722757910        -55.02421529310798        0.9999962321017120      
   4.0920748101025293E-018
    6.000000000000000         7.228415015623348         0.000000000000000      
   0.6401584893582024        -55.03920739740465        0.9999963811013869      
   4.0782119303407948E-018
    6.000000000000000         7.472626317305855         0.000000000000000      
   0.6409409859319408        -55.05435529484359        0.9999965293064369      
   4.0654222972350438E-018
    6.000000000000000         7.719110478673879         0.000000000000000      
   0.6416709878581186        -55.06965625744784        0.9999966766398799      
   4.0536226831386239E-018
    6.000000000000000         7.967880113698818         0.000000000000000      
   0.6423508078987895        -55.08510771428682        0.9999968230354382      
   4.0427364016274851E-018
    6.000000000000000         8.218945156211536         0.000000000000000      
   0.6429827337361758        -55.10070723834743        0.9999969684369212      
   4.0326926340272798E-018
    6.000000000000000         8.472312932274409         0.000000000000000      
   0.6435690165925584        -55.11645253278368        0.9999971127975842      
   4.0234258403853428E-018
    6.000000000000000         8.727988236466917         0.000000000000000      
   0.6441118605045122        -55.13234141664872        0.9999972560794786      
   4.0148752428256185E-018
    6.000000000000000         8.985973411624599         0.000000000000000      
   0.6446134122845717        -55.14837181020695        0.9999973982528015      
   4.0069843698760388E-018
    6.000000000000000         9.246268431579237         0.000000000000000      
   0.6450757521833589        -55.16454171991872        0.9999975392952493      
   3.9997006518327989E-018
    6.000000000000000         9.508870986458517         0.000000000000000      
   0.6455008852460908        -55.18084922318599        0.9999976791913713      
   3.9929750587784368E-018
    6.000000000000000         9.773776570115773         0.000000000000000      
   0.6458907333394066        -55.19729245293625        0.9999978179319423      
   3.9867617742729057E-018
    6.000000000000000         10.04097856927476         0.000000000000000      
   0.6462471278079107        -55.21386958207460        0.9999979555133448      
   3.9810178990004261E-018
    6.000000000000000         10.31046835399012         0.000000000000000      
   0.6465718027058114        -55.23057880779357        0.9999980919369860      
   3.9757031799625745E-018
    6.000000000000000         10.58223536904130         0.000000000000000      
   0.6468663885399624        -55.24741833573102        0.9999982272087297      
   3.9707797626092467E-018
    6.000000000000000         10.85626722589636         0.000000000000000      
   0.6471324064621657        -55.26438636398588        0.9999983613383532      
   3.9662119666038625E-018
    6.000000000000000         11.13254979490064         0.000000000000000      
   0.6473712628760433        -55.28148106695690        0.9999984943390275      
   3.9619660928717730E-018
    6.000000000000000         11.41106729736590         0.000000000000000      
   0.6475842445172434        -55.29870057892110        0.9999986262268609      
   3.9580102843106022E-018
    6.000000000000000         11.69180239725550         0.000000000000000      
   0.6477725143184984        -55.31604297723030        0.9999987570205188      
   3.9543144918281056E-018
    6.000000000000000         11.97473629218198         0.000000000000000      
   0.6479371089818042        -55.33350626477783        0.9999988867410179      
   3.9508506493410404E-018
    6.000000000000000         12.25984880345458         0.000000000000000      
   0.6480789405284166        -55.35108835113505        0.9999990154116676      
   3.9475932378708756E-018
    6.000000000000000         12.54711846493471         0.000000000000000      
   0.6481988067837898        -55.36878703206492        0.9999991430580955      
   3.9445204943042888E-018
    6.000000000000000         12.83652261047853         0.000000000000000      
   0.6482974204557734        -55.38659996717081        0.9999992697085675      
   3.9416165013802473E-018
    6.000000000000000         13.12803745976597         0.000000000000000      
   0.6483754733726574        -55.40452465337383        0.9999993953954764      
   3.9388740740997466E-018
    6.000000000000000         13.42163820233561         0.000000000000000      
   0.6484337600866257        -55.42255838991599        0.9999995201591346      
   3.9362974201590057E-018
    6.000000000000000         13.71729907966468         0.000000000000000      
   0.6484733887964553        -55.44069823122807        0.9999996440554463      
   3.9339017779682474E-018
    6.000000000000000         14.01499346515192         0.000000000000000      
   0.6484960997974463        -55.45894091772380        0.9999997671706752      
   3.9317050536988098E-018
    6.000000000000000         14.31469394187969         0.000000000000000      
   0.6485046873447000        -55.47728275336413        0.9999998896471017      
   3.9297058903099259E-018
    6.000000000000000         14.61637237804932         0.000000000000000      
   0.6485034946420639        -55.49571930249688         1.000000011724368      
   3.9278481124725820E-018
    6.000000000000000         14.92000000000000         0.000000000000000      
   0.6485058800473360        -55.51415585162963         1.000000133801634      
   3.9259903346352382E-018
