    59.44655028527921         1.000000000000000         0.000000000000000     
    59.44655028527921        0.9999969060310119        1.4884545635083992E-006
    59.43115232644750        0.9999942483711799        4.4964632542923415E-006
    59.42053274610416        0.9999922132023773        1.1660660744275034E-005
    59.41421186446217        0.9999907006533781        2.8704955866890470E-005
    59.41183984021962        0.9999896051315841        6.7949976297880697E-005
    59.41315720539637        0.9999888264502136        1.5491743218821690E-004
    59.41797530538496        0.9999882774761932        3.4014426603802545E-004
    59.42616315022732        0.9999878877869272        7.1904164688239782E-004
    59.43763479305805        0.9999876042028222        1.4629859096754643E-003
    59.45233687518430        0.9999873897210120        2.8641222058203874E-003
    59.47023728097906        0.9999872217808837        5.3936568083254918E-003
    59.49131517516315        0.9999870899775968        9.7678308179574933E-003
    59.51555025954904        0.9999869931161184        1.7007151847501602E-002
    59.54290913129253        0.9999869365407392        2.8464315581211791E-002
    59.57333356714759        0.9999869317098476        4.5788507508765744E-002
    59.60673607187240        0.9999869975568729        7.0794577633760125E-002
    59.64299435647045        0.9999871611209528        0.1052211843073565     
    59.68193931423922        0.9999874585747799        0.1503946464597198     
    59.72333977142790        0.9999879374263706        0.2068585220883425     
    59.76686883488684        0.9999886570321086        0.2740661818354680     
    59.81204966784571        0.9999896885499185        0.3502427133701668     
    59.85820382957123        0.9999911137774635        0.4324891101323399     
    59.68408123890021        0.9999930182655111        0.5171347514039774     
    59.51424789621812        0.9999945638707499        0.6004270245478504     
    59.35277020603568        0.9999957992832796        0.6786476982803402     
    59.20247468285212        0.9999967733838607        0.7487570620225348     
    59.06502722686403        0.9999975311319828        0.8087293497415415     
    58.94107443382411        0.9999981125822690        0.8576930542325781     
    58.83046391455255        0.9999985526311606        0.8958545247077379     
    58.73248996453223        0.9999988810831824        0.9242545452824700     
    58.64612044488860        0.9999991229144528        0.9444425353601510     
    58.57016999673291        0.9999992986630063        0.9581542487833532     
    58.50341827343868        0.9999994248956610        0.9670552762881603     
    58.44468653097891        0.9999995147134828        0.9725787364476828     
    58.39288267532939        0.9999995782659622        0.9758548988656979     
    58.34702278110465        0.9999996232499612        0.9777111560739183     
    58.30623700136456        0.9999996553747131        0.9787141814261414     
    58.26976629831267        0.9999996787793795        0.9792290807318995     
    58.23695414857690        0.9999996963949371        0.9794780198620554     
    58.20723586443046        0.9999997102471603        0.9795890436866251     
    58.18012733379457        0.9999997217018148        0.9796321950026224     
    58.15521430047551        0.9999997316565373        0.9796438820758656     
    58.13214271978398        0.9999997406860883        0.9796420884128449     
    58.11061028726409        0.9999997491487497        0.9796352367256338     
    58.09035903545579        0.9999997572617604        0.9796270419331832     
    58.07116890273032        0.9999997651530971        0.9796190182472723     
    58.05285221203263        0.9999997728958935        0.9796117050712357     
    58.03524896464451        0.9999997805305920        0.9796052354994882     
    58.01822282270859        0.9999997880787627        0.9795995864880607     
    58.00165767163716        0.9999997955514383        0.9795946831062132     
    57.98545468593404        0.9999998029539953        0.9795904393497947     
    57.96952983405114        0.9999998102889104        0.9795867727921564     
    57.95381175602068        0.9999998175572689        0.9795836090287964     
    57.93823995084087        0.9999998247595607        0.9795808823930209     
    57.92276322203497        0.9999998318960817        0.9795785354351401     
    57.90733834169841        0.9999998389671227        0.9795765180708962     
    57.89192890144047        0.9999998459730586        0.9795747867054991     
    57.87650432405512        0.9999998529143767        0.9795733034252315     
    57.86103901403817        0.9999998597916833        0.9795720352766232     
    57.84551162831959        0.9999998666056981        0.9795709536310894     
    57.82990445087471        0.9999998733572425        0.9795700336271729     
    57.81420285676064        0.9999998800472290        0.9795692536816545     
    57.79839485303235        0.9999998866766471        0.9795685950613338     
    57.78247068587127        0.9999998932465534        0.9795680415081531     
    57.76642250491651        0.9999998997580578        0.9795675789112716     
    57.75024407715809        0.9999999062123150        0.9795671950205102     
    57.73393054389033        0.9999999126105168        0.9795668791963089     
    57.71747821520753        0.9999999189538820        0.9795666221920004     
    57.70088439741166        0.9999999252436512        0.9795664159648604     
    57.68414724953929        0.9999999314810881        0.9795662535131823     
    57.66726566604086        0.9999999376674812        0.9795661287376216     
    57.65023918344307        0.9999999438041585        0.9795660363263961     
    57.63306790950498        0.9999999498925208        0.9795659716653728     
    57.61575247382603        0.9999999559340969        0.9795659307747058     
    57.59829399902230        0.9999999619306434        0.9795659102709695     
    57.58069409112219        0.9999999678842864        0.9795659073436015     
    57.56295484599023        0.9999999737977304        0.9795659197136746     
    57.54507886494896        0.9999999796745094        0.9795659455177746     
    57.52706926746287        0.9999999855192728        0.9795659830551121     
    57.50892968267913        0.9999999913380175        0.9795660303930315     
    57.49066419844458        0.9999999971382010        0.9795660849604729     
    57.47227725114224         1.000000002928624        0.9795661433897006     
    57.45389030383991         1.000000008719047        0.9795662018189283     
    59.44655028527921         1.000000000000000         0.000000000000000     
    59.44655028527921        0.9999969060310119        1.4884545635083992E-006
    59.43115232644750        0.9999942483711799        4.4964632542923415E-006
    59.42053274610416        0.9999922132023773        1.1660660744275034E-005
    59.41421186446217        0.9999907006533781        2.8704955866890470E-005
    59.41183984021962        0.9999896051315841        6.7949976297880697E-005
    59.41315720539637        0.9999888264502136        1.5491743218821690E-004
    59.41797530538496        0.9999882774761932        3.4014426603802545E-004
    59.42616315022732        0.9999878877869272        7.1904164688239782E-004
    59.43763479305805        0.9999876042028222        1.4629859096754643E-003
    59.45233687518430        0.9999873897210120        2.8641222058203874E-003
    59.47023728097906        0.9999872217808837        5.3936568083254918E-003
    59.49131517516315        0.9999870899775968        9.7678308179574933E-003
    59.51555025954904        0.9999869931161184        1.7007151847501602E-002
    59.54290913129253        0.9999869365407392        2.8464315581211791E-002
    59.57333356714759        0.9999869317098476        4.5788507508765744E-002
    59.60673607187240        0.9999869975568729        7.0794577633760125E-002
    59.64299435647045        0.9999871611209528        0.1052211843073565     
    59.68193931423922        0.9999874585747799        0.1503946464597198     
    59.72333977142790        0.9999879374263706        0.2068585220883425     
    59.76686883488684        0.9999886570321086        0.2740661818354680     
    59.81204966784571        0.9999896885499185        0.3502427133701668     
    59.85820382957123        0.9999911137774635        0.4324891101323399     
    59.68408123890021        0.9999930182655111        0.5171347514039774     
    59.51424789621812        0.9999945638707499        0.6004270245478504     
    59.35277020603568        0.9999957992832796        0.6786476982803402     
    59.20247468285212        0.9999967733838607        0.7487570620225348     
    59.06502722686403        0.9999975311319828        0.8087293497415415     
    58.94107443382411        0.9999981125822690        0.8576930542325781     
    58.83046391455255        0.9999985526311606        0.8958545247077379     
    58.73248996453223        0.9999988810831824        0.9242545452824700     
    58.64612044488860        0.9999991229144528        0.9444425353601510     
    58.57016999673291        0.9999992986630063        0.9581542487833532     
    58.50341827343868        0.9999994248956610        0.9670552762881603     
    58.44468653097891        0.9999995147134828        0.9725787364476828     
    58.39288267532939        0.9999995782659622        0.9758548988656979     
    58.34702278110465        0.9999996232499612        0.9777111560739183     
    58.30623700136456        0.9999996553747131        0.9787141814261414     
    58.26976629831267        0.9999996787793795        0.9792290807318995     
    58.23695414857690        0.9999996963949371        0.9794780198620554     
    58.20723586443046        0.9999997102471603        0.9795890436866251     
    58.18012733379457        0.9999997217018148        0.9796321950026224     
    58.15521430047551        0.9999997316565373        0.9796438820758656     
    58.13214271978398        0.9999997406860883        0.9796420884128449     
    58.11061028726409        0.9999997491487497        0.9796352367256338     
    58.09035903545579        0.9999997572617604        0.9796270419331832     
    58.07116890273032        0.9999997651530971        0.9796190182472723     
    58.05285221203263        0.9999997728958935        0.9796117050712357     
    58.03524896464451        0.9999997805305920        0.9796052354994882     
    58.01822282270859        0.9999997880787627        0.9795995864880607     
    58.00165767163716        0.9999997955514383        0.9795946831062132     
    57.98545468593404        0.9999998029539953        0.9795904393497947     
    57.96952983405114        0.9999998102889104        0.9795867727921564     
    57.95381175602068        0.9999998175572689        0.9795836090287964     
    57.93823995084087        0.9999998247595607        0.9795808823930209     
    57.92276322203497        0.9999998318960817        0.9795785354351401     
    57.90733834169841        0.9999998389671227        0.9795765180708962     
    57.89192890144047        0.9999998459730586        0.9795747867054991     
    57.87650432405512        0.9999998529143767        0.9795733034252315     
    57.86103901403817        0.9999998597916833        0.9795720352766232     
    57.84551162831959        0.9999998666056981        0.9795709536310894     
    57.82990445087471        0.9999998733572425        0.9795700336271729     
    57.81420285676064        0.9999998800472290        0.9795692536816545     
    57.79839485303235        0.9999998866766471        0.9795685950613338     
    57.78247068587127        0.9999998932465534        0.9795680415081531     
    57.76642250491651        0.9999998997580578        0.9795675789112716     
    57.75024407715809        0.9999999062123150        0.9795671950205102     
    57.73393054389033        0.9999999126105168        0.9795668791963089     
    57.71747821520753        0.9999999189538820        0.9795666221920004     
    57.70088439741166        0.9999999252436512        0.9795664159648604     
    57.68414724953929        0.9999999314810881        0.9795662535131823     
    57.66726566604086        0.9999999376674812        0.9795661287376216     
    57.65023918344307        0.9999999438041585        0.9795660363263961     
    57.63306790950498        0.9999999498925208        0.9795659716653728     
    57.61575247382603        0.9999999559340969        0.9795659307747058     
    57.59829399902230        0.9999999619306434        0.9795659102709695     
    57.58069409112219        0.9999999678842864        0.9795659073436015     
    57.56295484599023        0.9999999737977304        0.9795659197136746     
    57.54507886494896        0.9999999796745094        0.9795659455177746     
    57.52706926746287        0.9999999855192728        0.9795659830551121     
    57.50892968267913        0.9999999913380175        0.9795660303930315     
    57.49066419844458        0.9999999971382010        0.9795660849604729     
    57.47227725114224         1.000000002928624        0.9795661433897006     
    57.45389030383991         1.000000008719047        0.9795662018189283     
    57.08624141191608         1.000000000000000         0.000000000000000     
    57.08624141191608        0.9999969107115212        1.4673635382006807E-006
    57.07154334912305        0.9999942569477720        4.4330100746409571E-006
    57.06124073567370        0.9999922246456051        1.1497000652070837E-005
    57.05505008488092        0.9999907141899356        2.8304687512996998E-005
    57.05269249245670        0.9999896202184305        6.7009778016045016E-005
    57.05394008985028        0.9999888427426401        1.5279371570046314E-004
    57.05862210548494        0.9999882947902015        3.3553303048239395E-004
    57.06661995193309        0.9999879060577067        7.0942283162356930E-004
    57.07785786857965        0.9999876234584236        1.4437219996675712E-003
    57.09229248298130        0.9999874100979880        2.8271027128774977E-003
    57.10990342910170        0.9999872435892480        5.3254320943074062E-003
    57.13068567979960        0.9999871137467375        9.6473072340286167E-003
    57.15464119848240        0.9999870194574918        1.6803132443520989E-002
    57.18176749023871        0.9999869657792354        2.8133426054145143E-002
    57.21204863892090        0.9999869635901387        4.5274237253516744E-002
    57.24545512369738        0.9999870313635520        7.0028134522654648E-002
    57.28194170248929        0.9999871959412304        0.1041244945610856     
    57.32143142126537        0.9999874931987239        0.1488851994782498     
    57.36378390886044        0.9999879701235008        0.2048552177228357     
    57.40872897584955        0.9999886854557389        0.2714953853370262     
    57.45575971270136        0.9999897094426689        0.3470445540653444     
    57.50401978279759        0.9999911224220172        0.4286250137613765     
    57.32300815957641        0.9999930071658297        0.5125967992687935     
    57.14738758360181        0.9999945377364192        0.5952477660497950     
    56.98171788097124        0.9999957615031679        0.6728870057240924     
    56.82898160236083        0.9999967266868626        0.7424908533239081     
    56.69067114976973        0.9999974777793084        0.8020410253808716     
    56.56708091346172        0.9999980544449549        0.8506661304487021     
    56.45766705493141        0.9999984912425367        0.8885665844187605     
    56.36137650881228        0.9999988176832197        0.9167729749387771     
    56.27690790646093        0.9999990584898507        0.9368223243933936     
    56.20288819243878        0.9999992339843351        0.9504377278185080     
    56.13797907158813        0.9999993605519389        0.9592733184921642     
    56.08093648022847        0.9999994511440766        0.9647527873677247     
    56.03063954313518        0.9999995157894856        0.9679992447801623     
    55.98609917122369        0.9999995620898219        0.9698350118819427     
    55.94645405118990        0.9999995956810773        0.9708233805252237     
    55.91096048981483        0.9999996206475176        0.9713273143955300     
    55.87898001953740        0.9999996398800843        0.9715676756643061     
    55.84996643406958        0.9999996553761999        0.9716717353749310     
    55.82345320255691        0.9999996684821836        0.9717090788302327     
    55.79904202681753        0.9999996800828088        0.9717158373804846     
    55.77639291330451        0.9999996907446925        0.9717098178068393     
    55.75521570295091        0.9999997008212533        0.9716993214198463     
    55.73526282145610        0.9999997105270750        0.9716879731487155     
    55.71632305749295        0.9999997199889150        0.9716772162356496     
    55.69821624895361        0.9999997292795823        0.9716675317171263     
    55.68078876313457        0.9999997384397308        0.9716590034723758     
    55.66390964589502        0.9999997474914395        0.9716515663858739     
    55.64746733314139        0.9999997564464022        0.9716451093015619     
    55.63136684654730        0.9999997653107174        0.9716395149076462     
    55.61552740790743        0.9999997740875927        0.9716346736686030     
    55.59988040766527        0.9999997827788283        0.9716304876844916     
    55.58436766818854        0.9999997913855977        0.9716268709162432     
    55.56893995356775        0.9999997999088447        0.9716237482476181     
    55.55355568856112        0.9999998083494746        0.9716210542755314     
    55.53817985655313        0.9999998167084448        0.9716187321250440     
    55.52278305136491        0.9999998249867919        0.9716167323732412     
    55.50734066184135        0.9999998331856481        0.9716150120958096     
    55.49183217135540        0.9999998413062348        0.9716135340291655     
    55.47624055668255        0.9999998493498544        0.9716122658361497     
    55.46055177255623        0.9999998573178809        0.9716111794631247     
    55.44475431000274        0.9999998652117497        0.9716102505774258     
    55.42883881827566        0.9999998730329462        0.9716094580753734     
    55.41279778174435        0.9999998807829960        0.9716087836523398     
    55.39662524439408        0.9999998884634564        0.9716082114274407     
    55.38031657569950        0.9999998960759096        0.9716077276163925     
    55.36386827258089        0.9999999036219525        0.9716073202469784     
    55.34727779300052        0.9999999111031951        0.9716069789124669     
    55.33054341756464        0.9999999185212591        0.9716066945593551     
    55.31366413630324        0.9999999258777837        0.9716064593072040     
    55.29663955858151        0.9999999331744420        0.9716062663001915     
    55.27946984481077        0.9999999404129796        0.9716061095921257     
    55.26215565925907        0.9999999475952780        0.9716059840677402     
    55.24469814367009        0.9999999547234690        0.9716058853995341     
    55.22709891111158        0.9999999618001052        0.9716058100250307     
    55.20936005784171        0.9999999688284047        0.9716057550991588     
    55.19148418736628        0.9999999758125632        0.9716057183379453     
    55.17347443465133        0.9999999827581071        0.9716056976587490     
    55.15533447044937        0.9999999896721999        0.9716056906015927     
    55.13706845921523        0.9999999965638068        0.9716056937163046     
    55.11868094593935         1.000000003443570        0.9716057023094047     
    55.10029343266348         1.000000010323333        0.9716057109025048     
    54.72025713835402         1.000000000000000         0.000000000000000     
    54.72025713835402        0.9999969199949803        1.4243539078551044E-006
    54.70618691972727        0.9999942739635556        4.3035404555597095E-006
    54.69629719706091        0.9999922473599012        1.1162780027128986E-005
    54.69031624530930        0.9999907410707509        2.7486407116065595E-005
    54.68799454821285        0.9999896501893868        6.5085359090819001E-005
    54.68912895888421        0.9999888751237789        1.4844084252676399E-004
    54.69356799052928        0.9999883292223296        3.2606684036442433E-004
    54.70120901564197        0.9999879424194691        6.8964176816833185E-004
    54.71199117733072        0.9999876618231880        1.4040258876661319E-003
    54.72588755567300        0.9999874507714881        2.7506438649106497E-003
    54.74289906057614        0.9999872871955680        5.1841583781392806E-003
    54.76305088742468        0.9999871612191460        9.3970146314484269E-003
    54.78638890641939        0.9999870717127434        1.6378087267403876E-002
    54.81297335516262        0.9999870231187532        2.7441672646938715E-002
    54.84287699141865        0.9999870254044619        4.4195161404732369E-002
    54.87619485931246        0.9999870964200334        6.8413873192785801E-002
    54.91304865765544        0.9999872624871468        0.1018060841456329     
    54.95356430281330        0.9999875585799372        0.1456830049893630     
    54.99781441427731        0.9999880307064016        0.2005918598268472     
    55.04569068795636        0.9999887365281024        0.2660092039245388     
    55.09668380498856        0.9999897445734351        0.3402033064301740     
    55.14962483398124        0.9999911325597016        0.4203419280925383     
    54.95322014508321        0.9999929786106595        0.5028509800926967     
    54.76494381221558        0.9999944790711258        0.5841061249263679     
    54.59059250441864        0.9999956793408927        0.6604757396520083     
    54.43324176800529        0.9999966265011572        0.7289718675616419     
    54.29374557002791        0.9999973641621037        0.7875941719040316     
    54.17147443586417        0.9999979312178856        0.8354732639953105     
    54.06497508482143        0.9999983615449910        0.8727979065249583     
    53.97244923920573        0.9999986840551431        0.9005770931324445     
    53.89205480322667        0.9999989229507068        0.9203209155002282     
    53.82206370597537        0.9999990981081976        0.9337246386325767     
    53.76092854670507        0.9999992255383684        0.9424170485913875     
    53.70729994514137        0.9999993178840164        0.9478009067188691     
    53.66001960710231        0.9999993849251901        0.9509833967675860     
    53.61810227900071        0.9999994340679238        0.9527755439283603     
    53.58071313427461        0.9999994707982170        0.9537331036347755     
    53.54714526832865        0.9999994990883947        0.9542142667063009     
    53.51679995331170        0.9999995217482099        0.9544369954117758     
    53.48916977083739        0.9999995407179786        0.9545268462687303     
    53.46382406391814        0.9999995573051929        0.9545523983165298     
    53.44039658249173        0.9999995723692439        0.9545491808618767     
    53.41857528988488        0.9999995864609541        0.9545346223875711     
    53.39809404708799        0.9999995999245661        0.9545167687030702     
    53.37872574960007        0.9999996129699045        0.9544990581646744     
    53.36027656516578        0.9999996257218106        0.9544827884821183     
    53.34258105733360        0.9999996382529294        0.9544683218352864     
    53.32549805295736        0.9999996506047698        0.9544556422913647     
    53.30890713169590        0.9999996628008150        0.9544445996095683     
    53.29270563454079        0.9999996748544148        0.9544350094382612     
    53.27680611341975        0.9999996867734013        0.9544266912609511     
    53.26113415852490        0.9999996985626973        0.9544194808455883     
    53.24562654461029        0.9999997102257476        0.9544132329062689     
    53.23022964341779        0.9999997217652783        0.9544078203301684     
    53.21489805952221        0.9999997331836911        0.9544031323925437     
    53.19959345642118        0.9999997444832569        0.9543990728212624     
    53.18428354591231        0.9999997556662142        0.9543955579859924     
    53.16894121793903        0.9999997667348105        0.9543925152803056     
    53.15354379158789        0.9999997776913195        0.9543898816978713     
    53.13807237087256        0.9999997885380500        0.9543876025853468     
    53.12251129119187        0.9999997992773412        0.9543856305515352     
    53.10684764414449        0.9999998099115585        0.9543839245136546     
    53.09107087000457        0.9999998204430907        0.9543824488637919     
    53.07517240864919        0.9999998308743396        0.9543811727407611     
    53.05914540104272        0.9999998412077158        0.9543800693945322     
    53.04298443453445        0.9999998514456315        0.9543791156320629     
    53.02668532623191        0.9999998615904969        0.9543782913348516     
    53.01024493959071        0.9999998716447112        0.9543775790398680     
    52.99366103014435        0.9999998816106637        0.9543769635769360     
    52.97693211704442        0.9999998914907348        0.9543764317572322     
    52.96005737782981        0.9999999012873034        0.9543759721097483     
    52.94303656459402        0.9999999110027709        0.9543755746655987     
    52.92586994053753        0.9999999206396046        0.9543752307937430     
    52.90855823683078        0.9999999302004250        0.9543749330939059     
    52.89110263055102        0.9999999396881452        0.9543746753473434     
    52.87350474471941        0.9999999491061941        0.9543744525028560     
    52.85576667046558        0.9999999584588483        0.9543742606243067     
    52.83789100789708        0.9999999677516583        0.9543740966565560     
    52.81988091480722        0.9999999769919540        0.9543739578378519     
    52.80174014024104        0.9999999861893224        0.9543738407112738     
    52.78347300483005        0.9999999953558830        0.9543737400369654     
    52.76508428365124         1.000000004506170        0.9543736483097988     
    52.74669556247243         1.000000013656457        0.9543735565826321     
    52.34868005489094         1.000000000000000         0.000000000000000     
    52.34868005489094        0.9999969337505252        1.3582173024485743E-006
    52.33535838710630        0.9999942991858792        4.1042779310325704E-006
    52.32596947565873        0.9999922810419601        1.0647775206813108E-005
    52.32024551172110        0.9999907809435081        2.6223712123591537E-005
    52.31795407083348        0.9999896946607836        6.2110887767192102E-005
    52.31891101415872        0.9999889231940807        1.4170011239235375E-004
    52.32298224883382        0.9999883803751045        3.1137590645594792E-004
    52.33008077426174        0.9999879965050589        6.5886615993588184E-004
    52.34016099445554        0.9999877189921053        1.3420896722870178E-003
    52.35321357144993        0.9999875115011921        2.6309595759200165E-003
    52.36926337232821        0.9999873523431589        4.9622010218140656E-003
    52.38837136556098        0.9999872318923445        9.0021501850081655E-003
    52.41063779639933        0.9999871487681010        1.5704464498315217E-002
    52.43620508725125        0.9999871065393956        2.6339916092401914E-002
    52.46527082231921        0.9999871141790815        4.2467454808972127E-002
    52.49811797283014        0.9999871887383144        6.5815263562786205E-002
    52.53513808922609        0.9999873554297697        9.8053921300789562E-002
    52.57681992971685        0.9999876478485379        0.1404742644798927     
    52.62368030407908        0.9999881108219597        0.1936255465236482     
    52.67605468351979        0.9999888003115291        0.2570099679800190     
    52.73367114963085        0.9999897823175978        0.3289446110935389     
    52.79503826256122        0.9999911312051233        0.4066719381882697     
    52.57066470501415        0.9999929202792066        0.4867264592297248     
    52.36090966771345        0.9999943751687551        0.5656300818969343     
    52.17327769771237        0.9999955396066603        0.6398505091675191     
    52.01013554578780        0.9999964592834768        0.7064622505234570     
    51.87054268477832        0.9999971765548094        0.7634995936035629     
    51.75192207609413        0.9999977291555129        0.8101008181175727     
    51.65117264660000        0.9999981499113182        0.8464379193876628     
    51.56529392072797        0.9999984668000683        0.8734847047045924     
    51.49166220413817        0.9999987032081067        0.8927058206195072     
    51.42809239968571        0.9999988783114439        0.9057488724055833     
    51.37280374148689        0.9999990075313827        0.9141989322880358     
    51.32435661959664        0.9999991030256591        0.9194225364357352     
    51.28158734960374        0.9999991741847153        0.9224992491461325     
    51.24355102444323        0.9999992281096320        0.9242204863275980     
    51.20947453684588        0.9999992700541246        0.9251289171585892     
    51.17871950142086        0.9999993038185699        0.9255744517633200     
    51.15075433578122        0.9999993320892326        0.9257700347645865     
    51.12513346170553        0.9999993567205910        0.9258382731993112     
    51.10148130043080        0.9999993789626243        0.9258460331601814     
    51.07947966131086        0.9999993996378564        0.9258278360824460     
    51.05885784654327        0.9999994192748137        0.9258004913603121     
    51.03938493323289        0.9999994382054072        0.9257716372029570     
    51.02086365863118        0.9999994566337018        0.9257444211660422     
    51.00312542362737        0.9999994746829427        0.9257199180450745     
    50.98602611357638        0.9999994924266850        0.9256983099990125     
    50.96944257006991        0.9999995099087536        0.9256794309126991     
    50.95326959773048        0.9999995271556470        0.9256630029397375     
    50.93741741166421        0.9999995441839927        0.9256487322428086     
    50.92180945465009        0.9999995610049098        0.9256363438889450     
    50.90638053042336        0.9999995776264842        0.9256255920103408     
    50.89107520592312        0.9999995940551312        0.9256162606400612     
    50.87584643947678        0.9999996102963388        0.9256081614280764     
    50.86065439909088        0.9999996263550633        0.9256011305802134     
    50.84546544298515        0.9999996422359418        0.9255950258320821     
    50.83025124012480        0.9999996579434096        0.9255897236994165     
    50.81498801187865        0.9999996734817669        0.9255851170483196     
    50.79965587843034        0.9999996888552146        0.9255811129673083     
    50.78423829579589        0.9999997040678799        0.9255776309082243     
    50.76872157123506        0.9999997191238283        0.9255746010627641     
    50.75309444650414        0.9999997340270700        0.9255719629448342     
    50.73734773986517        0.9999997487815663        0.9255696641528336     
    50.72147403903200        0.9999997633912285        0.9255676592895158     
    50.70546743829535        0.9999997778599196        0.9255659090200672     
    50.68932331398277        0.9999997921914523        0.9255643792516142     
    50.67303813323777        0.9999998063895896        0.9255630404196067     
    50.65660929186041        0.9999998204580426        0.9255618668685951     
    50.64003497764826        0.9999998344004708        0.9255608363170335     
    50.62331405632683        0.9999998482204907        0.9255599293982898     
    50.60644597779679        0.9999998619216854        0.9255591292735017     
    50.58943070114695        0.9999998755076347        0.9255584213170414     
    50.57226863784048        0.9999998889819766        0.9255577928818235     
    50.55496061373212        0.9999999023485133        0.9255572331563638     
    50.53750785200713        0.9999999156114009        0.9255567331186546     
    50.51991198062347        0.9999999287754491        0.9255562855545901     
    50.50217506809152        0.9999999418465805        0.9255558850213520     
    50.48429968901770        0.9999999548324509        0.9255555275096544     
    50.46628901301212        0.9999999677432106        0.9255552094877577     
    50.44814689162622        0.9999999805922744        0.9255549261991907     
    50.42987788596329        0.9999999933968408        0.9255546696991945     
    50.41148715207779         1.000000006177806        0.9255544279094292     
    50.39309641819229         1.000000018958771        0.9255541861196639     
    49.97178564035620         1.000000000000000         0.000000000000000     
    49.97178564035620        0.9999969517817596        1.2682535937619958E-006
    49.95938188462239        0.9999943322673758        3.8329462684516548E-006
    49.95059304216821        0.9999923252425794        9.9455397434783210E-006
    49.94516811857329        0.9999908332882481        2.4499190807555130E-005
    49.94289310035926        0.9999897530647424        5.8040989047396933E-005
    49.94360128480653        0.9999889863565429        1.3245724130742074E-004
    49.94717360953021        0.9999884476393284        2.9118210511993247E-004
    49.95353563911444        0.9999880677118491        6.1644260865001313E-004
    49.96265299149066        0.9999877943813210        1.2564332935353958E-003
    49.97452862197657        0.9999875916899730        2.4648217633668787E-003
    49.98920474681754        0.9999874382916550        4.6527910295167691E-003
    50.00677037883047        0.9999873246444261        8.4490896006771798E-003
    50.02737244638211        0.9999872488744925        1.4755988968862455E-002
    50.05123176115738        0.9999872135169282        2.4779696809388581E-002
    50.07867884865416        0.9999872264159485        4.0005824020918374E-002
    50.11021906161223        0.9999873034848982        6.2089340612869408E-002
    50.14660393243968        0.9999874685224137        9.2640251874460205E-002
    50.18888296821135        0.9999877535950169        0.1329146196595492     
    50.23838977038179        0.9999882016019936        0.1834622238125800     
    50.29650636730107        0.9999888657298092        0.2438237977485214     
    50.36397335897332        0.9999898088258307        0.3123904770758217     
    50.43950589424574        0.9999911017197689        0.3865146527783070     
    50.16573579646622        0.9999928143021164        0.4628885759420930     
    49.92289364561611        0.9999942070063201        0.5382486086457698     
    49.71850745050956        0.9999953225156721        0.6092108507154853     
    49.55115690984154        0.9999962048581279        0.6729498790269242     
    49.41551655582789        0.9999968946813785        0.7275611053929848     
    49.30535163135082        0.9999974281111017        0.7722019284823771     
    49.21497801615871        0.9999978365055250        0.8070234168914520     
    49.13978571072818        0.9999981465295393        0.8329476549376312     
    49.07627034675441        0.9999983804158148        0.8513701163274350     
    49.02184060215348        0.9999985563473271        0.8638649733181226     
    48.97458462771241        0.9999986889103833        0.8719496239450725     
    48.93307785425266        0.9999987895783201        0.8769344158395460     
    48.89624201590522        0.9999988671956439        0.8798560404215713     
    48.86324522516454        0.9999989284401403        0.8814754701984993     
    48.83343212196931        0.9999989782468340        0.8823150678807706     
    48.80627550747378        0.9999990201833496        0.8827119143492125     
    48.78134348296496        0.9999990567712667        0.8828712081568257     
    48.75827723857187        0.9999990897524696        0.8829110349046911     
    48.73677553271381        0.9999991203029369        0.8828956672483284     
    48.71658335411026        0.9999991491989298        0.8828581305651424     
    48.69748346453992        0.9999991769420666        0.8828143402114389     
    48.67929004990908        0.9999992038504387        0.8827713643564664     
    48.66184385334450        0.9999992301228335        0.8827319560824899     
    48.64500829098630        0.9999992558825458        0.8826968948836611     
    48.62866623720785        0.9999992812063073        0.8826661281369395     
    48.61271731223452        0.9999993061427833        0.8826392956631325     
    48.59707556974030        0.9999993307240340        0.8826159555827023     
    48.58166750862423        0.9999993549724066        0.8825956737332554     
    48.56643035597873        0.9999993789045684        0.8825780543830977     
    48.55131058531784        0.9999994025338126        0.8825627473345601     
    48.53626263999159        0.9999994258713595        0.8825494463595008     
    48.52124783233059        0.9999994489270855        0.8825378849484277     
    48.50623339163045        0.9999994717099515        0.8825278315979992     
    48.49119163925447        0.9999994942282544        0.8825190853788720     
    48.47609927403692        0.9999995164897948        0.8825114719787266     
    48.46093675419402        0.9999995385019860        0.8825048402303953     
    48.44568776353134        0.9999995602719337        0.8824990590814089     
    48.43033875086194        0.9999995818064925        0.8824940149515949     
    48.41487853275314        0.9999996031123028        0.8824896094287772     
    48.39929795104910        0.9999996241958213        0.8824857572588239     
    48.38358957790702        0.9999996450633434        0.8824823845924549     
    48.36774746218310        0.9999996657210145        0.8824794274565221     
    48.35176691185234        0.9999996861748432        0.8824768304219451     
    48.33564430780645        0.9999997064307113        0.8824745454442174     
    48.31937694495650        0.9999997264943771        0.8824725308556622     
    48.30296289713993        0.9999997463714853        0.8824707504916046     
    48.28640090288809        0.9999997660675687        0.8824691729357150     
    48.26969026961887        0.9999997855880635        0.8824677708735629     
    48.25283079433175        0.9999998049383253        0.8824665205488678     
    48.23582269955454        0.9999998241236674        0.8824654013251786     
    48.21866658429377        0.9999998431494356        0.8824643953668151     
    48.20136339120294        0.9999998620211495        0.8824634874623984     
    48.18391439337773        0.9999998807447431        0.8824626650069235     
    48.16632120785378        0.9999998993269746        0.8824619181019799     
    48.14858584515147        0.9999999177760557        0.8824612395909611     
    48.13071080533798        0.9999999361025531        0.8824606246241044     
    48.11269922566699        0.9999999543205440        0.8824600691871989     
    48.09455505697397        0.9999999724488674        0.8824595672830040     
    48.07628318717623        0.9999999905120955        0.8824591074779299     
    48.05788935877502         1.000000008540607        0.8824586710514372     
    48.03949553037381         1.000000026569119        0.8824582346249444     
    47.58999253892547         1.000000000000000         0.000000000000000     
    47.58999253892547        0.9999969738285719        1.1553003184669689E-006
    47.57867292061516        0.9999943727466359        3.4919200099281093E-006
    47.57058172854355        0.9999923793650888        9.0617131888073206E-006
    47.56549519190434        0.9999908974141102        2.2325257092045831E-005
    47.56322134041599        0.9999898246433546        5.2901057746211967E-005
    47.56361056441216        0.9999890638050014        1.2075957050864927E-004
    47.56655584474878        0.9999885301714413        2.6556237678531085E-004
    47.57198992950344        0.9999881551607365        5.6246736652972560E-004
    47.57988151815459        0.9999878870600175        1.1470963233061757E-003
    47.59023410987086        0.9999876902894207        2.2519566648313218E-003
    47.60309053559922        0.9999875437291961        4.2546603448836602E-003
    47.61854451390744        0.9999874377167729        7.7340029305682737E-003
    47.63675840239514        0.9999873696951664        1.3523028600200765E-002
    47.65799196378701        0.9999873410398834        2.2739486161884589E-002
    47.68266382284695        0.9999873583492207        3.6766379358821336E-002
    47.71146426113147        0.9999874363006239        5.7153510443092165E-002
    47.74551093516617        0.9999875970107008        8.5420804283299540E-002
    47.78654516877371        0.9999878699839945        0.1227696114441606     
    47.83714521866488        0.9999882948674375        0.1697470098148075     
    47.90076763466600        0.9999889213820748        0.2259493665632872     
    47.98111203985817        0.9999898086342577        0.2898759900972023     
    48.07964162783526        0.9999910242041620        0.3590316420783246     
    47.71426290292275        0.9999926368227491        0.4303160065709790     
    47.42622067454194        0.9999939488380230        0.5007443074959916     
    47.20742736164975        0.9999950016619765        0.5671404791559898     
    47.04412827316840        0.9999958367374959        0.6268325607211597     
    46.92202893584936        0.9999964922933089        0.6780160197340074     
    46.82899041152486        0.9999970023076016        0.7198849791590654     
    46.75598615418460        0.9999973962014241        0.7525657007033708     
    46.69680161631806        0.9999976988935899        0.7769084034203456     
    46.64734107294770        0.9999979310710564        0.7942102739016034     
    46.60494586310219        0.9999981095837673        0.8059406311513313     
    46.56786653801556        0.9999982479017389        0.8135201955131198     
    46.53491542214599        0.9999983565918661        0.8181790930827429     
    46.50525577082704        0.9999984437854784        0.8208928510887014     
    46.47827514619271        0.9999985156168747        0.8223790464092841     
    46.45350785935048        0.9999985766198535        0.8231311312572985     
    46.43058669271065        0.9999986300748921        0.8234679621450112     
    46.40921304508304        0.9999986783042970        0.8235837806692132     
    46.38913856820049        0.9999987229160971        0.8235903264458581     
    46.37015348177641        0.9999987649998165        0.8235482810040979     
    46.35207868278408        0.9999988052788447        0.8234886424794489     
    46.33476017969701        0.9999988442252310        0.8234261517132441     
    46.31806505730118        0.9999988821432583        0.8233671558537647     
    46.30187843245736        0.9999989192282104        0.8233139276742196     
    46.28610102632090        0.9999989556062918        0.8232668981224904     
    46.27064713822843        0.9999989913608350        0.8232257432830776     
    46.25544291196015        0.9999990265489596        0.8231898815856267     
    46.24042482747200        0.9999990612118423        0.8231586853692687     
    46.22553837150669        0.9999990953808758        0.8231315621870695     
    46.21073686084272        0.9999991290812901        0.8231079803706455     
    46.19598040581950        0.9999991623342545        0.8230874724890432     
    46.18123500409548        0.9999991951581151        0.8230696309836363     
    46.16647175131558        0.9999992275691556        0.8230541016514452     
    46.15166615348090        0.9999992595820887        0.8230405770451081     
    46.13679752707861        0.9999992912104052        0.8230287904422217     
    46.12184847582063        0.9999993224666369        0.8230185105213009     
    46.10680443527682        0.9999993533625458        0.8230095367135014     
    46.09165327791384        0.9999993839092796        0.8230016951557469     
    46.07638497136342        0.9999994141174772        0.8229948351679193     
    46.06099128297040        0.9999994439973517        0.8229888261846628     
    46.04546552430293        0.9999994735587513        0.8229835550819625     
    46.02980233025423        0.9999995028112052        0.8229789238473413     
    46.01399746829541        0.9999995317639551        0.8229748475499444     
    45.99804767414897        0.9999995604259867        0.8229712525729274     
    45.98195051062854        0.9999995888060480        0.8229680750757236     
    45.96570424673398        0.9999996169126726        0.8229652596582167     
    45.94930775441206        0.9999996447541880        0.8229627582029120     
    45.93276042072387        0.9999996723387375        0.8229605288754233     
    45.91606207349064        0.9999996996742925        0.8229585352689490     
    45.89921291886690        0.9999997267686794        0.8229567456864201     
    45.88221348980793        0.9999997536296253        0.8229551325666843     
    45.86506460521628        0.9999997802648460        0.8229536720792867     
    45.84776734107097        0.9999998066822189        0.8229523439304215     
    45.83032301741147        0.9999998328900876        0.8229511314183624     
    45.81273321260709        0.9999998588977943        0.8229500216988666     
    45.79499982122024        0.9999998847165285        0.8229490060016279     
    45.77712518063952        0.9999999103606010        0.8229480791701836     
    45.75911229529939        0.9999999358491678        0.8229472375640559     
    45.74096515387698        0.9999999612082409        0.8229464746386205     
    45.72268904380971        0.9999999864724806        0.8229457750960796     
    45.70429059312410         1.000000011685741        0.8229451112813786     
    45.68589214243849         1.000000036899002        0.8229444474666776     
    45.20382946684727         1.000000000000000         0.000000000000000     
    45.20382946684727        0.9999969995751640        1.0225747154972823E-006
    45.19373605990588        0.9999944200582773        3.0908169872462215E-006
    45.18642795144044        0.9999924426727436        8.0209121710506999E-006
    45.18171499004936        0.9999909724636123        1.9761586334797784E-005
    45.17942978048782        0.9999899084484331        4.6829776003677855E-005
    45.17943902931026        0.9999891545164475        1.0691616615292802E-004
    45.18164401997063        0.9999886268798139        2.3517630214176769E-004
    45.18597779515645        0.9999882576807436        4.9828591145028005E-004
    45.19240129922655        0.9999879957315091        1.0166965846473161E-003
    45.20090220541428        0.9999878057836266        1.9972093722193272E-003
    45.21149945530832        0.9999876667987230        3.7763097026341868E-003
    45.22425494657774        0.9999875688158505        6.8709619880855154E-003
    45.23929233502714        0.9999875085016406        1.2027413034799527E-002
    45.25683067117513        0.9999874860972428        2.0250697473086963E-002
    45.27726088612018        0.9999875069306783        3.2790364717010266E-002
    45.30129526008022        0.9999875840301377        5.1055721594077855E-002
    45.33020837595436        0.9999877368339108        7.6441822850185123E-002
    45.36623621679070        0.9999879912707796        0.1100692640556271     
    45.41325202279037        0.9999883830497195        0.1524752770278769     
    45.47777256171640        0.9999889568745323        0.2033318013093635     
    45.57005683735869        0.9999897662322931        0.2612924602082273     
    45.70324801303990        0.9999908752216424        0.3240701781651852     
    45.14715980931603        0.9999923555111239        0.3888165902401372     
    44.82433013649389        0.9999935671324850        0.4528494077464403     
    44.61231369250238        0.9999945442084799        0.5132848129934265     
    44.47491587138285        0.9999953229363269        0.5676762067857720     
    44.38482681639116        0.9999959383039716        0.6143671744336583     
    44.32258587903728        0.9999964216865180        0.6526082233544774     
    44.27629024549694        0.9999968000952535        0.6824944949609200     
    44.23925295251777        0.9999970962083763        0.7047802716474193     
    44.20784803918000        0.9999973287028382        0.7206316804444923     
    44.18012267933541        0.9999975126977981        0.7313789107867745     
    44.15499994852667        0.9999976602315560        0.7383149120171032     
    44.13185055314750        0.9999977807319077        0.7425640696250342     
    44.11027619942647        0.9999978814577140        0.7450214293941528     
    44.09000253143312        0.9999979678989394        0.7463475447581085     
    44.07082485695313        0.9999980441286934        0.7469979396068780     
    44.05257935557865        0.9999981131064758        0.7472676239178158     
    44.03512777420477        0.9999981769353838        0.7473365688135014     
    44.01834966517475        0.9999982370766748        0.7473083168382667     
    44.00213846683672        0.9999982945244852        0.7472389760284941     
    43.98639931990904        0.9999983499435007        0.7471570211818352     
    43.97104770058915        0.9999984037732653        0.7470757800463015     
    43.95600848075517        0.9999984563039821        0.7470007696716855     
    43.94121517434660        0.9999985077293325        0.7469337355203350     
    43.92660922619912        0.9999985581818542        0.7468747414669785     
    43.91213930670138        0.9999986077557848        0.7468231863164250     
    43.89776062813851        0.9999986565213338        0.7467782664176574     
    43.88343429230101        0.9999987045333550        0.7467391697555470     
    43.86912666587274        0.9999987518365003        0.7467051477766251     
    43.85480878528369        0.9999987984682686        0.7466755352243049     
    43.84045580160736        0.9999988444608590        0.7466497497065365     
    43.82604647516160        0.9999988898423700        0.7466272844258959     
    43.81156272274321        0.9999989346376618        0.7466076993557761     
    43.79698921536617        0.9999989788690220        0.7465906127410222     
    43.78231302230668        0.9999990225567003        0.7465756934721270     
    43.76752329679588        0.9999990657193465        0.7465626544059034     
    43.75261099920348        0.9999991083743482        0.7465512465571731     
    43.73756865439775        0.9999991505380855        0.7465412540539886     
    43.72239014025968        0.9999991922261205        0.7465324897534211     
    43.70707050398685        0.9999992334533302        0.7465247914281520     
    43.69160580254339        0.9999992742340083        0.7465180184474168     
    43.67599296385849        0.9999993145819338        0.7465120488873127     
    43.66022966598899        0.9999993545104329        0.7465067770150549     
    43.64431423206053        0.9999993940324226        0.7465021110996868     
    43.62824553920014        0.9999994331604510        0.7464979715083971     
    43.61202293986049        0.9999994719067348        0.7464942890532964     
    43.59564619400288        0.9999995102831826        0.7464910035586751     
    43.57911541065785        0.9999995483014256        0.7464880626242472     
    43.56243099750042        0.9999995859728410        0.7464854205669207     
    43.54559361724241        0.9999996233085794        0.7464830375347269     
    43.52860414980663        0.9999996603196188        0.7464808788050022     
    43.51146365964424        0.9999996970168570        0.7464789143070309     
    43.49417336884392        0.9999997334113090        0.7464771184411459     
    43.47673463757347        0.9999997695144686        0.7464754702715855     
    43.45914896827691        0.9999998053389708        0.7464739540753538     
    43.44141805823576        0.9999998408996935        0.7464725599147863     
    43.42354394290708        0.9999998762154896        0.7464712833259164     
    43.40552930271402        0.9999999113116771        0.7464701225897376     
    43.38737798452230        0.9999999462231978        0.7464690722219883     
    43.36909568070208        0.9999999809978509        0.7464681135025447     
    43.35069034906749         1.000000015698037        0.7464672075639395     
    43.33228501743290         1.000000050398224        0.7464663016253342     
    42.81390852878391         1.000000000000000         0.000000000000000     
    42.81390852878391        0.9999970286630865        8.7597492366366148E-007
    42.80514895903649        0.9999944735512931        2.6474481347550835E-006
    42.79869103615215        0.9999925143044505        6.8693264386188355E-006
    42.79438156624361        0.9999910574237045        1.6921878931847997E-005
    42.79207873881226        0.9999900033502488        4.0096122523813087E-005
    42.79166418072495        0.9999892572581828        9.1539208593367574E-005
    42.79304354777104        0.9999887364240719        2.0136363291921219E-004
    42.79614326429694        0.9999883738006907        4.2671558297442252E-004
    42.80090561611874        0.9999881187479515        8.7092250563339994E-004
    42.80728564740625        0.9999879362777040        1.7115985076290420E-003
    42.81525242638474        0.9999878052829475        3.2381961512225419E-003
    42.82479557400669        0.9999877153893270        5.8963304607076317E-003
    42.83593641767159        0.9999876625299772        1.0330948437807198E-002
    42.84875053383175        0.9999876458744195        1.7413615241285228E-002
    42.86342892263695        0.9999876692124073        2.8232809092893763E-002
    42.88041061931647        0.9999877433956699        4.4023765589296104E-002
    42.90061985552827        0.9999878848607903        6.6020605956311235E-002
    42.92592728782466        0.9999881153263709        9.5231639841334398E-002
    42.96014283657742        0.9999884644342711        0.1321681595132410     
    43.01128271517410        0.9999889687357190        0.1765903841485852     
    43.09739944116428        0.9999896722257426        0.2273577124295415     
    43.26344647416184        0.9999906302689879        0.2824717690805807     
    42.23083129621391        0.9999919191294587        0.3393913514998933     
    42.05413085863193        0.9999930191292810        0.3956726840333347     
    41.90441020735695        0.9999939122932344        0.4488648174112674     
    41.83450524871423        0.9999946277875866        0.4968145391276456     
    41.80584236256443        0.9999951986901657        0.5380578437363540     
    41.79230190668206        0.9999956539618693        0.5719146647109987     
    41.78270701271430        0.9999960177276727        0.5984367290609732     
    41.77319615002930        0.9999963097900519        0.6182562002878096     
    41.76274915749570        0.9999965462285634        0.6323767205713754     
    41.75130908361714        0.9999967399632924        0.6419581284348530     
    41.73908993548213        0.9999969012708643        0.6481378546672764     
    41.72633747285194        0.9999970382377245        0.6519119332031995     
    41.71325547311778        0.9999971571493812        0.6540778528430518     
    41.69999238757272        0.9999972628184380        0.6552271191079144     
    41.68664779471918        0.9999973588574993        0.6557693997169505     
    41.67328299872638        0.9999974479112226        0.6559709521464118     
    41.65993098241326        0.9999975318618058        0.6559946253927794     
    41.64660479350937        0.9999976120127613        0.6559342109715283     
    41.63330419478294        0.9999976892474898        0.6558404551766451     
    41.62002059328579        0.9999977641578086        0.6557389444621150     
    41.60674052233302        0.9999978371411538        0.6556414476738093     
    41.59344805859667        0.9999979084694735        0.6555526118481771     
    41.58012646354527        0.9999979783353202        0.6554736622427322     
    41.56675923132902        0.9999980468812473        0.6554043211194051     
    41.55333070193615        0.9999981142178540        0.6553437407642970     
    41.53982639452420        0.9999981804345373        0.6552909260011232     
    41.52623317467686        0.9999982456057409        0.6552449087284632     
    41.51253931540577        0.9999983097945691        0.6552048096474895     
    41.49873448230713        0.9999983730550041        0.6551698523351217     
    41.48480966755208        0.9999984354334824        0.6551393591041382     
    41.47075709544021        0.9999984969702157        0.6551127410791466     
    41.45657011599594        0.9999985577003898        0.6550894873259177     
    41.44224309659013        0.9999986176552422        0.6550691547014482     
    41.42777131745751        0.9999986768629733        0.6550513588631567     
    41.41315087401941        0.9999987353494749        0.6550357664441582     
    41.39837858672512        0.9999987931388711        0.6550220882749114     
    41.38345191844872        0.9999988502539031        0.6550100735114680     
    41.36836889979342        0.9999989067161938        0.6549995045427199     
    41.35312806258650        0.9999989625464225        0.6549901925677045     
    41.33772838111056        0.9999990177644530        0.6549819737512784     
    41.32216921996638        0.9999990723894223        0.6549747058807511     
    41.30645028741895        0.9999991264398215        0.6549682654577283     
    41.29057159343435        0.9999991799335608        0.6549625451689666     
    41.27453341197575        0.9999992328880356        0.6549574516880602     
    41.25833624726461        0.9999992853201854        0.6549529037666045     
    41.24198080363038        0.9999993372465376        0.6549488305797199     
    41.22546795840702        0.9999993886832510        0.6549451702974208     
    41.20879873719046        0.9999994396461495        0.6549418688620725     
    41.19197429056211        0.9999994901507531        0.6549388789665902     
    41.17499587101400        0.9999995402123227        0.6549361592533564     
    41.15786480843838        0.9999995898459451        0.6549336737948640     
    41.14058248281913        0.9999996390667270        0.6549313919687175     
    41.12315029266977        0.9999996878901954        0.6549292888639672     
    41.10556962473586        0.9999997363330679        0.6549273462522756     
    41.08784188315902        0.9999997844146132        0.6549255537522851     
    41.06996860518795        0.9999998321588914        0.6549239089543606     
    41.05195182127384        0.9999998795982079        0.6549224142361646     
    41.03379482905367        0.9999999267778817        0.6549210678146372     
    41.01550350686944        0.9999999737618804        0.6549198492308954     
    40.99708774919549         1.000000020637339        0.6549187065965962     
    40.97867199152153         1.000000067512797        0.6549175639622971     
    40.42089907262771         1.000000000000000         0.000000000000000     
    40.42089907262771        0.9999970607051394        7.2361194836249408E-007
    40.41354111536525        0.9999945325117452        2.1864135389346591E-006
    40.40797893070032        0.9999925932998381        5.6711042963986926E-006
    40.40409730860052        0.9999911511482602        1.3965032276230248E-005
    40.40177987841093        0.9999901080561099        3.3078682816040781E-005
    40.40092166544112        0.9999893706060635        7.5497470778305363E-005
    40.40142959003672        0.9999888572416116        1.6604413548748043E-004
    40.40321839785496        0.9999885017949717        3.5183968345946356E-004
    40.40620393056430        0.9999882541814181        7.1813037073350757E-004
    40.41029662748731        0.9999880795966838        1.4115704551720162E-003
    40.41539704875719        0.9999879567391714        2.6714361894170121E-003
    40.42139314095546        0.9999878747599235        4.8666749017451227E-003
    40.42815622971312        0.9999878289457826        8.5323821945932320E-003
    40.43553707384920        0.9999878175080993        1.4393655946081258E-002
    40.44337936742260        0.9999878426540949        2.3359370271378813E-002
    40.45156565854025        0.9999879128732543        3.6466176022194055E-002
    40.46008510379531        0.9999880410624196        5.4757718586317325E-002
    40.46913358842022        0.9999882436003293        7.9098659076120723E-002
    40.47926643817937        0.9999885428979290        0.1099473916165496     
    40.49146397977238        0.9999889649444826        0.1471398084502523     
    40.50653286446713        0.9999895364483915        0.1897579784938231     
    40.52133538267302        0.9999902815995719        0.2361600803258830     
    40.51037284854950        0.9999912065161101        0.2842255694681165     
    39.24373316276470        0.9999922599655197        0.3318039011699684     
    39.07589943637792        0.9999930687574466        0.3768564503649799     
    39.13240001760059        0.9999937146247905        0.4175789290595375     
    39.20434523893042        0.9999942384553527        0.4527371639606758     
    39.25607933429543        0.9999946667977742        0.4817165280323414     
    39.28882634263180        0.9999950196128859        0.5045073078809222     
    39.30828677120484        0.9999953127214541        0.5215989637443068     
    39.31885107582926        0.9999955587694347        0.5338117654742680     
    39.32338064004228        0.9999957679222552        0.5421150228206455     
    39.32371696314264        0.9999959484169133        0.5474724780689755     
    39.32107469264181        0.9999961069417397        0.5507367291050501     
    39.31627516148365        0.9999962488961178        0.5525961590215430     
    39.30988205444090        0.9999963785616393        0.5535650403131043     
    39.30228548445067        0.9999964992153590        0.5540017960956043     
    39.29375749379739        0.9999966132444719        0.5541406330547153     
    39.28448961440855        0.9999967223004858        0.5541254068756994     
    39.27461834293520        0.9999968274809695        0.5540391854305725     
    39.26424236438970        0.9999969295030521        0.5539269047597957     
    39.25343417818673        0.9999970288418440        0.5538110975529235     
    39.24224794293168        0.9999971258265702        0.5537019488700725     
    39.23072478367906        0.9999972207006338        0.5536032734386180     
    39.21889642142075        0.9999973136561557        0.5535158371447664     
    39.20678768555015        0.9999974048526704        0.5534390862127789     
    39.19441825963426        0.9999974944268847        0.5533719890035251     
    39.18180390372577        0.9999975824975361        0.5533134156946018     
    39.16895733694773        0.9999976691675581        0.5532622926738545     
    39.15588890367120        0.9999977545251304        0.5532176544088059     
    39.14260708983051        0.9999978386447821        0.5531786522708313     
    39.12911892268127        0.9999979215891128        0.5531445472591238     
    39.11543027753395        0.9999980034110275        0.5531146979759070     
    39.10154611342965        0.9999980841560575        0.5530885482202670     
    39.08747065652792        0.9999981638643988        0.5530656156517120     
    39.07320754548491        0.9999982425724723        0.5530454818519666     
    39.05875994904980        0.9999983203140114        0.5530277837286910     
    39.04413066237218        0.9999983971207577        0.5530122061006152     
    39.02932218571171        0.9999984730228908        0.5529984752956487     
    39.01433678834027        0.9999985480492778        0.5529863536130175     
    38.99917656062102        0.9999986222276206        0.5529756345242414     
    38.98384345695681        0.9999986955845543        0.5529661385087757     
    38.96833933126020        0.9999987681457342        0.5529577094372419     
    38.95266596569635        0.9999988399359400        0.5529502114287370     
    38.93682509321458        0.9999989109791875        0.5529435261197005     
    38.92081841456068        0.9999989812988369        0.5529375502909188     
    38.90464761061047        0.9999990509176924        0.5529321938069862     
    38.88831435081600        0.9999991198580743        0.5529273778296261     
    38.87182029831919        0.9999991881418796        0.5529230332737776     
    38.85516711187344        0.9999992557906239        0.5529190994856973     
    38.83835644406474        0.9999993228254676        0.5529155231400908     
    38.82138993429876        0.9999993892672446        0.5529122573861461     
    38.80426919321898        0.9999994551365007        0.5529092613285802     
    38.78699577231149        0.9999995204536305        0.5529065000071886     
    38.76957111505536        0.9999995852392567        0.5529039450940795     
    38.75199648941164        0.9999996495150664        0.5529015764292268     
    38.73427290910652        0.9999997133053821        0.5528993840184205     
    38.71640117345423        0.9999997766398946        0.5528973689651009     
    38.69838216663621        0.9999998395581775        0.5528955401814668     
    38.68021782541507        0.9999999021165061        0.5528939029205899     
    38.66191336931633        0.9999999643971279        0.5528924379553102     
    38.64348109220898         1.000000026518565        0.5528910797346017     
    38.62504881510163         1.000000088640002        0.5528897215138933     
    38.02550036107890         1.000000000000000         0.000000000000000     
    38.02550036107890        0.9999970952988100        5.7461014230977511E-007
    38.01956987944450        0.9999945961888335        1.7354485403845352E-006
    38.01492622077334        0.9999926786352797        4.4987654727685318E-006
    38.01149132386963        0.9999912523991535        1.1071221678260566E-005
    38.00917339456080        0.9999902211522705        2.6208211402594934E-005
    38.00787978123863        0.9999894929870670        5.9783408948867581E-005
    38.00751728205230        0.9999889875926553        1.3142132895079450E-004
    38.00798721884102        0.9999886397331631        2.7837165182385880E-004
    38.00917679487797        0.9999883998899625        5.6803118661529286E-004
    38.01094895665486        0.9999882333883631        1.1163912631226003E-003
    38.01313174438067        0.9999881186270487        2.1128278637137323E-003
    38.01550586499295        0.9999880442380014        3.8496447021786544E-003
    38.01778535181664        0.9999880050158176        6.7513916471036283E-003
    38.01958641656677        0.9999879984392245        1.1394508732217279E-002
    38.02039040911851        0.9999880250547325        1.8503496703170332E-002
    38.01950064731975        0.9999880907656248        2.8907873214970254E-002
    38.01595026387531        0.9999882053077863        4.3447613471318751E-002
    38.00829139652251        0.9999883803757913        6.2826058334645246E-002
    37.99412992629566        0.9999886311394577        8.7428465328322644E-002
    37.96897053165842        0.9999889737683431        0.1171473539359955     
    37.92329077446770        0.9999894217523594        0.1512737645354174     
    37.83514681943957        0.9999899816902145        0.1885158432018754     
    37.65160108502572        0.9999906403039152        0.2271849142627353     
    37.24430402464124        0.9999913457789064        0.2655268918251460     
    37.04321947531889        0.9999919864086841        0.3020365903327899     
    36.97571899171732        0.9999925420325954        0.3352694085774267     
    36.96354843251143        0.9999930182138930        0.3641424264564938     
    36.96861984453609        0.9999934258105667        0.3880747798353168     
    36.97630842671592        0.9999937763425130        0.4069935457239539     
    36.98194634932937        0.9999940799639572        0.4212487859238337     
    36.98451352221288        0.9999943445788393        0.4314771897795381     
    36.98417248235835        0.9999945767634955        0.4384535204760026     
    36.98139058803961        0.9999947825206511        0.4429618425014968     
    36.97665060836834        0.9999949674074364        0.4457050604397146     
    36.97036711251757        0.9999951365113612        0.4472569795695699     
    36.96287123030026        0.9999952942429606        0.4480504019032331     
    36.95441750728243        0.9999954440019764        0.4483895349938002     
    36.94519748436728        0.9999955880441326        0.4484746350757515     
    36.93535391816046        0.9999957276666671        0.4484294617613474     
    36.92499302759730        0.9999958635490895        0.4483257915023449     
    36.91419407462364        0.9999959960578043        0.4482025099147381     
    36.90301652917924        0.9999961254358730        0.4480790387676891     
    36.89150533614740        0.9999962518919573        0.4479640141521656     
    36.87969475708145        0.9999963756301437        0.4478604929386598     
    36.86761115890506        0.9999964968530757        0.4477688682108749     
    36.85527503791228        0.9999966157573508        0.4476883957255376     
    36.84270248634049        0.9999967325291064        0.4476179390227407     
    36.82990624874411        0.9999968473395301        0.4475563045370868     
    36.81689648786791        0.9999969603389777        0.4475023757693634     
    36.80368135792041        0.9999970716520243        0.4474551558633247     
    36.79026744994479        0.9999971813768669        0.4474137719364295     
    36.77666014193554        0.9999972895895971        0.4473774654329044     
    36.76286387037761        0.9999973963508549        0.4473455787131760     
    36.74888233775349        0.9999975017119911        0.4473175417621749     
    36.73471867125003        0.9999976057193211        0.4472928602510560     
    36.72037554605065        0.9999977084164422        0.4472711051746803     
    36.70585528331052        0.9999978098452266        0.4472519039498460     
    36.69115992956594        0.9999979100461482        0.4472349327776936     
    36.67629132145846        0.9999980090583764        0.4472199100779786     
    36.66125113806874        0.9999981069197463        0.4472065908297720     
    36.64604094300248        0.9999982036666523        0.4471947616815159     
    36.63066221849147        0.9999982993339609        0.4471842367176407     
    36.61511639323702        0.9999983939550442        0.4471748537883827     
    36.59940486484347        0.9999984875619887        0.4471664713247856     
    36.58352901718516        0.9999985801858785        0.4471589655730799     
    36.56749023305964        0.9999986718570745        0.4471522281925713     
    36.55128990267899        0.9999987626054004        0.4471461641695084     
    36.53492942865392        0.9999988524602541        0.4471406900069952     
    36.51841022801448        0.9999989414506576        0.4471357321591806     
    36.50173373148797        0.9999990296052903        0.4471312256896374     
    36.48490137979600        0.9999991169525208        0.4471271131548932     
    36.46791461616941        0.9999992035203952        0.4471233437545973     
    36.45077487356250        0.9999992893365749        0.4471198728622640     
    36.43348355486506        0.9999993744282624        0.4471166621565989     
    36.41604200771595        0.9999994588224225        0.4471136806673010     
    36.39845150286165        0.9999995425466405        0.4471109069691599     
    36.38071324218380        0.9999996256308650        0.4471083321775911     
    36.36282846979530        0.9999997081104529        0.4471059619569014     
    36.34479881147209        0.9999997900316591        0.4471038134618662     
    36.32662703538200        0.9999998714606462        0.4471019015200632     
    36.30831838858089        0.9999999524973087        0.4471002110016111     
    36.28988226195310         1.000000033295515        0.4470986641267846     
    36.27144613532531         1.000000114093722        0.4470971172519582     
    35.62841367728209         1.000000000000000         0.000000000000000     
    35.62841367728209        0.9999971320377533        4.3751380306306063E-007
    35.62389549601634        0.9999946638191106        1.3205504927919073E-006
    35.62017064753226        0.9999927692613703        3.4203553970496783E-006
    35.61719585773736        0.9999913598959608        8.4096925207537129E-006
    35.61490262214195        0.9999903411622129        1.9889864737392165E-005
    35.61321027010235        0.9999896227428967        4.5332065919510944E-005
    35.61202616077922        0.9999891256325578        9.9575745918642860E-005
    35.61124024123238        0.9999887855686820        2.1077410408812890E-004
    35.61071512273600        0.9999885536161438        4.2985079548940011E-004
    35.61027334330302        0.9999883952065240        8.4444143301763838E-004
    35.60968237488383        0.9999882883716344        1.5976554895067718E-003
    35.60863592942013        0.9999882211705621        2.9104960756792283E-003
    35.60672602593777        0.9999881880003085        5.1042355820733144E-003
    35.60339784833872        0.9999881859080721        8.6156761487680544E-003
    35.59788804879904        0.9999882141144318        1.3994917373568175E-002
    35.58914690651537        0.9999882761607529        2.1873715025626576E-002
    35.57570760895495        0.9999883787724007        3.2894988605963030E-002
    35.55544845264283        0.9999885293651919        4.7602426506383279E-002
    35.52520581072132        0.9999887377457591        6.6303593087094159E-002
    35.48011719034675        0.9999890138980888        8.8937440306500803E-002
    35.41260330978343        0.9999893633434234        0.1149908980766288     
    35.31144960889107        0.9999897860017263        0.1435104708740915     
    35.16367850023590        0.9999902688978005        0.1732360930750778     
    34.97120990439852        0.9999907815365098        0.2028330674530782     
    34.82855038857677        0.9999912796591438        0.2311089402630836     
    34.74501491809410        0.9999917405452290        0.2569740599171782     
    34.70143671896938        0.9999921572891927        0.2795791549876293     
    34.67962242426265        0.9999925307890105        0.2984311911472244     
    34.66814462186726        0.9999928651728056        0.3134221721612376     
    34.66089322080963        0.9999931655055856        0.3247791270317252     
    34.65488697663780        0.9999934361856504        0.3329656062843479     
    34.64878370294472        0.9999936810888714        0.3385678250190041     
    34.64204799703470        0.9999939040939967        0.3421924384513002     
    34.63452290893707        0.9999941090085557        0.3443921821323619     
    34.62621909720239        0.9999942995715155        0.3456242187258167     
    34.61721239834920        0.9999944793931982        0.3462372432237242     
    34.60759482667918        0.9999946515347631        0.3464787368383894     
    34.59745323505136        0.9999948181286257        0.3465129769927575     
    34.58686199193999        0.9999949803836813        0.3464421753809289     
    34.57588191546737        0.9999951388708140        0.3463258810371109     
    34.56456153521904        0.9999952938412746        0.3461963855688400     
    34.55293900460315        0.9999954454393257        0.3460697214607717     
    34.54104405743806        0.9999955938020022        0.3459528596525379     
    34.52889977650504        0.9999957390909173        0.3458480730512027     
    34.51652407156906        0.9999958814914837        0.3457554007131290     
    34.50393086511578        0.9999960212004346        0.3456739458069880     
    34.49113102438692        0.9999961584145197        0.3456025105973055     
    34.47813307054609        0.9999962933225088        0.3455398806393389     
    34.46494370374656        0.9999964260968882        0.3454849361153367     
    34.45156819969795        0.9999965568853925        0.3454366843124866     
    34.43801072599692        0.9999966858067063        0.3453942594503728     
    34.42427460082391        0.9999968129527369        0.3453569109599377     
    34.41036249891829        0.9999969383954167        0.3453239890724256     
    34.39627660908407        0.9999970621941980        0.3452949310283050     
    34.38201875263798        0.9999971844017866        0.3452692488940982     
    34.36759047342768        0.9999973050675389        0.3452465190961891     
    34.35299310800156        0.9999974242390215        0.3452263734989423     
    34.33822784195996        0.9999975419625342        0.3452084917976639     
    34.32329575590705        0.9999976582832143        0.3451925950136474     
    34.30819786245056        0.9999977732449965        0.3451784399124058     
    34.29293513535082        0.9999978868904589        0.3451658141989718     
    34.27750853247426        0.9999979992606454        0.3451545323713231     
    34.26191901416809        0.9999981103949869        0.3451444321345153     
    34.24616755786135        0.9999982203314449        0.3451353712948834     
    34.23025516899455        0.9999983291067852        0.3451272250668987     
    34.21418288827101        0.9999984367568979        0.3451198837358849     
    34.19795179548719        0.9999985433170366        0.3451132506286349     
    34.18156301045455        0.9999986488219744        0.3451072403519572     
    34.16501769155985        0.9999987533060798        0.3451017772679064     
    34.14831703231101        0.9999988568033662        0.3450967941873459     
    34.13146225596441        0.9999989593475008        0.3450922312876267     
    34.11445460813281        0.9999990609717514        0.3450880353081853     
    34.09729534718234        0.9999991617088264        0.3450841591664202     
    34.07998573310541        0.9999992615907263        0.3450805622720188     
    34.06252701915786        0.9999993606489869        0.3450772119540709     
    34.04492045697464        0.9999994589156131        0.3450740863672703     
    34.02716733648795        0.9999995564248283        0.3450711786107991     
    34.00926910362960        0.9999996532163863        0.3450685000643096     
    33.99122762190748        0.9999997493419939        0.3450660779857562     
    33.97304564727185        0.9999998448762119        0.3450639397601454     
    33.95472751586117        0.9999999399343319        0.3450620780684730     
    33.93627982042091         1.000000034699795        0.3450604043988421     
    33.91783212498065         1.000000129465257        0.3450587307292112     
    33.23031563183159         1.000000000000000         0.000000000000000     
    33.23031563183159        0.9999971705195853        3.1881312575362590E-007
    33.22715707555854        0.9999947346445602        9.6146403470343969E-007
    33.22433026661293        0.9999928641336154        2.4875290688351134E-006
    33.22182314478425        0.9999914723611008        6.1088480286225972E-006
    33.21958891784718        0.9999904666083589        1.4430883827265988E-005
    33.21755922081593        0.9999897582088383        3.2852390043656373E-005
    33.21564439529385        0.9999892695026201        7.2085258408805745E-005
    33.21372811394895        0.9999889372308055        1.5243415327193912E-004
    33.21165729292358        0.9999887130753294        3.1060123431802470E-004
    33.20922858838878        0.9999885625990219        6.0971880627062143E-004
    33.20617195717593        0.9999884634407074        1.1528602978811261E-003
    33.20213053467514        0.9999884030096091        2.0992141345653240E-003
    33.19663307509468        0.9999883753447948        3.6802950783147471E-003
    33.18905117072612        0.9999883773723380        6.2111613650795670E-003
    33.17853979502564        0.9999884072789066        1.0089235082943735E-002
    33.16397113465338        0.9999884664506059        1.5772200253921051E-002
    33.14385284592935        0.9999885597088947        2.3728180288654276E-002
    33.11620405194216        0.9999886917109644        3.4357341065690820E-002
    33.07842238754736        0.9999888672944955        4.7894341210916361E-002
    33.02722574215380        0.9999890925077966        6.4313466001152828E-002
    32.95882784590598        0.9999893697585013        8.3267834842489591E-002
    32.86992336645675        0.9999896968927225        0.1040941221789296     
    32.76068830526930        0.9999900650678242        0.1258993033636001     
    32.64134425235628        0.9999904571007749        0.1477091001349059     
    32.53898406352148        0.9999908518895830        0.1686091551327503     
    32.46372026527263        0.9999912337484294        0.1877904350044822     
    32.41266194144451        0.9999915943829171        0.2046237728583828     
    32.37886826684547        0.9999919306695102        0.2187292410499903     
    32.35596933485007        0.9999922425676305        0.2300008689869880     
    32.33940709235424        0.9999925317027498        0.2385791037679018     
    32.32628018147911        0.9999927996496459        0.2447854130920032     
    32.31486602515749        0.9999930481967730        0.2490414065778860     
    32.30419007904404        0.9999932795942781        0.2517930089168103     
    32.29372409683602        0.9999934961469016        0.2534531180873263     
    32.28319756446370        0.9999937003312859        0.2543677526224306     
    32.27248349656074        0.9999938948957622        0.2548037956628916     
    32.26153062473041        0.9999940823860944        0.2549524852785001     
    32.25032537292287        0.9999942646346484        0.2549417837157120     
    32.23887178068154        0.9999944426702697        0.2548517937509067     
    32.22718119673510        0.9999946169505737        0.2547293396524159     
    32.21526702825991        0.9999947876520188        0.2545997800208681     
    32.20314214567062        0.9999949548657737        0.2544755733172844     
    32.19081777378970        0.9999951186884225        0.2543619545413892     
    32.17830319657055        0.9999952792517272        0.2542604123862222     
    32.16560583741320        0.9999954367214264        0.2541706686085651     
    32.15273149510898        0.9999955912826576        0.2540917258281275     
    32.13968463397295        0.9999957431269426        0.2540223802228893     
    32.12646865353282        0.9999958924440295        0.2539614488932985     
    32.11308610101410        0.9999960394130422        0.2539078560269690     
    32.09953883931710        0.9999961841917452        0.2538606547558500     
    32.08582819694674        0.9999963269092607        0.2538190227595906     
    32.07195510702663        0.9999964676663404        0.2537822490328288     
    32.05792022575504        0.9999966065416442        0.2537497190839911     
    32.04372402325578        0.9999967435996573        0.2537209012114827     
    32.02936684957095        0.9999968788971016        0.2536953345722279     
    32.01484898259412        0.9999970124869393        0.2536726190380734     
    32.00017066402501        0.9999971444202932        0.2536524066177969     
    31.98533212788725        0.9999972747471199        0.2536343941918773     
    31.97033362400630        0.9999974035163682        0.2536183173353519     
    31.95517543672048        0.9999975307759660        0.2536039450435438     
    31.93985789875165        0.9999976565726665        0.2535910752112814     
    31.92438140118724        0.9999977809517954        0.2535795307452866     
    31.90874640094588        0.9999979039570813        0.2535691562121030     
    31.89295342635752        0.9999980256307086        0.2535598149415099     
    31.87700308064708        0.9999981460135693        0.2535513865190822     
    31.86089604293982        0.9999982651455787        0.2535437646124601     
    31.84463306674922        0.9999983830659499        0.2535368550849180     
    31.82821497631246        0.9999984998133659        0.2535305743579241     
    31.81164266130611        0.9999986154260754        0.2535248479933884     
    31.79491707038480        0.9999987299419404        0.2535196094798621     
    31.77803920388610        0.9999988433984350        0.2535147992329944     
    31.76101010604898        0.9999989558325458        0.2535103638731888     
    31.74383085721559        0.9999990672805560        0.2535062559422339     
    31.72650256755518        0.9999991777778620        0.2535024343762580     
    31.70902637694935        0.9999992873592628        0.2534988662196748     
    31.69140346946834        0.9999993960599667        0.2534955300499471     
    31.67363511393364        0.9999995039173305        0.2534924209434809     
    31.65572274892788        0.9999996109743774        0.2534895549282398     
    31.63766813642874        0.9999997172869587        0.2534869674736262     
    31.61947359058970        0.9999998229361023        0.2534846970732751     
    31.60114224010327        0.9999999280489128        0.2534827457943009     
    31.58267819222036         1.000000032830795        0.2534810211805316     
    31.56421414433744         1.000000137612677        0.2534792965667623     
    30.83183477455884         1.000000000000000         0.000000000000000     
    30.83183477455884        0.9999972103512345        2.2205058620492309E-007
    30.82995140749671        0.9999948079257257        6.6894524241577318E-007
    30.82798323211398        0.9999929622358905        1.7283405720228805E-006
    30.82594495725494        0.9999915885558760        4.2381859377050402E-006
    30.82380964936117        0.9999905960627949        9.9970159444786265E-006
    30.82152189784226        0.9999898977819607        2.2725778174837258E-005
    30.81899839685467        0.9999894174220397        4.9797032418836798E-005
    30.81612323442137        0.9999890927434768        1.0516848301698460E-004
    30.81273876493982        0.9999888760796029        2.1404357253485351E-004
    30.80863318939826        0.9999887331926505        4.1974002775461316E-004
    30.80352547998256        0.9999886413827067        7.9294123596536023E-004
    30.79704768915794        0.9999885873281541        1.4427841261829045E-003
    30.78872354123860        0.9999885645632965        2.5280125974106388E-003
    30.77793881226076        0.9999885701868402        4.2647974458192911E-003
    30.76390068544877        0.9999886021538438        6.9262183661875825E-003
    30.74559786752178        0.9999886598082736        1.0827638026496890E-002
    30.72177733804513        0.9999887456903919        1.6293349597354075E-002
    30.69093612796647        0.9999888635160742        2.3603859339347000E-002
    30.65135475091203        0.9999890157186644        3.2930027470402107E-002
    30.60127378271647        0.9999892048727692        4.4268508849970925E-002
    30.53932941117336        0.9999894321716289        5.7399066454861675E-002
    30.46541530987717        0.9999896952840166        7.1883892167257837E-002
    30.38212133537245        0.9999899886412510        8.7118868391470955E-002
    30.29625964551816        0.9999903024024583        0.1024240987846968     
    30.21810518857149        0.9999906252364750        0.1171376879003333     
    30.15364187804068        0.9999909470062412        0.1306769886222586     
    30.10361042214610        0.9999912609563388        0.1425920082249328     
    30.06577806597827        0.9999915629616424        0.1526069161373702     
    30.03706120508120        0.9999918512685444        0.1606350274226246     
    30.01464536652436        0.9999921252979914        0.1667617828826267     
    29.99635827073598        0.9999923848193071        0.1712022780151073     
    29.98066947646684        0.9999926304443377        0.1742466800512891     
    29.96655676795463        0.9999928632152114        0.1762073237085397     
    29.95336194041559        0.9999930842251137        0.1773773580798896     
    29.94067373883455        0.9999932950439411        0.1780052525559460     
    29.92824034390295        0.9999934977697706        0.1782845281040736     
    29.91590880799064        0.9999936944181200        0.1783550093329242     
    29.90358649422883        0.9999938864029496        0.1783108832799972     
    29.89121750022110        0.9999940744719543        0.1782113778342060     
    29.87876822999758        0.9999942589220988        0.1780911577426661     
    29.86621845615362        0.9999944398469689        0.1779689100334710     
    29.85355577814218        0.9999946172925104        0.1778536607869375     
    29.84077229343318        0.9999947913242622        0.1777490106837177     
    29.82786266930098        0.9999949620490111        0.1776557536428151     
    29.81482302789682        0.9999951296114568        0.1775733775489045     
    29.80165031829174        0.9999952941787509        0.1775008612559756     
    29.78834198973887        0.9999954559281502        0.1774370635474351     
    29.77489581616580        0.9999956150401950        0.1773808930976888     
    29.76130978039840        0.9999957716898852        0.1773313697991807     
    29.74758199864925        0.9999959260342944        0.1772876368524707     
    29.73371069149530        0.9999960782032723        0.1772489531741919     
    29.71969419148941        0.9999962282984911        0.1772146796521175     
    29.70553096301107        0.9999963763993581        0.1771842648350058     
    29.69121961700983        0.9999965225709913        0.1771572320174687     
    29.67675891726205        0.9999966668708123        0.1771331681715248     
    29.66214778085639        0.9999968093526999        0.1771117146267565     
    29.64738527601427        0.9999969500689907        0.1770925592479188     
    29.63247061985745        0.9999970890711516        0.1770754298516296     
    29.61740317710750        0.9999972264099365        0.1770600886399153     
    29.60218245859310        0.9999973621353740        0.1770463274703116     
    29.58680811827622        0.9999974962965916        0.1770339638186438     
    29.57127994904451        0.9999976289414889        0.1770228373196089     
    29.55559787831668        0.9999977601164721        0.1770128067927211     
    29.53976196380632        0.9999978898664347        0.1770037476784281     
    29.52377238885754        0.9999980182349675        0.1769955498225849     
    29.50762945658931        0.9999981452646768        0.1769881155580438     
    29.49133358252153        0.9999982709974513        0.1769813580407985     
    29.47488528589266        0.9999983954746489        0.1769751998059413     
    29.45828518015029        0.9999985187371910        0.1769695715174075     
    29.44153396308032        0.9999986408255971        0.1769644108988199     
    29.42463240701232        0.9999987617799695        0.1769596618585450     
    29.40758134960143        0.9999988816398745        0.1769552738745614     
    29.39038168575567        0.9999990004440794        0.1769512018040676     
    29.37303436209620        0.9999991182303481        0.1769474064415111     
    29.35554037759348        0.9999992350357724        0.1769438563269935     
    29.33790079529743        0.9999993508978225        0.1769405313198553     
    29.32011676763568        0.9999994658560903        0.1769374278623429     
    29.30218957672844        0.9999995799559446        0.1769345640177226     
    29.28412068977643        0.9999996932562110        0.1769319789207260     
    29.26591180860848        0.9999998058425276        0.1769297173884634     
    29.24756486715007        0.9999999178503131        0.1769277901023387     
    29.22908189932336         1.000000029500273        0.1769261096254250     
    29.21059893149665         1.000000141150233        0.1769244291485113     
    28.43353329925984         1.000000000000000         0.000000000000000     
    28.43353329925984        0.9999972511546261        1.4771719517839987E-007
    28.43281617882861        0.9999948829538811        4.4444889555753805E-007
    28.43165176480703        0.9999930625994939        1.1464437365830829E-006
    28.43007658149847        0.9999917073075683        2.8063727132661191E-006
    28.42808140699229        0.9999907281853164        6.6080556452600131E-006
    28.42562433656868        0.9999900399728782        1.4996081346737960E-005
    28.42263180778739        0.9999895677531243        3.2805745803831197E-005
    28.41899497826526        0.9999892503045177        6.9177057025147020E-005
    28.41456238642364        0.9999890406381741        1.4059189492302918E-004
    28.40912990852751        0.9999889048048394        2.7534636787630216E-004
    28.40242887736588        0.9999888199050769        5.1957330321612230E-004
    28.39411295642534        0.9999887719200675        9.4446604541573978E-004
    28.38374444740013        0.9999887535993839        1.6535683496377699E-003
    28.37077944493666        0.9999887619698145        2.7879509251475735E-003
    28.35455018271533        0.9999887955172715        4.5260660772857425E-003
    28.33425141250433        0.9999888529435953        7.0745787094964388E-003
    28.30895038877509        0.9999889343985108        1.0647196973047241E-002
    28.27763618198371        0.9999890419195816        1.5431038326236095E-002
    28.23931940362254        0.9999891773336608        2.1544379265867063E-002
    28.19322557835861        0.9999893415860650        2.8994755811454994E-002
    28.13913430163008        0.9999895349654090        3.7650119079478163E-002
    28.07785567730625        0.9999897556893450        4.7235374850424179E-002
    28.01174045730885        0.9999900000381124        5.7360564342832342E-002
    27.94484575357852        0.9999902622468769        6.7574324256035226E-002
    27.88204231192937        0.9999905355556165        7.7424956576765375E-002
    27.82678919807163        0.9999908134774665        8.6511541853965354E-002
    27.78034060190842        0.9999910908498728        9.4524288379520552E-002
    27.74223614312188        0.9999913638481265        0.1012715839200153     
    27.71113691278152        0.9999916301022457        0.1066887367044301     
    27.68547673043976        0.9999918879387284        0.1108266648161680     
    27.66382401313895        0.9999921364341803        0.1138244520432274     
    27.64501796363289        0.9999923754241256        0.1158737009045384     
    27.62818060037453        0.9999926049306412        0.1171833469473094     
    27.61267845717160        0.9999928253126582        0.1179515246356025     
    27.59806849735618        0.9999930377057715        0.1183476650812772     
    27.58404544761892        0.9999932437467255        0.1185047510817522     
    27.57039977465698        0.9999934449064407        0.1185194922352545     
    27.55698761269452        0.9999936421213139        0.1184573551940878     
    27.54370989980282        0.9999938358212642        0.1183596168500193     
    27.53049795982704        0.9999940261323297        0.1182504085833259     
    27.51730356223469        0.9999942130677795        0.1181426324783325     
    27.50409214313575        0.9999943966330020        0.1180423702690047     
    27.49083831776709        0.9999945768657886        0.1179518698835309     
    27.47752295197290        0.9999947538489611        0.1178714065187834     
    27.46413122160812        0.9999949277041166        0.1178003548563018     
    27.45065133724065        0.9999950985758944        0.1177377593373884     
    27.43707372219162        0.9999952666216660        0.1176826110121720     
    27.42339045515916        0.9999954320065119        0.1176339660889425     
    27.40959485958680        0.9999955948941545        0.1175909859021508     
    27.39568120452149        0.9999957554331621        0.1175529415341854     
    27.38164450829789        0.9999959137465587        0.1175192046929778     
    27.36748041963443        0.9999960699305170        0.1174892347180695     
    27.35318513924122        0.9999962240602130        0.1174625657376470     
    27.33875535707240        0.9999963761976687        0.1174387953219179     
    27.32418819733379        0.9999965263981530        0.1174175748721283     
    27.30948117029491        0.9999966747141569        0.1173986015923869     
    27.29463213106204        0.9999968211972353        0.1173816117939625     
    27.27963924590377        0.9999969658985649        0.1173663752907173     
    27.26450096553008        0.9999971088690420        0.1173526906828600     
    27.24921600272019        0.9999972501592426        0.1173403813664013     
    27.23378331188323        0.9999973898191920        0.1173292921395778     
    27.21820207018419        0.9999975278979564        0.1173192863041506     
    27.20247166092901        0.9999976644432851        0.1173102431799498     
    27.18659165918379        0.9999977995015248        0.1173020559666991     
    27.17056181862478        0.9999979331177977        0.1172946298992438     
    27.15438205848706        0.9999980653363009        0.1172878806518184     
    27.13805245002018        0.9999981962005675        0.1172817329547772     
    27.12157320249960        0.9999983257536404        0.1172761193942122     
    27.10494464918740        0.9999984540381552        0.1172709793727221     
    27.08816723364617        0.9999985810963584        0.1172662582216419     
    27.07124149678852        0.9999987069700788        0.1172619064783542     
    27.05416806507622        0.9999988317005892        0.1172578793897845     
    27.03694764018057        0.9999989553283234        0.1172541367933724     
    27.01958099082780        0.9999990778926557        0.1172506436724711     
    27.00206894899940        0.9999991994322405        0.1172473718520313     
    26.98441241225396        0.9999993199860985        0.1172443033326631     
    26.96661234841334        0.9999994395953706        0.1172414352679408     
    26.94866979423050        0.9999995583070486        0.1172387849718586     
    26.93058583674881        0.9999996761819775        0.1172363902084001     
    26.91236154749301        0.9999997933088848        0.1172342962025342     
    26.89399782754548        0.9999999098286739        0.1172325194893371     
    26.87549511021574         1.000000025972211        0.1172309849858287     
    26.85699239288601         1.000000142115748        0.1172294504823203     
    26.03589490685061         1.000000000000000         0.000000000000000     
    26.03589490685061        0.9999972925729280        9.3838235991722058E-008
    26.03621853266324        0.9999949590625408        2.8192729783062139E-007
    26.03579120145099        0.9999931643186399        7.2586307905945442E-007
    26.03466615795602        0.9999918275284315        1.7732865051164133E-006
    26.03284945826764        0.9999908617456456        4.1671073963755706E-006
    26.03031280863218        0.9999901834336090        9.4381093302996744E-006
    26.02699507886578        0.9999897190442387        2.0608036251850141E-005
    26.02279991771934        0.9999894083544568        4.3378341285289204E-005
    26.01759053401245        0.9999892050495736        8.8013580572312081E-005
    26.01118258118695        0.9999890755357104        1.7211160799073615E-004
    26.00333618822005        0.9999889968947513        3.2433185402279321E-004
    25.99374798422882        0.9999889546276517        5.8886949478806447E-004
    25.98204426536095        0.9999889406351438        1.0299837330662361E-003
    25.96777704883143        0.9999889513349214        1.7352527060828828E-003
    25.95042363229567        0.9999889854791483        2.8156014832743741E-003
    25.92939271977825        0.9999890422619505        4.3998473534347608E-003
    25.90404885003687        0.9999891210159322        6.6219364767973830E-003
    25.87377084777689        0.9999892219779011        9.6005434360327737E-003
    25.83805245232282        0.9999893459660382        1.3413267268033558E-002
    25.79665016029238        0.9999894933370362        1.8070682331554930E-002
    25.74978442944479        0.9999896638586490        2.3497700584031261E-002
    25.69836040928187        0.9999898562645626        2.9529534018612243E-002
    25.64410967937567        0.9999900680100153        3.5926285229891448E-002
    25.58949168850420        0.9999902955128962        4.2403487546875111E-002
    25.53718724580566        0.9999905344443675        4.8670103289617406E-002
    25.48930133932739        0.9999907804866525        5.4464404402288870E-002
    25.44693514265275        0.9999910297211601        5.9582671667011693E-002
    25.41024365788445        0.9999912789483804        6.3897487606324799E-002
    25.37874133474968        0.9999915256973518        6.7363326161361634E-002
    25.35163070660735        0.9999917680538429        7.0009304080868279E-002
    25.32804413285505        0.9999920047915510        7.1921845805524687E-002
    25.30718104432932        0.9999922351100282        7.3222133275195556E-002
    25.28836816468975        0.9999924585245208        7.4043652662155846E-002
    25.27107168347837        0.9999926752298216        7.4513987064040138E-002
    25.25488312508938        0.9999928861530333        7.4742975303349973E-002
    25.23949583821972        0.9999930924538225        7.4817333989011026E-002
    25.22468205655426        0.9999932950252873        7.4800431339797871E-002
    25.21027363820803        0.9999934943422848        7.4735308038797854E-002
    25.19614664770187        0.9999936905550751        7.4649128965031952E-002
    25.18220943703112        0.9999938836518842        7.4557726279177450E-002
    25.16839366159892        0.9999940735846750        7.4469469708950090E-002
    25.15464768930507        0.9999942603260140        7.4388182360737132E-002
    25.14093193100171        0.9999944438887408        7.4315133026096367E-002
    25.12721555090543        0.9999946243322281        7.4250285946920569E-002
    25.11347412000375        0.9999948017532884        7.4193023822338777E-002
    25.09968797051439        0.9999949762711635        7.4142532468562256E-002
    25.08584105382377        0.9999951480203260        7.4097986276901270E-002
    25.07192010859809        0.9999953171469489        7.4058625744961373E-002
    25.05791402451620        0.9999954837989108        7.4023781441195646E-002
    25.04381336697936        0.9999956481107676        7.3992874088526839E-002
    25.02961004513991        0.9999958101932411        7.3965405651376590E-002
    25.01529708553601        0.9999959701323953        7.3940948213600866E-002
    25.00086846619148        0.9999961279956653        7.3919133372518986E-002
    24.98631898281967        0.9999962838393859        7.3899643012278790E-002
    24.97164413692977        0.9999964377147045        7.3882201555682453E-002
    24.95684004205830        0.9999965896711115        7.3866569530392820E-002
    24.94190334577031        0.9999967397579690        7.3852538228530537E-002
    24.92683116623441        0.9999968880248675        7.3839925255074615E-002
    24.91162104122044        0.9999970345216406        7.3828570795730325E-002
    24.89627088552259        0.9999971792982747        7.3818334469535937E-002
    24.88077895348493        0.9999973224046033        7.3809092660113193E-002
    24.86514380582061        0.9999974638898035        7.3800736241806192E-002
    24.84936428108004        0.9999976038019569        7.3793168634038980E-002
    24.83343947131836        0.9999977421879123        7.3786304130267863E-002
    24.81736870053155        0.9999978790934344        7.3780066457941287E-002
    24.80115150440063        0.9999980145634868        7.3774387533768263E-002
    24.78478761052482        0.9999981486424704        7.3769206385027181E-002
    24.76827691904003        0.9999982813743736        7.3764468213435075E-002
    24.75161948389893        0.9999984128028335        7.3760123584576565E-002
    24.73481549508816        0.9999985429711344        7.3756127735859184E-002
    24.71786526199796        0.9999986719221603        7.3752440015194917E-002
    24.70076919813070        0.9999987996982508        7.3749023501781058E-002
    24.68352780704821        0.9999989263409109        7.3745844934950969E-002
    24.66614166947971        0.9999990518905768        7.3742875198666735E-002
    24.64861143233771        0.9999991763869405        7.3740090754164073E-002
    24.63093779919781        0.9999992998700464        7.3737476455535092E-002
    24.61312151521264        0.9999994223820807        7.3735029808119426E-002
    24.59516333363236        0.9999995439711367        7.3732765435759642E-002
    24.57706394898895        0.9999996646993848        7.3730715931286245E-002
    24.55882386748179        0.9999997846575266        7.3728921895693841E-002
    24.54044317955713        0.9999999039899028        7.3727402058810509E-002
    24.52192119581025         1.000000022933845        7.3726097376379515E-002
    24.50339921206337         1.000000141877787        7.3724792693948521E-002
    23.63931902565230         1.000000000000000         0.000000000000000     
    23.63931902565230        0.9999973342761400        5.6935438400378955E-008
    23.64054918158683        0.9999950356372336        1.7077569987497793E-007
    23.64078431175011        0.9999932665624065        4.3876504769858988E-007
    23.64008947987289        0.9999919482289408        1.0695124442114780E-006
    23.63848337506633        0.9999909956372834        2.5076542290937653E-006
    23.63595078848577        0.9999903269675270        5.6671451391579664E-006
    23.63244457527485        0.9999898700297135        1.2348025097740734E-005
    23.62788444521522        0.9999895655773080        2.5939546597505332E-005
    23.62215378902032        0.9999893679488352        5.2532110775405665E-005
    23.61509534273131        0.9999892439190117        1.0255039236147571E-004
    23.60650679906614        0.9999891706609731        1.9294941300719684E-004
    23.59613750017807        0.9999891334575348        3.4985045772456205E-004
    23.58368699180343        0.9999891236118265        6.1121562890746291E-004
    23.56880741555761        0.9999891367570913        1.0287919609114808E-003
    23.55111188269103        0.9999891712695125        1.6681938976998616E-003
    23.53019055671554        0.9999892266542491        2.6058162158722306E-003
    23.50563938645226        0.9999893025112299        3.9215098736271733E-003
    23.47710954606492        0.9999893984816463        5.6867986814984556E-003
    23.44438268724381        0.9999895144578752        7.9498598547678486E-003
    23.40746810424910        0.9999896502596309        1.0720196732500249E-002
    23.36671007400971        0.9999898053244695        1.3957185169663692E-002
    23.32287874031864        0.9999899785698458        1.7566655230110886E-002
    23.27719054751303        0.9999901681786794        2.1408045487735113E-002
    23.23119889649392        0.9999903717163628        2.5311204382947945E-002
    23.18652821235260        0.9999905862579761        2.9098810849381634E-002
    23.14453273698172        0.9999908087480127        3.2609134067252882E-002
    23.10607288019934        0.9999910362150968        3.5714884411927605E-002
    23.07148205902401        0.9999912660253257        3.8335289171773326E-002
    23.04067027051448        0.9999914959068836        4.0439915971793666E-002
    23.01327835729452        0.9999917240255355        4.2044418440545052E-002
    22.98881902972430        0.9999919490026823        4.3200058499451945E-002
    22.96677904863243        0.9999921698370168        4.3979999058504395E-002
    22.94668083896480        0.9999923860612191        4.4465568607445834E-002
    22.92811095353270        0.9999925978742137        4.4735014549547189E-002
    22.91072675540642        0.9999928058974991        4.4856072216020532E-002
    22.89425205725539        0.9999930107492558        4.4882467965998263E-002
    22.87846842327154        0.9999932128022762        4.4853608860874625E-002
    22.86320518708655        0.9999934121747278        4.4796323578841217E-002
    22.84832981674255        0.9999936088216582        4.4727545669292892E-002
    22.83373951037186        0.9999938026417730        4.4657103190397479E-002
    22.81935423607740        0.9999939935463281        4.4590124410549305E-002
    22.80511124341876        0.9999941814817245        4.4528867355496049E-002
    22.79096091493970        0.9999943664381440        4.4473979390951011E-002
    22.77686363089283        0.9999945484518216        4.4425291977200305E-002
    22.76278739724258        0.9999947275935601        4.4382282117751880E-002
    22.74870610319823        0.9999949039559303        4.4344317885286005E-002
    22.73459824363171        0.9999950776497042        4.4310775988470066E-002
    22.72044593707569        0.9999952488007560        4.4281089727698703E-002
    22.70623415265991        0.9999954175382875        4.4254762398178188E-002
    22.69195012324920        0.9999955839790341        4.4231365413000191E-002
    22.67758292234075        0.9999957482176918        4.4210530845724939E-002
    22.66312315903319        0.9999959103272483        4.4191942810085892E-002
    22.64856274328078        0.9999960703652689        4.4175329428215462E-002
    22.63389469403827        0.9999962283808824        4.4160455913682090E-002
    22.61911297996567        0.9999963844199518        4.4147118795132570E-002
    22.60421238707792        0.9999965385279940        4.4135141138095496E-002
    22.58918840921229        0.9999966907512807        4.4124368591108104E-002
    22.57403715878869        0.9999968411369721        4.4114666098975325E-002
    22.55875529436697        0.9999969897330361        4.4105915154171324E-002
    22.54333995985739        0.9999971365880945        4.4098011484175331E-002
    22.52778873150108        0.9999972817510253        4.4090863094478225E-002
    22.51209957159975        0.9999974252703603        4.4084388604051977E-002
    22.49627078904948        0.9999975671937807        4.4078515823101419E-002
    22.48030100578347        0.9999977075679449        4.4073180532849428E-002
    22.46418912729309        0.9999978464386209        4.4068325434749277E-002
    22.44793431550547        0.9999979838509395        4.4063899242511140E-002
    22.43153596303204        0.9999981198496095        4.4059855895216278E-002
    22.41499366855115        0.9999982544790358        4.4056153874185607E-002
    22.39830721347197        0.9999983877833455        4.4052755611191916E-002
    22.38147653998699        0.9999985198063635        4.4049626983170456E-002
    22.36450173050401        0.9999986505915486        4.4046736903160986E-002
    22.34738298836149        0.9999987801818465        4.4044057046894923E-002
    22.33012061932531        0.9999989086194074        4.4041561811165759E-002
    22.31271501307959        0.9999990359453467        4.4039228693403730E-002
    22.29516662433525        0.9999991622000347        4.4037039395938032E-002
    22.27747595183105        0.9999992874241759        4.4034982001925529E-002
    22.25964350721844        0.9999994116606298        4.4033054308833600E-002
    22.24166976021813        0.9999995349582258        4.4031267453977251E-002
    22.22355504569830        0.9999996573799881        4.4029646996475248E-002
    22.20529940806690        0.9999997790178524        4.4028225900820471E-002
    22.18690235645959        0.9999999000182359        4.4027021821655306E-002
    22.16836250644353         1.000000020622437        4.4025991843741778E-002
    22.14982265642746         1.000000141226637        4.4024961865828251E-002
    21.24412081209675         1.000000000000000         0.000000000000000     
    21.24412081209675        0.9999973759645512        3.3011608272248247E-008
    21.24612163526244        0.9999951121218895        9.8837468779351895E-008
    21.24694043898194        0.9999933685823988        2.5335260170223276E-007
    21.24664966466186        0.9999920685246507        6.1604929883174666E-007
    21.24527790716899        0.9999911288830148        1.4408908340322428E-006
    21.24282189523088        0.9999904695346451        3.2485069028755574E-006
    21.23924880856543        0.9999900196308733        7.0617156456593004E-006
    21.23449601505335        0.9999897208778356        1.4801902917494965E-005
    21.22846960333341        0.9999895282440424        2.9914526147327199E-005
    21.22104241133274        0.9999894088738824        5.8286213841493548E-005
    21.21205234554210        0.9999893400696767        1.0947657361696279E-004
    21.20130237007121        0.9999893070341322        1.9819647579460989E-004
    21.18856284720029        0.9999893007604364        3.4581103043098896E-004
    21.17357722126811        0.9999893163117709        5.8144282387767360E-004
    21.15607316430915        0.9999893514716891        9.4205154008592722E-004
    21.13578067595692        0.9999894055283951        1.4707675002675886E-003
    21.11245871439559        0.9999894782656820        2.2128839704291339E-003
    21.08593284921524        0.9999895694341275        3.2093668197184034E-003
    21.05614491262864        0.9999896786768027        4.4885168630027887E-003
    21.02321060911007        0.9999898055092268        6.0573400737180339E-003
    20.98747368497381        0.9999899491837192        7.8948715456964389E-003
    20.94953905479313        0.9999901086305596        9.9497403507070592E-003
    20.91026008157327        0.9999902823837225        1.2143498555191624E-002
    20.87065992055184        0.9999904685962825        1.4379493375636177E-002
    20.83178930887396        0.9999906651217407        1.6555407670947160E-002
    20.79456099835713        0.9999908696593192        1.8576643383291781E-002
    20.75962841634683        0.9999910799043279        2.0367805491588033E-002
    20.72734404242678        0.9999912936910421        2.1880253492550482E-002
    20.69778880250464        0.9999915090724124        2.3094694119632875E-002
    20.67084075562773        0.9999917244195199        2.4018919528485169E-002
    20.64625210706724        0.9999919384540559        2.4681818999713195E-002
    20.62371570371799        0.9999921503144314        2.5125436210337495E-002
    20.60291289338786        0.9999923596405783        2.5396945615218866E-002
    20.58354268933997        0.9999925664900254        2.5542023997500780E-002
    20.56533657400563        0.9999927710790897        2.5600411949661263E-002
    20.54806399182325        0.9999929735540928        2.5603763231223455E-002
    20.53153216908975        0.9999931739210066        2.5575371762655490E-002
    20.51558270838891        0.9999933720724358        2.5531128372173785E-002
    20.50008685624192        0.9999935678475925        2.5481061820093465E-002
    20.48494053100293        0.9999937610939806        2.5430968621491783E-002
    20.47005965398120        0.9999939516949672        2.5383834268159426E-002
    20.45537616225220        0.9999941395735693        2.5340923423152608E-002
    20.44083476268486        0.9999943246982652        2.5302535797572454E-002
    20.42639028243138        0.9999945070819392        2.5268485779782520E-002
    20.41200555573964        0.9999946867686778        2.5238381987902864E-002
    20.39764980549516        0.9999948638247533        2.5211776147927339E-002
    20.38329738887440        0.9999950383381984        2.5188234023283750E-002
    20.36892678333395        0.9999952104143939        2.5167363743524566E-002
    20.35451976895729        0.9999953801620040        2.5148822956091367E-002
    20.34006079961054        0.9999955476773343        2.5132316660758255E-002
    20.32553653749292        0.9999957130367734        2.5117591724106551E-002
    20.31093550241807        0.9999958762986884        2.5104430808530760E-002
    20.29624779145184        0.9999960375098054        2.5092646791847369E-002
    20.28146484641280        0.9999961967113905        2.5082077988164149E-002
    20.26657926037472        0.9999963539435005        2.5072584168068492E-002
    20.25158461664919        0.9999965092471871        2.5064043272596363E-002
    20.23647535525345        0.9999966626651332        2.5056348698240180E-002
    20.22124666357846        0.9999968142415689        2.5049407043254736E-002
    20.20589438672641        0.9999969640221070        2.5043136225511051E-002
    20.19041495161564        0.9999971120535127        2.5037463900855438E-002
    20.17480530084148        0.9999972583832010        2.5032326126216607E-002
    20.15906283530591        0.9999974030585387        2.5027666223579912E-002
    20.14318536541406        0.9999975461262973        2.5023433810023473E-002
    20.12717106950155        0.9999976876324640        2.5019583965935687E-002
    20.11101845733317        0.9999978276223621        2.5016076518866164E-002
    20.09472633678610        0.9999979661408810        2.5012875424644615E-002
    20.07829378263906        0.9999981032326535        2.5009948230812023E-002
    20.06172010713167        0.9999982389421307        2.5007265610477589E-002
    20.04500483231487        0.9999983733135775        2.5004800958156895E-002
    20.02814766412381        0.9999985063910150        2.5002530044445054E-002
    20.01114846792374        0.9999986382181431        2.5000430736588062E-002
    19.99400724516564        0.9999987688381857        2.4998482812832741E-002
    19.97672411034320        0.9999988982936397        2.4996667938382171E-002
    19.95929926697044        0.9999990266260321        2.4994969937069993E-002
    19.94173298145205        0.9999991538761768        2.4993375575838445E-002
    19.92402555256855        0.9999992800851978        2.4991876117326006E-002
    19.90617726902098        0.9999994052963967        2.4990469727729173E-002
    19.88818834274393        0.9999995295590823        2.4989164177785059E-002
    19.87005880630028        0.9999996529368138        2.4987977885709917E-002
    19.85178835645671        0.9999997755222944        2.4986935329951193E-002
    19.83337612644264        0.9999998974631694        2.4986051037224115E-002
    19.81482037774614         1.000000019003106        2.4985295942309780E-002
    19.79626462904964         1.000000140543043        2.4984540847395445E-002
    18.85053581237526         1.000000000000000         0.000000000000000     
    18.85053581237526        0.9999974173700249        1.8304983698135790E-008
    18.85317563890479        0.9999951880221652        5.4697471774934824E-008
    18.85449859600238        0.9999934697171365        1.3985758146725344E-007
    18.85458069980270        0.9999921876391876        3.3917790992011800E-007
    18.85345779696626        0.9999912606336470        7.9121333434664858E-007
    18.85113691345155        0.9999906102421396        1.7791845797497376E-006
    18.84759883556910        0.9999901669385601        3.8579922863165382E-006
    18.84279854406486        0.9999898733649071        8.0674027010462535E-006
    18.83666490319010        0.9999896850882921        1.6267658326714762E-005
    18.82910046076500        0.9999895696097306        3.1630553205234660E-005
    18.81998174597911        0.9999895043884786        5.9298058543871493E-005
    18.80916112183569        0.9999894746060717        1.0717229687842741E-004
    18.79647107987181        0.9999894710941820        1.8671982067505909E-004
    18.78173134040036        0.9999894885964442        3.1356672816240021E-004
    18.76475984042616        0.9999895244432112        5.0755643532630684E-004
    18.74538879490092        0.9999895775329353        7.9188946893939290E-004
    18.72348617403154        0.9999896475108977        1.1910288108157975E-003
    18.69898265734090        0.9999897341980230        1.7272865802937466E-003
    18.67190294979008        0.9999898373017491        2.4164067183520687E-003
    18.64239791903331        0.9999899563287756        3.2629337229781491E-003
    18.61077047455615        0.9999900905376168        4.2565237861270063E-003
    18.57748505517125        0.9999902389192219        5.3704041775138175E-003
    18.54314965371463        0.9999904002035108        6.5628440658166429E-003
    18.50846452511625        0.9999905728716753        7.7816450726063647E-003
    18.47414305733853        0.9999907552138967        8.9708015029810392E-003
    18.44082411412026        0.9999909454027907        1.0077881817057325E-002
    18.40900295181387        0.9999911415952711        1.1060563612003365E-002
    18.37899791762302        0.9999913420233260        1.1891067798841809E-002
    18.35095378685364        0.9999915450844796        1.2557822658234985E-002
    18.32487053725127        0.9999917494196785        1.3064373209875713E-002
    18.30064351523035        0.9999919539680154        1.3426156595980128E-002
    18.27810351176899        0.9999921580156280        1.3666134350081892E-002
    18.25704998137159        0.9999923611742241        1.3810331671048460E-002
    18.23727519884132        0.9999925632606983        1.3884115995772611E-002
    18.21857998399964        0.9999927641435988        1.3909672280827066E-002
    18.20078270654073        0.9999929636578606        1.3904746303080450E-002
    18.18372326783653        0.9999931615943983        1.3882441699602012E-002
    18.16726376798462        0.9999933577192187        1.3851718124830546E-002
    18.15128728026614        0.9999935518098211        1.3818232593027965E-002
    18.13569560380090        0.9999937436827983        1.3785244718974543E-002
    18.12040666966897        0.9999939331957138        1.3754414736981078E-002
    18.10535206410518        0.9999941202479219        1.3726420836314684E-002
    18.09047477240670        0.9999943047866590        1.3701390218707615E-002
    18.07572716589365        0.9999944868006879        1.3679174247709203E-002
    18.06106932001770        0.9999946663070441        1.3659509561621453E-002
    18.04646766297997        0.9999948433471949        1.3642104091481040E-002
    18.03189385643924        0.9999950179879209        1.3626677969439489E-002
    18.01732384600477        0.9999951903137337        1.3612979643431115E-002
    18.00273708134427        0.9999953604108252        1.3600789621845235E-002
    17.98811590854169        0.9999955283530091        1.3589918778548146E-002
    17.97344510697715        0.9999956941970413        1.3580204745181857E-002
    17.95871152471852        0.9999958579860497        1.3571508005797601E-002
    17.94390377688698        0.9999960197556316        1.3563708329255780E-002
    17.92901199184958        0.9999961795389755        1.3556701719586792E-002
    17.91402759852367        0.9999963373700914        1.3550397877665968E-002
    17.89894314816451        0.9999964932852660        1.3544718105662292E-002
    17.88375216570612        0.9999966473232514        1.3539593575872094E-002
    17.86844902715009        0.9999967995249990        1.3534963894004184E-002
    17.85302885778669        0.9999969499334204        1.3530775899672505E-002
    17.83748744507775        0.9999970985930680        1.3526982658719339E-002
    17.82182116252870        0.9999972455495139        1.3523542611709693E-002
    17.80602690380444        0.9999973908485690        1.3520418850508240E-002
    17.79010202665413        0.9999975345357148        1.3517578500647937E-002
    17.77404430490922        0.9999976766559155        1.3514992191633298E-002
    17.75785188616983        0.9999978172537313        1.3512633600742023E-002
    17.74152325324817        0.9999979563735167        1.3510479058574918E-002
    17.72505718827659        0.9999980940595561        1.3508507206797268E-002
    17.70845273908818        0.9999982303560889        1.3506698700491301E-002
    17.69170918778163        0.9999983653072692        1.3505035949767218E-002
    17.67482602123725        0.9999984989570754        1.3503502898720184E-002
    17.65780290312166        0.9999986313492127        1.3502084846471371E-002
    17.64063964679676        0.9999987625269634        1.3500768328630609E-002
    17.62333618814441        0.9999988925329508        1.3499541103736835E-002
    17.60589255677308        0.9999990214089248        1.3498392333122089E-002
    17.58830884407211        0.9999991491959731        1.3497313098738658E-002
    17.57058516578138        0.9999992759354939        1.3496297433158758E-002
    17.55272161273954        0.9999994016710811        1.3495343934898915E-002
    17.53471817978332        0.9999995264523772        1.3494457627867619E-002
    17.51657466433812        0.9999996503432874        1.3493650809814097E-002
    17.49829052364944        0.9999997734369895        1.3492940243703681E-002
    17.47986468153869        0.9999998958818589        1.3492336628412857E-002
    17.46129528817957         1.000000017922956        1.3491821500915600E-002
    17.44272589482044         1.000000139964052        1.3491306373418343E-002
    16.45872790395151         1.000000000000000         0.000000000000000     
    16.45872790395151        0.9999974582545672        9.7165096887250033E-009
    16.46188367243795        0.9999952629048624        2.8972676030890501E-008
    16.46363343418242        0.9999935693927704        7.3883443470037276E-008
    16.46405369322170        0.9999923049039707        1.7867483465124833E-007
    16.46318512081650        0.9999913901669074        4.1562800357501602E-007
    16.46104312891570        0.9999907483421415        9.3203865566529553E-007
    16.45762058071126        0.9999903111950398        2.0156591264746444E-006
    16.45288877775071        0.9999900223001619        4.2042166376630976E-006
    16.44679783709601        0.9999898378125218        8.4573679270531335E-006
    16.43927749152013        0.9999897255616781        1.6407733558295264E-005
    16.43023867287907        0.9999896631649206        3.0696982347206074E-005
    16.41957636583744        0.9999896358227267        5.5378545821166460E-005
    16.40717443797014        0.9999896342728639        9.6327896595750688E-005
    16.39291276627387        0.9999896530772289        1.6154797190048883E-004
    16.37667694702272        0.9999896892929415        2.6120485519231357E-004
    16.35837113797858        0.9999897415073992        4.0720223082780572E-004
    16.33793401580480        0.9999898091319592        6.1213404780651652E-004
    16.31535714844934        0.9999898919005950        8.8756853254286726E-004
    16.29070430771661        0.9999899895526865        1.2418127679838724E-003
    16.26412893647791        0.9999901016701894        1.6775425479838091E-003
    16.23588573270052        0.9999902276150763        2.1898684518739477E-003
    16.20633118124848        0.9999903665141143        2.7654467931129694E-003
    16.17590793804605        0.9999905172816835        3.3830966391185926E-003
    16.14511203449877        0.9999906786469673        4.0159779568495124E-003
    16.11444697668167        0.9999908492014490        4.6349573817799968E-003
    16.08437424375215        0.9999910274558919        5.2124520590326644E-003
    16.05527219601740        0.9999912119122245        5.7259248818786520E-003
    16.02741206726577        0.9999914011326845        6.1603295813534879E-003
    16.00095314815227        0.9999915938107274        6.5091063258312749E-003
    15.97595352604089        0.9999917888245892        6.7737042300718845E-003
    15.95239013121161        0.9999919852749225        6.9619439444883581E-003
    15.93018184467714        0.9999921824885976        7.0857411168758610E-003
    15.90921123022241        0.9999923799736140        7.1587499828221325E-003
    15.88934249817022        0.9999925773421223        7.1943754353696442E-003
    15.87043496620552        0.9999927742445606        7.2044057996855110E-003
    15.85235219065053        0.9999929703451426        7.1983141265638340E-003
    15.83496743532590        0.9999931653203954        7.1831223579151204E-003
    15.81816644150405        0.9999933588708911        7.1636458807609934E-003
    15.80184830856628        0.9999935507394734        7.1429295883708339E-003
    15.78592515004349        0.9999937407146549        7.1227256825723423E-003
    15.77032113654664        0.9999939286268601        7.1039196432291646E-003
    15.75497126596886        0.9999941143538559        7.0868626275724621E-003
    15.73981999297721        0.9999942978219156        7.0716052948458169E-003
    15.72481988255387        0.9999944789938103        7.0580480380340316E-003
    15.70993042629700        0.9999946578596822        7.0460294537467239E-003
    15.69511701567147        0.9999948344382319        7.0353737896146932E-003
    15.68035001942382        0.9999950087757078        7.0259135592828344E-003
    15.66560396824175        0.9999951809341049        7.0174984135971943E-003
    15.65085687588731        0.9999953509746562        7.0099971129038091E-003
    15.63608970069267        0.9999955189469454        7.0032964515391628E-003
    15.62128591931705        0.9999956848874321        6.9972991101174137E-003
    15.60643117509103        0.9999958488239034        6.9919213472293745E-003
    15.59151297776725        0.9999960107807936        6.9870908918996198E-003
    15.57652044726883        0.9999961707830672        6.9827451400591989E-003
    15.56144409668190        0.9999963288584164        6.9788296512997040E-003
    15.54627564846774        0.9999964850380008        6.9752969062581013E-003
    15.53100787986003        0.9999966393562475        6.9721052790085109E-003
    15.51563449410186        0.9999967918504461        6.9692181835532985E-003
    15.50015001197854        0.9999969425604481        6.9666033607862811E-003
    15.48454967775495        0.9999970915282268        6.9642322791802500E-003
    15.46882937661142        0.9999972387971316        6.9620796281218266E-003
    15.45298556319846        0.9999973844110419        6.9601228872557298E-003
    15.43701520064124        0.9999975284137962        6.9583419586126422E-003
    15.42091570792958        0.9999976708490275        6.9567188509131990E-003
    15.40468491322141        0.9999978117602576        6.9552374074661220E-003
    15.38832101120853        0.9999979511910609        6.9538830706727742E-003
    15.37182252351962        0.9999980891851432        6.9526426774547106E-003
    15.35518826175330        0.9999982257863220        6.9515042811009280E-003
    15.33841729296582        0.9999983610384344        6.9504569963705137E-003
    15.32150890724783        0.9999984949852260        6.9494908667707255E-003
    15.30446258675988        0.9999986276702290        6.9485967569815500E-003
    15.28727797549260        0.9999987591366093        6.9477662817179920E-003
    15.26995484869886        0.9999988894269555        6.9469917984401521E-003
    15.25249308041305        0.9999990185830898        6.9462665185218977E-003
    15.23489260738511        0.9999991466462440        6.9455848268819348E-003
    15.21715338732184        0.9999992736579740        6.9449429208161542E-003
    15.19927534660865        0.9999993996620593        6.9443398216129000E-003
    15.18125831001279        0.9999995247083852        6.9437785639083613E-003
    15.16310190682000        0.9999996488610998        6.9432668039776883E-003
    15.14480544809987        0.9999997722136913        6.9428151975631002E-003
    15.12636777268574        0.9999998949149804        6.9424309102386599E-003
    15.10778707337827         1.000000017210845        6.9421028864794674E-003
    15.08920637407080         1.000000139506710        6.9417748627202749E-003
    14.06879914886860         1.000000000000000         0.000000000000000     
    14.06879914886860        0.9999974984075638        4.9427387500630116E-009
    14.07235934610511        0.9999953363948383        1.4705156137004592E-008
    14.07446300117116        0.9999936671211279        3.7393820612400188E-008
    14.07518472398591        0.9999924197535012        9.0161613740078437E-008
    14.07456790120529        0.9999915168757457        2.0910823081430310E-007
    14.07263440269410        0.9999908832221113        4.6755929986693418E-007
    14.06938720247748        0.9999904517998746        1.0083217977860689E-006
    14.06481176846535        0.9999901670981070        2.0974935847721428E-006
    14.05887691203944        0.9999899858718185        4.2087062534383783E-006
    14.05153601002144        0.9999898762798226        8.1457964816319411E-006
    14.04272911844743        0.9999898160864285        1.5206692480385613E-005
    14.03238622822817        0.9999897905247724        2.7379512493692452E-005
    14.02043194044900        0.9999897902767284        4.7542327706611847E-005
    14.00679179996844        0.9999898097851040        7.9612473063225958E-005
    13.99140033078284        0.9999898459405917        1.2856617193236612E-004
    13.97421080755877        0.9999898971303557        2.0023638806529681E-004
    13.95520657742814        0.9999899625781181        3.0081112660686394E-004
    13.93441318390240        0.9999900418940637        4.3600776510346835E-004
    13.91191004752604        0.9999901347836514        6.0999139875395460E-004
    13.88783981956496        0.9999902408731183        8.2421703579480562E-004
    13.86241310842013        0.9999903596249538        1.0764660672248725E-003
    13.83590609446222        0.9999904903126473        1.3603709280091581E-003
    13.80864857457647        0.9999906320342327        1.6656607890109133E-003
    13.78100283676904        0.9999907837396930        1.9791746287113037E-003
    13.75333598041986        0.9999909442699016        2.2864830958874089E-003
    13.72599049856340        0.9999911124051364        2.5737868358356761E-003
    13.69925889702294        0.9999912869183591        2.8296823452652422E-003
    13.67336689130645        0.9999914666282059        3.0464319613866791E-003
    13.64846692332615        0.9999916504463960        3.2205187541136369E-003
    13.62464102546934        0.9999918374113935        3.3524575687179400E-003
    13.60191030778763        0.9999920267050000        3.4460089043836404E-003
    13.58024788503467        0.9999922176432056        3.5070533088552283E-003
    13.55959252963200        0.9999924096475019        3.5424085429478312E-003
    13.53986117805145        0.9999926022095913        3.5588193792971462E-003
    13.52095929594326        0.9999927948689546        3.5622527695333877E-003
    13.50278873424824        0.9999929872053249        3.5575280958305162E-003
    13.48525322046624        0.9999931788379816        3.5482335528848109E-003
    13.46826186849201        0.9999933694323482        3.5368389938908685E-003
    13.45173111893444        0.9999935587034808        3.5249104323380105E-003
    13.43558558293765        0.9999937464123066        3.5133497747441610E-003
    13.41975818380271        0.9999939323670847        3.5026111032972103E-003
    13.40418981204722        0.9999941164270382        3.4928709991084860E-003
    13.38882868359237        0.9999942984949088        3.4841493048055512E-003
    13.37362961027569        0.9999944785055573        3.4763872768821280E-003
    13.35855328211997        0.9999946564242227        3.4694939232950742E-003
    13.34356555383621        0.9999948322489970        3.4633710167223048E-003
    13.32863674433437        0.9999950060047138        3.4579250904255092E-003
    13.31374099887795        0.9999951777279309        3.4530721704144470E-003
    13.29885574976955        0.9999953474524410        3.4487388309527053E-003
    13.28396127512018        0.9999955152026444        3.4448616105376760E-003
    13.26904033147952        0.9999956809948248        3.4413858433516675E-003
    13.25407783535364        0.9999958448417556        3.4382643981353792E-003
    13.23906058345791        0.9999960067568040        3.4354565222174463E-003
    13.22397701046088        0.9999961667565380        3.4329268488869935E-003
    13.20881698081255        0.9999963248619711        3.4306445676300481E-003
    13.19357160995718        0.9999964810986777        3.4285827365807286E-003
    13.17823311235944        0.9999966354962838        3.4267177128155142E-003
    13.16279467331586        0.9999967880879768        3.4250286783953855E-003
    13.14725033903755        0.9999969389101330        3.4234972438657533E-003
    13.13159491994891        0.9999970880017320        3.4221071145929326E-003
    13.11582390537507        0.9999972354034811        3.4208438083712174E-003
    13.09993338960847        0.9999973811569287        3.4196944151421538E-003
    13.08392000843205        0.9999975253039188        3.4186473915271019E-003
    13.06778088381239        0.9999976678864447        3.4176923843071421E-003
    13.05151357436297        0.9999978089467232        3.4168200780966438E-003
    13.03511602992277        0.9999979485273097        3.4160220633349934E-003
    13.01858654936093        0.9999980866711154        3.4152907214415164E-003
    13.00192374122224        0.9999982234213276        3.4146191246345273E-003
    12.98512648697388        0.9999983588212787        3.4140009486672471E-003
    12.96819390639135        0.9999984929143068        3.4134303979171253E-003
    12.95112532434732        0.9999986257436062        3.4129021445845143E-003
    12.93392023819249        0.9999987573520772        3.4124112885440933E-003
    12.91657828470864        0.9999988877821331        3.4119533537125047E-003
    12.89909920514683        0.9999990170755373        3.4115243526336362E-003
    12.88148280671672        0.9999991452735562        3.4111209718995731E-003
    12.86372891874731        0.9999992724178056        3.4107409442408060E-003
    12.84583734016287        0.9999993985521569        3.4103836424841634E-003
    12.82780777317343        0.9999995237266491        3.4100507897004283E-003
    12.80963973991653        0.9999996480056079        3.4097468526531117E-003
    12.79133248078443        0.9999997714827319        3.4094781529957555E-003
    12.77288483647354        0.9999998943071255        3.4092491041873246E-003
    12.75429512841806         1.000000016725147        3.4090534421417078E-003
    12.73570542036258         1.000000139143169        3.4088577800960910E-003
    11.68080036485961         1.000000000000000         0.000000000000000     
    11.68080036485961        0.9999975376429816        2.4124528954859902E-009
    11.68466664501013        0.9999954081698743        7.1603338000548783E-009
    11.68705731566844        0.9999937624961976        1.8154061988019141E-008
    11.68804336174769        0.9999925317246572        4.3635417468747342E-008
    11.68766910513816        0.9999916402596547        1.0088727815687026E-007
    11.68596107217095        0.9999910143764202        2.2489523021603402E-007
    11.68293032088074        0.9999905882787333        4.8357678269631822E-007
    11.67857398413218        0.9999903073288331        1.0031018914677682E-006
    11.67287643939216        0.9999901288752534        2.0074110566363161E-006
    11.66581071346365        0.9999900214259105        3.8755986514304987E-006
    11.65734062606293        0.9999899629063985        7.2183902226624896E-006
    11.64742392720802        0.9999899385932484        1.2969480988107586E-005
    11.63601648325024        0.9999899391356193        2.2478501573279804E-005
    11.62307755268878        0.9999899588903963        3.7580646820634247E-005
    11.60857612458300        0.9999899946319730        6.0606501769023069E-005
    11.59249815446235        0.9999900446158952        9.4289678313652268E-005
    11.57485440680509        0.9999901079383342        1.4153625627534220E-004
    11.55568831275033        0.9999901841123203        2.0504407069013288E-004
    11.53508293417998        0.9999902727974097        2.8680168479872732E-004
    11.51316586646270        0.9999903736351700        3.8754784999496327E-004
    11.49011081146884        0.9999904861596954        5.0631438655779923E-004
    11.46613463614130        0.9999906097647562        6.4018830823077552E-004
    11.44148863020772        0.9999907437069170        7.8440461222420812E-004
    11.41644467401054        0.9999908871242217        9.3279852946431168E-004
    11.39127795578085        0.9999910390651412        1.0785522391596580E-003
    11.36624874750519        0.9999911985258537        1.2150870235734200E-003
    11.34158621071374        0.9999913644894003        1.3369094273839833E-003
    11.31747669334124        0.9999915359637968        1.4402349231605570E-003
    11.29405774578873        0.9999917120131361        1.5232772215764141E-003
    11.27141775139299        0.9999918917791089        1.5861817609276025E-003
    11.24960003653732        0.9999920744894882        1.6306677491199190E-003
    11.22860987478107        0.9999922594541403        1.6594992240262449E-003
    11.20842279436452        0.9999924460536928        1.6759202070645469E-003
    11.18899291790639        0.9999926337275056        1.6831659848529224E-003
    11.17026047270720        0.9999928219673917        1.6841170247200153E-003
    11.15215801051251        0.9999930103146525        1.6811126679544695E-003
    11.13461522178153        0.9999931983603138        1.6759033192345308E-003
    11.11756240900893        0.9999933857468633        1.6696992922464466E-003
    11.10093281357573        0.9999935721664729        1.6632710270753353E-003
    11.08466405579044        0.9999937573600544        1.6570635425847420E-003
    11.06869889019889        0.9999939411192383        1.6513010066586779E-003
    11.05298544679901        0.9999941232826385        1.6460698837131459E-003
    11.03747715681092        0.9999943037261163        1.6413783845456856E-003
    11.02213251611123        0.9999944823585060        1.6371952435066262E-003
    11.00691473540645        0.9999946591242447        1.6334728897981370E-003
    10.99179129911115        0.9999948340016205        1.6301600582480889E-003
    10.97673349226719        0.9999950069912444        1.6272078949382904E-003
    10.96171595686613        0.9999951781010370        1.6245723995737488E-003
    10.94671630396365        0.9999953473359907        1.6222149947568488E-003
    10.93171477862398        0.9999955146957497        1.6201022490691312E-003
    10.91669396206470        0.9999956801774511        1.6182052914276994E-003
    10.90163850008951        0.9999958437795873        1.6164991705073899E-003
    10.88653485837837        0.9999960055046918        1.6149622631358245E-003
    10.87137110685822        0.9999961653607974        1.6135757635863147E-003
    10.85613673068721        0.9999963233618828        1.6123232549257753E-003
    10.84082246518170        0.9999964795274696        1.6111903526720456E-003
    10.82542015373358        0.9999966338819197        1.6101644087331798E-003
    10.80992262595501        0.9999967864538903        1.6092342645437519E-003
    10.79432359096265        0.9999969372758650        1.6083900441369809E-003
    10.77861754207962        0.9999970863834028        1.6076229797028889E-003
    10.76279967233218        0.9999972338141421        1.6069252637118407E-003
    10.74686580098410        0.9999973796069093        1.6062899228973407E-003
    10.73081230991719        0.9999975238012142        1.6057107103354569E-003
    10.71463608749540        0.9999976664371192        1.6051820125887082E-003
    10.69833447774429        0.9999978075552877        1.6046987694515696E-003
    10.68190523348123        0.9999979471970257        1.6042564042856855E-003
    10.66534647269055        0.9999980854042361        1.6038507633044661E-003
    10.64865663780775        0.9999982222192807        1.6034780625076388E-003
    10.63183445763085        0.9999983576848035        1.6031348413625421E-003
    10.61487891133516        0.9999984918435645        1.6028179229622629E-003
    10.59778919381315        0.9999986247382675        1.6025243816437840E-003
    10.58056468152009        0.9999987564114062        1.6022515216500175E-003
    10.56320489790561        0.9999988869050830        1.6019968755050175E-003
    10.54570947713865        0.9999990162608835        1.6017582394639031E-003
    10.52807812463879        0.9999991445200076        1.6015337750153920E-003
    10.51031057295621        0.9999992717240496        1.6013222131732118E-003
    10.49240653087318        0.9999993979168855        1.6011231826439656E-003
    10.47436562265919        0.9999995231486309        1.6009376073282404E-003
    10.45618731584497        0.9999996474837148        1.6007679393759521E-003
    10.43787083861728        0.9999997710159748        1.6006176952637354E-003
    10.41941509113862        0.9999998938946969        1.6004893962950628E-003
    10.40081856488262         1.000000016366521        1.6003796740708235E-003
    10.38222203862662         1.000000138838346        1.6002699518465843E-003
    9.294741504772283         1.000000000000000         0.000000000000000     
    9.294741504772283        0.9999975757989534        1.1311627997802995E-009
    9.298829204453293        0.9999954779542989        3.3490835998265436E-009
    9.301446984350708        0.9999938551824828        8.4648998592598274E-009
    9.302661076182581        0.9999926404505403        2.0280331667169885E-008
    9.302515289974489        0.9999917599292619        4.6737605590516584E-008
    9.301039162941759        0.9999911414034210        1.0385726709733960E-007
    9.298249918721261        0.9999907202472540        2.2263564515421827E-007
    9.294153927994003        0.9999904426613770        4.6047211613969230E-007
    9.288747978533692        0.9999902665599532        9.1894473862208850E-007
    9.282020732344497        0.9999901608001076        1.7695431880979080E-006
    9.273954718615139        0.9999901034889594        3.2878707090589106E-006
    9.264529073566994        0.9999900799690654        5.8943986051667060E-006
    9.253723049300689        0.9999900808817603        1.0195880623089527E-005
    9.241520231881974        0.9999901005267046        1.7016375788610581E-005
    9.227913377636380        0.9999901355927554        2.7401783873347187E-005
    9.212909670272703        0.9999901842406214        4.2579195451189338E-005
    9.196536093058365        0.9999902454769207        6.3855107608689040E-005
    9.178844478093719        0.9999903187455040        9.2446981248563511E-005
    9.159915624742096        0.9999904036696127        1.2926078413702771E-004
    9.139861784452910        0.9999904998962202        1.7464945230292179E-004
    9.118826850792260        0.9999906070088538        2.2820594811006893E-004
    9.096983693421889        0.9999907244912649        2.8865103266948063E-004
    9.074527861855064        0.9999908517238066        3.5386645303998258E-004
    9.051668359493556        0.9999909879929841        4.2108894414173156E-004
    9.028616518050717        0.9999911325107358        4.8723933727021381E-004
    9.005574316570206        0.9999912844403887        5.4932269157748894E-004
    8.982723755378887        0.9999914429244808        6.0481418237082413E-004
    8.960218669809935        0.9999916071112864        6.5194973003675314E-004
    8.938179804680265        0.9999917761765938        6.8986785096134169E-004
    8.916693290887334        0.9999919493393447        7.1858972903679767E-004
    8.895812088163355        0.9999921258697417        7.3886415085776106E-004
    8.875559611449452        0.9999923050916844        7.5193073015028891E-004
    8.855934645215898        0.9999924863815353        7.5926284209859194E-004
    8.836916736750043        0.9999926691665715        7.6234221636000841E-004
    8.818471434430910        0.9999928529242893        7.6249689974559941E-004
    8.800554965649557        0.9999930371820749        7.6081179855045430E-004
    8.783118144954903        0.9999932215179231        7.5810312794252505E-004
    8.766109448933230        0.9999934055602155        7.5493820632559433E-004
    8.749477313340970        0.9999935889866389        7.5167998866084752E-004
    8.733171750567879        0.9999937715241670        7.4853913534055300E-004
    8.717145394383735        0.9999939529469482        7.4562222574545080E-004
    8.701354109303146        0.9999941330699695        7.4297048408860614E-004
    8.685757302664122        0.9999943117445264        7.4058771317499867E-004
    8.670318018685775        0.9999944888594455        7.3845866794686080E-004
    8.655002852314665        0.9999946643412745        7.3656012877379223E-004
    8.639781740791104        0.9999948381463389        7.3486698523622890E-004
    8.624627705912246        0.9999950102473045        7.3335521709045324E-004
    8.609516593597695        0.9999951806216133        7.3200311062478045E-004
    8.594426826880603        0.9999953492461271        7.3079156245372688E-004
    8.579339172220621        0.9999955160976258        7.2970396465882770E-004
    8.564236513819143        0.9999956811558214        7.2872593270730901E-004
    8.549103637050358        0.9999958444059006        7.2784500130868110E-004
    8.533927028148895        0.9999960058399044        7.2705034053633158E-004
    8.518694693321113        0.9999961654572752        7.2633250910010387E-004
    8.503395995939362        0.9999963232646615        7.2568324623468008E-004
    8.488021511635829        0.9999964792751462        7.2509529802248314E-004
    8.472562901618463        0.9999966335074449        7.2456227263513549E-004
    8.457012801588705        0.9999967859853275        7.2407851929852569E-004
    8.441364722057351        0.9999969367370141        7.2363902659222364E-004
    8.425612958018833        0.9999970857942452        7.2323933652712689E-004
    8.409752508460828        0.9999972331911967        7.2287547156025720E-004
    8.393779005998384        0.9999973789636222        7.2254387227880178E-004
    8.377688655197199        0.9999975231484008        7.2224134393360044E-004
    8.361478177324459        0.9999976657834161        7.2196501035098274E-004
    8.345144759731392        0.9999978069075500        7.2171227402469476E-004
    8.328686008849571        0.9999979465606536        7.2148078140665871E-004
    8.312099906300856        0.9999980847834262        7.2126839259496105E-004
    8.295384767853115        0.9999982216172179        7.2107315478394686E-004
    8.278539204913846        0.9999983571038149        7.2089327903821887E-004
    8.261562088009700        0.9999984912852401        7.2072712027274543E-004
    8.244452511489321        0.9999986242035650        7.2057316096239658E-004
    8.227209758680445        0.9999987559007407        7.2043000044222903E-004
    8.209833266718835        0.9999988864184368        7.2029635428621445E-004
    8.192322589996250        0.9999990157979411        7.2017107276192021E-004
    8.174677360945363        0.9999991440802888        7.2005319344067040E-004
    8.156897246980416        0.9999992713069745        7.1994204727138147E-004
    8.138981902382088        0.9999993975218137        7.1983742977496038E-004
    8.120930913614353        0.9999995227749234        7.1973981044166837E-004
    8.102743737490037        0.9999996471307703        7.1965046050027665E-004
    8.084419634351958        0.9999997706832636        7.1957122152032889E-004
    8.065957601192252        0.9999998935817977        7.1950343852930827E-004
    8.047356316133481         1.000000016073163        7.1944538835303808E-004
    8.028755031074709         1.000000138564528        7.1938733817676788E-004
    6.910601209841359         1.000000000000000         0.000000000000000     
    6.910601209841359        0.9999976127415848        5.1017551205416744E-010
    6.914839040720347        0.9999955455178140        1.5066273029227779E-009
    6.917631368346733        0.9999939449005230        3.7958385947174273E-009
    6.919039077553257        0.9999927456374826        9.0635700083609972E-009
    6.919104384804335        0.9999918755934250        2.0817911176810785E-008
    6.917858391668747        0.9999912640147974        4.6109293257629554E-008
    6.915322711593614        0.9999908474232009        9.8531403033323153E-008
    6.911510742231342        0.9999905728418007        2.0317443607064989E-007
    6.906428841166998        0.9999903987311201        4.0430313539339289E-007
    6.900077682361771        0.9999902942843067        7.7643555239244074E-007
    6.892454026332665        0.9999902377936396        1.4390236209795837E-006
    6.883553006553816        0.9999902146842945        2.5738990591195728E-006
    6.873370932769546        0.9999902156127828        4.4429610130520802E-006
    6.861908552867024        0.9999902348491119        7.4014038927380792E-006
    6.849174657629595        0.9999902690250460        1.1899662099024630E-005
    6.835189841411881        0.9999903162336691        1.8466155831817223E-005
    6.819990158588163        0.9999903754171413        2.7664069096343239E-005
    6.803630357039903        0.9999904459690766        4.0019743867920377E-005
    6.786186300253512        0.9999905274855552        5.5927871519445019E-005
    6.767756161147287        0.9999906196154905        7.5548028375995390E-005
    6.748460062100803        0.9999907219764912        9.8715089485715840E-005
    6.728437907018884        0.9999908341172953        1.2488903879625044E-004
    6.707844854028055        0.9999909555099065        1.5316617861617563E-004
    6.686845047268484        0.9999910855524095        1.8235919850321378E-004
    6.665604263546586        0.9999912235804148        2.1113628594085469E-004
    6.644282210833736        0.9999913688841028        2.3819281028593028E-004
    6.623025386352002        0.9999915207274144        2.6241930902064410E-004
    6.601961303395532        0.9999916783666867        2.8303043673369340E-004
    6.581194623838805        0.9999918410669547        2.9963070001056975E-004
    6.560805379562551        0.9999920081147942        3.1221005912991331E-004
    6.540849141520908        0.9999921788273518        3.2107984436495864E-004
    6.521358759034672        0.9999923525582705        3.2677154674001644E-004
    6.502347179293846        0.9999925287013425        3.2992508998715386E-004
    6.483810850307845        0.9999927066932197        3.3118953919481734E-004
    6.465733278263908        0.9999928860152680        3.3115064813225696E-004
    6.448088422067828        0.9999930661950331        3.3028987358440061E-004
    6.430843716334798        0.9999932468072217        3.2897154759191870E-004
    6.413962619077643        0.9999934274736145        3.2745036427841290E-004
    6.397406658327693        0.9999936078626337        3.2589023411769947E-004
    6.381136996220194        0.9999937876880692        3.2438689674821282E-004
    6.365115568134259        0.9999939667058092        3.2298915570743841E-004
    6.349305878227067        0.9999941447107694        3.2171611454629676E-004
    6.333673519365172        0.9999943215369406        3.2056972373822911E-004
    6.318186459949109        0.9999944970576381        3.1954310593603548E-004
    6.302815146331219        0.9999946711801814        3.1862561903280419E-004
    6.287532488337173        0.9999948438349914        3.1780566663085056E-004
    6.272313783415908        0.9999950149645540        3.1707209387747784E-004
    6.257136607884660        0.9999951845166357        3.1641477047012390E-004
    6.241980688231370        0.9999953524426659        3.1582474822932651E-004
    6.226827757123439        0.9999955186994166        3.1529422022413925E-004
    6.211661397515295        0.9999956832511482        3.1481640299513655E-004
    6.196466884120343        0.9999958460707682        3.1438540090229902E-004
    6.181231031552183        0.9999960071402231        3.1399607781927862E-004
    6.165942051842025        0.9999961664503877        3.1364394472469578E-004
    6.150589421793045        0.9999963240003823        3.1332506435532216E-004
    6.135163762355567        0.9999964797965784        3.1303597129272108E-004
    6.119656730896181        0.9999966338517828        3.1277360512023080E-004
    6.104060923888594        0.9999967861846120        3.1253525436372855E-004
    6.088369787197331        0.9999969368187055        3.1231850925894281E-004
    6.072577533692987        0.9999970857816307        3.1212122174705193E-004
    6.056679069445024        0.9999972331037651        3.1194147141449407E-004
    6.040669928608305        0.9999973788174996        3.1177753634737651E-004
    6.024546215416585        0.9999975229568444        3.1162786807115026E-004
    6.008304551313259        0.9999976655572971        3.1149106990286941E-004
    5.991942025890977        0.9999978066557680        3.1136587816642269E-004
    5.975456150983368        0.9999979462904707        3.1125114581939185E-004
    5.958844817613928        0.9999980845007241        3.1114582812203257E-004
    5.942106255607595        0.9999982213266979        3.1104897005562005E-004
    5.925238995547863        0.9999983568091662        3.1095969529006226E-004
    5.908241832527752        0.9999984909892706        3.1087719665457797E-004
    5.891113790995818        0.9999986239083187        3.1080072837680420E-004
    5.873854090023369        0.9999987556075978        3.1072960100948555E-004
    5.856462108364766        0.9999988861282270        3.1066318125121616E-004
    5.838937348500696        0.9999990155110852        3.1060090108584408E-004
    5.821279398604983        0.9999991437969417        3.1054228367646776E-004
    5.803487891472212        0.9999992710271177        3.1048699560399265E-004
    5.785562459826442        0.9999993972453062        3.1043493144762379E-004
    5.767502687577999        0.9999995225015608        3.1038631796973535E-004
    5.749308057037488        0.9999996468603307        3.1034177946820434E-004
    5.730977894466187        0.9999997704155380        3.1030222723059766E-004
    5.712511318511474        0.9999998933166189        3.1026833501729417E-004
    5.693907199625470         1.000000015810425        3.1023926241703116E-004
    5.675303080739466         1.000000138304230        3.1021018981676815E-004
    4.528335150158443         1.000000000000000         0.000000000000000     
    4.528335150158443        0.9999976483679813        2.2161447234622587E-010
    4.532664341380210        0.9999956106783288        6.5272937821720338E-010
    4.535585967361203        0.9999940314220912        1.6390692519165464E-009
    4.537155388879356        0.9999928470442523        3.9001662851545923E-009
    4.537412511981032        0.9999919870258810        8.9274051250365134E-009
    4.536388830454495        0.9999913820114735        1.9706849459201529E-008
    4.534108775534736        0.9999909696316834        4.1975222706485255E-008
    4.530590798644285        0.9999906977171008        8.6284994217848655E-008
    4.525848367690791        0.9999905252690774        1.7119371234878117E-007
    4.519891107352742        0.9999904218122750        3.2784993719536492E-007
    4.512726283215796        0.9999903658230427        6.0605019554179157E-007
    4.504360649870082        0.9999903428153966        1.0814146896440643E-006
    4.494802622576502        0.9999903434741967        1.8626409396863979E-006
    4.484064735118913        0.9999903620587500        3.0969105946266486E-006
    4.472166281691219        0.9999903951662815        4.9706675614362940E-006
    4.459135976280277        0.9999904408447502        7.7025468738345727E-006
    4.445014427495682        0.9999904979918541        1.1525697681268327E-005
    4.429856204480224        0.9999905659659203        1.6658496495970116E-005
    4.413731249915180        0.9999906443435265        2.3265706368492447E-005
    4.396725397136382        0.9999907327743868        3.1415922982338524E-005
    4.378939843566137        0.9999908308997282        4.1044412416546283E-005
    4.360489477391486        0.9999909383145724        5.1931743015763893E-005
    4.341499607914924        0.9999910545572676        6.3707343056549969E-005
    4.322101631647823        0.9999911791079720        7.5881336022484984E-005
    4.302428061648427        0.9999913113945402        8.7901030944725783E-005
    4.282607327951903        0.9999914508033504        9.9221551230341772E-005
    4.262758877840597        0.9999915966923438        1.0937582304869922E-004
    4.242989064498348        0.9999917484043823        1.1802921362184962E-004
    4.223388173901981        0.9999919052798661        1.2500845057817131E-004
    4.204028752629194        0.9999920666677542        1.3030147010195979E-004
    4.184965213552626        0.9999922319346940        1.3403208793666662E-004
    4.166234546123052        0.9999924004722227        1.3641859298269370E-004
    4.147857868221825        0.9999925717023870        1.3772727300451724E-004
    4.129842523189029        0.9999927450820927        1.3823056024473402E-004
    4.112184443576581        0.9999929201063169        1.3817603763755160E-004
    4.094870550047317        0.9999930963104685        1.3776849239965233E-004
    4.077881014148548        0.9999932732717343        1.3716383808895597E-004
    4.061191277385504        0.9999934506095786        1.3647174231885207E-004
    4.044773769532357        0.9999936279856031        1.3576324622313523E-004
    4.028599311365947        0.9999938051025304        1.3508015695454605E-004
    4.012638219405642        0.9999939817029556        1.3444399804677688E-004
    3.996861143053410        0.9999941575690737        1.3386335339728961E-004
    3.981239662756788        0.9999943325223692        1.3333926360756235E-004
    3.965746682628233        0.9999945064198498        1.3286883890908553E-004
    3.950356667076325        0.9999946791457994        1.3244747703811496E-004
    3.935045772017890        0.9999948506023889        1.3207010766957139E-004
    3.919791903333224        0.9999950207028627        1.3173181938886289E-004
    3.904574721839594        0.9999951893686495        1.3142812814306550E-004
    3.889375607584622        0.9999953565296493        1.3115505572718165E-004
    3.874177591291926        0.9999955221256907        1.3090911814017965E-004
    3.858965262706942        0.9999956861074235        1.3068727789626586E-004
    3.843724668676789        0.9999958484364257        1.3048688693573105E-004
    3.828443208947324        0.9999960090849823        1.3030563176741805E-004
    3.813109532068644        0.9999961680354973        1.3014148497354614E-004
    3.797713434283822        0.9999963252794687        1.2999266382531590E-004
    3.782245765067466        0.9999964808164247        1.2985759543876596E-004
    3.766698339971601        0.9999966346531279        1.2973488752095159E-004
    3.751063858750493        0.9999967868028541        1.2962330375647631E-004
    3.735335827705732        0.9999969372843985        1.2952174300917541E-004
    3.719508487528856        0.9999970861208622        1.2942922165937271E-004
    3.703576748182556        0.9999972333385546        1.2934485852757310E-004
    3.687536130617777        0.9999973789662859        1.2926786194227856E-004
    3.671382713758694        0.9999975230350205        1.2919751859430148E-004
    3.655113085246148        0.9999976655777085        1.2913318388649707E-004
    3.638724295112707        0.9999978066291317        1.2907427354033238E-004
    3.622213812066646        0.9999979462257067        1.2902025626278278E-004
    3.605579482275976        0.9999980844052135        1.2897064731232980E-004
    3.588819490529207        0.9999982212064942        1.2892500283637556E-004
    3.571932323459619        0.9999983566691651        1.2888291489383908E-004
    3.554916734311633        0.9999984908333613        1.2884400714709460E-004
    3.537771708647835        0.9999986237395068        1.2880793135164185E-004
    3.520496430447626        0.9999987554281138        1.2877436507607325E-004
    3.503090248122635        0.9999988859396444        1.2874301168528651E-004
    3.485552639864399        0.9999990153144652        1.2871360465683423E-004
    3.467883177474043        0.9999991435929807        1.2868591971443034E-004
    3.450081487875936        0.9999992708162594        1.2865979929373725E-004
    3.432147212142216        0.9999993970278100        1.2863519223183304E-004
    3.414079962283047        0.9999995222775685        1.2861220288876027E-004
    3.395879276066938        0.9999996466299118        1.2859112253060996E-004
    3.377544572013119        0.9999997701787222        1.2857237865755621E-004
    3.359075108282278        0.9999998930734234        1.2855628966028135E-004
    3.340469950506609         1.000000015560856        1.2854246401829914E-004
    3.321864792730940         1.000000138048289        1.2852863837631694E-004
    2.147883021770643         1.000000000000000         0.000000000000000     
    2.147883021770643        0.9999976826046667        9.2835086834413680E-011
    2.152256127523092        0.9999956733015057        2.7268654663196601E-010
    2.155268798470278        0.9999941145716530        6.8241921179828073E-010
    2.156970982430707        0.9999929444777722        1.6180514560742909E-009
    2.157399862046000        0.9999920940433975        3.6906388503917093E-009
    2.156586452908884        0.9999914952438632        8.1189319687703630E-009
    2.154556713080291        0.9999910867675665        1.7235763123381585E-008
    2.151332460077291        0.9999908172243299        3.5317318650259511E-008
    2.146932181166899        0.9999906461479278        6.9858970635710695E-008
    2.141371923030809        0.9999905433962211        1.3340306827173119E-007
    2.134666464276383        0.9999904876344150        2.4594453182313504E-007
    2.126830751892070        0.9999904644718766        4.3777099458467390E-007
    2.117881534085730        0.9999904646307545        7.5232356275714095E-007
    2.107839170693636        0.9999904823713974        1.2483188998382456E-006
    2.096729543528491        0.9999905142708598        2.0000403693090151E-006
    2.084585923080302        0.9999905583473894        3.0945372049630384E-006
    2.071450636398051        0.9999906134686007        4.6246528265090293E-006
    2.057376383040483        0.9999906789689772        6.6774848380162413E-006
    2.042427047523304        0.9999907544121970        9.3190672677669894E-006
    2.026677869518664        0.9999908394493141        1.2577538862246308E-005
    2.010214917357028        0.9999909337389850        1.6428342264169557E-005
    1.993133833998723        0.9999910369099696        2.0785532667924446E-005
    1.975537458472537        0.9999911485491524        2.5502829180872395E-005
    1.957532780244374        0.9999912681973994        3.0385824321639913E-005
    1.939227514271120        0.9999913953518710        3.5214059014692512E-005
    1.920726519564053        0.9999915294727364        3.9768937513887543E-005
    1.902128378199696        0.9999916699920084        4.3861700203069509E-005
    1.883522437867171        0.9999918163232407        4.7355592628718183E-005
    1.864986547487211        0.9999919678713959        5.0177990579861157E-005
    1.846585614005037        0.9999921240422296        5.2320973527063530E-005
    1.828371000850926        0.9999922842507681        5.3831728783604476E-005
    1.810380695536207        0.9999924479285649        5.4796302336983176E-005
    1.792640108288658        0.9999926145297739        5.5321058996846709E-005
    1.775163329255124        0.9999927835360404        5.5515765493032805E-005
    1.757954667747004        0.9999929544603321        5.5480881984083448E-005
    1.741010313311664        0.9999931268497944        5.5300038155165024E-005
    1.724319989329170        0.9999933002877048        5.5037304108890503E-005
    1.707868504607530        0.9999934743947552        5.4738036446855513E-005
    1.691637141845866        0.9999936488297311        5.4431822886977174E-005
    1.675604852156285        0.9999938232897447        5.4136220744345063E-005
    1.659749246229604        0.9999939975102898        5.3860374078562298E-005
    1.644047385473035        0.9999941712646447        5.3608014695656095E-005
    1.628476386595365        0.9999943443610712        5.3379688390873959E-005
    1.613013866539689        0.9999945166369298        5.3174259083582959E-005
    1.597638262657251        0.9999946879514208        5.2989840968257709E-005
    1.582329056406762        0.9999948581796706        5.2824327284211520E-005
    1.567066919619817        0.9999950272094907        5.2675660627537713E-005
    1.551833798583297        0.9999951949406566        5.2541951609025375E-005
    1.536612947348067        0.9999953612855547        5.2421516167648193E-005
    1.521388920339576        0.9999955261697256        5.2312873636920703E-005
    1.506147537432544        0.9999956895317162        5.2214728635042464E-005
    1.490875833199605        0.9999958513226348        5.2125948304406741E-005
    1.475561995760557        0.9999960115055571        5.2045540036636626E-005
    1.460195298608818        0.9999961700545696        5.1972631585354426E-005
    1.444766030433944        0.9999963269535724        5.1906453986016160E-005
    1.429265426656458        0.9999964821952563        5.1846327107414605E-005
    1.413685602787985        0.9999966357803112        5.1791647475275997E-005
    1.398019488589650        0.9999967877165443        5.1741877993722178E-005
    1.382260763829870        0.9999969380176955        5.1696539234111520E-005
    1.366403797898901        0.9999970867021687        5.1655202016656048E-005
    1.350443594639098        0.9999972337920158        5.1617481061626952E-005
    1.334375741873387        0.9999973793123305        5.1583029529595888E-005
    1.318196364302300        0.9999975232909093        5.1551534304191211E-005
    1.301902078822900        0.9999976657580369        5.1522711897715757E-005
    1.285489951913396        0.9999978067462412        5.1496304881240266E-005
    1.268957459038930        0.9999979462900056        5.1472078757898421E-005
    1.252302446124026        0.9999980844254336        5.1449819212563909E-005
    1.235523093031475        0.9999982211899059        5.1429329685046595E-005
    1.218617878751629        0.9999983566217608        5.1410429231637305E-005
    1.201585547838128        0.9999984907600106        5.1392950670585092E-005
    1.184425077612639        0.9999986236440872        5.1376739070848159E-005
    1.167135645724951        0.9999987553136319        5.1361650778528375E-005
    1.149716597732806        0.9999988858083575        5.1347553442463233E-005
    1.132167414312060        0.9999990151680208        5.1334327962346672E-005
    1.114487677433067        0.9999991434325689        5.1321873914370346E-005
    1.096677034824654        0.9999992706427367        5.1310120475362334E-005
    1.078735162798526        0.9999993968417855        5.1299044158796626E-005
    1.060661728092651        0.9999995220794753        5.1288690828284031E-005
    1.042456349032231        0.9999996464200624        5.1279189918879514E-005
    1.024118557746416        0.9999997699573409        5.1270732117966622E-005
    1.005647766272179        0.9999998928406687        5.1263459921467258E-005
   0.9870432391979552         1.000000015316818        5.1257198780329105E-005
   0.9684387121237312         1.000000137792967        5.1250937639190952E-005
  -0.2308257737105633         1.000000000000000         0.000000000000000     
  -0.2308257737105633        0.9999977154026498        3.7549469164918404E-011
  -0.2264462309995867        0.9999957332952973        1.0998754540996398E-010
  -0.2233742845430608        0.9999941942251410        2.7429643643470513E-010
  -0.2215651040779128        0.9999930377963481        6.4801066241671048E-010
  -0.2209844195934837        0.9999921965050309        1.4727393975766226E-009
  -0.2216022974458158        0.9999916035938391        3.2284790591112606E-009
  -0.2233922408283313        0.9999911987558069        6.8305573127554406E-009
  -0.2263304241740516        0.9999909313429280        1.3950825646046044E-008
  -0.2303950546674108        0.9999907614023501        2.7509853408609520E-008
  -0.2355657162157109        0.9999906591208582        5.2379355718314161E-008
  -0.2418224855155036        0.9999906033570548        9.6303216702379124E-008
  -0.2491448613849352        0.9999905798241119        1.7098080744351347E-007
  -0.2575105835380307        0.9999905792914915        2.9315367165466274E-007
  -0.2668943354399793        0.9999905960312508        4.8540657531864497E-007
  -0.2772663836993073        0.9999906266111909        7.7626933341577630E-007
  -0.2885912766221511        0.9999906690305855        1.1991435517750982E-006
  -0.3008267243511393        0.9999907221366963        1.7896478647284640E-006
  -0.3139227647044344        0.9999907852479483        2.5812313003689485E-006
  -0.3278213075769824        0.9999908579198955        3.5993497146431878E-006
  -0.3424561353435677        0.9999909398057858        4.8550530958829015E-006
  -0.3577533649171348        0.9999910305781045        6.3393152849363775E-006
  -0.3736323692129415        0.9999911298912917        8.0196465133732822E-006
  -0.3900075227014524        0.9999912373688581        9.8403776600159586E-006
  -0.4067903740570383        0.9999913525976457        1.1727182784509979E-005
  -0.4238920449980385        0.9999914751279092        1.3595393436976226E-005
  -0.4412257393756209        0.9999916044773504        1.5360618094816545E-005
  -0.4587091679166984        0.9999917401370929        1.6949490078974235E-005
  -0.4762666960940559        0.9999918815787651        1.8308301646493680E-005
  -0.4938310628397727        0.9999920282622291        1.9407865043068798E-005
  -0.5113445744593382        0.9999921796434582        2.0243963393705535E-005
  -0.5287597408263097        0.9999923351820368        2.0833859373648674E-005
  -0.5460393782928481        0.9999924943479318        2.1210166125387279E-005
  -0.5631562490887453        0.9999926566273818        2.1413739849200269E-005
  -0.5800923354113143        0.9999928215278743        2.1487110843045953E-005
  -0.5968378579268339        0.9999929885822574        2.1469479311240018E-005
  -0.6133901455675921        0.9999931573520207        2.1393689503069477E-005
  -0.6297524502572615        0.9999933274298870        2.1285064049313952E-005
  -0.6459327821751594        0.9999934984417801        2.1161647925172326E-005
  -0.6619428206551254        0.9999936700481694        2.1035298573975566E-005
  -0.6777969367412591        0.9999938419447197        2.0913114516728993E-005
  -0.6935113475734039        0.9999940138619587        2.0798839546687053E-005
  -0.7091034093314890        0.9999941855633409        2.0694040950827580E-005
  -0.7245910431100857        0.9999943568413316        2.0598992011786066E-005
  -0.7399922781649245        0.9999945275123251        2.0513273745131619E-005
  -0.7553248951513840        0.9999946974120908        2.0436151374416435E-005
  -0.7706061555205884        0.9999948663928655        2.0366790230747247E-005
  -0.7858526046720170        0.9999950343221690        2.0304367724469338E-005
  -0.8010799374704108        0.9999952010827733        2.0248123696405884E-005
  -0.8163029162656731        0.9999953665728581        2.0197377317244045E-005
  -0.8315353299068414        0.9999955307056811        2.0151527583535284E-005
  -0.8467899813751927        0.9999956934089336        2.0110046860095115E-005
  -0.8620786960786546        0.9999958546240646        2.0072472253839164E-005
  -0.8774123465626652        0.9999960143053924        2.0038396992987925E-005
  -0.8928008884081398        0.9999961724189007        2.0007462647405334E-005
  -0.9082534016799368        0.9999963289410382        1.9979352402425251E-005
  -0.9237781353367190        0.9999964838577847        1.9953785342062541E-005
  -0.9393825546399366        0.9999966371637987        1.9930511613121074E-005
  -0.9550733910728182        0.9999967888613246        1.9909308329837606E-005
  -0.9708566924819528        0.9999969389588820        1.9889976092802870E-005
  -0.9867378709401622        0.9999970874700238        1.9872336016262495E-005
   -1.002721747456672        0.9999972344124465        1.9856227177235402E-005
   -1.018812594201708        0.9999973798074536        1.9841504416134874E-005
   -1.035014175134527        0.9999975236796127        1.9828036431638702E-005
   -1.051329785406036        0.9999976660564582        1.9815704122906874E-005
   -1.067762289510905        0.9999978069681619        1.9804399140465473E-005
   -1.084314158021194        0.9999979464471616        1.9794022613714839E-005
   -1.100987502737931        0.9999980845277692        1.9784484028671048E-005
   -1.117784110269537        0.9999982212457894        1.9775700235099495E-005
   -1.134705474302829        0.9999983566381753        1.9767594569430618E-005
   -1.151752826947716        0.9999984907427162        1.9760096092713241E-005
   -1.168927169493376        0.9999986235977609        1.9753138969838457E-005
   -1.186229302855994        0.9999987552419927        1.9746662073636438E-005
   -1.203659857933740        0.9999988857142932        1.9740609011010104E-005
   -1.221219326101525        0.9999990150537302        1.9734928964778973E-005
   -1.238908090353158        0.9999991432997101        1.9729579013933344E-005
   -1.256726457681367        0.9999992704925540        1.9724528794608896E-005
   -1.274674692476182        0.9999993966752087        1.9719768066377682E-005
   -1.292753050068258        0.9999995218972035        1.9715316115085619E-005
   -1.310961810210173        0.9999996462226214        1.9711227859694473E-005
   -1.329301309161007        0.9999997697451196        1.9707584393356616E-005
   -1.347771968308843        0.9999998926139438        1.9704446319232975E-005
   -1.366374318341822         1.000000015075748        1.9701739035028876E-005
   -1.384976668374800         1.000000137537551        1.9699031750824777E-005
   -2.607867662664460         1.000000000000000         0.000000000000000     
   -2.607867662664460        0.9999977467304756        1.4682570746861936E-011
   -2.603510584413954        0.9999957906006293        4.2884977259188659E-011
   -2.600405276471903        0.9999942703033904        1.0657145702607354E-010
   -2.598511627547653        0.9999931269092208        2.5083820069169978E-010
   -2.597798312266057        0.9999922943177945        5.6799378386998694E-010
   -2.598236870574588        0.9999917069792625        1.2406915915186348E-009
   -2.599800986010611        0.9999913055423456        2.6159139189576193E-009
   -2.602465862036659        0.9999910400640900        5.3251219921315120E-009
   -2.606207741270501        0.9999908710803455        1.0467620972458024E-008
   -2.611003451911902        0.9999907690944975        1.9871204603774847E-008
   -2.616829767103408        0.9999907131565592        3.6432566920075166E-008
   -2.623662639018838        0.9999906890883393        6.4516079836560684E-008
   -2.631476385328011        0.9999906877151009        1.1035195761216288E-007
   -2.640242793695056        0.9999907033306081        1.8232753821150149E-007
   -2.649930172169951        0.9999907325035103        2.9102045674175483E-007
   -2.660502451032094        0.9999907732234697        4.4880041033302212E-007
   -2.671918436113391        0.9999908243254076        6.6885193265350983E-007
   -2.684131285773703        0.9999908851178302        9.6356368896022574E-007
   -2.697088267313198        0.9999909551519434        1.3423911176041919E-006
   -2.710730834632928        0.9999910340841365        1.8094995410760626E-006
   -2.724995008180285        0.9999911215985727        2.3616709057711252E-006
   -2.739812040932366        0.9999912173701111        2.9870353995206717E-006
   -2.755109711494604        0.9999913210508573        3.6651391187629184E-006
   -2.770813895459458        0.9999914322634282        4.3685640084256576E-006
   -2.786850269210546        0.9999915505996291        5.0659506288944722E-006
   -2.803146093131259        0.9999916756227102        5.7258933359297412E-006
   -2.819631952485742        0.9999918068713827        6.3209179702297421E-006
   -2.836243330937034        0.9999919438650001        6.8307167033093879E-006
   -2.852921914504957        0.9999920861096447        7.2440169184675700E-006
   -2.869616556355392        0.9999922331047071        7.5588290734232432E-006
   -2.886283869592128        0.9999923843494236        7.7812246357777429E-006
   -2.902888450637093        0.9999925393490035        7.9231098135161246E-006
   -2.919402766087602        0.9999926976201446        7.9996022710344860E-006
   -2.935806757698162        0.9999928586958979        8.0265759841977412E-006
   -2.952087232349919        0.9999930221298432        8.0187654335631038E-006
   -2.968237106750551        0.9999931874996015        7.9885960730673396E-006
   -2.984254572639085        0.9999933544096995        7.9457091314334795E-006
   -3.000142239541661        0.9999935224937359        7.8970209839146223E-006
   -3.015906300593197        0.9999936914157145        7.8471103655181682E-006
   -3.031555754818567        0.9999938608703508        7.7987434385566224E-006
   -3.047101707281191        0.9999940305821134        7.7533983562375044E-006
   -3.062556757567930        0.9999942003029620        7.7117104828523954E-006
   -3.077934477787167        0.9999943698092060        7.6738091173243552E-006
   -3.093248975642954        0.9999945388984365        7.6395492018041895E-006
   -3.108514536815523        0.9999947073873240        7.6086576661969140E-006
   -3.123745340074684        0.9999948751104534        7.5808182606186602E-006
   -3.138955237305726        0.9999950419199175        7.5557161733999931E-006
   -3.154157590497201        0.9999952076851583        7.5330585585443980E-006
   -3.169365156800861        0.9999953722925313        7.5125818310954620E-006
   -3.184590011241808        0.9999955356445834        7.4940523730222921E-006
   -3.199843498515092        0.9999956976592896        7.4772643726806387E-006
   -3.215136208801287        0.9999958582692069        7.4620367076852659E-006
   -3.230477972679030        0.9999960174203347        7.4482097546140478E-006
   -3.245877868993926        0.9999961750708489        7.4356424765458991E-006
   -3.261344241263486        0.9999963311900265        7.4242098876639061E-006
   -3.276884721234507        0.9999964857573546        7.4138008881884190E-006
   -3.292506258948618        0.9999966387615209        7.4043164262464312E-006
   -3.308215157278986        0.9999967901991418        7.3956679363747764E-006
   -3.324017107947290        0.9999969400734116        7.3877760084657148E-006
   -3.339917226917342        0.9999970883929710        7.3805692480303513E-006
   -3.355920088805354        0.9999972351711433        7.3739832956195039E-006
   -3.372029760858620        0.9999973804254384        7.3679599791798939E-006
   -3.388249836837392        0.9999975241771686        7.3624465779297702E-006
   -3.404583470682941        0.9999976664510668        7.3573951801611573E-006
   -3.421033409677601        0.9999978072748686        7.3527621204199462E-006
   -3.437602026782157        0.9999979466788765        7.3485074839821493E-006
   -3.454291351901652        0.9999980846955095        7.3445946686613461E-006
   -3.471103102049618        0.9999982213589056        7.3409899960994334E-006
   -3.488038710633162        0.9999983567045396        7.3376623675306641E-006
   -3.505099356134981        0.9999984907688927        7.3345829641756904E-006
   -3.522285990390102        0.9999986235891521        7.3317250033706792E-006
   -3.539599366613090        0.9999987552029692        7.3290635848941905E-006
   -3.557040067291432        0.9999988856483261        7.3265757082128042E-006
   -3.574608532054524        0.9999990149635316        7.3242406213934307E-006
   -3.592305085903538        0.9999991431873786        7.3220407719670585E-006
   -3.610129968326969        0.9999992703597066        7.3199637113484164E-006
   -3.628083362990363        0.9999993965230822        7.3180051833618566E-006
   -3.646165427019584        0.9999995217267459        7.3161729620288740E-006
   -3.664376319820831        0.9999996460345517        7.3144893453245879E-006
   -3.682716230430128        0.9999997695399776        7.3129872932875309E-006
   -3.701185401888587        0.9999998923921096        7.3116913702222136E-006
   -3.719784152709580         1.000000014837435        7.3105709562140842E-006
   -3.738382903530573         1.000000137282760        7.3094505422059548E-006
   -4.983321476210183         1.000000000000000         0.000000000000000     
   -4.983321476210183        0.9999977765682341        5.5567446164153219E-012
   -4.979008531146619        0.9999958451817371        1.6183238430463832E-011
   -4.975890609633367        0.9999943427615700        4.0071353506137331E-011
   -4.973931873037785        0.9999932117681362        9.3961801192221100E-011
   -4.973103862855905        0.9999923874345439        2.1197411252822409E-010
   -4.973379821580927        0.9999918053600346        4.6134786345759495E-010
   -4.974734117209256        0.9999914071035328        9.6932234471906477E-010
   -4.977141747295272        0.9999911433931075        1.9666008925720009E-009
   -4.980577999019508        0.9999909752290043        3.8534051970421013E-009
   -4.985018167308075        0.9999908734160546        7.2929820173908723E-009
   -4.990437113012626        0.9999908171888259        1.3333224089860196E-008
   -4.996808741661601        0.9999907924773233        2.3548530458119656E-008
   -5.004105480256768        0.9999907901665115        4.0180726463033558E-008
   -5.012297689913848        0.9999908045784034        6.6241245710153183E-008
   -5.021353020371984        0.9999908322902717        1.0552111069667454E-007
   -5.031235799384474        0.9999908712900268        1.6244772081451553E-007
   -5.041906541788437        0.9999909204073218        2.4173671248801452E-007
   -5.053321629463348        0.9999909789463785        3.4781993765897918E-007
   -5.065433194340496        0.9999910464577896        4.8408714817900243E-007
   -5.078189225439202        0.9999911226026059        6.5204912142328434E-007
   -5.091533869526502        0.9999912070758199        8.5059179215368485E-007
   -5.105407904318307        0.9999912995695237        1.0755189531614004E-006
   -5.119749705691789        0.9999913997591150        1.3195649872356704E-006
   -5.134496398613313        0.9999915072959557        1.5729566547516991E-006
   -5.149585081680986        0.9999916218051642        1.8244754196222087E-006
   -5.164954109766519        0.9999917428866948        2.0628372425149297E-006
   -5.180544357602597        0.9999918701179950        2.2781130344887930E-006
   -5.196300381353466        0.9999920030578147        2.4628968534522005E-006
   -5.212171408856205        0.9999921412510574        2.6129966822984798E-006
   -5.228112108516918        0.9999922842343136        2.7275504895320568E-006
   -5.244083108603318        0.9999924315415695        2.8086140730174491E-006
   -5.260051260483015        0.9999925827096886        2.8603809923460475E-006
   -5.275989659272819        0.9999927372834864        2.8882487302137391E-006
   -5.291877451314792        0.9999928948203040        2.8979339304780979E-006
   -5.307699468368295        0.9999930548940111        2.8947801861274909E-006
   -5.323445733198389        0.9999932170984090        2.8833228050787483E-006
   -5.339110881436028        0.9999933810499601        2.8671033575715675E-006
   -5.354693541014655        0.9999935463897662        2.8486795499405117E-006
   -5.370195704400509        0.9999937127846404        2.8297573713816739E-006
   -5.385622121191396        0.9999938799271882        2.8113770167170811E-006
   -5.400979730588081        0.9999940475349386        2.7941017787209940E-006
   -5.416277145857058        0.9999942153488178        2.7781802434162510E-006
   -5.431524196963679        0.9999943831314591        2.7636701595005746E-006
   -5.446731533836212        0.9999945506658476        2.7505244579166593E-006
   -5.461910290208221        0.9999947177544859        2.7386460912242943E-006
   -5.477071805494597        0.9999948842189449        2.7279201592170845E-006
   -5.492227400407967        0.9999950498995741        2.7182310355283729E-006
   -5.507388200736009        0.9999952146550566        2.7094704174615438E-006
   -5.522565002155480        0.9999953783617305        2.7015403332878086E-006
   -5.537768168987830        0.9999955409128242        2.6943536013359325E-006
   -5.553007561823959        0.9999957022176360        2.6878331541837233E-006
   -5.568292489639491        0.9999958622004950        2.6819109620196946E-006
   -5.583631680846405        0.9999960207995332        2.6765269004519906E-006
   -5.599033268188742        0.9999961779655369        2.6716277039931091E-006
   -5.614504784912848        0.9999963336609995        2.6671660485899395E-006
   -5.630053171107708        0.9999964878591537        2.6630997645238513E-006
   -5.645684788385468        0.9999966405427799        2.6593911658375249E-006
   -5.661405439925425        0.9999967917028350        2.6560064790108771E-006
   -5.677220393050507        0.9999969413371690        2.6529153546480781E-006
   -5.693134402934698        0.9999970894495490        2.6500904482790748E-006
   -5.709151737376227        0.9999972360489870        2.6475070587899989E-006
   -5.725276202831935        0.9999973811492482        2.6451428150858509E-006
   -5.741511171515163        0.9999975247683985        2.6429774032909573E-006
   -5.757859609103663        0.9999976669283391        2.6409923281512495E-006
   -5.774324102602259        0.9999978076543153        2.6391707033863413E-006
   -5.790906887950356        0.9999979469744172        2.6374970666208623E-006
   -5.807609877070083        0.9999980849191014        2.6359572152869051E-006
   -5.824434684299951        0.9999982215207568        2.6345380606667864E-006
   -5.841382652372197        0.9999983568133098        2.6332274983176590E-006
   -5.858454878094995        0.9999984908318640        2.6320142951156338E-006
   -5.875652237805493        0.9999986236123762        2.6308879974274480E-006
   -5.892975412648506        0.9999987551914064        2.6298388740510524E-006
   -5.910424913711656        0.9999988856059784        2.6288579256534030E-006
   -5.928001107025204        0.9999990148935864        2.6279370236948423E-006
   -5.945704238720869        0.9999991430923524        2.6270692845582872E-006
   -5.963534460828614        0.9999992702415674        2.6262498162001901E-006
   -5.981491857336226        0.9999993963833615        2.6254769270282578E-006
   -5.999576469473487        0.9999995215666265        2.6247536261276669E-006
   -6.017788320329283        0.9999996458549402        2.6240885945380886E-006
   -6.036127438025474        0.9999997693415510        2.6234946644526253E-006
   -6.054593876300677        0.9999998921753405        2.6229813491670198E-006
   -6.073187733185692         1.000000014602586        2.6225365596594414E-006
   -6.091781590070706         1.000000137029831        2.6220917701518631E-006
   -7.357265899385387         1.000000000000000         0.000000000000000     
   -7.357265899385387        0.9999978049053577        2.0377686628886563E-012
   -7.353012763567081        0.9999958970205937        5.9172968092435261E-012
   -7.349898514094782        0.9999944115792434        1.4598294187190036E-011
   -7.347891121847741        0.9999932923546809        3.4100541419473854E-011
   -7.346964841286612        0.9999924758425578        7.6639603820543693E-011
   -7.347094724490800        0.9999918987326337        1.6619005675553207E-010
   -7.348256162312217        0.9999915034492523        3.4794204587415708E-010
   -7.350424495086302        0.9999912413590640        7.0352541339222103E-010
   -7.353574791879132        0.9999910739042824        1.3740472352836231E-009
   -7.357681712051346        0.9999909721769753        2.5925658694171304E-009
   -7.362719225084898        0.9999909155885153        4.7261484261542819E-009
   -7.368660283212773        0.9999908901739835        8.3247044360661800E-009
   -7.375476523066808        0.9999908868782015        1.4169227745027228E-008
   -7.383137910418068        0.9999909000540470        2.3306427453382254E-008
   -7.391612316770369        0.9999909262917429        3.7051449833953150E-008
   -7.400865112681700        0.9999909635826384        5.6937920607708808E-008
   -7.410858852648470        0.9999910107563454        8.4597774878872957E-008
   -7.421553088654058        0.9999910671173512        1.2156453384338786E-007
   -7.432904329143449        0.9999911322189995        1.6901288430924520E-007
   -7.444866151992852        0.9999912057288304        2.2747119538462890E-007
   -7.457389436577282        0.9999912873527701        2.9656459880880329E-007
   -7.470422693240267        0.9999913767984958        3.7485591304324014E-007
   -7.483912793990939        0.9999914737614171        4.5984665165984592E-007
   -7.497805825540571        0.9999915779169680        5.4816586901520039E-007
   -7.512047978206646        0.9999916889178473        6.3593155034180513E-007
   -7.526586477778494        0.9999918063943170        7.1922334347222183E-007
   -7.541370511088143        0.9999919299559162        7.9457281674819452E-007
   -7.556352089091354        0.9999920591942827        8.5937082657759783E-007
   -7.571486799997593        0.9999921936870769        9.1211353923054914E-007
   -7.586734416794799        0.9999923330026962        9.5245157563952203E-007
   -7.602059336492430        0.9999924767052748        9.8105589308035018E-007
   -7.617430841698730        0.9999926243595622        9.9935369249896113E-007
   -7.632823188120343        0.9999927755354912        1.0092072725929488E-006
   -7.648215532907642        0.9999929298123320        1.0126060930144544E-006
   -7.663591726998671        0.9999930867823372        1.0114227728817050E-006
   -7.678939999450435        0.9999932460538281        1.0072568706200147E-006
   -7.694252563547120        0.9999934072536558        1.0013654115156733E-006
   -7.709525173679012        0.9999935700289763        9.9466229531776706E-007
   -7.724756659076197        0.9999937340482691        9.8776167833325516E-007
   -7.739948456080091        0.9999938990016394        9.8104149905267474E-007
   -7.755104155790143        0.9999940646005638        9.7470914840322443E-007
   -7.770229079356992        0.9999942305773644        9.6885852651372914E-007
   -7.785329889382836        0.9999943966846975        9.6351404468894514E-007
   -7.800414242812777        0.9999945626951999        9.5866146082240248E-007
   -7.815490487825091        0.9999947284012638        9.5426771986124597E-007
   -7.830567404718611        0.9999948936148290        9.5029269664483804E-007
   -7.845653988915706        0.9999950581670438        9.4669553786187729E-007
   -7.860759272585270        0.9999952219077400        9.4343770282490994E-007
   -7.875892180482865        0.9999953847047686        9.4048414998553726E-007
   -7.891061416066084        0.9999955464432472        9.3780357332073346E-007
   -7.906275374367336        0.9999957070246335        9.3536820637174576E-007
   -7.921542077278284        0.9999958663656179        9.3315346610323901E-007
   -7.936869126605489        0.9999960243969953        9.3113756660840034E-007
   -7.952263671828490        0.9999961810626942        9.2930115723063003E-007
   -7.967732391031025        0.9999963363188287        9.2762700299942014E-007
   -7.983281483300748        0.9999964901325837        9.2609970922372979E-007
   -7.998916669882743        0.9999966424808875        9.2470548608448657E-007
   -8.014643201069951        0.9999967933490703        9.2343194752459257E-007
   -8.030465866707527        0.9999969427297267        9.2226793893534058E-007
   -8.046389009533359        0.9999970906218779        9.2120338887935548E-007
   -8.062416541265891        0.9999972370303521        9.2022918089475962E-007
   -8.078551961176780        0.9999973819652525        9.1933704213467277E-007
   -8.094798376559591        0.9999975254414328        9.1851944617831039E-007
   -8.111158524467276        0.9999976674779569        9.1776952781595957E-007
   -8.127634794182127        0.9999978080975426        9.1708100798264060E-007
   -8.144229249948710        0.9999979473260185        9.1644812731909437E-007
   -8.160943653644226        0.9999980851918207        9.1586558710370117E-007
   -8.177779487307673        0.9999982217255368        9.1532849657448387E-007
   -8.194737975606476        0.9999983569594876        9.1483232605142344E-007
   -8.211820108280387        0.9999984909273436        9.1437286601273559E-007
   -8.229026662520324        0.9999986236637791        9.1394619388241395E-007
   -8.246358225261980        0.9999987552042121        9.1354865372269900E-007
   -8.263815215354640        0.9999988855846659        9.1317686082596980E-007
   -8.281397905525894        0.9999990148417746        9.1282775493677922E-007
   -8.299106444365814        0.9999991430129407        9.1249874183657149E-007
   -8.316940878781772        0.9999992701368567        9.1218797476391956E-007
   -8.334901176498372        0.9999993962551585        9.1189480901462881E-007
   -8.352987247526457        0.9999995214163406        9.1162036480028409E-007
   -8.371198964860962        0.9999996456836551        9.1136788897778778E-007
   -8.389536183775608        0.9999997691500734        9.1114217672688476E-007
   -8.407998758754948        0.9999998919642303        9.1094675610840733E-007
   -8.426586559073520         1.000000014372150        9.1077702876706142E-007
   -8.445174359392093         1.000000136780069        9.1060730142571551E-007
   -9.729777651762001         1.000000000000000         0.000000000000000     
   -9.729777651762001        0.9999978317399546        7.2490845837430948E-013
   -9.725595109979393        0.9999959461142711        2.0987438879768089E-012
   -9.722497024219827        0.9999944767545201        5.1585650099465579E-012
   -9.720454717308856        0.9999933686712199        1.2003569732818568E-011
   -9.719444955202970        0.9999925595520404        2.6874780184793412E-011
   -9.719444617165300        0.9999919871182434        5.8061274188508041E-011
   -9.720430325901809        0.9999915946141227        1.2112554649532901E-010
   -9.722378141598396        0.9999913340124753        2.4407289867417580E-010
   -9.725263437757150        0.9999911671760132        4.7513976529248296E-010
   -9.729060880530051        0.9999910654710812        8.9372469657136587E-010
   -9.733744278721138        0.9999910084787470        1.6244827611901409E-009
   -9.739286408491566        0.9999909823355492        2.8536130241454767E-009
   -9.745658887095619        0.9999909780447719        4.8448534387747357E-009
   -9.752831990356857        0.9999909899905104        7.9508354072326009E-009
   -9.760774389877806        0.9999910147777170        1.2613727978245132E-008
   -9.769452890212003        0.9999910504039011        1.9348318543259325E-008
   -9.778832234611285        0.9999910957017156        2.8701778191718741E-008
   -9.788875006823602        0.9999911499788248        4.1188068045397644E-008
   -9.799541635480272        0.9999912127936377        5.7201263456153340E-008
   -9.810790502168565        0.9999912838215952        7.6919884022996620E-008
   -9.822578117316157        0.9999913627798627        1.0022121663044944E-007
   -9.834859343347311        0.9999914493908029        1.2662782781934280E-007
   -9.847587952430676        0.9999915433677682        1.5530692459163167E-007
   -9.860717265989335        0.9999916444071332        1.8513195575968870E-007
   -9.874200805420479        0.9999917521851743        2.1480176921381354E-007
   -9.887992974768773        0.9999918663578342        2.4299748272233944E-007
   -9.902049743880214        0.9999919865617528        2.6854627229660720E-007
   -9.916329293191387        0.9999921124163609        2.9055877094771823E-007
   -9.930792587377089        0.9999922435270987        3.0851366552041123E-007
   -9.945403852625033        0.9999923794894804        3.2227702698346217E-007
   -9.960130940058672        0.9999925198934868        3.3206015067347392E-007
   -9.974945565771497        0.9999926643278934        3.3833304043192947E-007
   -9.989823426295464        0.9999928123843309        3.4171755246592369E-007
   -10.00474419622113        0.9999929636609859        3.4288372527497201E-007
   -10.01969142087343        0.9999931177658598        3.4246661586472717E-007
   -10.03465232108711        0.9999932743195525        3.4101212879359215E-007
   -10.04961752940010        0.9999934329575351        3.3895197488336808E-007
   -10.06458077756468        0.9999935933318980        3.3660210909529328E-007
   -10.07953855423362        0.9999937551125649        3.3417644348043349E-007
   -10.09448974945106        0.9999939179880228        3.3180782201286907E-007
   -10.10943529986032        0.9999940816657332        3.2957009610189974E-007
   -10.12437784580144        0.9999942458723644        3.2749753485607073E-007
   -10.13932140890805        0.9999944103539775        3.2559994137894772E-007
   -10.15427109629426        0.9999945748761663        3.2387334195270364E-007
   -10.16923283497363        0.9999947392241003        3.2230692662262364E-007
   -10.18421313805518        0.9999949032024221        3.2088719839896195E-007
   -10.19921890254262        0.9999950666349487        3.1960024209105287E-007
   -10.21425723726464        0.9999952293642033        3.1843283244454203E-007
   -10.22933531889736        0.9999953912507999        3.1737288331561138E-007
   -10.24446027385142        0.9999955521726746        3.1640955471879876E-007
   -10.25963908314902        0.9999957120241333        3.1553320110708358E-007
   -10.27487850685236        0.9999958707148524        3.1473525838209622E-007
   -10.29018502525975        0.9999960281689295        3.1400811689689962E-007
   -10.30556479522452        0.9999961843239725        3.1334500074808076E-007
   -10.32102362004769        0.9999963391300519        3.1273986038022658E-007
   -10.33656693061188        0.9999964925484549        3.1218727961426397E-007
   -10.35219977494255        0.9999966445503486        3.1168239593231175E-007
   -10.36792681380700        0.9999967951155658        3.1122083220803034E-007
   -10.38375232102027        0.9999969442316328        3.1079863808200601E-007
   -10.39968018799693        0.9999970918930270        3.1041223940579269E-007
   -10.41571393220301        0.9999972381005581        3.1005839443755987E-007
   -10.43185670885487        0.9999973828607709        3.0973415570548304E-007
   -10.44811132508279        0.9999975261853602        3.0943683664780699E-007
   -10.46448025588268        0.9999976680905588        3.0916398229330278E-007
   -10.48096566128073        0.9999978085965440        3.0891334336978010E-007
   -10.49756940421949        0.9999979477268555        3.0868285332966534E-007
   -10.51429306884159        0.9999980855078747        3.0847060787077548E-007
   -10.53113797906664        0.9999982219683508        3.0827484662495875E-007
   -10.54810521744772        0.9999983571389598        3.0809393682524121E-007
   -10.56519564423241        0.9999984910518961        3.0792635902944832E-007
   -10.58240991650566        0.9999986237405150        3.0777069555912294E-007
   -10.59974850734572        0.9999987552390585        3.0762562355869929E-007
   -10.61721172489525        0.9999988855825133        3.0748991704333354E-007
   -10.63479973118917        0.9999990148066237        3.0736246654597978E-007
   -10.65251256090622        0.9999991429480329        3.0724233073825187E-007
   -10.67035014047944        0.9999992700447916        3.0712883857930531E-007
   -10.68831230709791        0.9999993961380008        3.0702175385954829E-007
   -10.70639882648818        0.9999995212757119        3.0692147826811109E-007
   -10.72460940986278        0.9999996455208027        3.0682918048997578E-007
   -10.74294372947759        0.9999997689659272        3.0674658359090496E-007
   -10.76140143190369        0.9999998917594307        3.0667494290570439E-007
   -10.77998215017568         1.000000014147044        3.0661257073450766E-007
   -10.79856286844768         1.000000136534657        3.0655019856331093E-007
   -12.10093025017851         1.000000000000000         0.000000000000000     
   -12.10093025017851        0.9999978570768455        2.5041722486221296E-013
   -12.09682514668923        0.9999959924718023        7.2282822975750622E-013
   -12.09375252673837        0.9999945383006977        1.7700222295126085E-012
   -12.09168663388218        0.9999934407368706        4.1026645097505700E-012
   -12.09060652199991        0.9999926385901453        9.1501436924197146E-012
   -12.09049085153397        0.9999920705541765        1.9694545646590676E-011
   -12.09131758455217        0.9999916806474228        4.0938354534150752E-011
   -12.09306374199092        0.9999914214163118        8.2207978243143656E-011
   -12.09570535650413        0.9999912551228340        1.5950895174505176E-010
   -12.09921754675725        0.9999911533950169        2.9909633961432933E-010
   -12.10357447011610        0.9999910959767367        5.4205754919907238E-010
   -12.10874926456510        0.9999910691023269        9.4958204789742432E-010
   -12.11471405252111        0.9999910638317177        1.6081039326168990E-009
   -12.12143988573319        0.9999910745797613        2.6329081109891147E-009
   -12.12889659798766        0.9999910979667330        4.1682461489302722E-009
   -12.13705264346357        0.9999911319975862        6.3817684267031259E-009
   -12.14587498551724        0.9999911755095687        9.4514435778323112E-009
   -12.15532905677721        0.9999912278150126        1.3544329672799553E-008
   -12.16537879026122        0.9999912884785542        1.8788581879629666E-008
   -12.17598671810934        0.9999913571841756        2.5242570864029562E-008
   -12.18711410277068        0.9999914336602310        3.2867184168721417E-008
   -12.19872108186594        0.9999915176429498        4.1508413501437568E-008
   -12.21076709845238        0.9999916088620107        5.0896873568806061E-008
   -12.22321138585753        0.9999917070323650        6.0667322473343663E-008
   -12.23601344742423        0.9999918118508445        7.0396787787423586E-008
   -12.24913356005854        0.9999919229955205        7.9655052497090057E-008
   -12.26253328160173        0.9999920401262155        8.8057696455470251E-008
   -12.27617593460836        0.9999921628860304        9.5310988036068829E-008
   -12.29002704373142        0.9999922909040134        1.0124002000298819E-007
   -12.30405470902421        0.9999924237987016        1.0579587673998225E-007
   -12.31822990205258        0.9999925611820177        1.0904281826976626E-007
   -12.33252667627553        0.9999927026631196        1.1113081714666696E-007
   -12.34692228845321        0.9999928478520222        1.1226110917794728E-007
   -12.36139723328869        0.9999929963629166        1.1265238471095431E-007
   -12.37593519803882        0.9999931478171210        1.1251334117964614E-007
   -12.39052294712349        0.9999933018456633        1.1202450786333415E-007
   -12.40515014899546        0.9999934580914944        1.1132954225583685E-007
   -12.41980915870109        0.9999936162113343        1.1053427403579890E-007
   -12.43449476954230        0.9999937758771414        1.0971088172543889E-007
   -12.44920394628503        0.9999939367772387        1.0890459413112462E-007
   -12.46393555090638        0.9999940986171931        1.0814087569375082E-007
   -12.47869007027335        0.9999942611205060        1.0743182120548265E-007
   -12.49346935344645        0.9999944240291636        1.0678118495263936E-007
   -12.50827636446122        0.9999945871040354        1.0618796903887894E-007
   -12.52311495461972        0.9999947501250781        1.0564877429293448E-007
   -12.53798965668811        0.9999949128913359        1.0515921945423669E-007
   -12.55290550202066        0.9999950752207339        1.0471472646963962E-007
   -12.56786786061681        0.9999952369496857        1.0431091069479937E-007
   -12.58288230343731        0.9999953979325196        1.0394374444530557E-007
   -12.59795448564133        0.9999955580407462        1.0360960139196198E-007
   -12.61309004879305        0.9999957171622301        1.0330524465456519E-007
   -12.62829454012279        0.9999958752003478        1.0302779239070763E-007
   -12.64357334748827        0.9999960320731369        1.0277467748900095E-007
   -12.65893164878088        0.9999961877123267        1.0254360864891271E-007
   -12.67437437392532        0.9999963420621866        1.0233253548178852E-007
   -12.68990617709880        0.9999964950782552        1.0213961816446701E-007
   -12.70553141691015        0.9999966467261153        1.0196320134409620E-007
   -12.72125414296854        0.9999967969803429        1.0180179173983230E-007
   -12.73707808806655        0.9999969458236684        1.0165403887098394E-007
   -12.75300666552084        0.9999970932462695        1.0151871840568407E-007
   -12.76904297101746        0.9999972392451143        1.0139471770502283E-007
   -12.78518978810317        0.9999973838233088        1.0128102321191016E-007
   -12.80144959651924        0.9999975269894488        1.0117670939590617E-007
   -12.81782458271153        0.9999976687569681        1.0108092901516775E-007
   -12.83431665193122        0.9999978091435030        1.0099290449667820E-007
   -12.85092744144611        0.9999979481702994        1.0091192026873552E-007
   -12.86765833455701        0.9999980858616714        1.0083731590875540E-007
   -12.88451047527768        0.9999982222445113        1.0076848000091891E-007
   -12.90148478356827        0.9999983573478239        1.0070484464536142E-007
   -12.91858197095406        0.9999984912023046        1.0064588065356796E-007
   -12.93580255635502        0.9999986238399615        1.0059109366788448E-007
   -12.95314688202872        0.9999987552938365        1.0054002187928845E-007
   -12.97061512947835        0.9999988855978609        1.0049223687859529E-007
   -12.98820733509549        0.9999990147868606        1.0044735065505622E-007
   -13.00592340565790        0.9999991428966963        1.0040503375674628E-007
   -13.02376313411179        0.9999992699647471        1.0036505105552212E-007
   -13.04172621513230        0.9999993960315408        1.0032731916740954E-007
   -13.05981225931136        0.9999995211446463        1.0029197702556154E-007
   -13.07802080646200        0.9999996453665312        1.0025943011294743E-007
   -13.09635133750251        0.9999997687894908        1.0023027480797866E-007
   -13.11480328401107        0.9999998915615411        1.0020494038353787E-007
   -13.13337603666334         1.000000013928086        1.0018282829913121E-007
   -13.15194878931560         1.000000136294630        1.0016071621472455E-007
   -14.47079320310084         1.000000000000000         0.000000000000000     
   -14.47079320310084        0.9999978809255846        8.4088750070843151E-014
   -14.46676924774423        0.9999960361110904        2.4198727405683745E-013
   -14.46372874513445        0.9999945962430925        5.9033208025281091E-013
   -14.46164846716268        0.9999935085842900        1.3629361335633869E-012
   -14.46050952744744        0.9999927129973030        3.0279749531510687E-012
   -14.46029227867615        0.9999921490894020        6.4928566180540411E-012
   -14.46097605377136        0.9999917616077976        1.3447633794683987E-011
   -14.46253897112817        0.9999915036403179        2.6910426157153086E-011
   -14.46495794858566        0.9999913378270620        5.2041857161723033E-011
   -14.46820885286971        0.9999912360449585        9.7277958029700873E-011
   -14.47226653130432        0.9999911781935308        1.7577756892307957E-010
   -14.47710484216723        0.9999911506010053        3.0707817649810564E-010
   -14.48269675541369        0.9999911443819626        5.1870112096167987E-010
   -14.48901439073135        0.9999911539812975        8.4726235341654591E-010
   -14.49602895285653        0.9999911760347749        1.3384777342426039E-009
   -14.50371064087567        0.9999912085554155        2.0453811498860589E-009
   -14.51202859392331        0.9999912503858009        3.0241910061230734E-009
   -14.52095088966683        0.9999913008435398        4.3276341500998274E-009
   -14.53044459071612        0.9999913594998379        5.9961638221522728E-009
   -14.54047583279760        0.9999914260471759        8.0482789577259884E-009
   -14.55100992095937        0.9999915002245893        1.0471831798176530E-008
   -14.56201141689429        0.9999915817811358        1.3218531202999341E-008
   -14.57344447443385        0.9999916704612531        1.6203716287725594E-008
   -14.58527321122194        0.9999917659963856        1.9312371613012541E-008
   -14.59746206447029        0.9999918681013632        2.2410978985726474E-008
   -14.60997616438711        0.9999919764734307        2.5363294997169883E-008
   -14.62278171281386        0.9999920907923343        2.8047023227833013E-008
   -14.63584634727953        0.9999922107213961        3.0368042297951182E-008
   -14.64913947453612        0.9999923359097453        3.2269471521390658E-008
   -14.66263256134015        0.9999924659954514        3.3734198978417974E-008
   -14.67629937288494        0.9999926006090228        3.4781110616197736E-008
   -14.69011615170282        0.9999927393768832        3.5456632099059768E-008
   -14.70406173313741        0.9999928819246535        3.5823953745812853E-008
   -14.71811759723985        0.9999930278801800        3.5952335725599506E-008
   -14.73226786020276        0.9999931768762813        3.5908324050104822E-008
   -14.74649921096246        0.9999933285532199        3.5749841702757559E-008
   -14.76080080056412        0.9999934825609162        3.5523265924586756E-008
   -14.77516409320799        0.9999936385609065        3.5262983754041912E-008
   -14.78958268835104        0.9999937962280160        3.4992618315098472E-008
   -14.80405212292720        0.9999939552517519        3.4727103252900182E-008
   -14.81856966203317        0.9999941153374549        3.4474950234595178E-008
   -14.83313408555786        0.9999942762072456        3.4240291856607283E-008
   -14.84774547720235        0.9999944376007793        3.4024504169261008E-008
   -14.86240502112646        0.9999945992758051        3.3827374737860395E-008
   -14.87711481017768        0.9999947610084968        3.3647874697250891E-008
   -14.89187766843722        0.9999949225935530        3.3484629274986006E-008
   -14.90669698975849        0.9999950838440912        3.3336181131668780E-008
   -14.92157659310509        0.9999952445913330        3.3201123323322134E-008
   -14.93652059476987        0.9999954046841227        3.3078156710003673E-008
   -14.95153329694715        0.9999955639883177        3.2966107166558550E-008
   -14.96661909184671        0.9999957223861053        3.2863923480769291E-008
   -14.98178238060859        0.9999958797752631        3.2770667291221825E-008
   -14.99702750622504        0.9999960360682831        3.2685500717088867E-008
   -15.01235869918914        0.9999961911913408        3.2607674205179628E-008
   -15.02778003408167        0.9999963450831193        3.2536515543047735E-008
   -15.04329539522868        0.9999964976936390        3.2471420262785641E-008
   -15.05890844994161        0.9999966489831884        3.2411843366461352E-008
   -15.07462262842602        0.9999967989214266        3.2357292209624300E-008
   -15.09044110981453        0.9999969474866093        3.2307320367650352E-008
   -15.10636681371247        0.9999970946648720        3.2261522327285842E-008
   -15.12240239641554        0.9999972404495293        3.2219528870155010E-008
   -15.13855025093527        0.9999973848403707        3.2181003038011311E-008
   -15.15481251009726        0.9999975278429715        3.2145636588880465E-008
   -15.17119105207296        0.9999976694680083        3.2113146868896441E-008
   -15.18768750777702        0.9999978097306049        3.2083274037199382E-008
   -15.20430326969231        0.9999979486497280        3.2055778591592382E-008
   -15.22103950183733        0.9999980862476319        3.2030439151883232E-008
   -15.23789715068224        0.9999982225493463        3.2007050468023151E-008
   -15.25487695681865        0.9999983575822018        3.1985421635802382E-008
   -15.27197946715170        0.9999984913753776        3.1965374534179603E-008
   -15.28920504741563        0.9999986239595249        3.1946742567118885E-008
   -15.30655389489770        0.9999987553664722        3.1929369940455966E-008
   -15.32402605117518        0.9999988856290836        3.1913111995146453E-008
   -15.34162141456970        0.9999990147812552        3.1897837616148458E-008
   -15.35933975240340        0.9999991428580425        3.1883435406180950E-008
   -15.37718071348598        0.9999992698961320        3.1869825782882709E-008
   -15.39514384029324        0.9999993959354517        3.1856980327734331E-008
   -15.41322857964187        0.9999995210230586        3.1844945449866561E-008
   -15.43143429242513        0.9999996452209751        3.1833856958900006E-008
   -15.44976026186050        0.9999997686211052        3.1823913981441177E-008
   -15.46820569927512        0.9999998913711033        3.1815257800778387E-008
   -15.48676974863835         1.000000013716008        3.1807683022506861E-008
   -15.50533379800159         1.000000136060913        3.1800108244235334E-008
   -16.83943152636899         1.000000000000000         0.000000000000000     
   -16.83943152636899        0.9999979032999792        2.7474219495108598E-014
   -16.83548996797873        0.9999960770575227        7.8823343884772542E-014
   -16.83248605931950        0.9999946506162760        1.9156115024196000E-013
   -16.83039874934560        0.9999935722558309        4.4052123306983575E-013
   -16.82921098759508        0.9999927828230639        9.7487347732744174E-013
   -16.82890470314337        0.9999922227808288        2.0825172586221077E-012
   -16.82946057813418        0.9999918375602653        4.2975107537431522E-012
   -16.83085788939502        0.9999915807586243        8.5699121671793557E-012
   -16.83307457020873        0.9999914153728149        1.6518241043585708E-011
   -16.83608741791640        0.9999913135155050        3.0779058509107147E-011
   -16.83987218496288        0.9999912552342719        5.5451478616748340E-011
   -16.84440367464753        0.9999912269470392        9.6603014735460347E-011
   -16.84965591307859        0.9999912198208833        1.6275656751707883E-010
   -16.85560225470400        0.9999912283299141        2.6522260813257471E-010
   -16.86221537625658        0.9999912491253645        4.1809075325324348E-010
   -16.86946723541920        0.9999912802286556        6.3767473553534264E-010
   -16.87732905525751        0.9999913204880446        9.4124152731306688E-010
   -16.88577134779720        0.9999913692265796        1.3449691247616265E-009
   -16.89476396875447        0.9999914260219197        1.8612671301899465E-009
   -16.90427619547625        0.9999914905745894        2.4958262872005878E-009
   -16.91427679601828        0.9999915626334686        3.2449673403073794E-009
   -16.92473407422439        0.9999916419592143        4.0939561829512668E-009
   -16.93561613416158        0.9999917283094114        5.0169146118498673E-009
   -16.94689116823779        0.9999918214300272        5.9786245872883760E-009
   -16.95852772220252        0.9999919210515894        6.9381115407316239E-009
   -16.97049497314595        0.9999920268879288        7.8534379046155304E-009
   -16.98276301298973        0.9999921386359191        8.6867958291864903E-009
   -16.99530312284017        0.9999922559761822        9.4088873267195043E-009
   -17.00808802704052        0.9999923785749775        1.0001758369517479E-008
   -17.02109211864676        0.9999925060870130        1.0459652494671796E-008
   -17.03429164947850        0.9999926381586473        1.0787936055012811E-008
   -17.04766487893694        0.9999927744310811        1.1000567803203950E-008
   -17.06119217773270        0.9999929145433839        1.1116825064144999E-008
   -17.07485608525930        0.9999930581353207        1.1158017993547998E-008
   -17.08864132166980        0.9999932048499527        1.1144760193330747E-008
   -17.10253475757996        0.9999933543360408        1.1095104801079125E-008
   -17.11652534594211        0.9999935062502654        1.1023594592849452E-008
   -17.13060402190145        0.9999936602592582        1.0941081533213219E-008
   -17.14476357705829        0.9999938160413944        1.0855073879839950E-008
   -17.15899851456322        0.9999939732883372        1.0770359048041032E-008
   -17.17330489117330        0.9999941317063392        1.0689698217619346E-008
   -17.18768015200391        0.9999942910173321        1.0614459982580186E-008
   -17.20212296317277        0.9999944509598145        1.0545128598896941E-008
   -17.21663304679648        0.9999946112895209        1.0481673137982035E-008
   -17.23121102192936        0.9999947717798601        1.0423793624099985E-008
   -17.24585825415446        0.9999949322221214        1.0371072440171832E-008
   -17.26057671573347        0.9999950924254696        1.0323059997131713E-008
   -17.27536885752046        0.9999952522167446        1.0279318641920558E-008
   -17.29023749326279        0.9999954114400987        1.0239442124201748E-008
   -17.30518569650049        0.9999955699565196        1.0203061909468886E-008
   -17.32021671006150        0.9999957276432331        1.0169847074003196E-008
   -17.33533386792854        0.9999958843929659        1.0139501481721979E-008
   -17.35054052882173        0.9999960401130503        1.0111760108145975E-008
   -17.36584002036412        0.9999961947243814        1.0086385359442617E-008
   -17.38123559250186        0.9999963481603441        1.0063163715684375E-008
   -17.39673037899783        0.9999965003657867        1.0041902785766842E-008
   -17.41232736616077        0.9999966512961040        1.0022428761285719E-008
   -17.42802936825860        0.9999968009164308        1.0004584222853219E-008
   -17.44383900907797        0.9999969492008842        9.9882262465999849E-009
   -17.45975870889395        0.9999970961318159        9.9732247631019444E-009
   -17.47579067601164        0.9999972416990726        9.9594611281040964E-009
   -17.49193690212910        0.9999973858992619        9.9468268713433723E-009
   -17.50819916086675        0.9999975287350295        9.9352225956660723E-009
   -17.52457900886089        0.9999976702143614        9.9245570034176611E-009
   -17.54107778890604        0.9999978103499191        9.9147460309282267E-009
   -17.55769663476755        0.9999979491584257        9.9057120750843757E-009
   -17.57443647738434        0.9999980866600983        9.8973832988320861E-009
   -17.59129805221160        0.9999982228781259        9.8896930056647240E-009
   -17.60828190744529        0.9999983578381653        9.8825790781951052E-009
   -17.62538841286939        0.9999984915678872        9.8759834861417452E-009
   -17.64261776912405        0.9999986240965854        9.8698518916185602E-009
   -17.65997001726263        0.9999987554548749        9.8641334279991466E-009
   -17.67744504835868        0.9999988856745506        9.8587808236916327E-009
   -17.69504261280841        0.9999990147885717        9.8537512043119025E-009
   -17.71276232938715        0.9999991428311810        9.8490081235971289E-009
   -17.73060369449371        0.9999992698383559        9.8445255218108924E-009
   -17.74856609101500        0.9999993958494066        9.8402940305885304E-009
   -17.76664879556859        0.9999995209108554        9.8363286396620779E-009
   -17.78485098474047        0.9999996450842531        9.8326733194551469E-009
   -17.80317173973564        0.9999997684610851        9.8293922984079114E-009
   -17.82161004837408        0.9999998911886158        9.8265303861203081E-009
   -17.84016480561101         1.000000013511492        9.8240192954747781E-009
   -17.85871956284795         1.000000135834368        9.8215082048292481E-009
   -19.20690550675834         1.000000000000000         0.000000000000000     
   -19.20690550675834        0.9999979242178735        8.7423708832889946E-015
   -19.20304568664143        0.9999961153430541        2.5004982474781641E-014
   -19.20008108196446        0.9999947014620180        6.0536665955002371E-014
   -19.19799250688790        0.9999936318006285        1.3865923591499189E-013
   -19.19676453282436        0.9999928481229247        3.0565162349712586E-013
   -19.19638053484798        0.9999922916903661        6.5045499830535631E-013
   -19.19682248766364        0.9999919085737529        1.3373915832021720E-012
   -19.19807083415877        0.9999916528478344        2.6576529457950598E-012
   -19.20010458348966        0.9999914878447451        5.1054852923017059E-012
   -19.20290156251567        0.9999913858992903        9.4831959790974714E-012
   -19.20643855032023        0.9999913271991046        1.7034032721266872E-011
   -19.21069142146388        0.9999912982473335        2.9592580906025440E-011
   -19.21563536967363        0.9999912902612325        4.9728511299596758E-011
   -19.22124506171167        0.9999912977431821        8.0843137532196720E-011
   -19.22749467237927        0.9999913173597255        1.2716378281691528E-010
   -19.23435787704516        0.9999913471408448        1.9357537768240449E-010
   -19.24180786212360        0.9999913859406300        2.8523992979645633E-010
   -19.24981736484394        0.9999914330875345        4.0698825095529736E-010
   -19.25835873205823        0.9999914881653560        5.6252412342289900E-010
   -19.26740398890193        0.9999915508820257        7.5354907697006325E-010
   -19.27692488692560        0.9999916209952984        9.7897564591115578E-010
   -19.28689291819829        0.9999916982761410        1.2344252500186399E-009
   -19.29727952602371        0.9999917824937067        1.5121964123623422E-009
   -19.30805633083018        0.9999918734066423        1.8017920447667090E-009
   -19.31919532817449        0.9999919707590920        2.0909742539291980E-009
   -19.33066909613357        0.9999920742791996        2.3671817534146101E-009
   -19.34245100788013        0.9999921836785582        2.6190433700678441E-009
   -19.35451543835655        0.9999922986526261        2.8376894019150449E-009
   -19.36683795723929        0.9999924188823437        3.0176124102440254E-009
   -19.37939550279675        0.9999925440367058        3.1569443718493603E-009
   -19.39216653191335        0.9999926737757334        3.2571597877433723E-009
   -19.40513114170331        0.9999928077534497        3.3223395038891127E-009
   -19.41827115921894        0.9999929456207186        3.3582033458231127E-009
   -19.43157019755530        0.9999930870279147        3.3711285459758371E-009
   -19.44501367829582        0.9999932316274126        3.3673253379282245E-009
   -19.45858882158676        0.9999933790759289        3.3522657547605728E-009
   -19.47228460642203        0.9999935290367302        3.3303843583327160E-009
   -19.48609170483496        0.9999936811816885        3.3050111306647883E-009
   -19.50000239430841        0.9999938351931346        3.2784661591830541E-009
   -19.51401045283920        0.9999939907654735        3.2522412337806321E-009
   -19.52811104102058        0.9999941476065697        3.2272066311430484E-009
   -19.54230057540914        0.9999943054389278        3.2038021550903900E-009
   -19.55657659723716        0.9999944640006641        3.1821918939970965E-009
   -19.57093764012508        0.9999946230462775        3.1623776235083924E-009
   -19.58538309988483        0.9999947823471821        3.1442750735279675E-009
   -19.59991310889525        0.9999949416920212        3.1277612699906227E-009
   -19.61452841695756        0.9999951008867725        3.1127016055013821E-009
   -19.62923028002617        0.9999952597546569        3.0989639104499342E-009
   -19.64402035779040        0.9999954181358873        3.0864248418984893E-009
   -19.65890062075370        0.9999955758872594        3.0749720922661119E-009
   -19.67387326715049        0.9999957328815829        3.0645045285357009E-009
   -19.68894064964852        0.9999958890069470        3.0549314335618706E-009
   -19.70410521135472        0.9999960441658502        3.0461714471639307E-009
   -19.71936943038394        0.9999961982742506        3.0381514831333960E-009
   -19.73473577223573        0.9999963512606328        3.0308057324459288E-009
   -19.75020664937499        0.9999965030651232        3.0240747846661937E-009
   -19.76578438757157        0.9999966536386798        3.0179048664467701E-009
   -19.78147119857518        0.9999968029423174        3.0122471843861435E-009
   -19.79726915854727        0.9999969509463352        3.0070573571064498E-009
   -19.81318019153054        0.9999970976295520        3.0022949224640610E-009
   -19.82920605725585        0.9999972429785366        2.9979229078244454E-009
   -19.84534834266496        0.9999973869868577        2.9939074533631820E-009
   -19.86160845656180        0.9999975296543424        2.9902174801028797E-009
   -19.87798762685058        0.9999976709863733        2.9868243958205951E-009
   -19.89448689992927        0.9999978109932208        2.9837018331082507E-009
   -19.91110714191351        0.9999979496894212        2.9808254148163761E-009
   -19.92784904139721        0.9999980870932021        2.9781725429724814E-009
   -19.94471311345043        0.9999982232259373        2.9757222082512730E-009
   -19.96169970456758        0.9999983581116366        2.9734548186563165E-009
   -19.97880899830996        0.9999984917764804        2.9713520493182517E-009
   -19.99604102144680        0.9999986242484187        2.9693967224897776E-009
   -20.01339565044522        0.9999987555568690        2.9675727421866173E-009
   -20.03087261802759        0.9999988857325616        2.9658651380346537E-009
   -20.04847151939431        0.9999990148075238        2.9642603240298370E-009
   -20.06619181815011        0.9999991428151828        2.9627467458368928E-009
   -20.08403285238078        0.9999992697907997        2.9613161354745205E-009
   -20.10199384028603        0.9999993957730550        2.9599655005805690E-009
   -20.12007388408096        0.9999995208079209        2.9586995276055507E-009
   -20.13827197281771        0.9999996449564610        2.9575319950832989E-009
   -20.15658698349708        0.9999997683097218        2.9564829414049596E-009
   -20.17501767929743        0.9999998910145529        2.9555660760725116E-009
   -20.19356270605469         1.000000013315188        2.9547593763845432E-009
   -20.21210773281195         1.000000135615823        2.9539526766965749E-009
   -21.57327064699194         1.000000000000000         0.000000000000000     
   -21.57327064699194        0.9999979436997103        2.7116531653060347E-015
   -21.56949044724929        0.9999961510039461        7.7320370500172838E-015
   -21.56656643126035        0.9999947488270248        1.8647379579051934E-014
   -21.56448100461068        0.9999936872727404        4.2541377751158787E-014
   -21.56322016136059        0.9999929089568995        9.3407056202929258E-014
   -21.56276858756786        0.9999923558837137        1.9802299619024805E-013
   -21.56310947223301        0.9999919747198893        4.0566392686430718E-013
   -21.56422439497628        0.9999917199857841        8.0331103335419130E-013
   -21.56609345079952        0.9999915553269397        1.5380545703796067E-012
   -21.56869553372211        0.9999914532863701        2.8478277518566690E-012
   -21.57200850245734        0.9999913941834552        5.1001086831935562E-012
   -21.57600935760385        0.9999913646018375        8.8354825128352437E-012
   -21.58067450238237        0.9999913558064486        1.4808966586146447E-011
   -21.58597993053919        0.9999913623268165        2.4017317726610530E-011
   -21.59190128949362        0.9999913808444770        3.7696458012414818E-011
   -21.59841389561739        0.9999914093980021        5.7271664656707210E-011
   -21.60549276192854        0.9999914468473665        8.4246507449127872E-011
   -21.61311264807905        0.9999914925263087        1.2002627593894817E-010
   -21.62124812063723        0.9999915460243862        1.6568764007647580E-010
   -21.62987361358588        0.9999916070562677        2.2172570068759240E-010
   -21.63896346030350        0.9999916753876221        2.8782658221881846E-010
   -21.64849188500619        0.9999917507985050        3.6272176829042585E-010
   -21.65843317254198        0.9999918330681853        4.4417755495775064E-010
   -21.66876184756370        0.9999919219663274        5.2914532247444526E-010
   -21.67945282268290        0.9999920172488523        6.1406414108495324E-010
   -21.69048155319341        0.9999921186562419        6.9526910027618831E-010
   -21.70182419638732        0.9999922259127563        7.6942940079551957E-010
   -21.71345776683961        0.9999923387266187        8.3393059357687298E-010
   -21.72536028223508        0.9999924567914270        8.8712890728848119E-010
   -21.73751089643857        0.9999925797885371        9.2843807980974699E-010
   -21.74989001669908        0.9999927073898587        9.5824983443486200E-010
   -21.76247940145822        0.9999928392606657        9.7772538144251199E-010
   -21.77526223574080        0.9999929750622802        9.8851713012441236E-010
   -21.78822318236008        0.9999931144546174        9.9248324547932444E-010
   -21.80134840832505        0.9999932570985746        9.9144531585420651E-010
   -21.81462558678026        0.9999934026583096        9.8701809402892559E-010
   -21.82804387581710        0.9999935508034119        9.8051796330871878E-010
   -21.84159387644176        0.9999937012109560        9.7293955507494394E-010
   -21.85526757252649        0.9999938535673749        9.6498061754742435E-010
   -21.86905825571796        0.9999940075701048        9.5709347549039229E-010
   -21.88296043831236        0.9999941629290204        9.4954491900959991E-010
   -21.89696975718019        0.9999943193676751        9.4247224984048364E-010
   -21.91108287183283        0.9999944766243485        9.3592913704625134E-010
   -21.92529735953895        0.9999946344528904        9.2991951641593369E-010
   -21.93961161005810        0.9999947926233551        9.2442058402584999E-010
   -21.95402472215713        0.9999949509224043        9.1939719671492198E-010
   -21.96853640368426        0.9999951091535032        9.1481019058149648E-010
   -21.98314687661340        0.9999952671369169        9.1062076267044743E-010
   -21.99785678814514        0.9999954247095184        9.0679250389857026E-010
   -22.01266712864230        0.9999955817244167        9.0329214022845427E-010
   -22.02757915684144        0.9999957380504180        9.0008962554140576E-010
   -22.04259433242811        0.9999958935713400        8.9715794701612048E-010
   -22.05771425578590        0.9999960481852314        8.9447282920785328E-010
   -22.07294061461729        0.9999962018035559        8.9201242415788480E-010
   -22.08827513714198        0.9999963543503897        8.8975702331288803E-010
   -22.10371955162341        0.9999965057616390        8.8768880237931482E-010
   -22.11927555195777        0.9999966559842774        8.8579159962914266E-010
   -22.13494476893697        0.9999968049755765        8.8405072430935649E-010
   -22.15072874664944        0.9999969527023251        8.8245279089122125E-010
   -22.16662892343865        0.9999970991400509        8.8098557511071152E-010
   -22.18264661687945        0.9999972442722396        8.7963788830397150E-010
   -22.19878301224988        0.9999973880895732        8.7839946712084982E-010
   -22.21503915398391        0.9999975305891894        8.7726087620515014E-010
   -22.23141593965598        0.9999976717739771        8.7621342184454975E-010
   -22.24791411615735        0.9999978116519058        8.7524907492780447E-010
   -22.26453427776980        0.9999979502354022        8.7436040182387430E-010
   -22.28127686582056        0.9999980875407618        8.7354050205130392E-010
   -22.29814216959147        0.9999982235875915        8.7278295190178229E-010
   -22.31513032820310        0.9999983583982937        8.7208175366512861E-010
   -22.33224133323989        0.9999984919975898        8.7143129110370504E-010
   -22.34947503192602        0.9999986244121195        8.7082629404039927E-010
   -22.36683113068320        0.9999987556701236        8.7026181966279837E-010
   -22.38430919875181        0.9999988858012884        8.6973326739914164E-010
   -22.40190867143480        0.9999990148367174        8.6923645986570168E-010
   -22.41962885299159        0.9999991428090289        8.6876784299466005E-010
   -22.43746891964367        0.9999992697527698        8.6832487173743015E-010
   -22.45542792207842        0.9999993957059877        8.6790661853712581E-010
   -22.47350478611671        0.9999995207140979        8.6751450302842012E-010
   -22.49169831222076        0.9999996448376651        8.6715270881852059E-010
   -22.51000717315297        0.9999997681672816        8.6682728971899798E-010
   -22.52842990850425        0.9999998908493698        8.6654229517443903E-010
   -22.54696491717291         1.000000013127735        8.6629082787009584E-010
   -22.56549992584156         1.000000135406101        8.6603936056575264E-010
   -23.93857772844306         1.000000000000000         0.000000000000000     
   -23.93857772844306        0.9999979617664916        8.2055439289821441E-016
   -23.93487393136973        0.9999961840777772        2.3325218034772259E-015
   -23.93199064609787        0.9999947927602155        5.6037126136788631E-015
   -23.92991163254414        0.9999937387291372        1.2732899441854475E-014
   -23.92862412693603        0.9999929653882079        2.7847171484845187E-014
   -23.92811399409817        0.9999924154295071        5.8811094170045174E-014
   -23.92836554740953        0.9999920360723842        1.2003766209330075E-013
   -23.92936144925475        0.9999917822510640        2.3687078898709614E-013
   -23.93108285479320        0.9999916179026400        4.5201025811519626E-013
   -23.93350971881859        0.9999915157642655        8.3428469266873866E-013
   -23.93662098336618        0.9999914562785601        1.4896443959107543E-012
   -23.94039477871959        0.9999914261047452        2.5734649472100687E-012
   -23.94480871015574        0.9999914165527263        4.3021288796265247E-012
   -23.94984006922163        0.9999914221778761        6.9605464601421340E-012
   -23.95546591562078        0.9999914396762393        1.0901153291925025E-011
   -23.96166310735243        0.9999914670948743        1.6529536917093808E-011
   -23.96840833947613        0.9999915032995986        2.4272813047309845E-011
   -23.97567820025852        0.9999915476292710        3.4529625611070571E-011
   -23.98344923132177        0.9999915996788208        4.7605121355480983E-011
   -23.99169798106804        0.9999916591690180        6.3639655593643267E-011
   -24.00040102420899        0.9999917258725745        8.2544703043184916E-011
   -24.00953493668005        0.9999917995775400        1.0396167807820718E-010
   -24.01907643402633        0.9999918800720137        1.2725862002186997E-010
   -24.02900251523128        0.9999919671352280        1.5157199193778489E-010
   -24.03929057350340        0.9999920605332886        1.7589136481844030E-010
   -24.04991851142224        0.9999921600173204        1.9917413305486839E-010
   -24.06086485998023        0.9999922653225068        2.2046914681098943E-010
   -24.07210889462550        0.9999923761680924        2.3902530164902410E-010
   -24.08363074457812        0.9999924922586358        2.5436472038967659E-010
   -24.09541149365322        0.9999926132862454        2.6630907571878692E-010
   -24.10743327070932        0.9999927389332364        2.7495893181839165E-010
   -24.11967932705141        0.9999928688748049        2.8063620400743458E-010
   -24.13213409824664        0.9999930027815858        2.8380613827187132E-010
   -24.14478324869733        0.9999931403220823        2.8499642485208377E-010
   -24.15761369812317        0.9999932811649688        2.8472780209306802E-010
   -24.17061362974919        0.9999934249812960        2.8346464064467589E-010
   -24.18377248077594        0.9999935714466206        2.8158772834269254E-010
   -24.19708091649159        0.9999937202430402        2.7938653969795407E-010
   -24.21053078983427        0.9999938710610552        2.7706551372322132E-010
   -24.22411508832802        0.9999940236012358        2.7475823975064781E-010
   -24.23782787039015        0.9999941775756827        2.7254434843488258E-010
   -24.25166419317292        0.9999943327093146        2.7046552783095029E-010
   -24.26562003423913        0.9999944887409663        2.6853875907330216E-010
   -24.27969220933246        0.9999946454243107        2.6676618736717586E-010
   -24.29387828831096        0.9999948025285502        2.6514187409181323E-010
   -24.30817651105443        0.9999949598388993        2.6365606259429051E-010
   -24.32258570489206        0.9999951171568429        2.6229766671409029E-010
   -24.33710520483175        0.9999952743001804        2.6105559818715916E-010
   -24.35173477761654        0.9999954311028856        2.5991939478603935E-010
   -24.36647455036977        0.9999955874147739        2.5887945988703222E-010
   -24.38132494432787        0.9999957431010283        2.5792710447919254E-010
   -24.39628661392007        0.9999958980416083        2.5705449980306152E-010
   -24.41136039129465        0.9999960521305844        2.5625459707495937E-010
   -24.42654723631379        0.9999962052754419        2.5552104115566850E-010
   -24.44184819199709        0.9999963573963703        2.5484808942301746E-010
   -24.45726434533636        0.9999965084255393        2.5423053955433467E-010
   -24.47279679329314        0.9999966583063554        2.5366366661904761E-010
   -24.48844661365505        0.9999968069926956        2.5314316864003522E-010
   -24.50421484034418        0.9999969544481256        2.5266511945597468E-010
   -24.52010244276156        0.9999971006451195        2.5222592775004395E-010
   -24.53611030875087        0.9999972455642757        2.5182230125643320E-010
   -24.55223923074194        0.9999973891935600        2.5145121531699942E-010
   -24.56848989465740        0.9999975315275630        2.5110988510307930E-010
   -24.58486287124176        0.9999976725668059        2.5079574093517509E-010
   -24.60135860954234        0.9999978123170684        2.5050640622854804E-010
   -24.61797743225728        0.9999979507887574        2.5023967767191715E-010
   -24.63471953262035        0.9999980879963090        2.4999350731954015E-010
   -24.65158497249980        0.9999982239576267        2.4976598636350132E-010
   -24.66857368146587        0.9999983586935585        2.4955533049692084E-010
   -24.68568545661963        0.9999984922274171        2.4935986707906400E-010
   -24.70291996299509        0.9999986245845699        2.4917802497874735E-010
   -24.72027673434531        0.9999987557921202        2.4900832939198488E-010
   -24.73775517396523        0.9999988858787330        2.4884940669153742E-010
   -24.75535455508337        0.9999990148746117        2.4870000901130020E-010
   -24.77307402084540        0.9999991428115782        2.4855907433379213E-010
   -24.79091258436836        0.9999992697234713        2.4842584161393987E-010
   -24.80886912823840        0.9999993956477138        2.4830003141645792E-010
   -24.82694240207513        0.9999995206291611        2.4818206077367453E-010
   -24.84513101885119        0.9999996447278784        2.4807316180550182E-010
   -24.86343344921888        0.9999997680339958        2.4797510734333843E-010
   -24.88184801244749        0.9999998906935021        2.4788905281630774E-010
   -24.90037286499571         1.000000012949764        2.4781289815278543E-010
   -24.91889771754392         1.000000135206026        2.4773674348926312E-010
   -26.30287294525597         1.000000000000000         0.000000000000000     
   -26.30287294525597        0.9999979784385769        2.4243732169922955E-016
   -26.29924151908770        0.9999962146015116        6.8702693762200839E-016
   -26.29639819818514        0.9999948333105109        1.6441674120321561E-015
   -26.29432789378867        0.9999937862274160        3.7209260695265567E-015
   -26.29301892424046        0.9999930174810504        8.1056414053156180E-015
   -26.29245820846702        0.9999924703973062        1.7053207625532121E-014
   -26.29263108993091        0.9999920927053941        3.4679383050401782E-014
   -26.29352124477555        0.9999918397219082        6.8193405617925599E-014
   -26.29511083873642        0.9999916756537340        1.2969668811014602E-013
   -26.29738085053327        0.9999915734180665        2.3862726172829673E-013
   -26.30031127465742        0.9999915135721472        4.2480745399930060E-013
   -26.30388133874300        0.9999914828457031        7.3183540118526986E-013
   -26.30806980815377        0.9999914725907644        1.2202521566082855E-012
   -26.31285521286682        0.9999914773870974        1.9695606206491858E-012
   -26.31821594141616        0.9999914939446425        3.0778710929270091E-012
   -26.32413028036024        0.9999915203187278        4.6578517968411756E-012
   -26.33057645981014        0.9999915553808881        6.8279369311157982E-012
   -26.33753271293143        0.9999915984748894        9.6985034586015490E-012
   -26.34497733497757        0.9999916492006615        1.3353950556443127E-011
   -26.35288873065032        0.9999917072845100        1.7833085138087087E-011
   -26.36124542402350        0.9999917725054184        2.3111494546569181E-011
   -26.37002602143281        0.9999918446584792        2.9090190010648593E-011
   -26.37920932555333        0.9999919235395106        3.5594610343237150E-011
   -26.38877445227614        0.9999920089360590        4.2385978761630581E-011
   -26.39870091328944        0.9999921006230468        4.9184441156028846E-011
   -26.40896870128625        0.9999921983607964        5.5700524005401655E-011
   -26.41955837836732        0.9999923018939288        6.1669182879901368E-011
   -26.43045116196585        0.9999924109512259        6.6879898612147308E-011
   -26.44162900578173        0.9999925252467605        7.1197207600516446E-011
   -26.45307467508179        0.9999926444820176        7.4568440280454926E-011
   -26.46477181541495        0.9999927683484353        7.7018516688171688E-011
   -26.47670501275993        0.9999928965299639        7.8634458693795301E-011
   -26.48885984300362        0.9999930287055214        7.9544052331808824E-011
   -26.50122290928522        0.9999931645513173        7.9893490871705205E-011
   -26.51378186630485        0.9999933037430755        7.9827995242180062E-011
   -26.52652543112277        0.9999934459581709        7.9477834042511510E-011
   -26.53944338057512        0.9999935908777120        7.8950447950649147E-011
   -26.55252653607958        0.9999937381885450        7.8328005058550863E-011
   -26.56576673695232        0.9999938875851050        7.7668919425728553E-011
   -26.57915680342414        0.9999940387710845        7.7011658404592004E-011
   -26.59269049061282        0.9999941914609114        7.6379386207961135E-011
   -26.60636243491616        0.9999943453810599        7.5784426301875278E-011
   -26.62016809449397        0.9999945002711998        7.5231986427857328E-011
   -26.63410368555309        0.9999946558851527        7.4722961140180759E-011
   -26.64816611604701        0.9999948119916392        7.4255864934013161E-011
   -26.66235291823651        0.9999949683748054        7.3828064062944191E-011
   -26.67666218137633        0.9999951248345265        7.3436502039386196E-011
   -26.69109248560780        0.9999952811865017        7.3078091285823625E-011
   -26.70564283795316        0.9999954372621602        7.2749901865427708E-011
   -26.72031261112708        0.9999955929084011        7.2449236311348589E-011
   -26.73510148571482        0.9999957479872085        7.2173645827229531E-011
   -26.75000939611802        0.9999959023751570        7.1920919475578630E-011
   -26.76503648055512        0.9999960559628566        7.1689063032221408E-011
   -26.78018303531241        0.9999962086543365        7.1476275549481421E-011
   -26.79544947335375        0.9999963603663908        7.1280927070851933E-011
   -26.81083628729100        0.9999965110278891        7.1101538685702085E-011
   -26.82634401659809        0.9999966605790463        7.0936765110241568E-011
   -26.84197321885604        0.9999968089706648        7.0785379594005103E-011
   -26.85772444476840        0.9999969561633610        7.0646260840878138E-011
   -26.87359821665776        0.9999971021267873        7.0518381634419026E-011
   -26.88959501011808        0.9999972468388597        7.0400798894464820E-011
   -26.90571523848083        0.9999973902850032        7.0292644935518537E-011
   -26.92195923979025        0.9999975324574243        7.0193119736726839E-011
   -26.93832726603997        0.9999976733544175        7.0101484065926966E-011
   -26.95481947443895        0.9999978129796920        7.0017053326788008E-011
   -26.97143592042841        0.9999979513417370        6.9939192020202793E-011
   -26.98817655212614        0.9999980884532202        6.9867308731676003E-011
   -27.00504120591131        0.9999982243304154        6.9800851581219660E-011
   -27.02202960294611        0.9999983589926861        6.9739304114054941E-011
   -27.03914134645109        0.9999984924619957        6.9682181698156306E-011
   -27.05637591954154        0.9999986247624939        6.9629028689108947E-011
   -27.07373268341997        0.9999987559201874        6.9579417036395714E-011
   -27.09121087555910        0.9999988859627588        6.9532947806676065E-011
   -27.10880960738916        0.9999990149195381        6.9489258440074609E-011
   -27.12652786151342        0.9999991428215714        6.9448040288434270E-011
   -27.14436448895368        0.9999992697020085        6.9409072013581921E-011
   -27.16231820578581        0.9999993955976546        6.9372271687941702E-011
   -27.18038758775456        0.9999995205528157        6.9337758204450808E-011
   -27.19857106356011        0.9999996446270583        6.9305883864789891E-011
   -27.21686690600830        0.9999997679100547        6.9277152367070382E-011
   -27.23527321951043        0.9999998905473559        6.9251882278049584E-011
   -27.25378792488891         1.000000012781892        6.9229451337197413E-011
   -27.27230263026738         1.000000135016428        6.9207020396345243E-011
   -28.66619808533342         1.000000000000000         0.000000000000000     
   -28.66619808533342        0.9999979937356186        6.9991445700465297E-017
   -28.66263440944842        0.9999962426111052        1.9773054382117649E-016
   -28.65982957075581        0.9999948705257790        4.7137377162200089E-016
   -28.65776945975408        0.9999938298240426        1.0624810475544613E-015
   -28.65644333756821        0.9999930652983015        2.3053579332471132E-015
   -28.65583906310786        0.9999925208550194        4.8316690300858857E-015
   -28.65594291655331        0.9999921446910071        9.7897197961293862E-015
   -28.65673951110853        0.9999918924740229        1.9183152909405905E-014
   -28.65821195865607        0.9999917286591020        3.6362893810069013E-014
   -28.66034220481248        0.9999916263293706        6.6692539369314909E-014
   -28.66311124208910        0.9999915661479692        1.1837377105633231E-013
   -28.66649933831971        0.9999915349099349        2.0335954037052535E-013
   -28.67048635328677        0.9999915240064524        3.3819985286726991E-013
   -28.67505197577015        0.9999915280401281        5.4457047042849743E-013
   -28.68017582492497        0.9999915437340806        8.4915589865202735E-013
   -28.68583749525353        0.9999915691515959        1.2825347040954363E-012
   -28.69201660589450        0.9999916031697303        1.8767910192247004E-012
   -28.69869286154137        0.9999916451369224        2.6617803477444766E-012
   -28.70584610978219        0.9999916946577484        3.6603041134116686E-012
   -28.71345638329716        0.9999917514635513        4.8828376585902837E-012
   -28.72150390236034        0.9999918153389289        6.3227944014728117E-012
   -28.72996902898883        0.9999918860851947        7.9534676701684234E-012
   -28.73883236202584        0.9999919635049269        9.7277424708384944E-012
   -28.74807483329013        0.9999920473929049        1.1581111904083207E-011
   -28.75767776872476        0.9999921375316959        1.3437854846069603E-011
   -28.76762295082466        0.9999922336895825        1.5219463693181936E-011
   -28.77789268360742        0.9999923356193496        1.6853803437952782E-011
   -28.78846985531649        0.9999924430580454        1.8283256964448194E-011
   -28.79933799721742        0.9999925557280067        1.9470345923256669E-011
   -28.81048133867160        0.9999926733388954        2.0399941190664695E-011
   -28.82188485823887        0.9999927955901383        2.1077991799975389E-011
   -28.83353432937207        0.9999929221733980        2.1527455618733328E-011
   -28.84541635898157        0.9999930527749301        2.1782601657912285E-011
   -28.85751841761901        0.9999931870778266        2.1882977161444995E-011
   -28.86982886042554        0.9999933247641556        2.1868125056981743E-011
   -28.88233693825929        0.9999934655170393        2.1773725134985011E-011
   -28.89503279888057        0.9999936090226894        2.1629373324731034E-011
   -28.90790747860637        0.9999937549723764        2.1457838135642794E-011
   -28.92095288510828        0.9999939030642638        2.1275410842299005E-011
   -28.93416177203143        0.9999940530050655        2.1092901071744747E-011
   -28.94752770616142        0.9999942045115336        2.0916882216006847E-011
   -28.96104502807930        0.9999943573117817        2.0750904741661948E-011
   -28.97470880747687        0.9999945111464565        2.0596519330262987E-011
   -28.98851479439366        0.9999946657697266        2.0454053412846139E-011
   -29.00245936758575        0.9999948209500618        2.0323151266646418E-011
   -29.01653948112895        0.9999949764707965        2.0203121090152962E-011
   -29.03075261024294        0.9999951321304781        2.0093141328356371E-011
   -29.04509669720562        0.9999952877430129        1.9992373336256428E-011
   -29.05957009811641        0.9999954431376413        1.9900016591024496E-011
   -29.07417153116916        0.9999955981587506        1.9815331337860240E-011
   -29.08890002699866        0.9999957526655819        1.9737644273663068E-011
   -29.10375488156643        0.9999959065318204        1.9666346281947787E-011
   -29.11873561194714        0.9999960596451145        1.9600887024221555E-011
   -29.13384191527809        0.9999962119065140        1.9540768735113247E-011
   -29.14907363103218        0.9999963632298571        1.9485540245547737E-011
   -29.16443070667296        0.9999965135410969        1.9434791602322214E-011
   -29.17991316666015        0.9999966627775962        1.9388149356374551E-011
   -29.19552108470572        0.9999968108873785        1.9345272474865637E-011
   -29.21125455913331        0.9999969578283722        1.9305848796569004E-011
   -29.22711369114169        0.9999971035676414        1.9269591947768813E-011
   -29.24309856573768        0.9999972480806263        1.9236238644977044E-011
   -29.25920923510526        0.9999973913504010        1.9205546322239838E-011
   -29.27544570420436        0.9999975333669578        1.9177291031378756E-011
   -29.29180791841135        0.9999976741265150        1.9151265572376239E-011
   -29.30829575299313        0.9999978136308449        1.9127277818348422E-011
   -29.32490900415343        0.9999979518866323        1.9105149205601593E-011
   -29.34164738136201        0.9999980889048713        1.9084713364947001E-011
   -29.35851050073044        0.9999982247003020        1.9065814877377628E-011
   -29.37549787926956        0.9999983592908813        1.9048308149056435E-011
   -29.39260892986146        0.9999984926972948        1.9032056425555912E-011
   -29.40984295674611        0.9999986249425387        1.9016931020628267E-011
   -29.42719915131148        0.9999987560515743        1.9002810952139727E-011
   -29.44467658780960        0.9999988860511457        1.8989583404158314E-011
   -29.46227421850420        0.9999990149697457        1.8977145810439658E-011
   -29.47999086828020        0.9999991428376727        1.8965410835658532E-011
   -29.49782522923920        0.9999992696874095        1.8954315801927092E-011
   -29.51577585463873        0.9999993955551633        1.8943837302508108E-011
   -29.53384115073272        0.9999995204847050        1.8934008254437186E-011
   -29.55201936721312        0.9999996445351107        1.8924926538912855E-011
   -29.57030858537929        0.9999997677956045        1.8916731112634762E-011
   -29.58870670240032        0.9999998904113058        1.8909506847437094E-011
   -29.60721141253437         1.000000012624714        1.8903074142613122E-011
   -29.62571612266842         1.000000134838122        1.8896641437789149E-011
   -31.02859074456908         1.000000000000000         0.000000000000000     
   -31.02859074456908        0.9999980076769099        1.9758912156608421E-017
   -31.02508978501050        0.9999962681417323        5.5647532743483979E-017
   -31.02232138480780        0.9999949044525394        1.3214642860807822E-016
   -31.02027227069572        0.9999938695734633        2.9666098778753501E-016
   -31.01893252882116        0.9999931089000872        6.4114741061400204E-016
   -31.01829085725410        0.9999925668671018        1.3386208391085121E-015
   -31.01833438461700        0.9999921920972290        2.7023424940748768E-015
   -31.01904858209166        0.9999919405784899        5.2768120570412370E-015
   -31.02041743471498        0.9999917769925522        9.9693161227311319E-015
   -31.02242378487537        0.9999916745743533        1.8227009632026980E-014
   -31.02504955277567        0.9999916140841192        3.2255470603429388E-014
   -31.02827597244373        0.9999915823768840        5.5259067741368399E-014
   -31.03208391652308        0.9999915708799144        9.1661716492565145E-014
   -31.03645413984777        0.9999915742169923        1.4724204491030570E-013
   -31.04136738512653        0.9999915891235897        2.2909678821648615E-013
   -31.04680443080517        0.9999916136705526        3.4534078788374236E-013
   -31.05274614208354        0.9999916467402113        5.0447245303868864E-013
   -31.05917353196042        0.9999916876854220        7.1438731872965594E-013
   -31.06606781654824        0.9999917361150795        9.8110750365184712E-013
   -31.07341045285130        0.9999917917651233        1.3073962121315988E-012
   -31.08118313549222        0.9999918544251936        1.6915138336634215E-012
   -31.08936774449688        0.9999919239021200        2.1264130799812313E-012
   -31.09794642538936        0.9999920000044101        2.5996583597368400E-012
   -31.10690166926008        0.9999920825331512        3.0942095434127348E-012
   -31.11621635752388        0.9999921712775472        3.5900349464039828E-012
   -31.12587380692213        0.9999922660127764        4.0663189394087881E-012
   -31.13585781649007        0.9999923664986964        4.5038705206746360E-012
   -31.14615271228426        0.9999924724795189        4.8872778531930328E-012
   -31.15674338886140        0.9999925836847604        5.2064115278497094E-012
   -31.16761534830504        0.9999926998311996        5.4570390620955630E-012
   -31.17875473708253        0.9999928206252471        5.6405241998063580E-012
   -31.19014837972112        0.9999929457653334        5.7627823842378157E-012
   -31.20178380789953        0.9999930749441894        5.8327940338222711E-012
   -31.21364928391378        0.9999932078510099        5.8610138223186376E-012
   -31.22573381775813        0.9999933441735314        5.8579639356131138E-012
   -31.23802717721708        0.9999934836000477        5.8331938987305560E-012
   -31.25051989072587        0.9999936258214032        5.7946697715660593E-012
   -31.26320324320056        0.9999937705329252        5.7485557545229633E-012
   -31.27606926522375        0.9999939174362350        5.6992904988526960E-012
   -31.28911071592076        0.9999940662408912        5.6498409190189105E-012
   -31.30232105987589        0.9999942166658748        5.6020283253575512E-012
   -31.31569443864106        0.9999943684409159        5.5568506307233491E-012
   -31.32922563762648        0.9999945213076812        5.5147568468154605E-012
   -31.34291004927006        0.9999946750207825        5.4758572503970714E-012
   -31.35674363335919        0.9999948293485859        5.4400707669062703E-012
   -31.37072287531107        0.9999949840738122        5.4072204728150835E-012
   -31.38484474314927        0.9999951389939303        5.3770908859018852E-012
   -31.39910664385376        0.9999952939213623        5.3494595936281440E-012
   -31.41350637970965        0.9999954486835207        5.3241129980682248E-012
   -31.42804210523839        0.9999956031226992        5.3008529703775856E-012
   -31.44271228524082        0.9999957570958402        5.2794987164005527E-012
   -31.45751565440919        0.9999959104742006        5.2598863623109780E-012
   -31.47245117887180        0.9999960631429107        5.2418676117138153E-012
   -31.48751801994261        0.9999962150004604        5.2253081425853519E-012
   -31.50271550026322        0.9999963659581079        5.2100860409606311E-012
   -31.51804307244427        0.9999965159392363        5.1960903820060887E-012
   -31.53350029025147        0.9999966648786628        5.1832199838310975E-012
   -31.54908678231906        0.9999968127219145        5.1713823248714460E-012
   -31.56480222832204        0.9999969594244827        5.1604926045950730E-012
   -31.58064633748770        0.9999971049510750        5.1504729259547866E-012
   -31.59661882930597        0.9999972492748674        5.1412515801404766E-012
   -31.61271941629880        0.9999973923767821        5.1327624171211105E-012
   -31.62894778871058        0.9999975342447729        5.1249442882458599E-012
   -31.64530360096697        0.9999976748731401        5.1177405495252479E-012
   -31.66178645972104        0.9999978142618555        5.1110986161422640E-012
   -31.67839591326143        0.9999979524159234        5.1049695603641061E-012
   -31.69513144204478        0.9999980893447779        5.0993077465586903E-012
   -31.71199245016548        0.9999982250617246        5.0940704989165479E-012
   -31.72897825762801        0.9999983595834068        5.0892178007585888E-012
   -31.74608809326190        0.9999984929293169        5.0847120312543518E-012
   -31.76332108807840        0.9999986251213613        5.0805177607310070E-012
   -31.78067626885601        0.9999987561835215        5.0766016581988750E-012
   -31.79815255157548        0.9999988861416528        5.0729326269951982E-012
   -31.81574873420553        0.9999990150234516        5.0694823872704797E-012
   -31.83346348888116        0.9999991428585056        5.0662268539251931E-012
   -31.85129535402340        0.9999992696786605        5.0631487274331073E-012
   -31.86924272576211        0.9999993955195493        5.0602414835442897E-012
   -31.88730384720008        0.9999995204244259        5.0575139774503943E-012
   -31.90547679622997        0.9999996444518973        5.0549926531749708E-012
   -31.92375947096811        0.9999997676907491        5.0527147572409780E-012
   -31.94214957103522        0.9999998902856850        5.0507021297206926E-012
   -31.96064457541349         1.000000012478786        5.0489042311533477E-012
   -31.97913957979176         1.000000134671887        5.0471063325860029E-012
   -33.39008456333814         1.000000000000000         0.000000000000000     
   -33.39008456333814        0.9999980202815271        5.4583108563352016E-018
   -33.38664100677090        0.9999962912278362        1.5324831470442266E-017
   -33.38390655753649        0.9999949351358071        3.6251222108280516E-017
   -33.38186866592624        0.9999939055277485        8.1054370865934349E-017
   -33.38051814998976        0.9999931483432566        1.7448363013955232E-016
   -33.37984446293710        0.9999926084938523        3.6290841272592040E-016
   -33.37983550216009        0.9999922349870822        7.2994897301743087E-016
   -33.38047751888072        0.9999919841006473        1.4203947081571029E-015
   -33.38175529349358        0.9999918207214712        2.6746221035798730E-015
   -33.38365248617828        0.9999917182222099        4.8747048736073324E-015
   -33.38615186344400        0.9999916574513170        8.6010329197808792E-015
   -33.38923553993410        0.9999916253184339        1.4694209974281157E-014
   -33.39288530901666        0.9999916132837259        2.4311411629027681E-014
   -33.39708289057255        0.9999916159903690        3.8960145223180019E-014
   -33.40181003894907        0.9999916301852466        6.0487299274158412E-014
   -33.40704859194450        0.9999916539462692        9.1000146953783564E-014
   -33.41278052218427        0.9999916861607355        1.3270137866339299E-013
   -33.41898799746513        0.9999917261856464        1.8763409403769050E-013
   -33.42565343386715        0.9999917736338971        2.5735443583844966E-013
   -33.43275952966928        0.9999918282456169        3.4257529934588396E-013
   -33.44028925748876        0.9999918898149797        4.4284666527825943E-013
   -33.44822580739680        0.9999919581537113        5.5634839558589024E-013
   -33.45655265507892        0.9999920330755321        6.7986835311887265E-013
   -33.46525362932627        0.9999921143870341        8.0900176399857288E-013
   -33.47431294418048        0.9999922018831879        9.3856338106085042E-013
   -33.48371523054135        0.9999922953451512        1.0631533320034780E-012
   -33.49344556924660        0.9999923945389060        1.1777768000041428E-012
   -33.50348952184093        0.9999924992148691        1.2784014781156450E-012
   -33.51383315848185        0.9999926091087825        1.3623506379805579E-012
   -33.52446308422987        0.9999927239436082        1.4284696208478331E-012
   -33.53536646440711        0.9999928434318379        1.4770570266761408E-012
   -33.54653104834180        0.9999929672778164        1.5096025903123978E-012
   -33.55794519035648        0.9999930951799483        1.5284077909879378E-012
   -33.56959786715118        0.9999932268328063        1.5361756812745328E-012
   -33.58147869093447        0.9999933619291413        1.5356446033765052E-012
   -33.59357791773077        0.9999935001618502        1.5293141374017239E-012
   -33.60588645057699        0.9999936412259244        1.5192810683617611E-012
   -33.61839583769485        0.9999937848203483        1.5071772515324430E-012
   -33.63109826584710        0.9999939306498833        1.4941850733610508E-012
   -33.64398654898708        0.9999940784266982        1.4811005711623220E-012
   -33.65705411228695        0.9999942278718403        1.4684168831973337E-012
   -33.67029497181674        0.9999943787165685        1.4564078863326721E-012
   -33.68370371037521        0.9999945307035497        1.4452001878028604E-012
   -33.69727545008509        0.9999946835878865        1.4348287298145611E-012
   -33.71100582235692        0.9999948371379535        1.4252761037649535E-012
   -33.72489093578405        0.9999949911360344        1.4164982352432120E-012
   -33.73892734249460        0.9999951453787624        1.4084399291630814E-012
   -33.75311200346457        0.9999952996773745        1.4010435428812936E-012
   -33.76744225328487        0.9999954538578061        1.3942533677153402E-012
   -33.78191576486576        0.9999956077606390        1.3880175310360817E-012
   -33.79653051453760        0.9999957612409202        1.3822885778046303E-012
   -33.81128474795348        0.9999959141678708        1.3770234139708217E-012
   -33.82617694712430        0.9999960664244887        1.3721829830626213E-012
   -33.84120579884758        0.9999962179070594        1.3677318618168810E-012
   -33.85637016472750        0.9999963685245982        1.3636378587967566E-012
   -33.87166905293056        0.9999965181982251        1.3598716482735859E-012
   -33.88710159176853        0.9999966668604987        1.3564064476704763E-012
   -33.90266700515053        0.9999968144547138        1.3532177369551160E-012
   -33.91836458989585        0.9999969609341736        1.3502830150378302E-012
   -33.93419369486362        0.9999971062614591        1.3475815876845056E-012
   -33.95015370183794        0.9999972504077019        1.3450943819238852E-012
   -33.96624400809385        0.9999973933518692        1.3428037826617443E-012
   -33.98246401054666        0.9999975350800562        1.3406934879277188E-012
   -33.99881309136504        0.9999976755848056        1.3387483797910285E-012
   -34.01529060490373        0.9999978148644355        1.3369544084847595E-012
   -34.03189586578153        0.9999979529224005        1.3352984877034874E-012
   -34.04862813792113        0.9999980897667010        1.3337683994445292E-012
   -34.06548662440198        0.9999982254093172        1.3323527072712371E-012
   -34.08247045801223        0.9999983598656803        1.3310406777642089E-012
   -34.09957869234465        0.9999984931541765        1.3298222118102652E-012
   -34.11681029324185        0.9999986252957049        1.3286877915364285E-012
   -34.13416413038076        0.9999987563133278        1.3276284574453790E-012
   -34.15163896862001        0.9999988862320726        1.3266358470130271E-012
   -34.16923345861140        0.9999990150788882        1.3257023533877764E-012
   -34.18694612673064        0.9999991428826935        1.3248214969526344E-012
   -34.20477536490274        0.9999992696747322        1.3239886193015515E-012
   -34.22271941969659        0.9999993954900942        1.3232019442740064E-012
   -34.24077637922716        0.9999995203715443        1.3224637874832340E-012
   -34.25894415860263        0.9999996443772404        1.3217811004072874E-012
   -34.27722048292874        0.9999997675955524        1.3211635887251147E-012
   -34.29560286594686        0.9999998901707855        1.3206166756733504E-012
   -34.31408858481648         1.000000012344620        1.3201264839165087E-012
   -34.33257430368610         1.000000134518455        1.3196362921596670E-012
   -35.75070947999395         1.000000000000000         0.000000000000000     
   -35.75070947999395        0.9999980315680775        1.4764588798249052E-018
   -35.74731783008503        0.9999963119027242        4.1325165922733380E-018
   -35.74461448061793        0.9999949626186594        9.7377695806459739E-018
   -35.74258753035088        0.9999939377362231        2.1685157009762274E-017
   -35.74122846759836        0.9999931836810777        4.6496799595549301E-017
   -35.74052743808087        0.9999926457911422        9.6340913135687770E-017
   -35.74047303949754        0.9999922734183438        1.9307351634065787E-016
   -35.74105222797764        0.9999920230998116        3.7439431304952831E-016
   -35.74225049812500        0.9999918599064755        7.0266368177016708E-016
   -35.74405224182601        0.9999917573346602        1.2766585099317219E-015
   -35.74644098180747        0.9999916963122035        2.2459332605687600E-015
   -35.74939961913451        0.9999916637979316        3.8264250851851759E-015
   -35.75291076844837        0.9999916512816609        6.3145371576001344E-015
   -35.75695700853361        0.9999916534240852        1.0095382027996731E-014
   -35.76152099123414        0.9999916669824509        1.5639629956240185E-014
   -35.76658549036632        0.9999916900411395        2.3483143540630268E-014
   -35.77213345246314        0.9999917214920351        3.4184978366820390E-014
   -35.77814805581718        0.9999917606959735        4.8262825035489770E-014
   -35.78461276127040        0.9999918072695142        6.6110408411811454E-014
   -35.79151134265694        0.9999918609565844        8.7907767491791684E-014
   -35.79882787517189        0.9999919215554129        1.1354081721993293E-013
   -35.80654667499350        0.9999919888820645        1.4254912824514961E-013
   -35.81465235786251        0.9999920627548382        1.7412015074667132E-013
   -35.82312989667218        0.9999921429851284        2.0713889098021511E-013
   -35.83196464385396        0.9999922293729112        2.4029105747352340E-013
   -35.84114235264511        0.9999923217045205        2.7220508525562863E-013
   -35.85064919942386        0.9999924197512318        3.0160823590531236E-013
   -35.86047180362103        0.9999925232688216        3.2746778920296869E-013
   -35.87059724498179        0.9999926319984110        3.4909161131627562E-013
   -35.88101307975596        0.9999927456683106        3.6617217391454500E-013
   -35.89170735680096        0.9999928639962811        3.7877135768181504E-013
   -35.90266863317002        0.9999929866917966        3.8725609665077693E-013
   -35.91388598825495        0.9999931134582009        3.9220362538939235E-013
   -35.92534903580189        0.9999932439947588        3.9429797117457491E-013
   -35.93704793326599        0.9999933779986120        3.9423663049459611E-013
   -35.94897338799064        0.9999935151667039        3.9265993943859569E-013
   -35.96111665992222        0.9999936551976866        3.9010802312569351E-013
   -35.97346956089466        0.9999937977937866        3.8700363029177355E-013
   -35.98602445058830        0.9999939426625685        3.8365494888304477E-013
   -35.99877422912779        0.9999940895185438        3.8027092550004369E-013
   -36.01171232622693        0.9999942380846363        3.7698214494298195E-013
   -36.02483268695263        0.9999943880935175        3.7386206751192900E-013
   -36.03812975439796        0.9999945392888101        3.7094550060668551E-013
   -36.05159844966160        0.9999946914261336        3.6824299127127920E-013
   -36.06523414952830        0.9999948442739689        3.6575108529046594E-013
   -36.07903266221479        0.9999949976143268        3.6345908429429493E-013
   -36.09299020152942        0.9999951512432248        3.6135317093475902E-013
   -36.10710335979463        0.9999953049709858        3.5941873402027984E-013
   -36.12136907989272        0.9999954586223750        3.5764155952004259E-013
   -36.13578462681087        0.9999956120365899        3.5600836024839092E-013
   -36.15034755905501        0.9999957650671212        3.5450694957052254E-013
   -36.16505570027083        0.9999959175814899        3.5312624065241180E-013
   -36.17990711135617        0.9999960694608836        3.5185617101569408E-013
   -36.19490006330137        0.9999962205996977        3.5068760290589177E-013
   -36.21003301095386        0.9999963709049980        3.4961222264750327E-013
   -36.22530456786543        0.9999965202959258        3.4862244814961801E-013
   -36.24071348234457        0.9999966687030505        3.4771134713789062E-013
   -36.25625861479354        0.9999968160676883        3.4687256591366355E-013
   -36.27193891637505        0.9999969623411981        3.4610026747023761E-013
   -36.28775340902357        0.9999971074842660        3.4538907760163315E-013
   -36.30370116679281        0.9999972514661943        3.4473403773557138E-013
   -36.31978129850378        0.9999973942641917        3.4413056340026845E-013
   -36.33599293162899        0.9999975358626778        3.4357440741353595E-013
   -36.35233519733006        0.9999976762526011        3.4306162703773559E-013
   -36.36880721655148        0.9999978154307771        3.4258855447280774E-013
   -36.38540808705066        0.9999979533992559        3.4215177016883000E-013
   -36.40213687122392        0.9999980901647327        3.4174807854463597E-013
   -36.41899258460785        0.9999982257379856        3.4137448583231599E-013
   -36.43597418495502        0.9999983601333398        3.4102818000225926E-013
   -36.45308056173970        0.9999984933681689        3.4070651322277115E-013
   -36.47031052590614        0.9999986254624473        3.4040698840743242E-013
   -36.48766279965980        0.9999987564383951        3.4012725370629761E-013
   -36.50513600592568        0.9999988863202729        3.3986511316866521E-013
   -36.52272865697861        0.9999990151343373        3.3961856891376919E-013
   -36.54043914231286        0.9999991429088870        3.3938591887372267E-013
   -36.55826571635400        0.9999992696746048        3.3916593809663601E-013
   -36.57620648541086        0.9999993954660757        3.3895815381591083E-013
   -36.59425939243635        0.9999995203256059        3.3876315479300316E-013
   -36.61242220038989        0.9999996443109336        3.3858272004672497E-013
   -36.63069247319881        0.9999997675100383        3.3841930925401008E-013
   -36.64906755222581        0.9999998900668509        3.3827421968597253E-013
   -36.66754452838687         1.000000012222678        3.3814373017725079E-013
   -36.68602150454793         1.000000134378505        3.3801324066852906E-013
   -38.11049200880183         1.000000000000000         0.000000000000000     
   -38.11049200880183        0.9999980415540584        3.9131795486467818E-019
   -38.10714664182874        0.9999963301976003        1.0918946893494385E-018
   -38.10447121119388        0.9999949869412830        2.5629782852785819E-018
   -38.10245444536228        0.9999939662446813        5.6845834557901049E-018
   -38.10108848566382        0.9999932149626916        1.2140697653638708E-017
   -38.10036413464153        0.9999926788100769        2.5059948848416836E-017
   -38.10027063338590        0.9999923074433730        5.0039530025421067E-017
   -38.10079556904366        0.9999920576292870        9.6697494451484188E-017
   -38.10192506455940        0.9999918946016271        1.8088576331959529E-016
   -38.10364414970807        0.9999917919663199        3.2762667285197526E-016
   -38.10593700483876        0.9999917307217250        5.7468183738749785E-016
   -38.10878721563854        0.9999916978704511        9.7640650996480168E-016
   -38.11217811291139        0.9999916849287253        1.6071967486793452E-015
   -38.11609302499864        0.9999916865728491        2.5634584191947982E-015
   -38.12051538662497        0.9999916995693238        3.9627307265394923E-015
   -38.12542878678346        0.9999917220083354        5.9385428185851621E-015
   -38.13081701799866        0.9999917527859011        8.6299358579754223E-015
   -38.13666413348098        0.9999917912663119        1.2165447143160960E-014
   -38.14295449541012        0.9999918370694247        1.6642686302003452E-014
   -38.14967280214078        0.9999918899425541        2.2106195927921631E-014
   -38.15680407334695        0.9999919496875189        2.8527618540113043E-014
   -38.16433358694212        0.9999920161242004        3.5792803081596501E-014
   -38.17224692991217        0.9999920890748987        4.3700318434753001E-014
   -38.18053004807348        0.9999921683551802        5.1973586869104653E-014
   -38.18916926088013        0.9999922537693489        6.0286181326573837E-014
   -38.19815127469043        0.9999923451081965        6.8296756486028753E-014
   -38.20746319678106        0.9999924421475489        7.5687576538781798E-014
   -38.21709254681777        0.9999925446477873        8.2199547619286777E-014
   -38.22702726578312        0.9999926523546492        8.7657414656299230E-014
   -38.23725572417933        0.9999927650010385        9.1981131471596354E-014
   -38.24776673071443        0.9999928823092412        9.5182633842265050E-014
   -38.25854954123999        0.9999930039931461        9.7350371109897651E-014
   -38.26959386718004        0.9999931297603524        9.8626129347433769E-014
   -38.28088988291077        0.9999932593141736        9.9179449496382083E-014
   -38.29242823166086        0.9999933923555525        9.9184343491732956E-014
   -38.30420002948243        0.9999935285849439        9.8801474591240487E-014
   -38.31619686702828        0.9999936677041873        9.8167106006482143E-014
   -38.32841080915258        0.9999938094183448        9.7388486951624301E-014
   -38.34083439238770        0.9999939534374440        9.6544274409691918E-014
   -38.35346062017212        0.9999940994780702        9.5688163195845729E-014
   -38.36628295562268        0.9999942472648280        9.4853997681239718E-014
   -38.37929531178402        0.9999943965316749        9.4061050576107990E-014
   -38.39249203949521        0.9999945470231379        9.3318662886136405E-014
   -38.40586791310928        0.9999946984953679        9.2629891103436937E-014
   -38.41941811429952        0.9999948507170309        9.1994128076453290E-014
   -38.43313821415794        0.9999950034700008        9.1408843129792849E-014
   -38.44702415378549        0.9999951565498648        9.0870653472129337E-014
   -38.46107222358620        0.9999953097662595        9.0375934073009824E-014
   -38.47527904150329        0.9999954629430335        8.9921134183047645E-014
   -38.48964153046641        0.9999956159182692        8.9502921232295134E-014
   -38.50415689533117        0.9999957685441777        8.9118230847296395E-014
   -38.51882259957691        0.9999959206868647        8.8764270241624681E-014
   -38.53363634199632        0.9999960722259867        8.8438501205281258E-014
   -38.54859603358128        0.9999962230543221        8.8138616119658802E-014
   -38.56369977478635        0.9999963730772586        8.7862513250041795E-014
   -38.57894583333162        0.9999965222122192        8.7608273851209360E-014
   -38.59433262268124        0.9999966703880410        8.7374141852081017E-014
   -38.60985868130682        0.9999968175443087        8.7158506126498701E-014
   -38.62552265281569        0.9999969636306747        8.6959885082351769E-014
   -38.64132326699703        0.9999971086061579        8.6776913237725144E-014
   -38.65725932180792        0.9999972524384402        8.6608329470445418E-014
   -38.67332966629209        0.9999973951031691        8.6452966669344612E-014
   -38.68953318440032        0.9999975365832682        8.6309742559406546E-014
   -38.70586877967099        0.9999976768682625        8.6177651511517169E-014
   -38.72233536072345        0.9999978159536250        8.6055757179756348E-014
   -38.73893182748758        0.9999979538401500        8.5943185836677966E-014
   -38.75565705806209        0.9999980905333669        8.5839120303710802E-014
   -38.77250989609916        0.9999982260429741        8.5742794408062838E-014
   -38.78948913862869        0.9999983603823046        8.5653487958319388E-014
   -38.80659352419075        0.9999984935678204        8.5570522360336139E-014
   -38.82382172110088        0.9999986256186595        8.5493257279001672E-014
   -38.84117231565462        0.9999987565562760        8.5421089343562824E-014
   -38.85864379990069        0.9999988864042347        8.5353455011294709E-014
   -38.87623455848561        0.9999990151881640        8.5289841505167760E-014
   -38.89394285464592        0.9999991429357930        8.5229811915922538E-014
   -38.91176681597710        0.9999992696772927        8.5173051432308162E-014
   -38.92970441941196        0.9999993954467846        8.5119436901327752E-014
   -38.94775347404251        0.9999995202861537        8.5069113888159068E-014
   -38.96591160269494        0.9999996442527528        8.5022525818914859E-014
   -38.98417622133301        0.9999997674342005        8.4980279085807734E-014
   -39.00254451405095        0.9999998899740828        8.4942671761361726E-014
   -39.02101340321119         1.000000012113359        8.4908728691382464E-014
   -39.03948229237142         1.000000134252636        8.4874785621403202E-014
   -40.46945556618124         1.000000000000000         0.000000000000000     
   -40.46945556618124        0.9999980502552326        1.0168302307566855E-019
   -40.46615072714554        0.9999963461405710        2.8285225745764016E-019
   -40.46349966893411        0.9999950081399435        6.6137102220343109E-019
   -40.46149182883910        0.9999939910945022        1.4610046856197278E-018
   -40.46012004961963        0.9999932422325087        3.1080220582569314E-018
   -40.45937578616438        0.9999927075967336        6.3910712278164891E-018
   -40.45924887255430        0.9999923371090864        1.2715489934354191E-017
   -40.45972744647135        0.9999920877364769        2.4487064153684047E-017
   -40.46079816242288        0.9999919248547111        4.5656593278099279E-017
   -40.46244658309519        0.9999918221652239        8.2439050700902520E-017
   -40.46465743794659        0.9999917607279202        1.4418308943737875E-016
   -40.46741488774273        0.9999917275837555        2.4430432627495961E-016
   -40.47070286939940        0.9999917142721610        4.0111235369728584E-016
   -40.47450534950096        0.9999917154831744        6.3827107955231376E-016
   -40.47880643188481        0.9999917279914463        9.8456244216721737E-016
   -40.48359040334237        0.9999917498922759        1.4726130686644493E-015
   -40.48884178042391        0.9999917800853118        2.1363311607709545E-015
   -40.49454536399288        0.9999918179378765        3.0070103632097913E-015
   -40.50068628466938        0.9999918630727092        4.1083778410593829E-015
   -40.50725002687676        0.9999919152400777        5.4512373330084397E-015
   -40.51422241110806        0.9999919742449234        7.0286743191488458E-015
   -40.52158952866887        0.9999920399104336        8.8129349459011333E-015
   -40.52933778621905        0.9999921120623654        1.0755052443314427E-014
   -40.53745394932971        0.9999921905198729        1.2787753836908139E-014
   -40.54592515141169        0.9999922750909670        1.4831544232112184E-014
   -40.55473890080475        0.9999923655702433        1.6803131117776926E-014
   -40.56388308836920        0.9999924617374025        1.8624747736745116E-014
   -40.57334599242111        0.9999925633567389        2.0232674131613254E-014
   -40.58311628116793        0.9999926701779136        2.1583423583512643E-014
   -40.59318301463225        0.9999927819377292        2.2656614742279977E-014
   -40.60353564743733        0.9999928983623168        2.3454316714167020E-014
   -40.61416403237477        0.9999930191693163        2.3997407000029309E-014
   -40.62505842412870        0.9999931440699477        2.4320015498877837E-014
   -40.63620948273075        0.9999932727709746        2.4463328119793708E-014
   -40.64760827640838        0.9999934049765863        2.4469894150668453E-014
   -40.65924628343954        0.9999935403902416        2.4379221886195074E-014
   -40.67111539278547        0.9999936787165177        2.4225001535897988E-014
   -40.68320790352573        0.9999938196629230        2.4033896518020239E-014
   -40.69551652312620        0.9999939629416186        2.3825577786841679E-014
   -40.70803436436483        0.9999941082710041        2.3613563874955445E-014
   -40.72075494063499        0.9999942553771682        2.3406446177367831E-014
   -40.73367215946762        0.9999944039952285        2.3209174223610976E-014
   -40.74678031430405        0.9999945538705480        2.3024197520351650E-014
   -40.76007407463815        0.9999947047598102        2.2852371016539180E-014
   -40.77354847463702        0.9999948564319173        2.2693611036480130E-014
   -40.78719890032141        0.9999950086687086        2.2547334254702237E-014
   -40.80102107538128        0.9999951612654879        2.2412730243667051E-014
   -40.81501104572283        0.9999953140313775        2.2288918106815305E-014
   -40.82916516287677        0.9999954667895135        2.2175028788930463E-014
   -40.84348006644114        0.9999956193770849        2.2070243258639951E-014
   -40.85795266575641        0.9999957716452582        2.1973806450144227E-014
   -40.87258012101109        0.9999959234589595        2.1885029011644212E-014
   -40.88735982395944        0.9999960746965629        2.1803283611268968E-014
   -40.90228937841928        0.9999962252494772        2.1727999294381956E-014
   -40.91736658071155        0.9999963750216617        2.1658655542124360E-014
   -40.93258940019594        0.9999965239290693        2.1594776715894507E-014
   -40.94795596004399        0.9999966718990477        2.1535927107292669E-014
   -40.96346451837497        0.9999968188696924        2.1481706610227092E-014
   -40.97911344985232        0.9999969647891787        2.1431746956098734E-014
   -40.99490122781373        0.9999971096150758        2.1385708433493346E-014
   -41.01082640697761        0.9999972533136526        2.1343277016440701E-014
   -41.02688760674506        0.9999973958591889        2.1304161834899105E-014
   -41.04308349509987        0.9999975372332959        2.1268092931628236E-014
   -41.05941277310752        0.9999976774242507        2.1234819258999969E-014
   -41.07587416000451        0.9999978164263484        2.1204106877202721E-014
   -41.09246637883567        0.9999979542392822        2.1175737322086832E-014
   -41.10918814255234        0.9999980908675558        2.1149506117543188E-014
   -41.12603814048656        0.9999982263199180        2.1125221415932730E-014
   -41.14301502513012        0.9999983606088261        2.1102702765498953E-014
   -41.16011739910132        0.9999984937499341        2.1081780036507108E-014
   -41.17734380213636        0.9999986257616359        2.1062292609598652E-014
   -41.19469269791708        0.9999987566647058        2.1044089078668305E-014
   -41.21216246036427        0.9999988864820882        2.1027027999467347E-014
   -41.22975135889496        0.9999990152388469        2.1010980660552307E-014
   -41.24745754271758        0.9999991429622026        2.0995837381243305E-014
   -41.26527902480940        0.9999992696818679        2.0981519024606437E-014
   -41.28321366505020        0.9999993954315466        2.0967994166153345E-014
   -41.30125915124489        0.9999995202527456        2.0955297797870360E-014
   -41.31941297917253        0.9999996442024688        2.0943537598165442E-014
   -41.33767243100434        0.9999997673680092        2.0932859007636062E-014
   -41.35603454989084        0.9999998898926424        2.0923327500537503E-014
   -41.37449610943934         1.000000012017013        2.0914693160979645E-014
   -41.39295766898785         1.000000134141384        2.0906058821421788E-014
   -42.82762089410711         1.000000000000000         0.000000000000000     
   -42.82762089410711        0.9999980576856036        2.5919727520001201E-020
   -42.82435057614153        0.9999963597566089        7.1879462830353233E-020
   -42.82171982003005        0.9999950262468889        1.6742269817487730E-019
   -42.81971903407378        0.9999940123225162        3.6836318358219156E-019
   -42.81834190338854        0.9999932655300702        7.8054830455408703E-019
   -42.81758055415457        0.9999927321921669        1.5989952660984142E-018
   -42.81742535132938        0.9999923624571961        3.1698515881955831E-018
   -42.81786487818764        0.9999921134631788        6.0834639571297137E-018
   -42.81888619978148        0.9999919507074256        1.1305835697281736E-017
   -42.82047528830826        0.9999918479729616        2.0351403725880332E-017
   -42.82261730133893        0.9999917863721824        3.5490855881389425E-017
   -42.82529685734896        0.9999917529788190        5.9972808326488058E-017
   -42.82849838535899        0.9999917393522549        9.8218397899781618E-017
   -42.83220637828734        0.9999917401944090        1.5592667987561676E-016
   -42.83640549753485        0.9999917522870070        2.4001272047859696E-016
   -42.84108061481137        0.9999917737297787        3.5829840302801820E-016
   -42.84621685511874        0.9999918034254998        5.1889728061541614E-016
   -42.85179964775584        0.9999918407440817        7.2928462023724188E-016
   -42.85781476842640        0.9999918853107116        9.9511935267403140E-016
   -42.86424836006713        0.9999919368781618        1.3189722708098988E-015
   -42.87108691244834        0.9999919952540209        1.6991886802249215E-015
   -42.87831719508992        0.9999920602642794        2.1291472054899477E-015
   -42.88592629670791        0.9999921317376190        2.5971679619471824E-015
   -42.89390166389998        0.9999922094962269        3.0871959196967564E-015
   -42.90223110556469        0.9999922933512362        3.5802368024839815E-015
   -42.91090279527830        0.9999923831004377        4.0563505140486689E-015
   -42.91990527398472        0.9999924785267806        4.4968646254218736E-015
   -42.92922744992577        0.9999925793978335        4.8864074833877996E-015
   -42.93885859607362        0.9999926854665370        5.2143977132717660E-015
   -42.94878834717399        0.9999927964729528        5.4757543947863196E-015
   -42.95900669789563        0.9999929121464242        5.6707713319308635E-015
   -42.96950400212240        0.9999930322077265        5.8042765464388235E-015
   -42.98027097286935        0.9999931563711092        5.8843261392099312E-015
   -42.99129868248872        0.9999932843462290        5.9207324076210083E-015
   -43.00257856290692        0.9999934158399969        5.9236991027565606E-015
   -43.01410240556380        0.9999935505584036        5.9027542546211085E-015
   -43.02586236086655        0.9999936882083350        5.8660665316305164E-015
   -43.03785093720074        0.9999938284993730        5.8201361943152804E-015
   -43.05006099952589        0.9999939711454991        5.7697867802827278E-015
   -43.06248576735535        0.9999941158666709        5.7183549827384606E-015
   -43.07511881179566        0.9999942623902663        5.6679783783172632E-015
   -43.08795405142681        0.9999944104524261        5.6199021573057001E-015
   -43.10098574697998        0.9999945597992718        5.5747545852305747E-015
   -43.11420849484625        0.9999947101879912        5.5327673765722233E-015
   -43.12761721943159        0.9999948613877492        5.4939366245212436E-015
   -43.14120716434176        0.9999950131804149        5.4581313511508889E-015
   -43.15497388237424        0.9999951653611128        5.4251614590594693E-015
   -43.16891322431680        0.9999953177385874        5.3948171479506901E-015
   -43.18302132659243        0.9999954701354219        5.3668898756825374E-015
   -43.19729459784102        0.9999956223880961        5.3411822643823362E-015
   -43.21172970456268        0.9999957743469258        5.3175118741519717E-015
   -43.22632355595901        0.9999959258758724        5.2957118543742565E-015
   -43.24107328810638        0.9999960768522489        5.2756301753808597E-015
   -43.25597624759138        0.9999962271663243        5.2571283310893378E-015
   -43.27102997474830        0.9999963767208643        5.2400799388242333E-015
   -43.28623218663752        0.9999965254305859        5.2243694169774891E-015
   -43.30158075990665        0.9999966732215818        5.2098908014197317E-015
   -43.31707371365768        0.9999968200306878        5.1965467085341996E-015
   -43.33270919242955        0.9999969658048232        5.1842474323741087E-015
   -43.34848544937714        0.9999971105003199        5.1729101577458353E-015
   -43.36440082970892        0.9999972540822372        5.1624582712079711E-015
   -43.38045375442680        0.9999973965236818        5.1528207541033308E-015
   -43.39664270440297        0.9999975378051403        5.1439316442010484E-015
   -43.41296620482674        0.9999976779138200        5.1357295547648686E-015
   -43.42942281004333        0.9999978168430065        5.1281572417654326E-015
   -43.44601108876306        0.9999979545914492        5.1211612115990900E-015
   -43.46272960957246        0.9999980911627686        5.1146913632989067E-015
   -43.47957692667911        0.9999982265648965        5.1087006613528707E-015
   -43.49655156583464        0.9999983608095321        5.1031448390724434E-015
   -43.51365201033549        0.9999984939116294        5.0979821405987285E-015
   -43.53087668694522        0.9999986258889380        5.0931731273708024E-015
   -43.54822395155689        0.9999987567616393        5.0886806114659153E-015
   -43.56569207421965        0.9999988865521370        5.0844698462940904E-015
   -43.58327922301209        0.9999990152850027        5.0805092127417858E-015
   -43.60098344681963        0.9999991429870144        5.0767717638229433E-015
   -43.61880265764891        0.9999992696874808        5.0732380265358790E-015
   -43.63673461197519        0.9999993954197400        5.0699001398539146E-015
   -43.65477688997937        0.9999995202249659        5.0667662791186073E-015
   -43.67292687417156        0.9999996441598570        5.0638619225892733E-015
   -43.69118172737989        0.9999997673114200        5.0612210024139858E-015
   -43.70953836855615        0.9999998898226555        5.0588571576712692E-015
   -43.72799344438050         1.000000011933933        5.0567077085530939E-015
   -43.74644852020486         1.000000134045210        5.0545582594349186E-015
   -45.18500668727997         1.000000000000000         0.000000000000000     
   -45.18500668727997        0.9999980638576277        6.4851212954235209E-021
   -45.18176423759551        0.9999963710679319        1.7929122290226347E-020
   -45.17914879759149        0.9999950412906924        4.1600225826755425E-020
   -45.17715234848689        0.9999940299612213        9.1162499167294101E-020
   -45.17576965596436        0.9999932848900819        1.9241325281445466E-019
   -45.17499350946818        0.9999927526322405        3.9268608751673288E-019
   -45.17481468144194        0.9999923835241176        7.7566823184848452E-019
   -45.17522203881269        0.9999921348457960        1.4835551465544865E-018
   -45.17620289285374        0.9999919721957170        2.7481993190752259E-018
   -45.17774347356214        0.9999918694248994        4.9318548867413081E-018
   -45.17982923008712        0.9999918076893334        8.5759319702375250E-018
   -45.18244511437708        0.9999917740898931        1.4452677841776768E-017
   -45.18557593205434        0.9999917602025450        2.3610109691310755E-017
   -45.18920659247132        0.9999917607391730        3.7395658429900010E-017
   -45.19332220745300        0.9999917724874842        5.7440372608301084E-017
   -45.19790812679130        0.9999917935509596        8.5585238066791515E-017
   -45.20294997554340        0.9999918228350054        1.2373624853143985E-016
   -45.20843370027129        0.9999918597116861        1.7364648980266167E-016
   -45.21434560719791        0.9999919038082090        2.3664099447739292E-016
   -45.22067237970956        0.9999919548794066        3.1332030584006417E-016
   -45.22740105546659        0.9999920127350429        4.0329561794213373E-016
   -45.23451895777311        0.9999920772034127        5.0501598063313543E-016
   -45.24201373097769        0.9999921481156059        6.1574619418629746E-016
   -45.24987337543457        0.9999922252963032        7.3172455953288267E-016
   -45.25808624857692        0.9999923085592037        8.4849558983704755E-016
   -45.26664106380679        0.9999923977047187        9.6137310335323049E-016
   -45.27552688954071        0.9999924925184521        1.0659561039662865E-015
   -45.28473314539280        0.9999925927706484        1.1586049294866360E-015
   -45.29424959583067        0.9999926982169255        1.2367931598053075E-015
   -45.30406634350152        0.9999928086000036        1.2992796536967086E-015
   -45.31417382381294        0.9999929236518480        1.3460861511165778E-015
   -45.32456280089429        0.9999930430957932        1.3783070527830203E-015
   -45.33522436450235        0.9999931666485654        1.3978081231760718E-015
   -45.34614992761182        0.9999932940221854        1.4068834053295599E-015
   -45.35733122449515        0.9999934249257979        1.4079341948882096E-015
   -45.36876030901511        0.9999935590674696        1.4032153902083007E-015
   -45.38042955298094        0.9999936961559930        1.3946705105515735E-015
   -45.39233164463473        0.9999938359026620        1.3838544765024639E-015
   -45.40445958730117        0.9999939780229733        1.3719277462894121E-015
   -45.41680669799037        0.9999941222381868        1.3596982386301063E-015
   -45.42936660560375        0.9999942682767726        1.3476875601300887E-015
   -45.44213324848620        0.9999944158757447        1.3362027974095553E-015
   -45.45510087122926        0.9999945647818869        1.3254017014626283E-015
   -45.46826402069872        0.9999947147528430        1.3153453003965403E-015
   -45.48161754123213        0.9999948655580336        1.3060366293605527E-015
   -45.49515656891520        0.9999950169793965        1.2974470590164898E-015
   -45.50887652483830        0.9999951688119448        1.2895329107654557E-015
   -45.52277310725647        0.9999953208641511        1.2822451824062870E-015
   -45.53684228261880        0.9999954729581736        1.2755347792633228E-015
   -45.55108027549030        0.9999956249299383        1.2693550294783078E-015
   -45.56548355742955        0.9999957766290841        1.2636626783270487E-015
   -45.58004883490590        0.9999959279188005        1.2584180990155493E-015
   -45.59477303634667        0.9999960786755419        1.2535851410649642E-015
   -45.60965329841084        0.9999962287886541        1.2491308388192816E-015
   -45.62468695160390        0.9999963781599253        1.2450250879425868E-015
   -45.63987150535683        0.9999965267030645        1.2412403365264699E-015
   -45.65520463269998        0.9999966743431318        1.2377513072214621E-015
   -45.67068415465372        0.9999968210159195        1.2345347532263221E-015
   -45.68630802444388        0.9999969666673083        1.2315692456216089E-015
   -45.70207431163504        0.9999971112525988        1.2288349879325594E-015
   -45.71798118625704        0.9999972547358452        1.2263136537367946E-015
   -45.73402690299200        0.9999973970891782        1.2239882435874084E-015
   -45.75020978547921        0.9999975382921495        1.2218429580852102E-015
   -45.76652821079560        0.9999976783310770        1.2198630844571459E-015
   -45.78298059415173        0.9999978171984066        1.2180348944466061E-015
   -45.79956537379997        0.9999979548920989        1.2163455517120902E-015
   -45.81628099610133        0.9999980914150393        1.2147830273197901E-015
   -45.83312590070004        0.9999982267744737        1.2133360224312622E-015
   -45.85009850576670        0.9999983609814651        1.2119938982191764E-015
   -45.86719719322129        0.9999984940503779        1.2107466150243354E-015
   -45.88442029379139        0.9999986259984210        1.2095846870608612E-015
   -45.90176607172412        0.9999987568452754        1.2084991677790956E-015
   -45.91923270876985        0.9999988866128862        1.2074816972484393E-015
   -45.93681828689219        0.9999990153254124        1.2065246683301630E-015
   -45.95452076971623        0.9999991430092520        1.2056215972354827E-015
   -45.97233798329300        0.9999992696933736        1.2047677902282972E-015
   -45.99026759563522        0.9999993954108053        1.2039613179487685E-015
   -46.00830709396271        0.9999995202024370        1.2032040354348384E-015
   -46.02645376160286        0.9999996441247071        1.2025018167518335E-015
   -46.04470465571714        0.9999997672643788        1.2018623593356160E-015
   -46.06305658649796        0.9999998897642184        1.2012883188298307E-015
   -46.08150609695584         1.000000011864359        1.2007643014224375E-015
   -46.09995560741373         1.000000133964501        1.2002402840150443E-015
   -47.54163065818918         1.000000000000000         0.000000000000000     
   -47.54163065818918        0.9999980687820222        1.5935105912273938E-021
   -47.53840767732829        0.9999963800935883        4.3920352020965341E-021
   -47.53580081930749        0.9999950532957785        1.0151561819212300E-020
   -47.53380477837367        0.9999940440382806        2.2157226910959808E-020
   -47.53241559527639        0.9999933003420216        4.6583662073846412E-020
   -47.53162652603122        0.9999927689472270        9.4713699632584450E-020
   -47.53142846251057        0.9999924003404305        1.8641835562969974E-019
   -47.53181028651915        0.9999921519149868        3.5533629501545390E-019
   -47.53275932982790        0.9999919893499624        6.5612263798922839E-019
   -47.53426189531724        0.9999918865507794        1.1738858547690172E-018
   -47.53630357210113        0.9999918247083462        2.0354213379828139E-018
   -47.53886951796941        0.9999917909451776        3.4210445249216043E-018
   -47.54194480285663        0.9999917768504272        5.5747786309184309E-018
   -47.54551464913978        0.9999917771439496        8.8095538280503944E-018
   -47.54956451989077        0.9999917886182894        1.3503275323936808E-017
   -47.55408014461877        0.9999918093799787        2.0081582852513903E-017
   -47.55904754852778        0.9999918383365530        2.8984312113716020E-017
   -47.56445309260861        0.9999918748618002        4.0615334421329514E-017
   -47.57028350726299        0.9999919185845297        5.5279429037862105E-017
   -47.57652590649948        0.9999919692612020        7.3114408605821816E-017
   -47.58316776286660        0.9999920267032973        9.4030529252610326E-017
   -47.59019683761427        0.9999920907409290        1.1767091993862073E-016
   -47.59760121305511        0.9999921612070913        1.4340636496635270E-016
   -47.60536932488373        0.9999922379284347        1.7037107954686597E-016
   -47.61348996097108        0.9999923207206872        1.9753844317526315E-016
   -47.62195225785037        0.9999924093863273        2.2382667887833681E-016
   -47.63074569719477        0.9999925037130524        2.4821695223732818E-016
   -47.63986009931298        0.9999926034732142        2.6986289322682127E-016
   -47.64928561405974        0.9999927084245350        2.8817223168946992E-016
   -47.65901271142761        0.9999928183118292        3.0284765961930254E-016
   -47.66903217347349        0.9999929328691228        3.1388327941755050E-016
   -47.67933508777212        0.9999930518217671        3.2152236476698850E-016
   -47.68991284202638        0.9999931748884368        3.2618912201506954E-016
   -47.70075711963246        0.9999933017830200        3.2841016941467903E-016
   -47.71185989605608        0.9999934322164242        3.2874039818559455E-016
   -47.72321343578603        0.9999935658983607        3.2770379518655568E-016
   -47.73481028975133        0.9999937025391319        3.2575438457144670E-016
   -47.74664329329016        0.9999938418513997        3.2325735112128505E-016
   -47.75870556471544        0.9999939835518685        3.2048677899980902E-016
   -47.77099050426402        0.9999941273628477        3.1763469177666143E-016
   -47.78349179306606        0.9999942730136889        3.1482600199103849E-016
   -47.79620339185466        0.9999944202421209        3.1213500065010944E-016
   -47.80911953928600        0.9999945687954784        3.0960049676734144E-016
   -47.82223474980127        0.9999947184317888        3.0723814637344912E-016
   -47.83554381092566        0.9999948689207027        3.0504960115847672E-016
   -47.84904177985959        0.9999950200442367        3.0302877597313017E-016
   -47.86272397920592        0.9999951715973422        3.0116583573624100E-016
   -47.87658599169772        0.9999953233882969        2.9944954987935940E-016
   -47.89062365383809        0.9999954752389457        2.9786857264452357E-016
   -47.90483304841928        0.9999956269847913        2.9641206870200998E-016
   -47.91921049593721        0.9999957784749582        2.9506996868143673E-016
   -47.93375254494136        0.9999959295720349        2.9383303189919040E-016
   -47.94845596137324        0.9999960801518067        2.9269281845951071E-016
   -47.96331771696140        0.9999962301028985        2.9164162527034973E-016
   -47.97833497676158        0.9999963793263305        2.9067241273740637E-016
   -47.99350508595052        0.9999965277350128        2.8977873391508875E-016
   -48.00882555599063        0.9999966752531871        2.8895467042076824E-016
   -48.02429405028270        0.9999968218158144        2.8819477601164768E-016
   -48.03990836941626        0.9999969673679467        2.8749402735114656E-016
   -48.05566643611686        0.9999971118640637        2.8684778105677840E-016
   -48.07156627997875        0.9999972552674152        2.8625173607680756E-016
   -48.08760602206581        0.9999973975493553        2.8570190053650843E-016
   -48.10378385945427        0.9999975386886905        2.8519456232089078E-016
   -48.12009804978907        0.9999976786710294        2.8472626278060796E-016
   -48.13654689590852        0.9999978174881462        2.8429377305164249E-016
   -48.15312873054625        0.9999979551373723        2.8389407257049352E-016
   -48.16984190107335        0.9999980916210032        2.8352432945814868E-016
   -48.18668475424393        0.9999982269457324        2.8318188256865772E-016
   -48.20365562091888        0.9999983611221117        2.8286422522055570E-016
   -48.22075280069372        0.9999984941640317        2.8256899110132694E-016
   -48.23797454629324        0.9999986260882623        2.8229394385342738E-016
   -48.25531904755785        0.9999987569140806        2.8203697392454484E-016
   -48.27278441462534        0.9999988866630630        2.8179611006252420E-016
   -48.29036865972793        0.9999990153590326        2.8156955870025733E-016
   -48.30806967753976        0.9999991430280806        2.8135579095604653E-016
   -48.32588522452708        0.9999992696988975        2.8115369782324159E-016
   -48.34381289658761        0.9999993954042603        2.8096281437121383E-016
   -48.36185010380673        0.9999995201848307        2.8078354891173680E-016
   -48.37999404456560        0.9999996440968331        2.8061722075306523E-016
   -48.39824168182913        0.9999997672268321        2.8046552637293216E-016
   -48.41658972733103        0.9999998897174039        2.8032893513252716E-016
   -48.43503464203383         1.000000011808490        2.8020374262758244E-016
   -48.45347955673662         1.000000133899575        2.8007855012263772E-016
   -49.89751153777521         1.000000000000000         0.000000000000000     
   -49.89751153777521        0.9999980724677299        3.8494427591637524E-022
   -49.89429480306162        0.9999963868493112        1.0577400825280732E-021
   -49.89168650010283        0.9999950622821997        2.4354313160293715E-021
   -49.88968540222064        0.9999940545762525        5.2944393949272446E-021
   -49.88828827998465        0.9999933119098391        1.1087619715407357E-020
   -49.88748808567522        0.9999927811617489        2.2458889437415763E-020
   -49.88727523192514        0.9999924129308596        4.4046668567360704E-020
   -49.88763819966580        0.9999921646953660        8.3674251044468139E-020
   -49.88856405311241        0.9999920021945952        1.5400814404028177E-019
   -49.89003896067856        0.9999918993746456        2.7470674832856956E-019
   -49.89204849597066        0.9999918374526418        4.7496485886757463E-019
   -49.89457790107703        0.9999918035673514        7.9617700126169857E-019
   -49.89761240936755        0.9999917893177851        1.2942076395711589E-018
   -49.90113746614576        0.9999917894297603        2.0405126567021144E-018
   -49.90513879959970        0.9999918006994697        3.1211826798923686E-018
   -49.90960243235232        0.9999918212357718        4.6329781329351357E-018
   -49.91451470002018        0.9999918499478270        6.6756988409076005E-018
   -49.91986228388878        0.9999918862107205        9.3408318037902819E-018
   -49.92563223976535        0.9999919296544556        1.2697310195737422E-017
   -49.93181200933664        0.9999919800366973        1.6776232324170317E-017
   -49.93838939367392        0.9999920371701968        2.1557232897026719E-017
   -49.94535248269263        0.9999921008864140        2.6959573001249967E-017
   -49.95268968546632        0.9999921710197516        3.2840930877092723E-017
   -49.96038976105802        0.9999922473983262        3.9005379601295016E-017
   -49.96844181613940        0.9999923298393698        4.5220337267580900E-017
   -49.97683530008563        0.9999924181468942        5.1240278821904284E-017
   -49.98555999982953        0.9999925121101497        5.6833317316079124E-017
   -49.99460603157554        0.9999926115030479        6.1805969665859177E-017
   -50.00396382984314        0.9999927160848715        6.6021769891440377E-017
   -50.01362413616729        0.9999928256019822        6.9410796736996138E-017
   -50.02357798916265        0.9999929397899365        7.1969228729826033E-017
   -50.03381671619594        0.9999930583755785        7.3750134284490023E-017
   -50.04433192634616        0.9999931810790288        7.4848284178458398E-017
   -50.05511550449558        0.9999933076155605        7.5382490026490972E-017
   -50.06615960644785        0.9999934376973916        7.5478777949320670E-017
   -50.07745665487167        0.9999935710354572        7.5256823160377509E-017
   -50.08899933598575        0.9999937073411870        7.4820869053386332E-017
   -50.10078059709156        0.9999938463282634        7.4255205869184027E-017
   -50.11279364501025        0.9999939877143003        7.3623450003727216E-017
   -50.12503194521079        0.9999941312223949        7.2970447662042740E-017
   -50.13748922126113        0.9999942765825662        7.2325586997907908E-017
   -50.15015945430716        0.9999944235330891        7.1706518160608167E-017
   -50.16303688242915        0.9999945718217191        7.1122607803462732E-017
   -50.17611599977808        0.9999947212067865        7.0577777660554615E-017
   -50.18939155535332        0.9999948714581257        7.0072627813943830E-017
   -50.20285855123905        0.9999950223578279        6.9605902528881859E-017
   -50.21651224010257        0.9999951737008108        6.9175430083999826E-017
   -50.23034812177830        0.9999953252952216        6.8778682610963648E-017
   -50.24436193880648        0.9999954769626850        6.8413083751386236E-017
   -50.25854967085646        0.9999956285384003        6.8076161290753050E-017
   -50.27290752801173        0.9999957798711188        6.7765611351017143E-017
   -50.28743194292591        0.9999959308229894        6.7479316003801394E-017
   -50.30211956187134        0.9999960812693099        6.7215338654422771E-017
   -50.31696723472631        0.9999962310981693        6.6971910323559135E-017
   -50.33197200396807        0.9999963802100186        6.6747413344560165E-017
   -50.34713109276642        0.9999965285171744        6.6540365394103914E-017
   -50.36244189228449        0.9999966759432649        6.6349404959103471E-017
   -50.37790194830077        0.9999968224226320        6.6173278504098497E-017
   -50.39350894726149        0.9999969678997046        6.6010829258403595E-017
   -50.40926070186880        0.9999971123283509        6.5860987427590279E-017
   -50.42515513630124        0.9999972556712178        6.5722761616634773E-017
   -50.44119027115838        0.9999973978990808        6.5595231270395313E-017
   -50.45736420821319        0.9999975389901893        6.5477539964648399E-017
   -50.47367511505331        0.9999976789296209        6.5368889407845252E-017
   -50.49012120967546        0.9999978177086509        6.5268534037359426E-017
   -50.50670074505398        0.9999979553241357        6.5175776114879617E-017
   -50.52341199365762        0.9999980917779263        6.5089961246768119E-017
   -50.54025323189075        0.9999982270763039        6.5010474283809487E-017
   -50.55722272444745        0.9999983612294316        6.4936735606897254E-017
   -50.57431870851615        0.9999984942508432        6.4868197915562211E-017
   -50.59153937771170        0.9999986261569775        6.4804343873111205E-017
   -50.60888286556635        0.9999987569668077        6.4744685441213984E-017
   -50.62634722817668        0.9999988867016311        6.4688766606049655E-017
   -50.64393042538846        0.9999990153850135        6.4636172522575868E-017
   -50.66163030035549        0.9999991430428179        6.4586549523218235E-017
   -50.67944455771782        0.9999992697035222        6.4539640484345312E-017
   -50.69737073931898        0.9999993953997123        6.4495335276850244E-017
   -50.71540619575888        0.9999995201718748        6.4453720937111992E-017
   -50.73354805555150        0.9999996440760760        6.4415086075786310E-017
   -50.75179319558735        0.9999997671987284        6.4379793565738398E-017
   -50.77013822628994        0.9999998896822627        6.4347913378358106E-017
   -50.78857953218210         1.000000011766474        6.4318571128334760E-017
   -50.80702083807427         1.000000133850684        6.4289228878311415E-017
   -52.25267302885713         1.000000000000000         0.000000000000000     
   -52.25267302885713        0.9999980749219112        9.2405635189161734E-023
   -52.24943552669474        0.9999963913475288        2.5311325224805970E-022
   -52.24681056638239        0.9999950682655329        5.8049346014012581E-022
   -52.24479801805521        0.9999940615925107        1.2567745599255101E-021
   -52.24339193469201        0.9999933196117904        2.6213974313413840E-021
   -52.24258308627746        0.9999927892944971        5.2894977066525493E-021
   -52.24236047148458        0.9999924213142192        1.0336007292206162E-020
   -52.24271167373260        0.9999921732055754        1.9567152509138067E-020
   -52.24362319342578        0.9999920107479534        3.5896920949989014E-020
   -52.24508087004109        0.9999919079144624        6.3832480015918841E-020
   -52.24707012640054        0.9999918459396947        1.1004596393136532E-019
   -52.24957619068881        0.9999918119732959        1.8396906322022986E-019
   -52.25258438315165        0.9999917976208577        2.9829459373857180E-019
   -52.25608030493262        0.9999917976121561        4.6921564166946202E-019
   -52.26004988301641        0.9999918087458194        7.1619545287887696E-019
   -52.26447936231109        0.9999918291322806        1.0610626970490050E-018
   -52.26935531098759        0.9999918576818038        1.5262889193376461E-018
   -52.27466464515201        0.9999918937703502        2.1324393054490199E-018
   -52.28039465354756        0.9999919370287149        2.8949851376569533E-018
   -52.28653300752485        0.9999919872153583        3.8208904157538194E-018
   -52.29306773501492        0.9999920441438692        4.9055703128515872E-018
   -52.29998714990355        0.9999921076465927        6.1309005934413022E-018
   -52.30727988092298        0.9999921775588614        7.4649396385067812E-018
   -52.31493490254483        0.9999922537097570        8.8636930129315445E-018
   -52.32294153280632        0.9999923359175080        1.0274876837424891E-017
   -52.33128942795809        0.9999924239871424        1.1643195826113398E-017
   -52.33996857648631        0.9999925177089338        1.2916278666256681E-017
   -52.34896928980787        0.9999926168578243        1.4050233932677136E-017
   -52.35828219019604        0.9999927211941263        1.5013860315830698E-017
   -52.36789819831947        0.9999928304652281        1.5790849101974108E-017
   -52.37780852214141        0.9999929444076936        1.6379765804007564E-017
   -52.38800464746190        0.9999930627493565        1.6792062229645251E-017
   -52.39847832981743        0.9999931852112942        1.7048725695229275E-017
   -52.40922158761697        0.9999933115096956        1.7176339638618171E-017
   -52.42022669643539        0.9999934413576480        1.7203296071980310E-017
   -52.43148618428752        0.9999935744668986        1.7156711257201094E-017
   -52.44299282781736        0.9999937105496245        1.7060331937426038E-017
   -52.45473964952373        0.9999938493201884        1.6933462847447747E-017
   -52.46671991608649        0.9999939904968086        1.6790756270577739E-017
   -52.47892713758173        0.9999941338031114        1.6642605843123390E-017
   -52.49135506721655        0.9999942789695638        1.6495872897115785E-017
   -52.50399770127862        0.9999944257348066        1.6354718218442347E-017
   -52.51684927913971        0.9999945738468807        1.6221383658686705E-017
   -52.52990428319632        0.9999947230643245        1.6096840371113050E-017
   -52.54315743858962        0.9999948731571026        1.5981277690810977E-017
   -52.55660371249667        0.9999950239073606        1.5874443302395451E-017
   -52.57023831277152        0.9999951751100014        1.5775863090853921E-017
   -52.58405668573269        0.9999953265730928        1.5684973248249053E-017
   -52.59805451294022        0.9999954781181190        1.5601193635294852E-017
   -52.61222770686471        0.9999956295800860        1.5523964715172201E-017
   -52.62657240540295        0.9999957808074995        1.5452763511920006E-017
   -52.64108496522528        0.9999959316622254        1.5387108401478185E-017
   -52.65576195395742        0.9999960820192376        1.5326558494230234E-017
   -52.67060014122504        0.9999962317662724        1.5270710744599952E-017
   -52.68559648861515        0.9999963808034045        1.5219196363009277E-017
   -52.70074813863805        0.9999965290425540        1.5171677246999614E-017
   -52.71605240279130        0.9999966764069422        1.5127842710871535E-017
   -52.73150674883521        0.9999968228304972        1.5087406588348467E-017
   -52.74710878739160        0.9999969682572368        1.5050104696825118E-017
   -52.76285625797233        0.9999971126406183        1.5015692621949774E-017
   -52.77874701453984        0.9999972559428916        1.4983943775615094E-017
   -52.79477901069540        0.9999973981344467        1.4954647683818109E-017
   -52.81095028458521        0.9999975391931628        1.4927608466783274E-017
   -52.82725894360970        0.9999976791037666        1.4902643479727898E-017
   -52.84370314900927        0.9999978178571990        1.4879582087967810E-017
   -52.86028110035343        0.9999979554500008        1.4858264554803659E-017
   -52.87699101991713        0.9999980918837269        1.4838541025484176E-017
   -52.89383113692968        0.9999982271643809        1.4820270597163536E-017
   -52.91079967169567        0.9999983613018667        1.4803320476879595E-017
   -52.92789481954117        0.9999984943094796        1.4787565255146037E-017
   -52.94511473447761        0.9999986262034356        1.4772886377305453E-017
   -52.96245751243186        0.9999987570025051        1.4759172004273502E-017
   -52.97992117365051        0.9999988867277975        1.4746317650972477E-017
   -52.99750364364189        0.9999990154027083        1.4734228285847094E-017
   -53.01520273239721        0.9999991430529435        1.4722822879987170E-017
   -53.03301611187562        0.9999992697068402        1.4712042367859270E-017
   -53.05094129009926        0.9999993953968562        1.4701860841088299E-017
   -53.06897557903831        0.9999995201633607        1.4692296321968783E-017
   -53.08711605601686        0.9999996440623122        1.4683410693643349E-017
   -53.10535951897638        0.9999997671800237        1.4675279610426143E-017
   -53.12370244831591        0.9999998896588276        1.4667909454593770E-017
   -53.14214107309321         1.000000011738416        1.4661095742825902E-017
   -53.16057969787052         1.000000133818005        1.4654282031058033E-017
   -54.60715113079253         1.000000000000000         0.000000000000000     
   -54.60715113079253        0.9999980761492641        2.6204036555944003E-023
   -54.60382470659901        0.9999963935962680        7.1526821670846437E-023
   -54.60116627383368        0.9999950712558602        1.6332247232707697E-022
   -54.59913931959812        0.9999940650984066        3.5198406091274869E-022
   -54.59772608989656        0.9999933234599664        7.3090715545538145E-022
   -54.59691294095885        0.9999927933578654        1.4685600345525298E-021
   -54.59668682513513        0.9999924255029344        2.8580546494010371E-021
   -54.59703415649307        0.9999921774578974        5.3898740605560239E-021
   -54.59794069350765        0.9999920150220710        9.8521962583620448E-021
   -54.59939181805175        0.9999919121819566        1.7459555966099890E-020
   -54.60137271553914        0.9999918501808731        3.0003501536826545E-020
   -54.60386854632990        0.9999918161739695        5.0008114686693144E-020
   -54.60686468215786        0.9999918017701617        8.0859653799199634E-020
   -54.61034684857214        0.9999918017011937        1.2686580347219694E-019
   -54.61430113303995        0.9999918127669021        1.9319062185959025E-019
   -54.61871395183832        0.9999918330785175        2.8561212414819970E-019
   -54.62357204069406        0.9999918615468754        4.1006606216800959E-019
   -54.62886247258481        0.9999918975483812        5.7197464548546362E-019
   -54.63457268038577        0.9999919407142258        7.7541017087617657E-019
   -54.64069046840196        0.9999919908032641        1.0222013928244590E-018
   -54.64720399241716        0.9999920476294962        1.3111380207598262E-018
   -54.65410168878584        0.9999921110257056        1.6374494563816337E-018
   -54.66137229994315        0.9999921808276817        1.9927297070314690E-018
   -54.66900490898566        0.9999922568649872        2.3653942618049073E-018
   -54.67698893995042        0.9999923389563464        2.7416586676381205E-018
   -54.68531415248546        0.9999924269072914        3.1069148458094004E-018
   -54.69397063551629        0.9999925205086074        3.4472841955242512E-018
   -54.70294879753552        0.9999926195357449        3.7510788761409988E-018
   -54.71223935405499        0.9999927237495296        4.0099191177995818E-018
   -54.72183331462637        0.9999928328978583        4.2193313289814735E-018
   -54.73172197120210        0.9999929467177985        4.3787669456780105E-018
   -54.74189688814155        0.9999930649376760        4.4911024785228946E-018
   -54.75234989360130        0.9999931872790437        4.5617749244630583E-018
   -54.76307307220915        0.9999933134585488        4.5977526922069737E-018
   -54.77405875895708        0.9999934431897097        4.6065361029151098E-018
   -54.78529953414990        0.9999935761846785        4.5953344644602830E-018
   -54.79678821935200        0.9999937121560074        4.5704989578794277E-018
   -54.80851787446403        0.9999938508183964        4.5372234556939078E-018
   -54.82048179599454        0.9999939918903679        4.4994746615901322E-018
   -54.83267351631870        0.9999941350958119        4.4600856307988311E-018
   -54.84508680355005        0.9999942801654204        4.4209416031095197E-018
   -54.85771566172027        0.9999944268380175        4.3831976991543184E-018
   -54.87055433109808        0.9999945748617907        4.3474862827937555E-018
   -54.88359728852392        0.9999947239953820        4.3140907437752707E-018
   -54.89683924759051        0.9999948740088241        4.2830777662353464E-018
   -54.91027515845121        0.9999950246842909        4.2543901676966187E-018
   -54.92390020702123        0.9999951758166803        4.2279074318334821E-018
   -54.93770981335620        0.9999953272140238        4.2034824297606201E-018
   -54.95169962903759        0.9999954786977364        4.1809620429255337E-018
   -54.96586553345495        0.9999956301027292        4.1601977069219873E-018
   -54.98020362892772        0.9999957812773894        4.1410500925708351E-018
   -54.99471023463986        0.9999959320834404        4.1233906289927988E-018
   -55.00938187938106        0.9999960823956965        4.1071014732937345E-018
   -55.02421529311309        0.9999962321017184        4.0920748101025362E-018
   -55.03920739740977        0.9999963811013939        4.0782119303408002E-018
   -55.05435529484868        0.9999965293064446        4.0654222972350538E-018
   -55.06965625745293        0.9999966766398879        4.0536226831386301E-018
   -55.08510771429191        0.9999968230354459        4.0427364016274905E-018
   -55.10070723835250        0.9999969684369289        4.0326926340272844E-018
   -55.11645253278872        0.9999971127975922        4.0234258403853474E-018
   -55.13234141665383        0.9999972560794860        4.0148752428256231E-018
   -55.14837181021212        0.9999973982528091        4.0069843698760450E-018
   -55.16454171992381        0.9999975392952567        3.9997006518328058E-018
   -55.18084922319109        0.9999976791913781        3.9929750587784429E-018
   -55.19729245294136        0.9999978179319488        3.9867617742729104E-018
   -55.21386958207972        0.9999979555133518        3.9810178990004299E-018
   -55.23057880779867        0.9999980919369937        3.9757031799625822E-018
   -55.24741833573614        0.9999982272087377        3.9707797626092513E-018
   -55.26438636399097        0.9999983613383595        3.9662119666038671E-018
   -55.28148106696203        0.9999984943390348        3.9619660928717791E-018
   -55.29870057892625        0.9999986262268675        3.9580102843106092E-018
   -55.31604297723537        0.9999987570205251        3.9543144918281125E-018
   -55.33350626478295        0.9999988867410244        3.9508506493410435E-018
   -55.35108835114018        0.9999990154116744        3.9475932378708841E-018
   -55.36878703207000        0.9999991430581024        3.9445204943042957E-018
   -55.38659996717586        0.9999992697085741        3.9416165013802519E-018
   -55.40452465337894        0.9999993953954833        3.9388740740997481E-018
   -55.42255838992111        0.9999995201591423        3.9362974201590111E-018
   -55.44069823123315        0.9999996440554543        3.9339017779682536E-018
   -55.45894091772891        0.9999997671706835        3.9317050536988152E-018
   -55.47728275336926        0.9999998896471121        3.9297058903099320E-018
   -55.49571930250190         1.000000011724380        3.9278481124725867E-018
   -55.51415585163453         1.000000133801648        3.9259903346352413E-018
   -54.60715113079253         1.000000000000000         0.000000000000000     
   -54.60715113079253        0.9999980761492641        2.6204036555944003E-023
   -54.60382470659901        0.9999963935962680        7.1526821670846437E-023
   -54.60116627383368        0.9999950712558602        1.6332247232707697E-022
   -54.59913931959812        0.9999940650984066        3.5198406091274869E-022
   -54.59772608989656        0.9999933234599664        7.3090715545538145E-022
   -54.59691294095885        0.9999927933578654        1.4685600345525298E-021
   -54.59668682513513        0.9999924255029344        2.8580546494010371E-021
   -54.59703415649307        0.9999921774578974        5.3898740605560239E-021
   -54.59794069350765        0.9999920150220710        9.8521962583620448E-021
   -54.59939181805175        0.9999919121819566        1.7459555966099890E-020
   -54.60137271553914        0.9999918501808731        3.0003501536826545E-020
   -54.60386854632990        0.9999918161739695        5.0008114686693144E-020
   -54.60686468215786        0.9999918017701617        8.0859653799199634E-020
   -54.61034684857214        0.9999918017011937        1.2686580347219694E-019
   -54.61430113303995        0.9999918127669021        1.9319062185959025E-019
   -54.61871395183832        0.9999918330785175        2.8561212414819970E-019
   -54.62357204069406        0.9999918615468754        4.1006606216800959E-019
   -54.62886247258481        0.9999918975483812        5.7197464548546362E-019
   -54.63457268038577        0.9999919407142258        7.7541017087617657E-019
   -54.64069046840196        0.9999919908032641        1.0222013928244590E-018
   -54.64720399241716        0.9999920476294962        1.3111380207598262E-018
   -54.65410168878584        0.9999921110257056        1.6374494563816337E-018
   -54.66137229994315        0.9999921808276817        1.9927297070314690E-018
   -54.66900490898566        0.9999922568649872        2.3653942618049073E-018
   -54.67698893995042        0.9999923389563464        2.7416586676381205E-018
   -54.68531415248546        0.9999924269072914        3.1069148458094004E-018
   -54.69397063551629        0.9999925205086074        3.4472841955242512E-018
   -54.70294879753552        0.9999926195357449        3.7510788761409988E-018
   -54.71223935405499        0.9999927237495296        4.0099191177995818E-018
   -54.72183331462637        0.9999928328978583        4.2193313289814735E-018
   -54.73172197120210        0.9999929467177985        4.3787669456780105E-018
   -54.74189688814155        0.9999930649376760        4.4911024785228946E-018
   -54.75234989360130        0.9999931872790437        4.5617749244630583E-018
   -54.76307307220915        0.9999933134585488        4.5977526922069737E-018
   -54.77405875895708        0.9999934431897097        4.6065361029151098E-018
   -54.78529953414990        0.9999935761846785        4.5953344644602830E-018
   -54.79678821935200        0.9999937121560074        4.5704989578794277E-018
   -54.80851787446403        0.9999938508183964        4.5372234556939078E-018
   -54.82048179599454        0.9999939918903679        4.4994746615901322E-018
   -54.83267351631870        0.9999941350958119        4.4600856307988311E-018
   -54.84508680355005        0.9999942801654204        4.4209416031095197E-018
   -54.85771566172027        0.9999944268380175        4.3831976991543184E-018
   -54.87055433109808        0.9999945748617907        4.3474862827937555E-018
   -54.88359728852392        0.9999947239953820        4.3140907437752707E-018
   -54.89683924759051        0.9999948740088241        4.2830777662353464E-018
   -54.91027515845121        0.9999950246842909        4.2543901676966187E-018
   -54.92390020702123        0.9999951758166803        4.2279074318334821E-018
   -54.93770981335620        0.9999953272140238        4.2034824297606201E-018
   -54.95169962903759        0.9999954786977364        4.1809620429255337E-018
   -54.96586553345495        0.9999956301027292        4.1601977069219873E-018
   -54.98020362892772        0.9999957812773894        4.1410500925708351E-018
   -54.99471023463986        0.9999959320834404        4.1233906289927988E-018
   -55.00938187938106        0.9999960823956965        4.1071014732937345E-018
   -55.02421529311309        0.9999962321017184        4.0920748101025362E-018
   -55.03920739740977        0.9999963811013939        4.0782119303408002E-018
   -55.05435529484868        0.9999965293064446        4.0654222972350538E-018
   -55.06965625745293        0.9999966766398879        4.0536226831386301E-018
   -55.08510771429191        0.9999968230354459        4.0427364016274905E-018
   -55.10070723835250        0.9999969684369289        4.0326926340272844E-018
   -55.11645253278872        0.9999971127975922        4.0234258403853474E-018
   -55.13234141665383        0.9999972560794860        4.0148752428256231E-018
   -55.14837181021212        0.9999973982528091        4.0069843698760450E-018
   -55.16454171992381        0.9999975392952567        3.9997006518328058E-018
   -55.18084922319109        0.9999976791913781        3.9929750587784429E-018
   -55.19729245294136        0.9999978179319488        3.9867617742729104E-018
   -55.21386958207972        0.9999979555133518        3.9810178990004299E-018
   -55.23057880779867        0.9999980919369937        3.9757031799625822E-018
   -55.24741833573614        0.9999982272087377        3.9707797626092513E-018
   -55.26438636399097        0.9999983613383595        3.9662119666038671E-018
   -55.28148106696203        0.9999984943390348        3.9619660928717791E-018
   -55.29870057892625        0.9999986262268675        3.9580102843106092E-018
   -55.31604297723537        0.9999987570205251        3.9543144918281125E-018
   -55.33350626478295        0.9999988867410244        3.9508506493410435E-018
   -55.35108835114018        0.9999990154116744        3.9475932378708841E-018
   -55.36878703207000        0.9999991430581024        3.9445204943042957E-018
   -55.38659996717586        0.9999992697085741        3.9416165013802519E-018
   -55.40452465337894        0.9999993953954833        3.9388740740997481E-018
   -55.42255838992111        0.9999995201591423        3.9362974201590111E-018
   -55.44069823123315        0.9999996440554543        3.9339017779682536E-018
   -55.45894091772891        0.9999997671706835        3.9317050536988152E-018
   -55.47728275336926        0.9999998896471121        3.9297058903099320E-018
   -55.49571930250190         1.000000011724380        3.9278481124725867E-018
   -55.51415585163453         1.000000133801648        3.9259903346352413E-018
