   0.5000000000000000     
   0.5000000000000000     
   0.4955973809004296     
   0.4874682515642227     
   0.4762052752594537     
   0.4623150772875448     
   0.4462093107635148     
   0.4281946415752913     
   0.4084701393552796     
   0.3871345585825696     
   0.3642030713135144     
   0.3396322679910269     
   0.3133528302203219     
   0.2853103592111420     
   0.2555154730508294     
   0.2241035429270335     
   0.1914016690171987     
   0.1579955879242576     
   0.1247824828138528     
   9.2988614174210601E-002
   6.4126933360702326E-002
   3.9873859123082382E-002
   2.1860556931107757E-002
   1.1405133380415631E-002
   9.2552110406809076E-003
   8.4596690995302447E-003
   7.7995591344659681E-003
   7.1040050880401481E-003
   6.3852301382258132E-003
   5.6778745830681427E-003
   5.0095447770325038E-003
   4.3971696803581338E-003
   3.8487062027528908E-003
   3.3656925918654399E-003
   2.9455541270224958E-003
   2.5833952883099775E-003
   2.2732586813959416E-003
   2.0089348357175529E-003
   1.7844403779568678E-003
   1.5942704169234114E-003
   1.4335051318551523E-003
   1.2978282939546302E-003
   1.1834979180176733E-003
   1.0872948355316098E-003
   1.0064638594564476E-003
   9.3865483520325478E-004
   8.8186714236821568E-004
   8.3439960130902578E-004
   7.9480658156237021E-004
   7.6186012931871367E-004
   7.3451748798674136E-004
   7.1189338499728916E-004
   6.9323652084322127E-004
   6.7790967833673051E-004
   6.6537286353192827E-004
   6.5516896062151931E-004
   6.4691148949029033E-004
   6.4027414145106714E-004
   6.3498182764379493E-004
   6.3080301928879624E-004
   6.2754319512535342E-004
   6.2503923846485504E-004
   6.2315464688161826E-004
   6.2177543582820575E-004
   6.2080663478714766E-004
   6.2016928986647420E-004
   6.1979789916272025E-004
   6.1963821702324437E-004
   6.1964537114244809E-004
   6.1978224274276982E-004
   6.2001806515714884E-004
   6.2032720023010620E-004
   6.2068805555290840E-004
   6.2108210989959497E-004
   6.2149302177941896E-004
   6.2190580995937427E-004
   6.2230611968813352E-004
   6.2267962997983762E-004
   6.2301171553947319E-004
   6.2328753559346415E-004
   6.2349274173726147E-004
   6.2361491173671172E-004
   6.2364565041860898E-004
   6.2358417305481445E-004
   6.2370712778240351E-004
   0.5000000000000000     
   0.5000000000000000     
   0.4955973809004296     
   0.4874682515642227     
   0.4762052752594537     
   0.4623150772875448     
   0.4462093107635148     
   0.4281946415752913     
   0.4084701393552796     
   0.3871345585825696     
   0.3642030713135144     
   0.3396322679910269     
   0.3133528302203219     
   0.2853103592111420     
   0.2555154730508294     
   0.2241035429270335     
   0.1914016690171987     
   0.1579955879242576     
   0.1247824828138528     
   9.2988614174210601E-002
   6.4126933360702326E-002
   3.9873859123082382E-002
   2.1860556931107757E-002
   1.1405133380415631E-002
   9.2552110406809076E-003
   8.4596690995302447E-003
   7.7995591344659681E-003
   7.1040050880401481E-003
   6.3852301382258132E-003
   5.6778745830681427E-003
   5.0095447770325038E-003
   4.3971696803581338E-003
   3.8487062027528908E-003
   3.3656925918654399E-003
   2.9455541270224958E-003
   2.5833952883099775E-003
   2.2732586813959416E-003
   2.0089348357175529E-003
   1.7844403779568678E-003
   1.5942704169234114E-003
   1.4335051318551523E-003
   1.2978282939546302E-003
   1.1834979180176733E-003
   1.0872948355316098E-003
   1.0064638594564476E-003
   9.3865483520325478E-004
   8.8186714236821568E-004
   8.3439960130902578E-004
   7.9480658156237021E-004
   7.6186012931871367E-004
   7.3451748798674136E-004
   7.1189338499728916E-004
   6.9323652084322127E-004
   6.7790967833673051E-004
   6.6537286353192827E-004
   6.5516896062151931E-004
   6.4691148949029033E-004
   6.4027414145106714E-004
   6.3498182764379493E-004
   6.3080301928879624E-004
   6.2754319512535342E-004
   6.2503923846485504E-004
   6.2315464688161826E-004
   6.2177543582820575E-004
   6.2080663478714766E-004
   6.2016928986647420E-004
   6.1979789916272025E-004
   6.1963821702324437E-004
   6.1964537114244809E-004
   6.1978224274276982E-004
   6.2001806515714884E-004
   6.2032720023010620E-004
   6.2068805555290840E-004
   6.2108210989959497E-004
   6.2149302177941896E-004
   6.2190580995937427E-004
   6.2230611968813352E-004
   6.2267962997983762E-004
   6.2301171553947319E-004
   6.2328753559346415E-004
   6.2349274173726147E-004
   6.2361491173671172E-004
   6.2364565041860898E-004
   6.2358417305481445E-004
   6.2370712778240351E-004
   0.5000000000000000     
   0.5000000000000000     
   0.4957224818871131     
   0.4877555083988229     
   0.4766842622520245     
   0.4630170548691547     
   0.4471657559641475     
   0.4294355859972198     
   0.4100229834572958     
   0.3890227721562426     
   0.3664441984153162     
   0.3422347718762554     
   0.3163114521184898     
   0.2885999046186472     
   0.2590833868610397     
   0.2278623838643550     
   0.1952236936253819     
   0.1617130251450331     
   0.1281983012435587     
   9.5902600869787330E-002
   6.6378971709382548E-002
   4.1398482343877128E-002
   2.2733651647581923E-002
   1.1849715128154220E-002
   9.5714430108356126E-003
   8.6796314990495779E-003
   7.9260247422343749E-003
   7.1484181347006839E-003
   6.3665193429319322E-003
   5.6165659440767278E-003
   4.9237161319275920E-003
   4.3007338751687224E-003
   3.7512729604902242E-003
   3.2732256850629389E-003
   2.8612788674137624E-003
   2.5086590129193538E-003
   2.2082253018579421E-003
   1.9530904333180730E-003
   1.7369317659268679E-003
   1.5541169647967318E-003
   1.3997233571239045E-003
   1.2694989944825499E-003
   1.1597967406687551E-003
   1.0675010185083348E-003
   9.8995712006518920E-004
   9.2490665076299836E-004
   8.7043001694664542E-004
   8.2489617375653323E-004
   7.8691943369540681E-004
   7.5532266146093204E-004
   7.2910598329415201E-004
   7.0742023476122202E-004
   6.8954449540556981E-004
   6.7486709761871823E-004
   6.6286952818640950E-004
   6.5311272483424023E-004
   6.4522537556762271E-004
   6.3889391170043647E-004
   6.3385394163309049E-004
   6.2988291519665990E-004
   6.2679384308650171E-004
   6.2442992209167203E-004
   6.2265993665391460E-004
   6.2137432451805376E-004
   6.2048181026423557E-004
   6.1990652463912667E-004
   6.1958553925401999E-004
   6.1946675556916403E-004
   6.1950709454410458E-004
   6.1967093925041313E-004
   6.1992878733596645E-004
   6.2025607370420617E-004
   6.2063212655275209E-004
   6.2103922297990243E-004
   6.2146171549125697E-004
   6.2188521124252746E-004
   6.2229580838173908E-004
   6.2267943770244417E-004
   6.2302142618646651E-004
   6.2330648389802366E-004
   6.2351938056516727E-004
   6.2364653179992186E-004
   6.2367853250240113E-004
   6.2361453109744259E-004
   6.2374253390735967E-004
   0.5000000000000000     
   0.5000000000000000     
   0.4958770817005965     
   0.4881943569858170     
   0.4775057406669537     
   0.4643004113715669     
   0.4489786276089439     
   0.4318378965441024     
   0.4130686887258849     
   0.3927597067446444     
   0.3709116463374206     
   0.3474581463690259     
   0.3222934549721357     
   0.2953077706058412     
   0.2664324803000270     
   0.2356977543219802     
   0.2033034770538301     
   0.1697008956910141     
   0.1356759648478730     
   0.1024156037262430     
   7.1525961913398980E-002
   4.4959459545211328E-002
   2.4801037465382279E-002
   1.2882425767093661E-002
   1.0271141376136253E-002
   9.1368837795899847E-003
   8.1656553877620854E-003
   7.2096800671282331E-003
   6.2988404215009600E-003
   5.4674919966295026E-003
   4.7319404051441262E-003
   4.0941802998009690E-003
   3.5480950480866816E-003
   3.0839503600612458E-003
   2.6910590834454077E-003
   2.3591658580954418E-003
   2.0790562683869413E-003
   1.8427345955803510E-003
   1.6433857879350686E-003
   1.4752520590447203E-003
   1.3334884038658471E-003
   1.2140213934955829E-003
   1.1134216621342403E-003
   1.0287954403141654E-003
   9.5769562884384109E-004
   8.9804945652634965E-004
   8.4809904263572573E-004
   8.0635208567779849E-004
   7.7154081394318653E-004
   7.4258773117235634E-004
   7.1857690147232145E-004
   6.9872978248889121E-004
   6.8238485089607850E-004
   6.6898039065378645E-004
   6.5803989293312785E-004
   6.4915961180700887E-004
   6.4199792160853715E-004
   6.3626619951650566E-004
   6.3172100799101943E-004
   6.2815738931218824E-004
   6.2540311507264495E-004
   6.2331375707823974E-004
   6.2176846417541802E-004
   6.2066634488843495E-004
   6.1992336963739489E-004
   6.1946971843072104E-004
   6.1924751004258137E-004
   6.1920885701445387E-004
   6.1931419755943771E-004
   6.1953086067127099E-004
   6.1983182453220266E-004
   6.2019463076779457E-004
   6.2060041841345147E-004
   6.2103304180664094E-004
   6.2147823670257081E-004
   6.2192280211941810E-004
   6.2235378073610345E-004
   6.2275766555985011E-004
   6.2311974596264115E-004
   6.2342384238385138E-004
   6.2365285040173616E-004
   6.2379059129665242E-004
   6.2382530186840999E-004
   6.2375588072489485E-004
   6.2389472301192512E-004
   0.5000000000000000     
   0.5000000000000000     
   0.4960925573867468     
   0.4888117530870220     
   0.4786778759649560     
   0.4661530311968267     
   0.4516184759870142     
   0.4353593228803544     
   0.4175580368681343     
   0.3982969964676578     
   0.3775688410595593     
   0.3552930477010899     
   0.3313380881634898     
   0.3055501582478563     
   0.2777912157392907     
   0.2479902206900531     
   0.2162115453718981     
   0.1827431620931443     
   0.1482031997215146     
   0.1136547188882216     
   8.0702621957367174E-002
   5.1518211811346457E-002
   2.8692735977990776E-002
   1.4782693947211779E-002
   1.1471114320156071E-002
   9.8415932266788190E-003
   8.4688442611154935E-003
   7.2162078549975915E-003
   6.1125828473081551E-003
   5.1744113295870394E-003
   4.3942052146110876E-003
   3.7520550274029981E-003
   3.2249306315414923E-003
   2.7914095799605916E-003
   2.4333934776288005E-003
   2.1362993605201501E-003
   1.8886271222303163E-003
   1.6813613193961618E-003
   1.5074043272599066E-003
   1.3611129528039545E-003
   1.2379475168447164E-003
   1.1342124770076475E-003
   1.0468647215396661E-003
   9.7337242680936185E-004
   9.1161179352884062E-004
   8.5979089706136544E-004
   8.1639196963697517E-004
   7.8012617894574593E-004
   7.4989732839321433E-004
   7.2477224770481547E-004
   7.0395630421202075E-004
   6.8677291629111686E-004
   6.7264629432208086E-004
   6.6108683430210773E-004
   6.5167869392616777E-004
   6.4406916807604802E-004
   6.3795956821256327E-004
   6.3309737942612713E-004
   6.2926951340924546E-004
   6.2629650500438275E-004
   6.2402752262539574E-004
   6.2233608112116623E-004
   6.2111636049653823E-004
   6.2028004676137360E-004
   6.1975362259655245E-004
   6.1947604526961660E-004
   6.1939675726997321E-004
   6.1947398184578235E-004
   6.1967326120203477E-004
   6.1996619946104122E-004
   6.2032937543322843E-004
   6.2074339168321927E-004
   6.2119202583120340E-004
   6.2166144641112250E-004
   6.2213944829430875E-004
   6.2261465371953398E-004
   6.2307562200544851E-004
   6.2350985059571697E-004
   6.2390274881961511E-004
   6.2423686646581416E-004
   6.2449203136524919E-004
   6.2464743455022988E-004
   6.2468675717683474E-004
   6.2460811192362501E-004
   6.2476540243004447E-004
   0.5000000000000000     
   0.5000000000000000     
   0.4963707397316799     
   0.4896052054460466     
   0.4801849646697032     
   0.4685407509520933     
   0.4550313085145098     
   0.4399277136026665     
   0.4234052030909745     
   0.4055430337439843     
   0.3863310261749411     
   0.3656809671303663     
   0.3434418278958429     
   0.3194193987348404     
   0.2934029539034841     
   0.2652035163369766     
   0.2347101094088229     
   0.2019722425805022     
   0.1673180674570234     
   0.1315163185179146     
   9.5981438425240664E-002
   6.2988254981635336E-002
   3.5769047099299206E-002
   1.8171976551656512E-002
   1.3362327897203352E-002
   1.0753761034793750E-002
   8.7032306522949864E-003
   7.0228575412099063E-003
   5.6869155914619739E-003
   4.6516192113649733E-003
   3.8572992314925853E-003
   3.2460734740034978E-003
   2.7705058917017957E-003
   2.3949294627996468E-003
   2.0936554712842740E-003
   1.8485131148391527E-003
   1.6466668567807232E-003
   1.4789501188661122E-003
   1.3386826885096262E-003
   1.2208680372317782E-003
   1.1216647993178219E-003
   1.0380420844850545E-003
   9.6755261660429442E-004
   9.0818173780676705E-004
   8.5824622846108762E-004
   8.1632548847431310E-004
   7.8121299119063476E-004
   7.5188025749775924E-004
   7.2744888449449566E-004
   7.0716809337763331E-004
   6.9039623013408130E-004
   6.7658521915883794E-004
   6.6526735026238982E-004
   6.5604398985380497E-004
   6.4857589715462400E-004
   6.4257487899265235E-004
   6.3779657161365088E-004
   6.3403418869228316E-004
   6.3111310953754222E-004
   6.2888620148006163E-004
   6.2722978276630618E-004
   6.2604014222549225E-004
   6.2523054155595942E-004
   6.2472863559910282E-004
   6.2447425476609003E-004
   6.2441750117572694E-004
   6.2451711592881006E-004
   6.2473907968648888E-004
   6.2505541274210548E-004
   6.2544314410463409E-004
   6.2588342146834691E-004
   6.2636073472323100E-004
   6.2686222337528816E-004
   6.2737703049905622E-004
   6.2789564996688192E-004
   6.2840918717802885E-004
   6.2890841069797266E-004
   6.2938249137837186E-004
   6.2981741589449101E-004
   6.3019429157374414E-004
   6.3048846238970585E-004
   6.3067138989391931E-004
   6.3071817789271212E-004
   6.3062460189512650E-004
   6.3081175389029774E-004
   0.5000000000000000     
   0.5000000000000000     
   0.4967052055997185     
   0.4905567974101229     
   0.4819915204249384     
   0.4714053489848349     
   0.4591330388890448     
   0.4454323508479589     
   0.4304747457322284     
   0.4143430268685284     
   0.3970344578165065     
   0.3784671924446034     
   0.3584883544512666     
   0.3368834562830985     
   0.3133886807951051     
   0.2877096393892916     
   0.2595529093615665     
   0.2286809485271370     
   0.1950079963755196     
   0.1587664441305547     
   0.1207918155797245     
   8.2987113301155171E-002
   4.8964238803466370E-002
   2.4486369464441531E-002
   1.6173321542746949E-002
   1.1676368266575823E-002
   8.5904471173350941E-003
   6.3965976370620008E-003
   4.8688408737883214E-003
   3.8199792557002121E-003
   3.0962673178618555E-003
   2.5858914089743881E-003
   2.2143256377472431E-003
   1.9342113935570486E-003
   1.7160065048467627E-003
   1.5412728379404202E-003
   1.3983433838436745E-003
   1.2796487776555769E-003
   1.1800985512938121E-003
   1.0961127930342420E-003
   1.0250502555497253E-003
   9.6487225855601110E-004
   9.1394336974869722E-004
   8.7091159535204635E-004
   8.3463557479031346E-004
   8.0413938419545425E-004
   7.7858297986762952E-004
   7.5724128295409263E-004
   7.3948819024219239E-004
   7.2478359621242774E-004
   7.1266238063605206E-004
   7.0272479891883479E-004
   6.9462801057166451E-004
   6.8807861730176337E-004
   6.8282610812955423E-004
   6.7865710455392557E-004
   6.7539030586030193E-004
   6.7287205240627228E-004
   6.7097244134061177E-004
   6.6958193893881801E-004
   6.6860843722024753E-004
   6.6797470360967671E-004
   6.6761617478857966E-004
   6.6747905060230361E-004
   6.6751864964512413E-004
   6.6769799338025964E-004
   6.6798658963663615E-004
   6.6835938923794894E-004
   6.6879589189618247E-004
   6.6927937979617980E-004
   6.6979625938126924E-004
   6.7033549260412111E-004
   6.7088809610647718E-004
   6.7144667669479701E-004
   6.7200494789004296E-004
   6.7255712672135938E-004
   6.7309700344383397E-004
   6.7361640477767973E-004
   6.7410286541316712E-004
   6.7453638441231990E-004
   6.7488630635361715E-004
   6.7511152407919470E-004
   6.7517063647325778E-004
   6.7505241168513161E-004
   6.7528886126138395E-004
   0.5000000000000000     
   0.5000000000000000     
   0.4970859911688917     
   0.4916392075349244     
   0.4840462981686797     
   0.4746657989428643     
   0.4638080228868705     
   0.4517193852034340     
   0.4385725458806896     
   0.4244626659011045     
   0.4094081659803643     
   0.3933535084255707     
   0.3761716678621270     
   0.3576648129748158     
   0.3375629404065879     
   0.3155215574931845     
   0.2911213208130423     
   0.2638758460713400     
   0.2332605671500383     
   0.1987919801585312     
   0.1602313547380340     
   0.1180977915604746     
   7.4898788531443855E-002
   3.7639086393500179E-002
   2.0128775952667162E-002
   1.2324202264330380E-002
   7.8908193711673888E-003
   5.2587238602740402E-003
   3.7399292447929441E-003
   2.8742745011425966E-003
   2.3699206396979853E-003
   2.0599437175254508E-003
   1.8548614838965584E-003
   1.7081245638887041E-003
   1.5956384056258794E-003
   1.5047903607280297E-003
   1.4288320141165073E-003
   1.3640267244377684E-003
   1.3081849242219399E-003
   1.2599055281625542E-003
   1.2181879405873848E-003
   1.1822395059913327E-003
   1.1513831396932450E-003
   1.1250150725405981E-003
   1.1025872933003180E-003
   1.0836013283959953E-003
   1.0676061672679265E-003
   1.0541969267333525E-003
   1.0430130979575286E-003
   1.0337361834566968E-003
   1.0260867857369825E-003
   1.0198212936050591E-003
   1.0147283799009105E-003
   1.0106255234555311E-003
   1.0073556993375325E-003
   1.0047843077183930E-003
   1.0027963673586212E-003
   1.0012939782231059E-003
   1.0001940472199060E-003
   9.9942626655501665E-004
   9.9893133148086380E-004
   9.9865938010585352E-004
   9.9856863370836164E-004
   9.9862421453590579E-004
   9.9879711975521318E-004
   9.9906333320202729E-004
   9.9940305912440985E-004
   9.9980006375480972E-004
   1.0002411117055398E-003
   1.0007154856480943E-003
   1.0012145797048959E-003
   1.0017315587057078E-003
   1.0022610747488637E-003
   1.0027990237223153E-003
   1.0033422948739627E-003
   1.0038883998003297E-003
   1.0044347803473625E-003
   1.0049770405054718E-003
   1.0055057338778596E-003
   1.0060007263685672E-003
   1.0064236774226562E-003
   1.0067128271605869E-003
   1.0067934119061977E-003
   1.0066322424149760E-003
   1.0069545813974194E-003
   0.5000000000000000     
   0.5000000000000000     
   0.4975009159620604     
   0.4928185538133434     
   0.4862856763954919     
   0.4782214240065388     
   0.4689115439545232     
   0.4585931168769611     
   0.4474447794888118     
   0.4355825904248809     
   0.4230598913559893     
   0.4098685511362043     
   0.3959388379017912     
   0.3811355729134233     
   0.3652488401842812     
   0.3479780301804907     
   0.3289082909756117     
   0.3074784099937523     
   0.2829376191278817     
   0.2542856146974262     
   0.2201932272174798     
   0.1789564755289153     
   0.1288901917376349     
   7.1439481283202544E-002
   2.8522409231934939E-002
   1.5416097848296643E-002
   8.8595715083691715E-003
   5.8352914330909861E-003
   4.5994524474882864E-003
   4.1348168438220039E-003
   3.9683521081620094E-003
   3.9075286459623153E-003
   3.8797631337165908E-003
   3.8593332313209437E-003
   3.8380827128922670E-003
   3.8142702550444801E-003
   3.7883633178884663E-003
   3.7614343743683455E-003
   3.7345492459893003E-003
   3.7085532576501151E-003
   3.6840273128331382E-003
   3.6613157073452926E-003
   3.6405777629463427E-003
   3.6218404922562426E-003
   3.6050434311482881E-003
   3.5900733823262107E-003
   3.5767894280273218E-003
   3.5650397328388589E-003
   3.5546721854357783E-003
   3.5455408172854587E-003
   3.5375094233238914E-003
   3.5304533166368979E-003
   3.5242598576633137E-003
   3.5188282307580853E-003
   3.5140688003606432E-003
   3.5099022574458390E-003
   3.5062586836782541E-003
   3.5030766094520439E-003
   3.5003021079039942E-003
   3.4978879461329960E-003
   3.4957928056730094E-003
   3.4939805796636381E-003
   3.4924197483825505E-003
   3.4910828288492175E-003
   3.4899458912235459E-003
   3.4889881349826719E-003
   3.4881915193556118E-003
   3.4875404437612750E-003
   3.4870214749024089E-003
   3.4866231183086002E-003
   3.4863356343216912E-003
   3.4861509023823923E-003
   3.4860623416800508E-003
   3.4860648931588924E-003
   3.4861550348262555E-003
   3.4863306823669613E-003
   3.4865906761135882E-003
   3.4869334964250337E-003
   3.4873520258049719E-003
   3.4878241330011639E-003
   3.4882967980003100E-003
   3.4886677309353279E-003
   3.4887867818700563E-003
   3.4885486800005994E-003
   3.4890248837395133E-003
   0.5000000000000000     
   0.5000000000000000     
   0.4979363662539544     
   0.4940566325661340     
   0.4886374668693023     
   0.4819572265993316     
   0.4742766944417148     
   0.4658245247253255     
   0.4567880877062909     
   0.4473097981238361     
   0.4374873980817521     
   0.4273757070382168     
   0.4169870723729954     
   0.4062879602430295     
   0.3951895981814416     
   0.3835311416186523     
   0.3710545711195289     
   0.3573715381435348     
   0.3419224551306355     
   0.3239245683035428     
   0.3022913741716964     
   0.2754438083976878     
   0.2406483534089499     
   0.1911512721713383     
   0.1027479638612438     
   5.2420027539023174E-002
   3.4309336789986641E-002
   2.8384346992522572E-002
   2.6318105470409390E-002
   2.5441117050332415E-002
   2.4963753496485306E-002
   2.4646420841154738E-002
   2.4405947034132857E-002
   2.4207328308586705E-002
   2.4033622361542977E-002
   2.3876286178318145E-002
   2.3731129972554280E-002
   2.3596207163342531E-002
   2.3470634238898801E-002
   2.3353952007376708E-002
   2.3245811355115574E-002
   2.3145843794114097E-002
   2.3053627430902189E-002
   2.2968695025098899E-002
   2.2890555349779667E-002
   2.2818714435303242E-002
   2.2752691820653603E-002
   2.2692031005089996E-002
   2.2636304997638794E-002
   2.2585118409442176E-002
   2.2538107425143176E-002
   2.2494938586332329E-002
   2.2455306939047973E-002
   2.2418933872140789E-002
   2.2385564864133654E-002
   2.2354967285330752E-002
   2.2326928342118219E-002
   2.2301253206062504E-002
   2.2277763340266061E-002
   2.2256295015217385E-002
   2.2236697997425024E-002
   2.2218834395090349E-002
   2.2202577648041798E-002
   2.2187811648651391E-002
   2.2174429978363743E-002
   2.2162335244558552E-002
   2.2151438505223064E-002
   2.2141658772604152E-002
   2.2132922590357710E-002
   2.2125163681738839E-002
   2.2118322670189705E-002
   2.2112346879183939E-002
   2.2107190222238168E-002
   2.2102813183041081E-002
   2.2099182825347615E-002
   2.2096272584051120E-002
   2.2094060826046091E-002
   2.2092525973661594E-002
   2.2091636691636815E-002
   2.2091329328720793E-002
   2.2091471290560064E-002
   2.2091816709122435E-002
   2.2091988831410191E-002
   2.2091644586834679E-002
   2.2092333075985703E-002
   0.5000000000000000     
   0.5000000000000000     
   0.4983781437967318     
   0.4953134117491604     
   0.4910256553389041     
   0.4857514319631675     
   0.4797254448225668     
   0.4731669255448497     
   0.4662713815510247     
   0.4592077984839734     
   0.4521199881803903     
   0.4451298840929526     
   0.4383402546298257     
   0.4318344176726989     
   0.4256710103517778     
   0.4198726928107550     
   0.4144091226847127     
   0.4091770911708712     
   0.4039836752810851     
   0.3985391928649544     
   0.3924598215946444     
   0.3852433986471787     
   0.3760554628540994     
   0.3628306970373458     
   0.3397540503649437     
   0.2945849527933525     
   0.2552917493475920     
   0.2281878799553511     
   0.2108236325850156     
   0.1997596962691372     
   0.1925070505775746     
   0.1875354258362318     
   0.1839490240169193     
   0.1812265133576733     
   0.1790614368955545     
   0.1772711049828202     
   0.1757449501641170     
   0.1744147961556927     
   0.1732374724338205     
   0.1721845807012096     
   0.1712364891867457     
   0.1703788414054643     
   0.1696005496822701     
   0.1688926505629119     
   0.1682476491983932     
   0.1676591346205763     
   0.1671215425337727     
   0.1666299982750901     
   0.1661802043144003     
   0.1657683539819152     
   0.1653910621850601     
   0.1650453082801753     
   0.1647283882383873     
   0.1644378741811725     
   0.1641715799250291     
   0.1639275315529893     
   0.1637039422595945     
   0.1634991908472533     
   0.1633118033391353     
   0.1631404372423548     
   0.1629838680577191     
   0.1628409776964417     
   0.1627107445251859     
   0.1625922348084145     
   0.1624845953506358     
   0.1623870471690539     
   0.1622988800553071     
   0.1622194479127640     
   0.1621481647804074     
   0.1620845014740273     
   0.1620279827879961     
   0.1619781851948209     
   0.1619347349158677     
   0.1618973060147541     
   0.1618656175669035     
   0.1618394275945826     
   0.1618185189621885     
   0.1618026686531051     
   0.1617915878875252     
   0.1617848234077643     
   0.1617816251901558     
   0.1617808355756228     
   0.1617809584903618     
   0.1617807126608838     
   0.1617812043198398     
   0.5000000000000000     
   0.5000000000000000     
   0.4988124291836334     
   0.4965498201975518     
   0.4933758380206986     
   0.4894844931499430     
   0.4850824572782959     
   0.4803764393872276     
   0.4755657930658758     
   0.4708404572879744     
   0.4663831475663622     
   0.4623738918764825     
   0.4589945988473225     
   0.4564312735313888     
   0.4548717098601026     
   0.4544969664884287     
   0.4554657443949179     
   0.4578920008653771     
   0.4618163142300597     
   0.4671663437904030     
   0.4736837994297513     
   0.4807501425721522     
   0.4869561141306895     
   0.4891915628662331     
   0.4814382024008975     
   0.4563706522271595     
   0.4255947481111006     
   0.3977306278131088     
   0.3756241205371353     
   0.3590450466098230     
   0.3468067805736957     
   0.3377053116394592     
   0.3307946211196668     
   0.3254014755742528     
   0.3210677127393743     
   0.3174876570991986     
   0.3144585752562933     
   0.3118454402720462     
   0.3095570953115424     
   0.3075305974982874     
   0.3057211447379140     
   0.3040956949498317     
   0.3026289683620347     
   0.3013009547528550     
   0.3000953526202906     
   0.2989985762021063     
   0.2979991056260678     
   0.2970870451952115     
   0.2962538100246313     
   0.2954918942283255     
   0.2947946932680843     
   0.2941563641430331     
   0.2935717131656870     
   0.2930361044622273     
   0.2925453844371234     
   0.2920958188495220     
   0.2916840400686645     
   0.2913070026601154     
   0.2909619458478344     
   0.2906463616815703     
   0.2903579679543691     
   0.2900946850907776     
   0.2898546163763592     
   0.2896360310192572     
   0.2894373496233172     
   0.2892571317206284     
   0.2890940650710558     
   0.2889469564902272     
   0.2888147240125999     
   0.2886963902289587     
   0.2885910766505320     
   0.2884979989209922     
   0.2884164625591544     
   0.2883458585246354     
   0.2882856569723291     
   0.2882353956608041     
   0.2881946562368125     
   0.2881630172198881     
   0.2881399690551056     
   0.2881247818114367     
   0.2881163391299529     
   0.2881130074414977     
   0.2881126951705115     
   0.2881133197124839     
   0.2881120706285392     
   0.5000000000000000     
   0.5000000000000000     
   0.4992267441576497     
   0.4977305100532464     
   0.4956206309778622     
   0.4930481542666444     
   0.4901891773421149     
   0.4872331474799611     
   0.4843760412532218     
   0.4818185075489019     
   0.4797680629430168     
   0.4784436468008083     
   0.4780803200478882     
   0.4789315454047611     
   0.4812662632691225     
   0.4853578093414602     
   0.4914614681262074     
   0.4997770115055380     
   0.5103909938166027     
   0.5231881083432924     
   0.5377095218766700     
   0.5529226904665252     
   0.5668759343890677     
   0.5763371431008754     
   0.5769904332932472     
   0.5657947271459950     
   0.5469224667521745     
   0.5258400780925413     
   0.5060947055384272     
   0.4891700344784113     
   0.4752810636253788     
   0.4640760445650789     
   0.4550433913282153     
   0.4476961842106361     
   0.4416344011999261     
   0.4365516847101790     
   0.4322216908983140     
   0.4284798867170665     
   0.4252069988956606     
   0.4223159150034502     
   0.4197420289355693     
   0.4174364203895969     
   0.4153611624437687     
   0.4134861418037987     
   0.4117869149275221     
   0.4102432551151262     
   0.4088381535804496     
   0.4075571178745916     
   0.4063876662616188     
   0.4053189531153661     
   0.4043414841389562     
   0.4034468951255040     
   0.4026277769587052     
   0.4018775349967291     
   0.4011902745358215     
   0.4005607064961347     
   0.3999840691156315     
   0.3994560625121036     
   0.3989727937041877     
   0.3985307302050413     
   0.3981266606847855     
   0.3977576614939346     
   0.3974210680831879     
   0.3971144505483546     
   0.3968355926723761     
   0.3965824739440962     
   0.3963532541231517     
   0.3961462599981221     
   0.3959599740480272     
   0.3957930247602079     
   0.3956441783698770     
   0.3955123317382911     
   0.3953965059058683     
   0.3952958393925215     
   0.3952095792888258     
   0.3951370661792398     
   0.3950777056425100     
   0.3950309148326762     
   0.3949960297327270     
   0.3949721634532890     
   0.3949580266484430     
   0.3949517643179278     
   0.3949509155068973     
   0.3949526131289582     
   0.3949492178848364     
   0.5000000000000000     
   0.5000000000000000     
   0.4996107604392346     
   0.4988261696840798     
   0.4977041897580942     
   0.4963530047081826     
   0.4949155214637495     
   0.4935584833511148     
   0.4924658581696802     
   0.4918365357106916     
   0.4918855435750314     
   0.4928472456983480     
   0.4949783665679632     
   0.4985581129856094     
   0.5038821001998391     
   0.5112462255388340     
   0.5209159883117588     
   0.5330760872363591     
   0.5477546252666380     
   0.5647158549358506     
   0.5833167863950530     
   0.6023348852695366     
   0.6198167573522857     
   0.6331050596084092     
   0.6393817488492615     
   0.6371117009173090     
   0.6278018184718308     
   0.6144244808360328     
   0.5997011052848022     
   0.5854235909116128     
   0.5724959683124710     
   0.5612176069194860     
   0.5515545801024843     
   0.5433254882227289     
   0.5363073419369779     
   0.5302871067245690     
   0.5250817931004547     
   0.5205424834123041     
   0.5165512921813684     
   0.5130159797212402     
   0.5098644344971107     
   0.5070399075774391     
   0.5044972264059404     
   0.5021999253348221     
   0.5001181280438836     
   0.4982270033918229     
   0.4965056407100860     
   0.4949362253068604     
   0.4935034265885583     
   0.4921939365806137     
   0.4909961159251706     
   0.4898997180387305     
   0.4888956710586451     
   0.4879759030768134     
   0.4871332002606051     
   0.4863610904206925     
   0.4856537466335701     
   0.4850059068974765     
   0.4844128067510004     
   0.4838701224683516     
   0.4833739229432166     
   0.4829206287538258     
   0.4825069772115226     
   0.4821299924405152     
   0.4817869597174612     
   0.4814754034342568     
   0.4811930681578715     
   0.4809379023553776     
   0.4807080444274952     
   0.4805018107443189     
   0.4803176853912864     
   0.4801543112821505     
   0.4800104821112977     
   0.4798851341627178     
   0.4797773360133806     
   0.4796862722915514     
   0.4796112145595419     
   0.4795514683268919     
   0.4795062819362392     
   0.4794747051644667     
   0.4794553989816053     
   0.4794464255656528     
   0.4794450751706097     
   0.4794477759606959     
   0.4794423743805235     
   0.5000000000000000     
   0.5000000000000000     
   0.4999568325890562     
   0.4998150453194921     
   0.4995851590666200     
   0.4993333293750595     
   0.4991671823018561     
   0.4992256802720901     
   0.4996724449148976     
   0.5006925168290414     
   0.5024918691829097     
   0.5052983100475719     
   0.5093617593435802     
   0.5149512336549508     
   0.5223452077687513     
   0.5318114478554883     
   0.5435720447635943     
   0.5577495028187492     
   0.5742911055804557     
   0.5928725564343393     
   0.6127900877674040     
   0.6328673554834827     
   0.6514357092417573     
   0.6664918091324485     
   0.6761561307394161     
   0.6794304187412865     
   0.6768083030049945     
   0.6698307777339370     
   0.6602945052147061     
   0.6497139758041220     
   0.6391338790297203     
   0.6291613329117124     
   0.6200807020393609     
   0.6119716676284539     
   0.6048004304119232     
   0.5984801778697427     
   0.5929068617438682     
   0.5879781155651642     
   0.5836018215982258     
   0.5796988652025773     
   0.5762029403244444     
   0.5730590815117695     
   0.5702218261926689     
   0.5676534453160972     
   0.5653224175188931     
   0.5632021853990907     
   0.5612701717273522     
   0.5595070126623665     
   0.5578959624374060     
   0.5564224295354243     
   0.5550736127273601     
   0.5538382130756082     
   0.5527062038996741     
   0.5516686450907820     
   0.5507175316137656     
   0.5498456687316542     
   0.5490465684329385     
   0.5483143628820576     
   0.5476437316725488     
   0.5470298403673990     
   0.5464682883279355     
   0.5459550642313528     
   0.5454865080051075     
   0.5450592781672873     
   0.5446703237533906     
   0.5443168601518492     
   0.5439963482874288     
   0.5437064766916688     
   0.5434451460792555     
   0.5432104561032295     
   0.5430006939804705     
   0.5428143246362459     
   0.5426499818546857     
   0.5425064595222556     
   0.5423827011858420     
   0.5422777844568049     
   0.5421908939014523     
   0.5421212719445405     
   0.5420681330277639     
   0.5420305248580709     
   0.5420071266512849     
   0.5419959896016288     
   0.5419942387729277     
   0.5419977404303298     
   0.5419907371155257     
   0.5000000000000000     
   0.5000000000000000     
   0.5002601980041455     
   0.5006835144221566     
   0.5012377532223017     
   0.5019487666406762     
   0.5028878281532383     
   0.5041622878294709     
   0.5059087398046624     
   0.5082886485788602     
   0.5114858842485204     
   0.5157050339648950     
   0.5211687573429526     
   0.5281118537173135     
   0.5367691434865693     
   0.5473539074983488     
   0.5600237331064487     
   0.5748315622327655     
   0.5916622354354139     
   0.6101598726586198     
   0.6296600123103198     
   0.6491530439359968     
   0.6673206598665815     
   0.6826959941288498     
   0.6939745120625443     
   0.7004111283724813     
   0.7020834033528711     
   0.6997628111311849     
   0.6945590739607101     
   0.6875865538464223     
   0.6797675110435865     
   0.6717673475131827     
   0.6640118445530175     
   0.6567391184140090     
   0.6500566059972512     
   0.6439892491658145     
   0.6385149842795417     
   0.6335884881499488     
   0.6291558050812610     
   0.6251625941774036     
   0.6215582591773275     
   0.6182976138514501     
   0.6153411903130853     
   0.6126548807156812     
   0.6102093116083217     
   0.6079791623509171     
   0.6059425279998840     
   0.6040803653395863     
   0.6023760284781173     
   0.6008148862746311     
   0.5993840096159209     
   0.5980719163744308     
   0.5968683629818812     
   0.5957641731537739     
   0.5947510961489801     
   0.5938216886913805     
   0.5929692160333904     
   0.5921875686204092     
   0.5914711915586054     
   0.5908150246580928     
   0.5902144512505558     
   0.5896652543214009     
   0.5891635787880318     
   0.5887058989903867     
   0.5882889906304513     
   0.5879099065242503     
   0.5875659556368145     
   0.5872546849642891     
   0.5869738639030551     
   0.5867214707983546     
   0.5864956813869648     
   0.5862948588190108     
   0.5861175448145215     
   0.5859624511774763     
   0.5858284501415121     
   0.5857145604895085     
   0.5856199236041881     
   0.5855437592556424     
   0.5854852854320702     
   0.5854435819065996     
   0.5854173773980287     
   0.5854047477420631     
   0.5854027210903621     
   0.5854067743937641     
   0.5853986677869600     
   0.5000000000000000     
   0.5000000000000000     
   0.5005188593853898     
   0.5014257583749233     
   0.5026510802953091     
   0.5041830211296343     
   0.5060567170887024     
   0.5083458257029461     
   0.5111556393451735     
   0.5146176808379178     
   0.5188854040044367     
   0.5241301660877441     
   0.5305361360845769     
   0.5382923235609599     
   0.5475795253840871     
   0.5585498718487282     
   0.5712970912258272     
   0.5858169298013138     
   0.6019598060925542     
   0.6193821881559571     
   0.6375093977523886     
   0.6555294791263973     
   0.6724423416475677     
   0.6871844717803708     
   0.6988257363892856     
   0.7067868933114221     
   0.7109762582236570     
   0.7117576922258126     
   0.7097899806898521     
   0.7058364707907067     
   0.7006172211437626     
   0.6947268433853686     
   0.6886085781014778     
   0.6825639745338576     
   0.6767792193417885     
   0.6713552901754108     
   0.6663350751646401     
   0.6617247951386058     
   0.6575094694012559     
   0.6536632891261503     
   0.6501561136303977     
   0.6469572491620640     
   0.6440374495917580     
   0.6413698272503373     
   0.6389301390745425     
   0.6366967423310369     
   0.6346503960983004     
   0.6327740070709589     
   0.6310523700537349     
   0.6294719263989477     
   0.6280205495117008     
   0.6266873592293538     
   0.6254625631805656     
   0.6243373217424606     
   0.6233036330744964     
   0.6223542351221494     
   0.6214825219402050     
   0.6206824720792434     
   0.6199485871423902     
   0.6192758389313381     
   0.6186596238490615     
   0.6180957234463537     
   0.6175802702063412     
   0.6171097178321217     
   0.6166808154248054     
   0.6162905850311382     
   0.6159363021225472     
   0.6156154786437107     
   0.6153258483321167     
   0.6150653540556266     
   0.6148321369372386     
   0.6146245270181169     
   0.6144410351099285     
   0.6142803452112476     
   0.6141413062034434     
   0.6140229201116476     
   0.6139243214544845     
   0.6138447375625337     
   0.6137834131990442     
   0.6137394758447415     
   0.6137117143625668     
   0.6136982473568525     
   0.6136960656651612     
   0.6137004290485438     
   0.6136917022817786     
   0.5000000000000000     
   0.5000000000000000     
   0.5007332205833237     
   0.5020427384946492     
   0.5038271287637414     
   0.5060403968868009     
   0.5086830626476836     
   0.5117948656801703     
   0.5154480641787433     
   0.5197413138746325     
   0.5247939527564318     
   0.5307401983446562     
   0.5377223715618480     
   0.5458819008025192     
   0.5553466322086796     
   0.5662130207032064     
   0.5785223246687308     
   0.5922312005471246     
   0.6071792756395764     
   0.6230594208351051     
   0.6394001525808664     
   0.6555726165754269     
   0.6708346369314446     
   0.6844184256200582     
   0.6956527817299218     
   0.7040879203520947     
   0.7095752094397898     
   0.7122660389268046     
   0.7125389453276830     
   0.7108945354623210     
   0.7078571897206747     
   0.7039051849490801     
   0.6994334377331409     
   0.6947427543778265     
   0.6900461352978109     
   0.6854835500706205     
   0.6811390780248490     
   0.6770568422392069     
   0.6732541113360180     
   0.6697311986536684     
   0.6664784625867803     
   0.6634809818967959     
   0.6607215156669762     
   0.6581822772025061     
   0.6558459298791950     
   0.6536960965286320     
   0.6517175792754309     
   0.6498964153299580     
   0.6482198448826008     
   0.6466762360728225     
   0.6452549929144699     
   0.6439464602430403     
   0.6427418326037010     
   0.6416330700410662     
   0.6406128218252662     
   0.6396743582429087     
   0.6388115100886191     
   0.6380186152378216     
   0.6372904716004087     
   0.6366222957496367     
   0.6360096865429982     
   0.6354485931135814     
   0.6349352867024958     
   0.6344663358852274     
   0.6340385847995187     
   0.6336491340258094     
   0.6332953238193043     
   0.6329747194431857     
   0.6326850983967838     
   0.6324244393656505     
   0.6321909127379434     
   0.6319828725190085     
   0.6317988493957725     
   0.6316375444639187     
   0.6314978225271028     
   0.6313787025030724     
   0.6312793396980718     
   0.6311989898353852     
   0.6311369374778117     
   0.6310923631000382     
   0.6310641174078104     
   0.6310503736679017     
   0.6310481388332793     
   0.6310526085025242     
   0.6310436691640343     
   0.5000000000000000     
   0.5000000000000000     
   0.5009055740195524     
   0.5025407546958383     
   0.5047779734358483     
   0.5075411220923250     
   0.5107987462778061     
   0.5145580856159466     
   0.5188588561779893     
   0.5237668224490843     
   0.5293671961546947     
   0.5357577086949372     
   0.5430409131673809     
   0.5513149970583189     
   0.5606622495700472     
   0.5711344417475575     
   0.5827348766949103     
   0.5953978771998544     
   0.6089680287562530     
   0.6231834597805745     
   0.6376693752849594     
   0.6519490263138177     
   0.6654780086724987     
   0.6777032153735306     
   0.6881386120420567     
   0.6964394891629446     
   0.7024518182946771     
   0.7062199866267399     
   0.7079540365002539     
   0.7079725256951180     
   0.7066409313488397     
   0.7043203467923606     
   0.7013331256427927     
   0.6979454913588181     
   0.6943634627669187     
   0.6907373685235600     
   0.6871707208993313     
   0.6837303648698513     
   0.6804560200839214     
   0.6773683045089594     
   0.6744749833086471     
   0.6717755601850404     
   0.6692644972098504     
   0.6669333858062453     
   0.6647723597796119     
   0.6627709851213521     
   0.6609188017167044     
   0.6592056394809800     
   0.6576217913969173     
   0.6561580979747240     
   0.6548059784021001     
   0.6535574304855056     
   0.6524050128517322     
   0.6513418175721601     
   0.6503614382543649     
   0.6494579367285747     
   0.6486258101833303     
   0.6478599597902680     
   0.6471556613685926     
   0.6465085383265592     
   0.6459145369140390     
   0.6453699037196050     
   0.6448711653139098     
   0.6444151099250534     
   0.6439987710115171     
   0.6436194125878441     
   0.6432745161667588     
   0.6429617692014207     
   0.6426790549324785     
   0.6424244435612406     
   0.6421961846783280     
   0.6419927008636183     
   0.6418125823018406     
   0.6416545820391689     
   0.6415176109324067     
   0.6414007299997649     
   0.6413031351093126     
   0.6412241239607630     
   0.6411630277529056     
   0.6411190809390440     
   0.6410911960608812     
   0.6410776127474537     
   0.6410754025072999     
   0.6410798229876075     
   0.6410709820269923     
   0.5000000000000000     
   0.5000000000000000     
   0.5010395376015694     
   0.5029298632840797     
   0.5055227394289654     
   0.5087163704411777     
   0.5124507865162323     
   0.5167033948174001     
   0.5214835329387725     
   0.5268261384287587     
   0.5327847737088415     
   0.5394241614978573     
   0.5468121743994355     
   0.5550109983685610     
   0.5640670767498838     
   0.5739995393831148     
   0.5847871977387700     
   0.5963548868915801     
   0.6085609246136261     
   0.6211885704603877     
   0.6339452608280409     
   0.6464734842335557     
   0.6583758322575824     
   0.6692538573845039     
   0.6787553150576148     
   0.6866194315850964     
   0.6927082780552795     
   0.6970157072216886     
   0.6996530836356292     
   0.7008184690689239     
   0.7007592513759759     
   0.6997371840317427     
   0.6980013965879944     
   0.6957712694004773     
   0.6932283827195740     
   0.6905153644061413     
   0.6877391364707859     
   0.6849763807201316     
   0.6822796353761564     
   0.6796830416262597     
   0.6772072505100200     
   0.6748633405198147     
   0.6726557954551076     
   0.6705846842507217     
   0.6686472105618713     
   0.6668387900162902     
   0.6651537860076143     
   0.6635860043812748     
   0.6621290210292704     
   0.6607763955929037     
   0.6595218083873174     
   0.6583591457668184     
   0.6572825508543564     
   0.6562864510663543     
   0.6553655702765817     
   0.6545149309951505     
   0.6537298501898858     
   0.6530059311938312     
   0.6523390533541016     
   0.6517253605206728     
   0.6511612490861780     
   0.6506433560487118     
   0.6501685474255258     
   0.6497339072366577     
   0.6493367271867253     
   0.6489744971116000     
   0.6486448962264183     
   0.6483457852001994     
   0.6480751990786264     
   0.6478313410746648     
   0.6476125772419917     
   0.6474174320261803     
   0.6472445846173378     
   0.6470928658162126     
   0.6469612545688028     
   0.6468488720126355     
   0.6467549681484920     
   0.6466788913133534     
   0.6466200230853312     
   0.6465776522405643     
   0.6465507549635272     
   0.6465376510383395     
   0.6465355203486617     
   0.6465397817280173     
   0.6465312589693061     
   0.5000000000000000     
   0.5000000000000000     
   0.5011395196895784     
   0.5032223743302122     
   0.5060847440390706     
   0.5096036561415507     
   0.5136945577902362     
   0.5183084904136289     
   0.5234276434786811     
   0.5290594578617986     
   0.5352296951416218     
   0.5419748899421956     
   0.5493344425468685     
   0.5573424067057118     
   0.5660188993827104     
   0.5753610940989407     
   0.5853339959760235     
   0.5958616310497276     
   0.6068198600679667     
   0.6180326078110058     
   0.6292736536444683     
   0.6402759292824139     
   0.6507492617979588     
   0.6604058367158712     
   0.6689899026515035     
   0.6763058550824430     
   0.6822384203972813     
   0.6867603466375313     
   0.6899266101540227     
   0.6918579012466465     
   0.6927183685467087     
   0.6926927884330285     
   0.6919670318493164     
   0.6907138486145508     
   0.6890843202998569     
   0.6872042153428127     
   0.6851739586084078     
   0.6830708667534745     
   0.6809525121178889     
   0.6788603940910209     
   0.6768234086320017     
   0.6748608577056502     
   0.6729849128329829     
   0.6712025497512467     
   0.6695170228294113     
   0.6679289647947866     
   0.6664371939905422     
   0.6650392998546328     
   0.6637320640308025     
   0.6625117616372069     
   0.6613743758834721     
   0.6603157501792354     
   0.6593316951426101     
   0.6584180631209781     
   0.6575707994104029     
   0.6567859768073953     
   0.6560598182401667     
   0.6553887108977645     
   0.6547692143294730     
   0.6541980642832425     
   0.6536721735473320     
   0.6531886307245267     
   0.6527446976374556     
   0.6523378058796829     
   0.6519655528793973     
   0.6516256977392476     
   0.6513161570522176     
   0.6510350008538807     
   0.6507804488443980     
   0.6505508669933751     
   0.6503447646219637     
   0.6501607920269219     
   0.6499977386354701     
   0.6498545314698101     
   0.6497302331582103     
   0.6496240374629164     
   0.6495352576655555     
   0.6494632983924626     
   0.6494075941933261     
   0.6493674895287145     
   0.6493420287532707     
   0.6493296276064533     
   0.6493276133877709     
   0.6493316418251357     
   0.6493235849504061     
   0.5000000000000000     
   0.5000000000000000     
   0.5012102630631428     
   0.5034315708019483     
   0.5064890796892676     
   0.5102430036196092     
   0.5145882948146296     
   0.5194534778895313     
   0.5247973530251013     
   0.5306037750741923     
   0.5368750665274181     
   0.5436246928000752     
   0.5508696989935140     
   0.5586232041848010     
   0.5668870881159334     
   0.5756449651507359     
   0.5848556495191422     
   0.5944475542194431     
   0.6043147756964047     
   0.6143158960204240     
   0.6242766420416734     
   0.6339973001021476     
   0.6432651112826677     
   0.6518709938438066     
   0.6596284244501667     
   0.6663911150671773     
   0.6720660963342617     
   0.6766196641641404     
   0.6800753895867389     
   0.6825053251037909     
   0.6840168906110013     
   0.6847383343355294     
   0.6848052483774227     
   0.6843497437134833     
   0.6834929428450744     
   0.6823406914651371     
   0.6809819273303802     
   0.6794889607298107     
   0.6779189393970784     
   0.6763159014906195     
   0.6747129901039284     
   0.6731345626105889     
   0.6715980545151897     
   0.6701155459014647     
   0.6686950329119833     
   0.6673414344117844     
   0.6660573745649394     
   0.6648437834046458     
   0.6637003538909154     
   0.6626258879202713     
   0.6616185573095843     
   0.6606761000525588     
   0.6597959674873942     
   0.6589754343956087     
   0.6582116812146229     
   0.6575018552787386     
   0.6568431162671776     
   0.6562326697624398     
   0.6556677918564670     
   0.6551458469952384     
   0.6546643007061788     
   0.6542207284716874     
   0.6538128217276482     
   0.6534383917322726     
   0.6530953718654705     
   0.6527818187874765     
   0.6524959127968503     
   0.6522359576656132     
   0.6520003801827503     
   0.6517877296009382     
   0.6515966771493191     
   0.6514260157352797     
   0.6512746598764190     
   0.6511416456957235     
   0.6510261302920658     
   0.6509273885988619     
   0.6508448033701366     
   0.6507778394673009     
   0.6507259868061999     
   0.6506886482292954     
   0.6506649429555296     
   0.6506533992927326     
   0.6506515259190765     
   0.6506552726663887     
   0.6506477791717643     
   0.5000000000000000     
   0.5000000000000000     
   0.5012564916990740     
   0.5035707155472929     
   0.5067607542256404     
   0.5106740492055128     
   0.5151890444842557     
   0.5202156441399988     
   0.5256931313659563     
   0.5315857696135566     
   0.5378767468790058     
   0.5445612531435228     
   0.5516393714396182     
   0.5591092473101594     
   0.5669608012689336     
   0.5751701406038946     
   0.5836948350642480     
   0.5924703254718950     
   0.6014078837196513     
   0.6103946649207853     
   0.6192964029012985     
   0.6279631016887116     
   0.6362376555719186     
   0.6439669113335557     
   0.6510138283044919     
   0.6572687653382888     
   0.6626580305525929     
   0.6671482600551620     
   0.6707460618333737     
   0.6734933748681683     
   0.6754597848684782     
   0.6767333971454449     
   0.6774117847366556     
   0.6775941431514467     
   0.6773752787951156     
   0.6768415922092240     
   0.6760688788524180     
   0.6751215828885352     
   0.6740530816299279     
   0.6729066089243980     
   0.6717165023833296     
   0.6705095485265377     
   0.6693062816542722     
   0.6681221571264314     
   0.6669685652169702     
   0.6658536802312505     
   0.6647831558555681     
   0.6637606856917999     
   0.6627884502405655     
   0.6618674706149758     
   0.6609978868999365     
   0.6601791763203315     
   0.6594103237478869     
   0.6586899547568031     
   0.6580164393927824     
   0.6573879730644837     
   0.6568026395719481     
   0.6562584602029705     
   0.6557534319528229     
   0.6552855572244071     
   0.6548528668459661     
   0.6544534378620159     
   0.6540854072490528     
   0.6537469824526475     
   0.6534364494420244     
   0.6531521788335172     
   0.6528926305306867     
   0.6526563572508551     
   0.6524420072470959     
   0.6522483264859389     
   0.6520741604981865     
   0.6519184560717102     
   0.6517802628689930     
   0.6516587348496142     
   0.6515531308880811     
   0.6514628128690543     
   0.6513872372727985     
   0.6513259321739751     
   0.6512784453337860     
   0.6512442416356473     
   0.6512225229334857     
   0.6512119461575501     
   0.6512102301283244     
   0.6512136621867758     
   0.6512067980698729     
   0.5000000000000000     
   0.5000000000000000     
   0.5012826629812146     
   0.5036523527951966     
   0.5069233926490078     
   0.5109340550276451     
   0.5155499771417805     
   0.5206661472279829     
   0.5262060342950583     
   0.5321180748514367     
   0.5383702454917898     
   0.5449436284467436     
   0.5518257829190857     
   0.5590045045463626     
   0.5664623181864820     
   0.5741718851025936     
   0.5820924404322563     
   0.5901673947357597     
   0.5983232921785223     
   0.6064703645183773     
   0.6145049020418195     
   0.6223135222032792     
   0.6297791667938780     
   0.6367884964347137     
   0.6432398422134451     
   0.6490505258679667     
   0.6541625073604562     
   0.6585455404896317     
   0.6621974614712159     
   0.6651417765749523     
   0.6674231717560521     
   0.6691018241340163     
   0.6702474222267047     
   0.6709336450133923     
   0.6712335943020484     
   0.6712164053249887     
   0.6709450371987219     
   0.6704750956626718     
   0.6698544662473134     
   0.6691235214802274     
   0.6683156895174019     
   0.6674582140856536     
   0.6665729824208382     
   0.6656773399833082     
   0.6647848440425923     
   0.6639059324086806     
   0.6630484999710949     
   0.6622183856969521     
   0.6614197779271704     
   0.6606555479809090     
   0.6599275225128879     
   0.6592367045294726     
   0.6585834519975157     
   0.6579676218265662     
   0.6573886857686486     
   0.6568458236230136     
   0.6563379981620207     
   0.6558640153723290     
   0.6554225728931614     
   0.6550122989512055     
   0.6546317836477600     
   0.6542796041073035     
   0.6539543447031054     
   0.6536546133259592     
   0.6533790544668590     
   0.6531263597404198     
   0.6528952763671185     
   0.6526846140465167     
   0.6524932505848127     
   0.6523201365835297     
   0.6521642994460057     
   0.6520248469041480     
   0.6519009701807773     
   0.6517919467114661     
   0.6516971419021675     
   0.6516160084026725     
   0.6515480793486242     
   0.6514929483695032     
   0.6514502235569790     
   0.6514194358629853     
   0.6513998775721472     
   0.6513903486849099     
   0.6513888019057001     
   0.6513918954641196     
   0.6513857083472807     
   0.5000000000000000     
   0.5000000000000000     
   0.5012928143855628     
   0.5036878731752861     
   0.5069984349517505     
   0.5110567107897457     
   0.5157188341991799     
   0.5208682406542524     
   0.5264159490818429     
   0.5322979344150931     
   0.5384703587838685     
   0.5449036491986771     
   0.5515763288596371     
   0.5584692667392834     
   0.5655607426942956     
   0.5728225183999069     
   0.5802169882594984     
   0.5876954483967154     
   0.5951975312770974     
   0.6026518670067361     
   0.6099780137927701     
   0.6170896100715026     
   0.6238985584756480     
   0.6303200290028448     
   0.6362777471069715     
   0.6417088233707202     
   0.6465675357012789     
   0.6508275899542332     
   0.6544826155993881     
   0.6575449471716172     
   0.6600430052058774     
   0.6620177602499789     
   0.6635188150741664     
   0.6646005857731454     
   0.6653189389746827     
   0.6657284933923984     
   0.6658806557102199     
   0.6658223550579445     
   0.6655953745245493     
   0.6652361488386707     
   0.6647758954247498     
   0.6642409611655914     
   0.6636532902575207     
   0.6630309429554191     
   0.6623886169967035     
   0.6617381414971069     
   0.6610889266952182     
   0.6604483623001433     
   0.6598221632249612     
   0.6592146651466860     
   0.6586290743118148     
   0.6580676768771316     
   0.6575320132768231     
   0.6570230228500396     
   0.6565411634346698     
   0.6560865100475225     
   0.6556588362113065     
   0.6552576809410440     
   0.6548824038903972     
   0.6545322307299709     
   0.6542062904885583     
   0.6539036462995030     
   0.6536233207352612     
   0.6533643166913499     
   0.6531256346073087     
   0.6529062866801724     
   0.6527053086208328     
   0.6525217694173776     
   0.6523547794986891     
   0.6522034976320547     
   0.6520671368352138     
   0.6519449695270670     
   0.6518363320570714     
   0.6517406285790294     
   0.6516573338396978     
   0.6515859935854834     
   0.6515262195320837     
   0.6514776726589308     
   0.6514400236672151     
   0.6514128734308917     
   0.6513956117251972     
   0.6513871938789231     
   0.6513858256204594     
   0.6513885621373867     
   0.6513830891035322     
   0.5000000000000000     
   0.5000000000000000     
   0.5012904866731539     
   0.5036872924229223     
   0.5070047324911665     
   0.5110715559402799     
   0.5157372439350936     
   0.5208766234141721     
   0.5263912060126622     
   0.5322074036513162     
   0.5382724042382860     
   0.5445487480023569     
   0.5510085775055549     
   0.5576282841350894     
   0.5643839842253724     
   0.5712480199010864     
   0.5781865290308685     
   0.5851580596239913     
   0.5921131872829020     
   0.5989950951171292     
   0.6057410653706169     
   0.6122847795195520     
   0.6185592471483063     
   0.6245002344210898     
   0.6300498438491372     
   0.6351597595446583     
   0.6397938212129927     
   0.6439296490946138     
   0.6475591629376878     
   0.6506880011063224     
   0.6533339980347188     
   0.6555249866676368     
   0.6572962401924555     
   0.6586878554854010     
   0.6597423244055949     
   0.6605024598156767     
   0.6610097613412397     
   0.6613032360454453     
   0.6614186388650450     
   0.6613880679918986     
   0.6612398384600850     
   0.6609985581464189     
   0.6606853391403742     
   0.6603180898020761     
   0.6599118458942999     
   0.6594791111693765     
   0.6590301877361228     
   0.6585734841794435     
   0.6581157950239845     
   0.6576625490604814     
   0.6572180266273878     
   0.6567855475406380     
   0.6563676322511015     
   0.6559661391531819     
   0.6555823809911081     
   0.6552172231880495     
   0.6548711667023011     
   0.6545444177186026     
   0.6542369461771635     
   0.6539485348758900     
   0.6536788206485608     
   0.6534273289016611     
   0.6531935025845056     
   0.6529767264885203     
   0.6527763476303435     
   0.6525916923608196     
   0.6524220807474597     
   0.6522668386977721     
   0.6521253082234482     
   0.6519968561873724     
   0.6518808818228490     
   0.6517768232599679     
   0.6516841632167348     
   0.6516024338607824     
   0.6515312205128168     
   0.6514701631374429     
   0.6514189530955532     
   0.6513773199453479     
   0.6513449988583920     
   0.6513216639246956     
   0.6513068082994743     
   0.6512995525171199     
   0.6512983704003773     
   0.6513007346338625     
   0.6512960061668921     
   0.5000000000000000     
   0.5000000000000000     
   0.5012787037582859     
   0.5036591888865662     
   0.5069584387000673     
   0.5110038522183900     
   0.5156406493761093     
   0.5207375506717391     
   0.5261890596800438     
   0.5319144531309326     
   0.5378542606947235     
   0.5439653064510808     
   0.5502153302169754     
   0.5565779531617318     
   0.5630284474538119     
   0.5695405100589521     
   0.5760840669927833     
   0.5826240450536238     
   0.5891200175725323     
   0.5955266276863961     
   0.6017946919183508     
   0.6078728601934101     
   0.6137096715743653     
   0.6192559328004532     
   0.6244671853081241     
   0.6293059267486216     
   0.6337433932608476     
   0.6377607376938248     
   0.6413495020605723     
   0.6445113748214659     
   0.6472573125060244     
   0.6496061733967210     
   0.6515830479491338     
   0.6532174744977364     
   0.6545417053513665     
   0.6555891477796925     
   0.6563930575756153     
   0.6569855188749815     
   0.6573967084482618     
   0.6576544181116720     
   0.6577837949745413     
   0.6578072540653725     
   0.6577445189652181     
   0.6576127509972767     
   0.6574267342914862     
   0.6571990911971995     
   0.6569405091224778     
   0.6566599655254556     
   0.6563649423545730     
   0.6560616247349291     
   0.6557550812675114     
   0.6554494251223311     
   0.6551479562848500     
   0.6548532860097226     
   0.6545674449321970     
   0.6542919764826551     
   0.6540280172749839     
   0.6537763660561301     
   0.6535375426858016     
   0.6533118384920998     
   0.6530993592149039     
   0.6529000616001404     
   0.6527137845599887     
   0.6525402756860713     
   0.6523792137984119     
   0.6522302281241066     
   0.6520929146207708     
   0.6519668498907654     
   0.6518516030724402     
   0.6517467460418265     
   0.6516518622098390     
   0.6515665541506096     
   0.6514904502296069     
   0.6514232102752798     
   0.6513645300701997     
   0.6513141438622955     
   0.6512718229235311     
   0.6512373660060382     
   0.6512105740405745     
   0.6511911968479041     
   0.6511788355048727     
   0.6511727833051831     
   0.6511717936893391     
   0.6511737729210272     
   0.6511698144576510     
   0.5000000000000000     
   0.5000000000000000     
   0.5012599909913502     
   0.5036107491547108     
   0.5068730990781698     
   0.5108747561020400     
   0.5154586315505475     
   0.5204894122513908     
   0.5258566654454869     
   0.5314745220577907     
   0.5372787067949464     
   0.5432220026653324     
   0.5492691979362254     
   0.5553923100579974     
   0.5615665672351359     
   0.5677673543153595     
   0.5739681405224286     
   0.5801393046916821     
   0.5862477357700797     
   0.5922570828395769     
   0.5981285359149949     
   0.6038220091428504     
   0.6092975847270223     
   0.6145171816070724     
   0.6194462852568893     
   0.6240554960921852     
   0.6283217850958824     
   0.6322293577883441     
   0.6357700597140651     
   0.6389433101309300     
   0.6417556033145807     
   0.6442196596997845     
   0.6463533357050069     
   0.6481784094090055     
   0.6497193511575921     
   0.6510021683111749     
   0.6520533873928783     
   0.6528992101276301     
   0.6535648561646482     
   0.6540740868631628     
   0.6544488920705572     
   0.6547093149023132     
   0.6548733870891692     
   0.6549571482152490     
   0.6549747249175771     
   0.6549384498385095     
   0.6548590041024117     
   0.6547455708875972     
   0.6546059910168455     
   0.6544469142784600     
   0.6542739424178338     
   0.6540917614335092     
   0.6539042620256609     
   0.6537146478963429     
   0.6535255321919845     
   0.6533390227472852     
   0.6531567969785359     
   0.6529801673569352     
   0.6528101384214000     
   0.6526474562786880     
   0.6524926514868639     
   0.6523460761376813     
   0.6522079358667183     
   0.6520783174429183     
   0.6519572125213809     
   0.6518445380794597     
   0.6517401539960014     
   0.6516438781787967     
   0.6515554995960423     
   0.6514747895227639     
   0.6514015112716788     
   0.6513354286361051     
   0.6512763132185765     
   0.6512239507240400     
   0.6511781460999038     
   0.6511387269852742     
   0.6511055440629534     
   0.6510784652477806     
   0.6510573578633994     
   0.6510420491074396     
   0.6510322511597301     
   0.6510274354789300     
   0.6510266435421801     
   0.6510282274156800     
   0.6510250596686802     
   0.5000000000000000     
   0.5000000000000000     
   0.5012364167528370     
   0.5035478798513235     
   0.5067598624425090     
   0.5107016700398863     
   0.5152154592968290     
   0.5201635610836145     
   0.5254322880030449     
   0.5309322258584190     
   0.5365957554543639     
   0.5423728962591916     
   0.5482265384031643     
   0.5541278792574537     
   0.5600525623480992     
   0.5659777331883592     
   0.5718800273606173     
   0.5777343962634349     
   0.5835136337926901     
   0.5891884641626196     
   0.5947280635365209     
   0.6001008893976038     
   0.6052756921710052     
   0.6102226969269308     
   0.6149148360176447     
   0.6193288465967071     
   0.6234461698254122     
   0.6272535919773855     
   0.6307435826958000     
   0.6339143174778274     
   0.6367694032730499     
   0.6393173530748429     
   0.6415708739203434     
   0.6435460411108750     
   0.6452614301179947     
   0.6467372685696923     
   0.6479946567934423     
   0.6490548895829181     
   0.6499388966198463     
   0.6506668060056111     
   0.6512576254922078     
   0.6517290294098368     
   0.6520972356463434     
   0.6523769557610822     
   0.6525814017479312     
   0.6527223344776530     
   0.6528101409493297     
   0.6528539297850117     
   0.6528616366450557     
   0.6528401332733456     
   0.6527953356228529     
   0.6527323079243272     
   0.6526553606672787     
   0.6525681413198979     
   0.6524737172522193     
   0.6523746507640000     
   0.6522730664068171     
   0.6521707109844376     
   0.6520690067418349     
   0.6519690983179007     
   0.6518718940495473     
   0.6517781021950606     
   0.6516882626136493     
   0.6516027744058246     
   0.6515219199839654     
   0.6514458860030020     
   0.6513747815406429     
   0.6513086538774445     
   0.6512475021897011     
   0.6511912894329414     
   0.6511399526610162     
   0.6510934119931830     
   0.6510515784024868     
   0.6510143604362794     
   0.6509816698567977     
   0.6509534259279995     
   0.6509295575133018     
   0.6509100010095991     
   0.6508946900899448     
   0.6508835301040001     
   0.6508763462297619     
   0.6508727915554942     
   0.6508722012505563     
   0.6508733818604320     
   0.6508710206406807     
   0.5000000000000000     
   0.5000000000000000     
   0.5012096458817591     
   0.5034753536074899     
   0.5066277544123865     
   0.5104986823057426     
   0.5149307431692138     
   0.5197852396088994     
   0.5249465684368513     
   0.5303230375327376     
   0.5358448210773624     
   0.5414601401684151     
   0.5471307452065206     
   0.5528275316185762     
   0.5585268007062552     
   0.5642073888270283     
   0.5698486822723325     
   0.5754294199872602     
   0.5809271414274442     
   0.5863181341874845     
   0.5915777520117198     
   0.5966809818395656     
   0.6016031472347094     
   0.6063207511243489     
   0.6108123671708070     
   0.6150594294964703     
   0.6190468862299210     
   0.6227636806511007     
   0.6262030292894079     
   0.6293624857790522     
   0.6322437988445015     
   0.6348525899636276     
   0.6371978889616896     
   0.6392915728488334     
   0.6411477545183611     
   0.6427821642923279     
   0.6442115601450866     
   0.6454531933646173     
   0.6465243469167407     
   0.6474419550178273     
   0.6482223051374227     
   0.6488808181779281     
   0.6494318989250252     
   0.6498888468273846     
   0.6502638164307311     
   0.6505678170146523     
   0.6508107418376863     
   0.6510014186092380     
   0.6511476741638238     
   0.6512564076662378     
   0.6513336679235570     
   0.6513847314681739     
   0.6514141789987906     
   0.6514259685249614     
   0.6514235041514183     
   0.6514096998804964     
   0.6513870381443709     
   0.6513576230297460     
   0.6513232283347495     
   0.6512853407090642     
   0.6512451981887217     
   0.6512038244663449     
   0.6511620592517671     
   0.6511205850811528     
   0.6510799509244161     
   0.6510405929235701     
   0.6510028525731174     
   0.6509669926297729     
   0.6509332110136645     
   0.6509016529383880     
   0.6508724214839453     
   0.6508455868042083     
   0.6508211941373701     
   0.6507992707589305     
   0.6507798319686955     
   0.6507628861004698     
   0.6507484382889515     
   0.6507364921099215     
   0.6507270468875936     
   0.6507200860757861     
   0.6507155485690889     
   0.6507132708036114     
   0.6507128847838310     
   0.6507136568233918     
   0.6507121127442703     
   0.5000000000000000     
   0.5000000000000000     
   0.5011809969265976     
   0.5033969667382188     
   0.5064839717608818     
   0.5102770330935041     
   0.5146201107170110     
   0.5193745052233404     
   0.5244237430857646     
   0.5296748417981854     
   0.5350566435386455     
   0.5405162938918033     
   0.5460149454868476     
   0.5515235283945249     
   0.5570191104531043     
   0.5624820793870566     
   0.5678941685569170     
   0.5732372293716089     
   0.5784926066204233     
   0.5836409704077503     
   0.5886624763841583     
   0.5935371381207637     
   0.5982453088560422     
   0.6027682849618468     
   0.6070889590167243     
   0.6111923955121290     
   0.6150663119662907     
   0.6187014436872512     
   0.6220917706609810     
   0.6252345972958817     
   0.6281304880486673     
   0.6307830730155494     
   0.6331987462342691     
   0.6353862849366029     
   0.6373564200875507     
   0.6391213875380188     
   0.6406944856692551     
   0.6420896603731792     
   0.6433211324619644     
   0.6444030768842470     
   0.6453493579984135     
   0.6461733209474613     
   0.6468876360284441     
   0.6475041908341987     
   0.6480340237476395     
   0.6484872919185930     
   0.6488732669600736     
   0.6492003520847343     
   0.6494761151104115     
   0.6497073325739597     
   0.6499000410147515     
   0.6500595922693936     
   0.6501907103264061     
   0.6502975478988006     
   0.6503837413743185     
   0.6504524632117750     
   0.6505064711840211     
   0.6505481541288147     
   0.6505795740622394     
   0.6506025046448729     
   0.6506184660831824     
   0.6506287566132071     
   0.6506344807594147     
   0.6506365745900929     
   0.6506358282033355     
   0.6506329056796626     
   0.6506283627324903     
   0.6506226622775372     
   0.6506161881286554     
   0.6506092570130283     
   0.6506021290848039     
   0.6505950171041349     
   0.6505880944417859     
   0.6505815020745784     
   0.6505753547637303     
   0.6505697466634557     
   0.6505647566583890     
   0.6505604536283256     
   0.6505569012465636     
   0.6505541602730194     
   0.6505522829769474     
   0.6505512892811288     
   0.6505511088389593     
   0.6505514697232984     
   0.6505507479546202     
   0.5000000000000000     
   0.5000000000000000     
   0.5011514980390525     
   0.5033156940404266     
   0.5063341708337998     
   0.5100455670078030     
   0.5142958517419388     
   0.5189470959881322     
   0.5238827553076012     
   0.5290093136579301     
   0.5342549452317367     
   0.5395662563393557     
   0.5449041858030822     
   0.5502399119279575     
   0.5555512981990089     
   0.5608201177324945     
   0.5660300839846095     
   0.5711655939569714     
   0.5762110418640108     
   0.5811505584223662     
   0.5859680499377405     
   0.5906474259256117     
   0.5951729200253271     
   0.5995295223194798     
   0.6037034633077258     
   0.6076826381902587     
   0.6114569648284467     
   0.6150186626577547     
   0.6183624370239174     
   0.6214855614002722     
   0.6243878578463428     
   0.6270715832882746     
   0.6295412351102286     
   0.6318032936591722     
   0.6338659213680300     
   0.6357386383669025     
   0.6374319929794319     
   0.6389572428299495     
   0.6403260589078016     
   0.6415502613150470     
   0.6426415919457703     
   0.6436115262785195     
   0.6444711239627187     
   0.6452309160025050     
   0.6459008250700846     
   0.6464901147465039     
   0.6470073631926625     
   0.6474604567913126     
   0.6478565995710418     
   0.6482023346376259     
   0.6485035743271648     
   0.6487656363083874     
   0.6489932833590399     
   0.6491907649953214     
   0.6493618595346214     
   0.6495099155214714     
   0.6496378917429554     
   0.6497483953003158     
   0.6498437173912613     
   0.6499258666006220     
   0.6499965996063677     
   0.6500574492931050     
   0.6501097503295331     
   0.6501546623107618     
   0.6501931905946227     
   0.6502262049782015     
   0.6502544563693413     
   0.6502785916091246     
   0.6502991665979371     
   0.6503166578725526     
   0.6503314727765092     
   0.6503439583638394     
   0.6503544091856857     
   0.6503630741482797     
   0.6503701627315578     
   0.6503758510689592     
   0.6503802887417378     
   0.6503836075541803     
   0.6503859336898664     
   0.6503874037489954     
   0.6503881820839198     
   0.6503884708030283     
   0.6503884958340667     
   0.6503884457719900     
   0.6503885458961434     
   0.5000000000000000     
   0.5000000000000000     
   0.5011219384316483     
   0.5032338319722587     
   0.5061827341507565     
   0.5098111489133689     
   0.5139675050517462     
   0.5185152062855926     
   0.5233382336608741     
   0.5283431065094863     
   0.5334578275247519     
   0.5386288567555718     
   0.5438171879697864     
   0.5489943784033313     
   0.5541390708530974     
   0.5592342554810014     
   0.5642653048735679     
   0.5692186929642499     
   0.5740812589225163     
   0.5788398738440271     
   0.5834813874202949     
   0.5879927476603066     
   0.5923612041805821     
   0.5965746166087466     
   0.6006218167685867     
   0.6044929241008725     
   0.6081796142441814     
   0.6116753337881601     
   0.6149754496767602     
   0.6180773271447753     
   0.6209803352794658     
   0.6236857840875146     
   0.6261968009963240     
   0.6285181577361136     
   0.6306560603704404     
   0.6326179158608400     
   0.6344120880916952     
   0.6360476549606466     
   0.6375341762269053     
   0.6388814795851071     
   0.6400994701473176     
   0.6411979663672245     
   0.6421865635633686     
   0.6430745246696943     
   0.6438706966887980     
   0.6445834505324082     
   0.6452206414635923     
   0.6457895871501902     
   0.6462970603389030     
   0.6467492933067851     
   0.6471519914914247     
   0.6475103540004244     
   0.6478290990203038     
   0.6481124924615591     
   0.6483643784780093     
   0.6485882107751183     
   0.6487870838648172     
   0.6489637636296629     
   0.6491207167285435     
   0.6492601385143937     
   0.6493839792477445     
   0.6494939684823062     
   0.6495916375706259     
   0.6496783402908738     
   0.6497552716344236     
   0.6498234848215234     
   0.6498839066304339     
   0.6499373511354622     
   0.6499845319543730     
   0.6500260731084065     
   0.6500625186004634     
   0.6500943408239269     
   0.6501219479398369     
   0.6501456904322181     
   0.6501658672245560     
   0.6501827321044871     
   0.6501965018526444     
   0.6502073683899182     
   0.6502155181091391     
   0.6502211614008070     
   0.6502245725602024     
   0.6502261332583725     
   0.6502263622515125     
   0.6502259042652325     
   0.6502268202377925     
   0.5000000000000000     
   0.5000000000000000     
   0.5010929138501193     
   0.5031531257032196     
   0.5060330070872980     
   0.5095790318435603     
   0.5136423738166659     
   0.5180881608614315     
   0.5228013305190001     
   0.5276888547851247     
   0.5326789288179132     
   0.5377181496197566     
   0.5427677504731405     
   0.5477997424850255     
   0.5527935070783272     
   0.5577330931515825     
   0.5626052583707776     
   0.5673981700167940     
   0.5721006302842944     
   0.5767016870545241     
   0.5811905104155275     
   0.5855564317602523     
   0.5897890604288559     
   0.5938785013991957     
   0.5978156285693365     
   0.6015923207742515     
   0.6052016645531271     
   0.6086381203803477     
   0.6118976435610747     
   0.6149777548083992     
   0.6178775590492375     
   0.6205977142375178     
   0.6231403547480846     
   0.6255089761155405     
   0.6277082893555233     
   0.6297440538339597     
   0.6316228976784589     
   0.6333521341558263     
   0.6349395814127505     
   0.6363933916565969     
   0.6377218943985060     
   0.6389334569263093     
   0.6400363638235984     
   0.6410387161758763     
   0.6419483501463312     
   0.6427727738751052     
   0.6435191211472781     
   0.6441941199619867     
   0.6448040739863788     
   0.6453548548591790     
   0.6458519033858183     
   0.6463002378095490     
   0.6467044675251696     
   0.6470688108050894     
   0.6473971153166368     
   0.6476928804115381     
   0.6479592803541022     
   0.6481991878198071     
   0.6484151971399624     
   0.6486096468926280     
   0.6487846415468237     
   0.6489420719563637     
   0.6490836345711097     
   0.6492108492895403     
   0.6493250759205560     
   0.6494275292560423     
   0.6495192927796946     
   0.6496013310539290     
   0.6496745008381716     
   0.6497395610006399     
   0.6497971812941485     
   0.6498479500814766     
   0.6498923811361287     
   0.6499309197483517     
   0.6499639486096850     
   0.6499917944620840     
   0.6500147374355412     
   0.6500330264110913     
   0.6500469053036912     
   0.6500566557405342     
   0.6500626590624171     
   0.6500654726614312     
   0.6500659027113762     
   0.6500650426114862     
   0.6500667628112662     
   0.5000000000000000     
   0.5000000000000000     
   0.5010648655755484     
   0.5030748785080400     
   0.5058875018885615     
   0.5093531734903929     
   0.5133259666726760     
   0.5176729872690545     
   0.5222804270587605     
   0.5270560066311021     
   0.5319283731675603     
   0.5368444596376141     
   0.5417658616471620     
   0.5466650815824203     
   0.5515221871026972     
   0.5563221430318372     
   0.5610528616325439     
   0.5657038915313941     
   0.5702656141842705     
   0.5747288122334674     
   0.5790844930170991     
   0.5833238672977920     
   0.5874384016709304     
   0.5914199691928660     
   0.5952610569812895     
   0.5989549435654884     
   0.6024958525681826     
   0.6058790818524680     
   0.6091011012168867     
   0.6121596145413762     
   0.6150535847557470     
   0.6177832222262467     
   0.6203499391039144     
   0.6227562737624259     
   0.6250057906013259     
   0.6271029611773150     
   0.6290530328640611     
   0.6308618910718486     
   0.6325359205536494     
   0.6340818705764497     
   0.6355067278427133     
   0.6368176000940925     
   0.6380216123912618     
   0.6391258171984461     
   0.6401371186498054     
   0.6410622107596252     
   0.6419075288649444     
   0.6426792132517821     
   0.6433830837008281     
   0.6440246235771947     
   0.6446089720613982     
   0.6451409231552436     
   0.6456249301791216     
   0.6460651145909907     
   0.6464652780878823     
   0.6468289170863800     
   0.6471592388113189     
   0.6474591783474073     
   0.6477314161241918     
   0.6479783954098304     
   0.6482023394822589     
   0.6484052682259221     
   0.6485890139684827     
   0.6487552364267600     
   0.6489054366761023     
   0.6490409700928530     
   0.6491630582464586     
   0.6492727997379174     
   0.6493711799969777     
   0.6494590800634358     
   0.6495372843908990     
   0.6496064877334904     
   0.6496673012302668     
   0.6497202579366037     
   0.6497658183627539     
   0.6498043772363659     
   0.6498362739239674     
   0.6498618108406852     
   0.6498812864243888     
   0.6498950505573101     
   0.6499035880541706     
   0.6499076270618039     
   0.6499082538994474     
   0.6499070002241605     
   0.6499095075747343     
   0.5000000000000000     
   0.5000000000000000     
   0.5010381131157606     
   0.5030000438281367     
   0.5057480696114295     
   0.5091365026636281     
   0.5130223678141894     
   0.5172748934330623     
   0.5217817168891484     
   0.5264515067803598     
   0.5312135398510638     
   0.5360152193914268     
   0.5408185805817967     
   0.5455966291533215     
   0.5503300622363012     
   0.5550046347936708     
   0.5596092216108099     
   0.5641344997473831     
   0.5685721242832170     
   0.5729142649789976     
   0.5771533899051339     
   0.5812821988970059     
   0.5852936280895631     
   0.5891809505387182     
   0.5929379347765809     
   0.5965589783255634     
   0.6000392243601368     
   0.6033746622522789     
   0.6065622064053118     
   0.6095997499656334     
   0.6124861917901606     
   0.6152214366125305     
   0.6178063697255112     
   0.6202428086423096     
   0.6225334350748298     
   0.6246817111561515     
   0.6266917841382857     
   0.6285683838283723     
   0.6303167168199501     
   0.6319423611815660     
   0.6334511647400118     
   0.6348491494939255     
   0.6361424240642708     
   0.6373371054746636     
   0.6384392509914667     
   0.6394548002641612     
   0.6403895276024706     
   0.6412490039111204     
   0.6420385675729084     
   0.6427633034183763     
   0.6434280288353362     
   0.6440372860423319     
   0.6445953395650542     
   0.6451061780022489     
   0.6455735192367178     
   0.6460008183286869     
   0.6463912774166204     
   0.6467478570397994     
   0.6470732883843892     
   0.6473700860375717     
   0.6476405609099413     
   0.6478868330531340     
   0.6481108441577640     
   0.6483143695668427     
   0.6484990296819975     
   0.6486663006740817     
   0.6488175244371115     
   0.6489539177462306     
   0.6490765805981562     
   0.6491865037278012     
   0.6492845753110360     
   0.6493715868917521     
   0.6494482386384619     
   0.6495151441988612     
   0.6495728357962406     
   0.6496217710063880     
   0.6496623441421234     
   0.6496949075319650     
   0.6497198108948451     
   0.6497374690280718     
   0.6497484660508325     
   0.6497536948623531     
   0.6497545128990382     
   0.6497528768256681     
   0.6497561489724083     
   0.5000000000000000     
   0.5000000000000000     
   0.5010128810750167     
   0.5029293012793941     
   0.5056160423906139     
   0.5089311397698734     
   0.5127345426091648     
   0.5168976604576008     
   0.5213096833640272     
   0.5258803509852338     
   0.5305396828511268     
   0.5352356371663638     
   0.5399307321168535     
   0.5445984716482545     
   0.5492201252754992     
   0.5537821287823296     
   0.5582741601950273     
   0.5626878202487660     
   0.5670157939319818     
   0.5712513638353579     
   0.5753881639253933     
   0.5794200790184331     
   0.5833412134802772     
   0.5871459542810334     
   0.5908290925879696     
   0.5943859242045194     
   0.5978123380434902     
   0.6011048944424383     
   0.6042608886683289     
   0.6072783967322806     
   0.6101563019813002     
   0.6128943020641281     
   0.6154928968522753     
   0.6179533587279019     
   0.6202776873086261     
   0.6224685511595170     
   0.6245292193429864     
   0.6264634857791733     
   0.6282755893457014     
   0.6299701324633622     
   0.6315520006259968     
   0.6330262849703076     
   0.6343982095751710     
   0.6356730647606447     
   0.6368561472513521     
   0.6379527076975001     
   0.6389679057220619     
   0.6399067723914278     
   0.6407741797915607     
   0.6415748172310698     
   0.6423131734825563     
   0.6429935244081870     
   0.6436199252876776     
   0.6441962071690593     
   0.6447259765872553     
   0.6452126180362106     
   0.6456592986318584     
   0.6460689744613050     
   0.6464443981746214     
   0.6467881274362738     
   0.6471025339107294     
   0.6473898125098234     
   0.6476519906777065     
   0.6478909375319318     
   0.6481083727160944     
   0.6483058748504814     
   0.6484848894930376     
   0.6486467365443076     
   0.6487926170478614     
   0.6489236193537258     
   0.6490407246307283     
   0.6491448117468733     
   0.6492366616154580     
   0.6493169612945939     
   0.6493863085644747     
   0.6494452186334247     
   0.6494941363710557     
   0.6495334602725109     
   0.6495635879165090     
   0.6495849953806520     
   0.6495983613920189     
   0.6496047366497500     
   0.6496057390320936     
   0.6496037342674065     
   0.6496077437967808     
   0.5000000000000000     
   0.5000000000000000     
   0.5009893208326193     
   0.5028631183055817     
   0.5054923492452749     
   0.5087385765721540     
   0.5124645866787867     
   0.5165439620462917     
   0.5208674861731714     
   0.5253460326086701     
   0.5299104264825883     
   0.5345092271084654     
   0.5391054538371579     
   0.5436730919676938     
   0.5481939280901987     
   0.5526549844214399     
   0.5570466103728524     
   0.5613611645078873     
   0.5655921669684200     
   0.5697337959861336     
   0.5737806194324488     
   0.5777274687862340     
   0.5815693809224197     
   0.5853016327705137     
   0.5889198348312568     
   0.5924200064541935     
   0.5957986426747410     
   0.5990527751417383     
   0.6021800231644168     
   0.6051786324110952     
   0.6080474998470370     
   0.6107861843391392     
   0.6133949030720257     
   0.6158745145260078     
   0.6182264892585434     
   0.6204528701098356     
   0.6225562237203314     
   0.6245395853993800     
   0.6264063994232612     
   0.6281604567809983     
   0.6298058322458052     
   0.6313468224458668     
   0.6327878863583387     
   0.6341335893751753     
   0.6353885518087147     
   0.6365574024347999     
   0.6376447374227544     
   0.6386550847822329     
   0.6395928742715090     
   0.6404624125621750     
   0.6412678633410617     
   0.6420132319492894     
   0.6427023541072168     
   0.6433388882483239     
   0.6439263109800936     
   0.6444679152013429     
   0.6449668104292373     
   0.6454259249218023     
   0.6458480092198176     
   0.6462356407724770     
   0.6465912293519036     
   0.6469170230012178     
   0.6472151142981896     
   0.6474874467505740     
   0.6477358211694454     
   0.6479619018933598     
   0.6481672227589658     
   0.6483531927329026     
   0.6485211011362771     
   0.6486721224086096     
   0.6488073203776723     
   0.6489276520388247     
   0.6490339709362215     
   0.6491270304530172     
   0.6492074878120806     
   0.6492759106406025     
   0.6493327899452769     
   0.6493785665755246     
   0.6494136824248755     
   0.6494386709784110     
   0.6494543004133729     
   0.6494617714111512     
   0.6494629500836722     
   0.6494605927386303     
   0.6494653074287140     
   0.5000000000000000     
   0.5000000000000000     
   0.5009675276917266     
   0.5028017993206051     
   0.5053776089448625     
   0.5085598209023758     
   0.5122139267410555     
   0.5162156219271344     
   0.5204572721399336     
   0.5248509002034908     
   0.5293281601080382     
   0.5338382287445876     
   0.5383446258006934     
   0.5428217930496528     
   0.5472519816045229     
   0.5516227187821698     
   0.5559249161644247     
   0.5601515555665881     
   0.5642968361952493     
   0.5683556592584851     
   0.5723233430850619     
   0.5761954779659012     
   0.5799678476921909     
   0.5836364426444117     
   0.5871975318454927     
   0.5906477189693338     
   0.5939839924640349     
   0.5972037728117218     
   0.6003049534540646     
   0.6032859332355182     
   0.6061456390776778     
   0.6088835382433363     
   0.6114996400821381     
   0.6139944875955010     
   0.6163691395230035     
   0.6186251439451304     
   0.6207645046212497     
   0.6227896414320641     
   0.6247033463711366     
   0.6265087365372886     
   0.6282092055281792     
   0.6298083745333419     
   0.6313100442817424     
   0.6327181488273738     
   0.6340367119707105     
   0.6352698069258801     
   0.6364215196619033     
   0.6374959161779110     
   0.6384970138219628     
   0.6394287566343402     
   0.6402949945904540     
   0.6410994665359164     
   0.6418457865458383     
   0.6425374334000177     
   0.6431777428427805     
   0.6437699022879960     
   0.6443169476334364     
   0.6448217618615222     
   0.6452870751228875     
   0.6457154660228108     
   0.6461093638565737     
   0.6464710515667415     
   0.6468026692218669     
   0.6471062178411577     
   0.6473835634128360     
   0.6476364409750029     
   0.6478664586463880     
   0.6480751015102268     
   0.6482637352685231     
   0.6484336095982923     
   0.6485858611612131     
   0.6487215162582538     
   0.6488414932184957     
   0.6489466048489295     
   0.6490375618204953     
   0.6491149790353768     
   0.6491793892461295     
   0.6492312718296924     
   0.6492711093728786     
   0.6492994887068413     
   0.6493172619014586     
   0.6493257710227089     
   0.6493271167958173     
   0.6493244252496005     
   0.6493298083420341     
   0.5000000000000000     
   0.5000000000000000     
   0.5009475541231280     
   0.5027455241805194     
   0.5052722035180417     
   0.5083955120801598     
   0.5119834814596925     
   0.5159138202412888     
   0.5200804240615251     
   0.5243964428763028     
   0.5287943516695064     
   0.5332239383195055     
   0.5376492077437899     
   0.5420450278962557     
   0.5463940650153883     
   0.5506842813850954     
   0.5549070600961103     
   0.5590558966930449     
   0.5631255438832491     
   0.5671114879622162     
   0.5710096518886751     
   0.5748162358190623     
   0.5785276233997698     
   0.5821403784178232     
   0.5856513003670439     
   0.5890574656263050     
   0.5923562646096312     
   0.5955454382450759     
   0.5986231106833610     
   0.6015878163378440     
   0.6044385200882217     
   0.6071746299932301     
   0.6097960022640833     
   0.6123029385820266     
   0.6146961761131388     
   0.6169768707958287     
   0.6191465746573670     
   0.6212072080507883     
   0.6231610277895255     
   0.6250105921976506     
   0.6267587240933392     
   0.6284084726848715     
   0.6299630752859923     
   0.6314259196584570     
   0.6328005076739338     
   0.6340904208634330     
   0.6352992882963797     
   0.6364307571084417     
   0.6374884658818537     
   0.6384760209778192     
   0.6393969758299231     
   0.6402548131317327     
   0.6410529297912914     
   0.6417946244795207     
   0.6424830875674599     
   0.6431213932270881     
   0.6437124934606071     
   0.6442592138216083     
   0.6447642505967897     
   0.6452301692270236     
   0.6456594037601702     
   0.6460542571436700     
   0.6464169021814045     
   0.6467493829958497     
   0.6470536168526489     
   0.6473313962199354     
   0.6475843909483397     
   0.6478141504694374     
   0.6480221059213466     
   0.6482095721226455     
   0.6483777493351637     
   0.6485277247983962     
   0.6486604741235715     
   0.6487768628938444     
   0.6488776494158700     
   0.6489634908480443     
   0.6490349573738180     
   0.6490925630975928     
   0.6491368276389318     
   0.6491683869659810     
   0.6491881711400126     
   0.6491976543201030     
   0.6491991569411757     
   0.6491961516990303     
   0.6492021621833211     
   0.5000000000000000     
   0.5000000000000000     
   0.5009294196768145     
   0.5026943778171100     
   0.5051763360915767     
   0.5082460129512278     
   0.5117737905716915     
   0.5156392595046732     
   0.5197377604391009     
   0.5239835183923051     
   0.5283097969294812     
   0.5326669705212349     
   0.5370195036135743     
   0.5413426565899476     
   0.5456194647260790     
   0.5498382646867236     
   0.5539908355638267     
   0.5580710971446307     
   0.5620742541590549     
   0.5659962672860467     
   0.5698335475040848     
   0.5735827859758758     
   0.5772408488828171     
   0.5808047615315021     
   0.5842717512194655     
   0.5876392769641291     
   0.5909050565533662     
   0.5940670945044930     
   0.5971237081129149     
   0.6000735498879647     
   0.6029156253152828     
   0.6056493053074010     
   0.6082743330224868     
   0.6107908249814208     
   0.6131992666126659     
   0.6155005025209066     
   0.6176957219175986     
   0.6197864397659554     
   0.6217744742760770     
   0.6236619214399386     
   0.6254511273230490     
   0.6271446588294263     
   0.6287452736294904     
   0.6302558898908811     
   0.6316795563866935     
   0.6330194234798298     
   0.6342787154001387     
   0.6354607041463334     
   0.6365686852610032     
   0.6376059556475349     
   0.6385757935249126     
   0.6394814405519821     
   0.6403260860980300     
   0.6411128535917443     
   0.6418447888455213     
   0.6425248502259066     
   0.6431559005228709     
   0.6437407003596939     
   0.6442819029802564     
   0.6447820502504149     
   0.6452435697136421     
   0.6456687725471849     
   0.6460598522727339     
   0.6464188840843875     
   0.6467478246660107     
   0.6470485123792973     
   0.6473226677122496     
   0.6475718938853068     
   0.6477976775199246     
   0.6480013892845581     
   0.6481842844513271     
   0.6483475033400476     
   0.6484920717381286     
   0.6486189016621758     
   0.6487287934722911     
   0.6488224417323813     
   0.6489004498551898     
   0.6489633629302278     
   0.6490117339373584     
   0.6490462436554519     
   0.6490678939407849     
   0.6490782811470173     
   0.6490799293722859     
   0.6490766329217487     
   0.6490832258228231     
   0.5000000000000000     
   0.5000000000000000     
   0.5009131181433025     
   0.5026483730998773     
   0.5050900773227780     
   0.5081114852329806     
   0.5115851212130049     
   0.5153923009170088     
   0.5194296983634944     
   0.5236125375047057     
   0.5278748189187480     
   0.5321674659023551     
   0.5364553692706169     
   0.5407141462800622     
   0.5449271585746286     
   0.5490830647639779     
   0.5531739767840113     
   0.5571941651524328     
   0.5611392041017946     
   0.5650054392137808     
   0.5687896755665715     
   0.5724889997652119     
   0.5761006662100714     
   0.5796220716444570     
   0.5830507882324045     
   0.5863845844404494     
   0.5896214442181077     
   0.5927595882229317     
   0.5957974944855878     
   0.5987339169675898     
   0.6015679010446080     
   0.6042987953079170     
   0.6069262593331607     
   0.6094502672575318     
   0.6118711071536024     
   0.6141893763111003     
   0.6164059726472279     
   0.6185220825593228     
   0.6205391656076382     
   0.6224589364723572     
   0.6242833446687868     
   0.6260145525259584     
   0.6276549119349107     
   0.6292069403560019     
   0.6306732965440078     
   0.6320567564092908     
   0.6333601893851238     
   0.6345865356176176     
   0.6357387842381689     
   0.6368199529215574     
   0.6378330688779091     
   0.6387811513755706     
   0.6396671958459449     
   0.6404941595812519     
   0.6412649490022132     
   0.6419824084447496     
   0.6426493103926386     
   0.6432683470664505     
   0.6438421232672819     
   0.6443731503661861     
   0.6448638413259042     
   0.6453165066399029     
   0.6457333510741463     
   0.6461164710990159     
   0.6464678529018030     
   0.6467893708736877     
   0.6470827864684976     
   0.6473497473337447     
   0.6475917866185823     
   0.6478103223708161     
   0.6480066569519205     
   0.6481819764429610     
   0.6483373501315899     
   0.6484737304644822     
   0.6485919545369413     
   0.6486927496676166     
   0.6487767484381423     
   0.6488445232605254     
   0.6488966568070168     
   0.6489338702410238     
   0.6489572307583202     
   0.6489684464856585     
   0.6489702281506242     
   0.6489666648206929     
   0.6489737914805556     
   0.5000000000000000     
   0.5000000000000000     
   0.5008986227510589     
   0.5026074699239914     
   0.5050134064488588     
   0.5079919569825686     
   0.5114175621828905     
   0.5151730827720880     
   0.5191563917067498     
   0.5232836167791471     
   0.5274894299240992     
   0.5317252563960222     
   0.5359563757675476     
   0.5401587263671673     
   0.5443159570791793     
   0.5484170029668153     
   0.5524542556291382     
   0.5564222754135304     
   0.5603169383318125     
   0.5641349018525030     
   0.5678732887824511     
   0.5715295036019200     
   0.5751011123948758     
   0.5785858101483752     
   0.5819814463046669     
   0.5852860388166646     
   0.5884977872026161     
   0.5916150884578810     
   0.5946365533855943     
   0.5975610219227504     
   0.6003875765751872     
   0.6031155533906547     
   0.6057445501121885     
   0.6082744313040586     
   0.6107053303512011     
   0.6130376483226941     
   0.6152720497722393     
   0.6174094556223308     
   0.6194510333412966     
   0.6213981846752191     
   0.6232525312407083     
   0.6250158983166405     
   0.6266902971905587     
   0.6282779064192977     
   0.6297810523565391     
   0.6312021892846909     
   0.6325438794656200     
   0.6338087733954267     
   0.6349995905142811     
   0.6361191005852649     
   0.6371701059178458     
   0.6381554245737316     
   0.6390778746567614     
   0.6399402597550848     
   0.6407453555736518     
   0.6414958977681920     
   0.6421945709686971     
   0.6428439989608952     
   0.6434467359782770     
   0.6440052590444452     
   0.6445219612955911     
   0.6449991462053386     
   0.6454390226286717     
   0.6458437005777997     
   0.6462151876402431     
   0.6465553859477498     
   0.6468660896033610     
   0.6471489824731292     
   0.6474056362496956     
   0.6476375086996784     
   0.6478459420217745     
   0.6480321612864663     
   0.6481972730498893     
   0.6483422645432698     
   0.6484680045643836     
   0.6485752487585711     
   0.6486646549786940     
   0.6487368193928610     
   0.6487923507100988     
   0.6488320059534785     
   0.6488569109574449     
   0.6488688747478141     
   0.6488707768339275     
   0.6488669726617007     
   0.6488745810061542     
   0.5000000000000000     
   0.5000000000000000     
   0.5008858908981666     
   0.5025715960858350     
   0.5049462571635824     
   0.5078873954734492     
   0.5112711203069270     
   0.5149816344033296     
   0.5189178566776272     
   0.5229967106688546     
   0.5271534658734001     
   0.5313399983015018     
   0.5355219373470208     
   0.5396755078294282     
   0.5437846102791811     
   0.5478384164420719     
   0.5518295521839238     
   0.5557528164502686     
   0.5596043306010537     
   0.5633810035437165     
   0.5670802128652054     
   0.5706996171563664     
   0.5742370313305756     
   0.5776903884739394     
   0.5810577596403156     
   0.5843373626590805     
   0.5875275704362921     
   0.5906269226887235     
   0.5936341388038022     
   0.5965481305017886     
   0.5993680134821204     
   0.6020931175202170     
   0.6047229946629288     
   0.6072574252907023     
   0.6096964218948303     
   0.6120402304824580     
   0.6142893295829355     
   0.6164444268860686     
   0.6185064535937528     
   0.6204765566132336     
   0.6223560887635379     
   0.6241465972032343     
   0.6258498103142245     
   0.6274676232928620     
   0.6290020827084553     
   0.6304553702913884     
   0.6318297862087385     
   0.6331277320744174     
   0.6343516939245252     
   0.6355042253679046     
   0.6365879310981090     
   0.6376054509273869     
   0.6385594444770909     
   0.6394525766329154     
   0.6402875038481751     
   0.6410668613543270     
   0.6417932513156217     
   0.6424692319444603     
   0.6430973075758973     
   0.6436799196837408     
   0.6442194388067484     
   0.6447181573414112     
   0.6451782831475568     
   0.6456019339042925     
   0.6459911321465346     
   0.6463478009061714     
   0.6466737598765238     
   0.6469707220142614     
   0.6472402904903858     
   0.6474839559038886     
   0.6477030936846802     
   0.6478989616559910     
   0.6480726978514603     
   0.6482253190032540     
   0.6483577208751379     
   0.6484706832504036     
   0.6485648855383899     
   0.6486409442112357     
   0.6486994903775799     
   0.6487413122819540     
   0.6487675874275374     
   0.6487802144418151     
   0.6487822231378126     
   0.6487782057458176     
   0.6487862405298077     
   0.5000000000000000     
   0.5000000000000000     
   0.5008748720681278     
   0.5025406820498208     
   0.5048885875976812     
   0.5077978068370737     
   0.5111458378710920     
   0.5148180003124944     
   0.5187140952610153     
   0.5227517304578692     
   0.5268666991943307     
   0.5310112783076176     
   0.5351514097923674     
   0.5392635725520208     
   0.5433318861303394     
   0.5473457232798055     
   0.5512979041894628     
   0.5551834220400750     
   0.5589985952931003     
   0.5627405331201838     
   0.5664068149830257     
   0.5699953002565030     
   0.5735040002621989     
   0.5769310360624941     
   0.5802746538787877     
   0.5835332298840399     
   0.5867052748310119     
   0.5897894425176904     
   0.5927845398877494     
   0.5956895375227814     
   0.5985035797652088     
   0.6012259939723001     
   0.6038562985612568     
   0.6063942096034756     
   0.6088396457857622     
   0.6111927316015733     
   0.6134537986796286     
   0.6156233852003880     
   0.6177022333913759     
   0.6196912851323366     
   0.6215916757415504     
   0.6234047260520224     
   0.6251319329170728     
   0.6267749583088033     
   0.6283356171915955     
   0.6298158643668582     
   0.6312177804940114     
   0.6325435574956355     
   0.6337954835521116     
   0.6349759278835617     
   0.6360873255052680     
   0.6371321621278730     
   0.6381129593565401     
   0.6390322603245435     
   0.6398926158769921     
   0.6406965714000568     
   0.6414466543707257     
   0.6421453626823260     
   0.6427951537821377     
   0.6433984346396356     
   0.6439575525473105     
   0.6444747867407983     
   0.6449523408111372     
   0.6453923358694377     
   0.6457968044130743     
   0.6461676848325933     
   0.6465068164896145     
   0.6468159352882289     
   0.6470966696569413     
   0.6473505368576251     
   0.6475789395490497     
   0.6477831625755208     
   0.6479643700785231     
   0.6481236033601019     
   0.6482617807111100     
   0.6483797021166653     
   0.6484780650361786     
   0.6485575029403442     
   0.6486186657406946     
   0.6486623681331452     
   0.6486898319721116     
   0.6487030336935491     
   0.6487051344533026     
   0.6487009329337956     
   0.6487093359728096     
   0.5000000000000000     
   0.5000000000000000     
   0.5008655295237175     
   0.5025147387173388     
   0.5048405125273752     
   0.5077233963962987     
   0.5110419540565326     
   0.5146823864237359     
   0.5185452208867404     
   0.5225486506367831     
   0.5266289297750395     
   0.5307386928618634     
   0.5348441607450806     
   0.5389220355677595     
   0.5429566243013373     
   0.5469374665798185     
   0.5508575396222526     
   0.5547119904704260     
   0.5584972917447029     
   0.5622107081308257     
   0.5658499753101420     
   0.5694131078473293     
   0.5728982689096431     
   0.5763037250504324     
   0.5796278583098489     
   0.5828691679443455     
   0.5860262722281619     
   0.5890979143769268     
   0.5920829704746030     
   0.5949804582238275     
   0.5977895458037445     
   0.6005095603642089     
   0.6031399958289402     
   0.6056805197630313     
   0.6081309791051905     
   0.6104914045966039     
   0.6127620137699903     
   0.6149432123947375     
   0.6170355943057170     
   0.6190399395770234     
   0.6209572110384639     
   0.6227885491689105     
   0.6245352654329357     
   0.6261988341550296     
   0.6277808830504321     
   0.6292831825535005     
   0.6307076341024107     
   0.6320562575519018     
   0.6333311778934787     
   0.6345346114652235     
   0.6356688518314514     
   0.6367362555065367     
   0.6377392276879100     
   0.6386802081511216     
   0.6395616574453062     
   0.6403860435108643     
   0.6411558288233384     
   0.6418734581488861     
   0.6425413469779770     
   0.6431618706853049     
   0.6437373544457080     
   0.6442700639184079     
   0.6447621966953085     
   0.6452158744936138     
   0.6456331360588056     
   0.6460159307310920     
   0.6463661126166047     
   0.6466854352941075     
   0.6469755469800100     
   0.6472379860717307     
   0.6474741769988890     
   0.6476854263540928     
   0.6478729194040587     
   0.6480377174198332     
   0.6481807570698949     
   0.6483028548688022     
   0.6484047230648160     
   0.6484870090323779     
   0.6485503780023254     
   0.6485956662406959     
   0.6486241321593590     
   0.6486378174290481     
   0.6486399950459897     
   0.6486356398121066     
   0.6486443502798728     
   0.5000000000000000     
   0.5000000000000000     
   0.5008579114302163     
   0.5024940531123377     
   0.5048025728797032     
   0.5076648376935107     
   0.5109601283588093     
   0.5145753260651565     
   0.5184115746544984     
   0.5223875896096557     
   0.5264400435721602     
   0.5305218944373137     
   0.5345996093927050     
   0.5386500806500768     
   0.5426577678707613     
   0.5466123410866007     
   0.5505068964636995     
   0.5543366955224359     
   0.5580983247492761     
   0.5617891636034440     
   0.5654070633311086     
   0.5689501537032691     
   0.5724167110305803     
   0.5758051106580246     
   0.5791138365302738     
   0.5823414805773771     
   0.5854867423444231     
   0.5885484329535826     
   0.5915254813432879     
   0.5944169416501486     
   0.5972220010492685     
   0.5999399876020303     
   0.6025703777938144     
   0.6051128035169334     
   0.6075670582891948     
   0.6099331025204541     
   0.6122110676621877     
   0.6144012590993383     
   0.6165041576684787     
   0.6185204197146472     
   0.6204508756321130     
   0.6222965268687869     
   0.6240585414063456     
   0.6257382477578582     
   0.6273371275529570     
   0.6288568068074664     
   0.6302990459983920     
   0.6316657290850726     
   0.6329588516324596     
   0.6341805082028714     
   0.6353328791881403     
   0.6364182172551747     
   0.6374388335750454     
   0.6383970839990819     
   0.6392953553354767     
   0.6401360518668945     
   0.6409215822342352     
   0.6416543467946229     
   0.6423367255434996     
   0.6429710666718362     
   0.6435596758103501     
   0.6441048059936678     
   0.6446086483589148     
   0.6450733235755890     
   0.6455008739870630     
   0.6458932564288035     
   0.6462523356742531     
   0.6465798784466491     
   0.6468775479250873     
   0.6471468986687545     
   0.6473893718914551     
   0.6476062910604717     
   0.6477988579240779     
   0.6479681494153955     
   0.6481151166999428     
   0.6482405894180369     
   0.6483452916388236     
   0.6484298818686114     
   0.6484950374652796     
   0.6485416114403115     
   0.6485708904150568     
   0.6485849673094507     
   0.6485872061237068     
   0.6485827284951946     
   0.6485916837522190     
   0.5000000000000000     
   0.5000000000000000     
   0.5008524069309900     
   0.5024797000285018     
   0.5047762771338220     
   0.5076236933536232     
   0.5109017082520222     
   0.5144978236877563     
   0.5183137891191201     
   0.5222688308173982     
   0.5263000162055388     
   0.5303605918875960     
   0.5344172300771690     
   0.5384469687371508     
   0.5424343753647379     
   0.5463692063515417     
   0.5502446341479916     
   0.5540559935627900     
   0.5577999451327306     
   0.5614739445428794     
   0.5650759213189943     
   0.5686040845354436     
   0.5720567893425005     
   0.5754324875807827     
   0.5787297353548546     
   0.5819471906006026     
   0.5850836110441425     
   0.5881378566717622     
   0.5911088946952322     
   0.5939958059005761     
   0.5967977917106158     
   0.5995141815201288     
   0.6021444399911111     
   0.6046881740631426     
   0.6071451394631653     
   0.6095152465148732     
   0.6117985650646293     
   0.6139953283593496     
   0.6161059357316444     
   0.6181309539716693     
   0.6200711172950369     
   0.6219273258487341     
   0.6237006427287743     
   0.6253922895137187     
   0.6270036403483877     
   0.6285362146419388     
   0.6299916684724257     
   0.6313717848144821     
   0.6326784627270776     
   0.6339137056540440     
   0.6350796090010381     
   0.6361783471589002     
   0.6372121601452544     
   0.6381833400338282     
   0.6390942173346047     
   0.6399471474778006     
   0.6407444975414710     
   0.6414886333468774     
   0.6421819070282828     
   0.6428266451650542     
   0.6434251375443782     
   0.6439796266030438     
   0.6444922975770435     
   0.6449652693686582     
   0.6454005861225274     
   0.6458002094852743     
   0.6461660115074441     
   0.6464997681322400     
   0.6468031532042243     
   0.6470777329256806     
   0.6473249606960193     
   0.6475461723117932     
   0.6477425816370381     
   0.6479152772018063     
   0.6480652210170217     
   0.6481932526991910     
   0.6483001055056908     
   0.6483864467812601     
   0.6484529634488593     
   0.6485005210152306     
   0.6485304257627338     
   0.6485448056030901     
   0.6485470904815822     
   0.6485425207245981     
   0.6485516602385664     
   0.5000000000000000     
   0.5000000000000000     
   0.5008507553524729     
   0.5024748654144403     
   0.5047650758591556     
   0.5076029290818627     
   0.5108689113853974     
   0.5144513554047002     
   0.5182527123313511     
   0.5221927298712936     
   0.5262088317504510     
   0.5302544913375943     
   0.5342965161028064     
   0.5383120209221131     
   0.5422856175194343     
   0.5462070917459383     
   0.5500696419703689     
   0.5538686314724665     
   0.5576007543556478     
   0.5612635052927448     
   0.5648548573207076     
   0.5683730660920049     
   0.5718165347470272     
   0.5751837627823142     
   0.5784733519713562     
   0.5816840024754122     
   0.5848145095256396     
   0.5878637648110828     
   0.5908307605511189     
   0.5937145951304665     
   0.5965144796234072     
   0.5992297447658619     
   0.6018598480630257     
   0.6044043807862027     
   0.6068630746391233     
   0.6092358078866958     
   0.6115226107523583     
   0.6137236699052760     
   0.6158393318752512     
   0.6178701052546566     
   0.6198166615744480     
   0.6216798347724810     
   0.6234606192034512     
   0.6251601661703396     
   0.6267797789883517     
   0.6283209066238455     
   0.6297851359809886     
   0.6311741829362004     
   0.6324898822439298     
   0.6337341764564731     
   0.6349091040149770     
   0.6360167866784809     
   0.6370594164629261     
   0.6380392422626104     
   0.6389585563226789     
   0.6398196807231963     
   0.6406249540237094     
   0.6413767182026513     
   0.6420773060090748     
   0.6427290288256311     
   0.6433341651219545     
   0.6438949495572674     
   0.6444135627706030     
   0.6448921218770151     
   0.6453326716689798     
   0.6457371765041476     
   0.6461075128437264     
   0.6464454623905228     
   0.6467527057635533     
   0.6470308166402633     
   0.6472812563052782     
   0.6475053685881954     
   0.6477043753083542     
   0.6478793726990634     
   0.6480313301245099     
   0.6481610942227413     
   0.6482694051305037     
   0.6483569373492868     
   0.6484243859111531     
   0.6484726262436129     
   0.6485029772657919     
   0.6485175838379350     
   0.6485199055188926     
   0.6485152621569774     
   0.6485245488808078     
   0.5000000000000000     
   0.5000000000000000     
   0.5008603872288591     
   0.5024878895194776     
   0.5047755544763282     
   0.5076070584272629     
   0.5108645573756636     
   0.5144375065664898     
   0.5182290785919200     
   0.5221594570263721     
   0.5261662994577451     
   0.5302031767152198     
   0.5342369100552316     
   0.5382445847450822     
   0.5422107675114581     
   0.5461252009434874     
   0.5499810505274347     
   0.5537736598998410     
   0.5574997162111233     
   0.5611567176776947     
   0.5647426486758955     
   0.5682557815041933     
   0.5716945393902806     
   0.5750574436551192     
   0.5783431179236125     
   0.5815502829850616     
   0.5846777526330400     
   0.5877244344238932     
   0.5906893332519868     
   0.5935715565945636     
   0.5963703207425768     
   0.5990849575712512     
   0.6017149215353511     
   0.6042597966406550     
   0.6067193031693776     
   0.6090933039489083     
   0.6113818099650764     
   0.6135849851346578     
   0.6157031500669297     
   0.6177367846641514     
   0.6196865294374517     
   0.6215531854449440     
   0.6233377127895429     
   0.6250412276444306     
   0.6266649978055681     
   0.6282104368028151     
   0.6296790966325054     
   0.6310726592028937     
   0.6323929266089156     
   0.6336418103734704     
   0.6348213198086010     
   0.6359335496613296     
   0.6369806672156183     
   0.6379648990239394     
   0.6388885174393775     
   0.6397538271122174     
   0.6405631516041999     
   0.6413188202596941     
   0.6420231554565556     
   0.6426784603410363     
   0.6432870071313285     
   0.6438510260538015     
   0.6443726949552362     
   0.6448541296139205     
   0.6452973747528103     
   0.6457043957393848     
   0.6460770709394416     
   0.6464171846763926     
   0.6467264207352428     
   0.6470063563446941     
   0.6472584565796496     
   0.6474840691724496     
   0.6476844198620501     
   0.6478606087749597     
   0.6480136091886616     
   0.6481442718681846     
   0.6482533416994080     
   0.6483414992121520     
   0.6484094475331755     
   0.6484580726400880     
   0.6484887049528352     
   0.6485034946420704     
   0.6485058800473423     
   0.6485011092367984     
   0.6485106508578863     
   0.5000000000000000     
   0.5000000000000000     
   0.5008603872288591     
   0.5024878895194776     
   0.5047755544763282     
   0.5076070584272629     
   0.5108645573756636     
   0.5144375065664898     
   0.5182290785919200     
   0.5221594570263721     
   0.5261662994577451     
   0.5302031767152198     
   0.5342369100552316     
   0.5382445847450822     
   0.5422107675114581     
   0.5461252009434874     
   0.5499810505274347     
   0.5537736598998410     
   0.5574997162111233     
   0.5611567176776947     
   0.5647426486758955     
   0.5682557815041933     
   0.5716945393902806     
   0.5750574436551192     
   0.5783431179236125     
   0.5815502829850616     
   0.5846777526330400     
   0.5877244344238932     
   0.5906893332519868     
   0.5935715565945636     
   0.5963703207425768     
   0.5990849575712512     
   0.6017149215353511     
   0.6042597966406550     
   0.6067193031693776     
   0.6090933039489083     
   0.6113818099650764     
   0.6135849851346578     
   0.6157031500669297     
   0.6177367846641514     
   0.6196865294374517     
   0.6215531854449440     
   0.6233377127895429     
   0.6250412276444306     
   0.6266649978055681     
   0.6282104368028151     
   0.6296790966325054     
   0.6310726592028937     
   0.6323929266089156     
   0.6336418103734704     
   0.6348213198086010     
   0.6359335496613296     
   0.6369806672156183     
   0.6379648990239394     
   0.6388885174393775     
   0.6397538271122174     
   0.6405631516041999     
   0.6413188202596941     
   0.6420231554565556     
   0.6426784603410363     
   0.6432870071313285     
   0.6438510260538015     
   0.6443726949552362     
   0.6448541296139205     
   0.6452973747528103     
   0.6457043957393848     
   0.6460770709394416     
   0.6464171846763926     
   0.6467264207352428     
   0.6470063563446941     
   0.6472584565796496     
   0.6474840691724496     
   0.6476844198620501     
   0.6478606087749597     
   0.6480136091886616     
   0.6481442718681846     
   0.6482533416994080     
   0.6483414992121520     
   0.6484094475331755     
   0.6484580726400880     
   0.6484887049528352     
   0.6485034946420704     
   0.6485058800473423     
   0.6485011092367984     
   0.6485106508578863     
